attendance_id,master_agent_id,date,scheduled_hours,worked_hours,scheduled_minutes,worked_minutes,absent_flag,late_minutes,early_leave_minutes,adherence_pct
AT00000001,A001,2025-01-01,9.0,8.85,540,531.0,0,0,0,0.983
AT00000002,A001,2025-01-02,9.0,8.83,540,530.0,0,0,0,0.981
AT00000003,A001,2025-01-03,9.0,8.8,540,528.0,0,0,0,0.978
AT00000004,A001,2025-01-06,9.0,8.8,540,528.0,0,0,0,0.978
AT00000005,A001,2025-01-07,9.0,8.67,540,520.0,0,15,0,0.963
AT00000006,A001,2025-01-08,9.0,8.78,540,527.0,0,0,0,0.976
AT00000007,A001,2025-01-09,9.0,8.82,540,529.0,0,0,0,0.98
AT00000008,A001,2025-01-10,9.0,8.88,540,533.0,0,0,0,0.987
AT00000009,A001,2025-01-13,9.0,8.85,540,531.0,0,0,0,0.983
AT00000010,A001,2025-01-14,9.0,8.82,540,529.0,0,0,0,0.98
AT00000011,A001,2025-01-15,9.0,8.83,540,530.0,0,0,0,0.981
AT00000012,A001,2025-01-16,9.0,8.77,540,526.0,0,0,0,0.974
AT00000013,A001,2025-01-17,9.0,8.97,540,538.0,0,0,0,0.996
AT00000014,A001,2025-01-20,9.0,8.83,540,530.0,0,5,0,0.981
AT00000015,A001,2025-01-21,9.0,8.8,540,528.0,0,0,0,0.978
AT00000016,A001,2025-01-22,9.0,8.97,540,538.0,0,0,0,0.996
AT00000017,A001,2025-01-23,9.0,8.9,540,534.0,0,0,0,0.989
AT00000018,A001,2025-01-24,9.0,8.9,540,534.0,0,0,0,0.989
AT00000019,A001,2025-01-25,9.0,8.85,540,531.0,0,0,0,0.983
AT00000020,A001,2025-01-26,9.0,8.85,540,531.0,0,0,0,0.983
AT00000021,A001,2025-01-27,9.0,8.95,540,537.0,0,0,0,0.994
AT00000022,A001,2025-01-28,9.0,8.82,540,529.0,0,5,0,0.98
AT00000023,A001,2025-01-29,9.0,8.77,540,526.0,0,0,0,0.974
AT00000024,A001,2025-01-31,9.0,8.85,540,531.0,0,0,0,0.983
AT00000025,A001,2025-02-03,9.0,8.9,540,534.0,0,0,0,0.989
AT00000026,A001,2025-02-04,9.0,8.4,540,504.0,0,0,30,0.933
AT00000027,A001,2025-02-05,9.0,8.92,540,535.0,0,0,0,0.991
AT00000028,A001,2025-02-06,9.0,8.9,540,534.0,0,0,0,0.989
AT00000029,A001,2025-02-07,9.0,8.7,540,522.0,0,10,0,0.967
AT00000030,A001,2025-02-09,9.0,8.9,540,534.0,0,0,0,0.989
AT00000031,A001,2025-02-10,9.0,8.98,540,539.0,0,0,0,0.998
AT00000032,A001,2025-02-11,9.0,8.85,540,531.0,0,0,0,0.983
AT00000033,A001,2025-02-12,9.0,8.82,540,529.0,0,0,5,0.98
AT00000034,A001,2025-02-13,9.0,8.82,540,529.0,0,5,0,0.98
AT00000035,A001,2025-02-14,9.0,8.78,540,527.0,0,0,0,0.976
AT00000036,A001,2025-02-17,9.0,8.57,540,514.0,0,0,15,0.952
AT00000037,A001,2025-02-18,9.0,8.92,540,535.0,0,0,0,0.991
AT00000038,A001,2025-02-19,9.0,8.93,540,536.0,0,0,0,0.993
AT00000039,A001,2025-02-20,9.0,8.83,540,530.0,0,0,0,0.981
AT00000040,A001,2025-02-21,9.0,8.95,540,537.0,0,0,0,0.994
AT00000041,A001,2025-02-24,9.0,8.93,540,536.0,0,0,0,0.993
AT00000042,A001,2025-02-25,9.0,8.97,540,538.0,0,0,0,0.996
AT00000043,A001,2025-02-26,9.0,0.0,540,0.0,1,0,540,0.0
AT00000044,A001,2025-02-27,9.0,8.78,540,527.0,0,0,0,0.976
AT00000045,A001,2025-02-28,9.0,8.73,540,524.0,0,0,0,0.97
AT00000046,A001,2025-03-03,9.0,8.85,540,531.0,0,0,0,0.983
AT00000047,A001,2025-03-04,9.0,8.78,540,527.0,0,0,0,0.976
AT00000048,A001,2025-03-05,9.0,8.95,540,537.0,0,0,0,0.994
AT00000049,A001,2025-03-06,9.0,8.77,540,526.0,0,0,0,0.974
AT00000050,A001,2025-03-07,9.0,8.87,540,532.0,0,0,0,0.985
AT00000051,A001,2025-03-10,9.0,8.93,540,536.0,0,0,0,0.993
AT00000052,A001,2025-03-11,9.0,8.85,540,531.0,0,0,0,0.983
AT00000053,A001,2025-03-12,9.0,8.83,540,530.0,0,0,0,0.981
AT00000054,A001,2025-03-13,9.0,8.9,540,534.0,0,0,0,0.989
AT00000055,A001,2025-03-14,9.0,8.85,540,531.0,0,0,0,0.983
AT00000056,A001,2025-03-15,9.0,8.88,540,533.0,0,0,0,0.987
AT00000057,A001,2025-03-17,9.0,8.85,540,531.0,0,0,0,0.983
AT00000058,A001,2025-03-18,9.0,8.95,540,537.0,0,0,0,0.994
AT00000059,A001,2025-03-19,9.0,8.98,540,539.0,0,0,0,0.998
AT00000060,A001,2025-03-20,9.0,8.77,540,526.0,0,5,0,0.974
AT00000061,A001,2025-03-21,9.0,8.88,540,533.0,0,0,0,0.987
AT00000062,A001,2025-03-22,9.0,8.3,540,498.0,0,0,30,0.922
AT00000063,A001,2025-03-24,9.0,8.8,540,528.0,0,5,0,0.978
AT00000064,A001,2025-03-25,9.0,8.97,540,538.0,0,0,0,0.996
AT00000065,A001,2025-03-26,9.0,8.85,540,531.0,0,0,0,0.983
AT00000066,A001,2025-03-27,9.0,8.8,540,528.0,0,0,0,0.978
AT00000067,A001,2025-03-28,9.0,8.82,540,529.0,0,0,0,0.98
AT00000068,A001,2025-03-31,9.0,8.6,540,516.0,0,10,10,0.956
AT00000069,A002,2025-01-01,9.0,8.83,540,530.0,0,0,0,0.981
AT00000070,A002,2025-01-02,9.0,8.77,540,526.0,0,0,0,0.974
AT00000071,A002,2025-01-03,9.0,8.85,540,531.0,0,0,0,0.983
AT00000072,A002,2025-01-04,9.0,8.75,540,525.0,0,0,0,0.972
AT00000073,A002,2025-01-06,9.0,8.92,540,535.0,0,0,0,0.991
AT00000074,A002,2025-01-07,9.0,8.82,540,529.0,0,0,0,0.98
AT00000075,A002,2025-01-08,9.0,8.87,540,532.0,0,0,0,0.985
AT00000076,A002,2025-01-09,9.0,8.95,540,537.0,0,0,0,0.994
AT00000077,A002,2025-01-10,9.0,8.8,540,528.0,0,0,0,0.978
AT00000078,A002,2025-01-12,9.0,8.83,540,530.0,0,0,0,0.981
AT00000079,A002,2025-01-13,9.0,8.88,540,533.0,0,0,0,0.987
AT00000080,A002,2025-01-14,9.0,8.82,540,529.0,0,5,0,0.98
AT00000081,A002,2025-01-15,9.0,8.8,540,528.0,0,10,0,0.978
AT00000082,A002,2025-01-16,9.0,8.8,540,528.0,0,0,0,0.978
AT00000083,A002,2025-01-17,9.0,8.83,540,530.0,0,0,0,0.981
AT00000084,A002,2025-01-18,9.0,8.93,540,536.0,0,0,0,0.993
AT00000085,A002,2025-01-20,9.0,8.35,540,501.0,0,0,30,0.928
AT00000086,A002,2025-01-21,9.0,8.85,540,531.0,0,0,0,0.983
AT00000087,A002,2025-01-22,9.0,8.75,540,525.0,0,10,0,0.972
AT00000088,A002,2025-01-23,9.0,8.87,540,532.0,0,0,0,0.985
AT00000089,A002,2025-01-24,9.0,8.83,540,530.0,0,0,0,0.981
AT00000090,A002,2025-01-27,9.0,8.92,540,535.0,0,0,0,0.991
AT00000091,A002,2025-01-28,9.0,8.87,540,532.0,0,0,0,0.985
AT00000092,A002,2025-01-29,9.0,8.92,540,535.0,0,0,0,0.991
AT00000093,A002,2025-01-30,9.0,8.93,540,536.0,0,0,0,0.993
AT00000094,A002,2025-01-31,9.0,8.83,540,530.0,0,10,0,0.981
AT00000095,A002,2025-02-03,9.0,0.0,540,0.0,1,0,540,0.0
AT00000096,A002,2025-02-04,9.0,8.72,540,523.0,0,15,0,0.969
AT00000097,A002,2025-02-05,9.0,0.0,540,0.0,1,0,540,0.0
AT00000098,A002,2025-02-06,9.0,8.87,540,532.0,0,0,0,0.985
AT00000099,A002,2025-02-07,9.0,8.92,540,535.0,0,0,0,0.991
AT00000100,A002,2025-02-10,9.0,8.98,540,539.0,0,0,0,0.998
AT00000101,A002,2025-02-11,9.0,8.98,540,539.0,0,0,0,0.998
AT00000102,A002,2025-02-12,9.0,8.58,540,515.0,0,0,15,0.954
AT00000103,A002,2025-02-13,9.0,8.85,540,531.0,0,0,0,0.983
AT00000104,A002,2025-02-14,9.0,8.47,540,508.0,0,15,15,0.941
AT00000105,A002,2025-02-17,9.0,8.78,540,527.0,0,0,0,0.976
AT00000106,A002,2025-02-18,9.0,8.93,540,536.0,0,0,0,0.993
AT00000107,A002,2025-02-19,9.0,8.83,540,530.0,0,0,0,0.981
AT00000108,A002,2025-02-20,9.0,8.93,540,536.0,0,0,0,0.993
AT00000109,A002,2025-02-21,9.0,8.92,540,535.0,0,0,0,0.991
AT00000110,A002,2025-02-24,9.0,8.93,540,536.0,0,0,0,0.993
AT00000111,A002,2025-02-25,9.0,8.93,540,536.0,0,0,0,0.993
AT00000112,A002,2025-02-26,9.0,8.5,540,510.0,0,0,30,0.944
AT00000113,A002,2025-02-27,9.0,8.95,540,537.0,0,0,0,0.994
AT00000114,A002,2025-02-28,9.0,8.7,540,522.0,0,0,10,0.967
AT00000115,A002,2025-03-03,9.0,8.97,540,538.0,0,0,0,0.996
AT00000116,A002,2025-03-04,9.0,8.88,540,533.0,0,0,0,0.987
AT00000117,A002,2025-03-05,9.0,8.95,540,537.0,0,0,0,0.994
AT00000118,A002,2025-03-06,9.0,8.8,540,528.0,0,5,0,0.978
AT00000119,A002,2025-03-07,9.0,8.7,540,522.0,0,0,10,0.967
AT00000120,A002,2025-03-10,9.0,8.75,540,525.0,0,0,10,0.972
AT00000121,A002,2025-03-11,9.0,8.85,540,531.0,0,0,0,0.983
AT00000122,A002,2025-03-12,9.0,8.83,540,530.0,0,0,0,0.981
AT00000123,A002,2025-03-13,9.0,8.97,540,538.0,0,0,0,0.996
AT00000124,A002,2025-03-14,9.0,8.82,540,529.0,0,5,0,0.98
AT00000125,A002,2025-03-15,9.0,8.83,540,530.0,0,0,0,0.981
AT00000126,A002,2025-03-17,9.0,8.8,540,528.0,0,10,0,0.978
AT00000127,A002,2025-03-18,9.0,8.9,540,534.0,0,0,0,0.989
AT00000128,A002,2025-03-19,9.0,8.75,540,525.0,0,10,0,0.972
AT00000129,A002,2025-03-20,9.0,8.82,540,529.0,0,0,0,0.98
AT00000130,A002,2025-03-21,9.0,8.92,540,535.0,0,0,0,0.991
AT00000131,A002,2025-03-24,9.0,8.87,540,532.0,0,0,0,0.985
AT00000132,A002,2025-03-25,9.0,8.53,540,512.0,0,15,0,0.948
AT00000133,A002,2025-03-26,9.0,8.83,540,530.0,0,0,0,0.981
AT00000134,A002,2025-03-27,9.0,8.92,540,535.0,0,0,0,0.991
AT00000135,A002,2025-03-28,9.0,0.0,540,0.0,1,0,540,0.0
AT00000136,A002,2025-03-31,9.0,8.4,540,504.0,0,30,0,0.933
AT00000137,A003,2025-01-01,9.0,8.82,540,529.0,0,5,0,0.98
AT00000138,A003,2025-01-02,9.0,8.72,540,523.0,0,10,0,0.969
AT00000139,A003,2025-01-03,9.0,8.9,540,534.0,0,0,0,0.989
AT00000140,A003,2025-01-05,9.0,8.85,540,531.0,0,5,0,0.983
AT00000141,A003,2025-01-06,9.0,8.83,540,530.0,0,0,0,0.981
AT00000142,A003,2025-01-07,9.0,8.77,540,526.0,0,0,10,0.974
AT00000143,A003,2025-01-08,9.0,8.37,540,502.0,0,10,15,0.93
AT00000144,A003,2025-01-09,9.0,8.83,540,530.0,0,0,0,0.981
AT00000145,A003,2025-01-10,9.0,8.73,540,524.0,0,0,10,0.97
AT00000146,A003,2025-01-13,9.0,8.92,540,535.0,0,0,0,0.991
AT00000147,A003,2025-01-14,9.0,8.75,540,525.0,0,0,0,0.972
AT00000148,A003,2025-01-15,9.0,8.72,540,523.0,0,0,10,0.969
AT00000149,A003,2025-01-16,9.0,8.57,540,514.0,0,15,0,0.952
AT00000150,A003,2025-01-17,9.0,8.9,540,534.0,0,0,0,0.989
AT00000151,A003,2025-01-18,9.0,8.97,540,538.0,0,0,0,0.996
AT00000152,A003,2025-01-20,9.0,8.9,540,534.0,0,0,2,0.989
AT00000153,A003,2025-01-21,9.0,8.63,540,518.0,0,10,0,0.959
AT00000154,A003,2025-01-22,9.0,8.95,540,537.0,0,0,0,0.994
AT00000155,A003,2025-01-23,9.0,8.35,540,501.0,0,0,30,0.928
AT00000156,A003,2025-01-24,9.0,9.0,540,540.0,0,0,0,1.0
AT00000157,A003,2025-01-27,9.0,8.9,540,534.0,0,0,0,0.989
AT00000158,A003,2025-01-28,9.0,8.93,540,536.0,0,0,0,0.993
AT00000159,A003,2025-01-29,9.0,0.0,540,0.0,1,0,540,0.0
AT00000160,A003,2025-01-31,9.0,8.98,540,539.0,0,0,0,0.998
AT00000161,A003,2025-02-03,9.0,8.65,540,519.0,0,0,15,0.961
AT00000162,A003,2025-02-04,9.0,8.9,540,534.0,0,0,0,0.989
AT00000163,A003,2025-02-05,9.0,8.87,540,532.0,0,0,0,0.985
AT00000164,A003,2025-02-06,9.0,8.88,540,533.0,0,0,0,0.987
AT00000165,A003,2025-02-07,9.0,8.93,540,536.0,0,0,0,0.993
AT00000166,A003,2025-02-10,9.0,8.63,540,518.0,0,15,0,0.959
AT00000167,A003,2025-02-11,9.0,0.0,540,0.0,1,0,540,0.0
AT00000168,A003,2025-02-12,9.0,8.92,540,535.0,0,0,0,0.991
AT00000169,A003,2025-02-13,9.0,8.82,540,529.0,0,0,0,0.98
AT00000170,A003,2025-02-14,9.0,8.85,540,531.0,0,0,0,0.983
AT00000171,A003,2025-02-16,9.0,8.73,540,524.0,0,0,10,0.97
AT00000172,A003,2025-02-18,9.0,8.98,540,539.0,0,0,0,0.998
AT00000173,A003,2025-02-19,9.0,8.92,540,535.0,0,0,0,0.991
AT00000174,A003,2025-02-20,9.0,8.8,540,528.0,0,10,0,0.978
AT00000175,A003,2025-02-21,9.0,8.87,540,532.0,0,0,0,0.985
AT00000176,A003,2025-02-24,9.0,8.82,540,529.0,0,0,0,0.98
AT00000177,A003,2025-02-25,9.0,8.78,540,527.0,0,0,0,0.976
AT00000178,A003,2025-02-26,9.0,8.88,540,533.0,0,0,5,0.987
AT00000179,A003,2025-02-27,9.0,8.97,540,538.0,0,0,0,0.996
AT00000180,A003,2025-02-28,9.0,8.87,540,532.0,0,0,0,0.985
AT00000181,A003,2025-03-03,9.0,8.55,540,513.0,0,10,5,0.95
AT00000182,A003,2025-03-04,9.0,8.75,540,525.0,0,0,0,0.972
AT00000183,A003,2025-03-05,9.0,8.78,540,527.0,0,0,0,0.976
AT00000184,A003,2025-03-06,9.0,8.82,540,529.0,0,0,0,0.98
AT00000185,A003,2025-03-07,9.0,8.87,540,532.0,0,0,0,0.985
AT00000186,A003,2025-03-10,9.0,0.0,540,0.0,1,0,540,0.0
AT00000187,A003,2025-03-11,9.0,8.88,540,533.0,0,5,0,0.987
AT00000188,A003,2025-03-12,9.0,8.93,540,536.0,0,0,0,0.993
AT00000189,A003,2025-03-13,9.0,8.87,540,532.0,0,0,0,0.985
AT00000190,A003,2025-03-14,9.0,8.5,540,510.0,0,0,15,0.944
AT00000191,A003,2025-03-17,9.0,8.88,540,533.0,0,0,0,0.987
AT00000192,A003,2025-03-18,9.0,8.63,540,518.0,0,0,10,0.959
AT00000193,A003,2025-03-19,9.0,8.9,540,534.0,0,0,0,0.989
AT00000194,A003,2025-03-20,9.0,8.72,540,523.0,0,5,0,0.969
AT00000195,A003,2025-03-21,9.0,8.85,540,531.0,0,0,0,0.983
AT00000196,A003,2025-03-22,9.0,8.9,540,534.0,0,0,0,0.989
AT00000197,A003,2025-03-24,9.0,8.62,540,517.0,0,0,10,0.957
AT00000198,A003,2025-03-25,9.0,8.85,540,531.0,0,0,0,0.983
AT00000199,A003,2025-03-26,9.0,8.68,540,521.0,0,5,0,0.965
AT00000200,A003,2025-03-27,9.0,8.65,540,519.0,0,15,0,0.961
AT00000201,A003,2025-03-28,9.0,8.88,540,533.0,0,0,0,0.987
AT00000202,A003,2025-03-31,9.0,8.98,540,539.0,0,0,0,0.998
AT00000203,A004,2025-01-01,9.0,8.85,540,531.0,0,0,3,0.983
AT00000204,A004,2025-01-02,9.0,8.73,540,524.0,0,5,0,0.97
AT00000205,A004,2025-01-03,9.0,8.7,540,522.0,0,0,1,0.967
AT00000206,A004,2025-01-06,9.0,8.87,540,532.0,0,0,0,0.985
AT00000207,A004,2025-01-07,9.0,8.85,540,531.0,0,0,0,0.983
AT00000208,A004,2025-01-08,9.0,8.98,540,539.0,0,0,0,0.998
AT00000209,A004,2025-01-09,9.0,8.88,540,533.0,0,0,0,0.987
AT00000210,A004,2025-01-10,9.0,8.93,540,536.0,0,0,0,0.993
AT00000211,A004,2025-01-13,9.0,8.82,540,529.0,0,0,0,0.98
AT00000212,A004,2025-01-14,9.0,8.9,540,534.0,0,0,0,0.989
AT00000213,A004,2025-01-15,9.0,8.87,540,532.0,0,0,0,0.985
AT00000214,A004,2025-01-16,9.0,8.93,540,536.0,0,0,0,0.993
AT00000215,A004,2025-01-17,9.0,8.83,540,530.0,0,0,0,0.981
AT00000216,A004,2025-01-18,9.0,8.8,540,528.0,0,5,0,0.978
AT00000217,A004,2025-01-20,9.0,8.95,540,537.0,0,0,0,0.994
AT00000218,A004,2025-01-21,9.0,8.88,540,533.0,0,0,0,0.987
AT00000219,A004,2025-01-22,9.0,8.87,540,532.0,0,0,0,0.985
AT00000220,A004,2025-01-23,9.0,8.98,540,539.0,0,0,0,0.998
AT00000221,A004,2025-01-24,9.0,8.75,540,525.0,0,10,0,0.972
AT00000222,A004,2025-01-26,9.0,8.93,540,536.0,0,0,0,0.993
AT00000223,A004,2025-01-27,9.0,8.85,540,531.0,0,0,5,0.983
AT00000224,A004,2025-01-28,9.0,8.9,540,534.0,0,0,0,0.989
AT00000225,A004,2025-01-29,9.0,8.95,540,537.0,0,0,0,0.994
AT00000226,A004,2025-01-30,9.0,8.77,540,526.0,0,10,0,0.974
AT00000227,A004,2025-01-31,9.0,8.95,540,537.0,0,0,0,0.994
AT00000228,A004,2025-02-03,9.0,8.93,540,536.0,0,0,0,0.993
AT00000229,A004,2025-02-04,9.0,0.0,540,0.0,1,0,540,0.0
AT00000230,A004,2025-02-05,9.0,8.85,540,531.0,0,0,0,0.983
AT00000231,A004,2025-02-06,9.0,8.95,540,537.0,0,0,0,0.994
AT00000232,A004,2025-02-07,9.0,8.88,540,533.0,0,0,0,0.987
AT00000233,A004,2025-02-10,9.0,8.9,540,534.0,0,0,0,0.989
AT00000234,A004,2025-02-11,9.0,8.87,540,532.0,0,0,0,0.985
AT00000235,A004,2025-02-12,9.0,8.95,540,537.0,0,0,0,0.994
AT00000236,A004,2025-02-13,9.0,8.87,540,532.0,0,0,0,0.985
AT00000237,A004,2025-02-14,9.0,8.67,540,520.0,0,10,0,0.963
AT00000238,A004,2025-02-15,9.0,8.9,540,534.0,0,0,0,0.989
AT00000239,A004,2025-02-17,9.0,8.6,540,516.0,0,15,0,0.956
AT00000240,A004,2025-02-18,9.0,8.87,540,532.0,0,0,0,0.985
AT00000241,A004,2025-02-19,9.0,8.88,540,533.0,0,0,0,0.987
AT00000242,A004,2025-02-20,9.0,8.87,540,532.0,0,0,0,0.985
AT00000243,A004,2025-02-21,9.0,8.65,540,519.0,0,15,0,0.961
AT00000244,A004,2025-02-24,9.0,8.83,540,530.0,0,0,0,0.981
AT00000245,A004,2025-02-25,9.0,8.82,540,529.0,0,0,0,0.98
AT00000246,A004,2025-02-26,9.0,8.85,540,531.0,0,0,0,0.983
AT00000247,A004,2025-02-27,9.0,8.78,540,527.0,0,0,0,0.976
AT00000248,A004,2025-02-28,9.0,8.92,540,535.0,0,0,0,0.991
AT00000249,A004,2025-03-03,9.0,8.9,540,534.0,0,0,0,0.989
AT00000250,A004,2025-03-04,9.0,8.83,540,530.0,0,0,0,0.981
AT00000251,A004,2025-03-05,9.0,8.88,540,533.0,0,0,0,0.987
AT00000252,A004,2025-03-06,9.0,8.88,540,533.0,0,0,0,0.987
AT00000253,A004,2025-03-07,9.0,8.85,540,531.0,0,0,0,0.983
AT00000254,A004,2025-03-10,9.0,8.8,540,528.0,0,0,0,0.978
AT00000255,A004,2025-03-11,9.0,8.83,540,530.0,0,0,0,0.981
AT00000256,A004,2025-03-13,9.0,8.9,540,534.0,0,0,0,0.989
AT00000257,A004,2025-03-14,9.0,8.9,540,534.0,0,0,0,0.989
AT00000258,A004,2025-03-17,9.0,8.83,540,530.0,0,0,2,0.981
AT00000259,A004,2025-03-18,9.0,8.8,540,528.0,0,0,0,0.978
AT00000260,A004,2025-03-19,9.0,8.82,540,529.0,0,0,0,0.98
AT00000261,A004,2025-03-20,9.0,8.8,540,528.0,0,0,0,0.978
AT00000262,A004,2025-03-21,9.0,8.75,540,525.0,0,10,0,0.972
AT00000263,A004,2025-03-22,9.0,8.9,540,534.0,0,0,0,0.989
AT00000264,A004,2025-03-24,9.0,8.83,540,530.0,0,0,0,0.981
AT00000265,A004,2025-03-25,9.0,8.68,540,521.0,0,10,0,0.965
AT00000266,A004,2025-03-26,9.0,8.77,540,526.0,0,10,0,0.974
AT00000267,A004,2025-03-28,9.0,8.72,540,523.0,0,0,0,0.969
AT00000268,A004,2025-03-31,9.0,8.67,540,520.0,0,5,15,0.963
AT00000269,A005,2025-01-01,9.0,8.83,540,530.0,0,0,5,0.981
AT00000270,A005,2025-01-02,9.0,8.28,540,497.0,0,0,30,0.92
AT00000271,A005,2025-01-03,9.0,0.0,540,0.0,1,0,540,0.0
AT00000272,A005,2025-01-06,9.0,8.85,540,531.0,0,5,2,0.983
AT00000273,A005,2025-01-07,9.0,8.92,540,535.0,0,0,0,0.991
AT00000274,A005,2025-01-08,9.0,8.78,540,527.0,0,0,0,0.976
AT00000275,A005,2025-01-09,9.0,8.92,540,535.0,0,0,0,0.991
AT00000276,A005,2025-01-10,9.0,8.82,540,529.0,0,0,0,0.98
AT00000277,A005,2025-01-13,9.0,8.83,540,530.0,0,0,0,0.981
AT00000278,A005,2025-01-14,9.0,8.9,540,534.0,0,0,0,0.989
AT00000279,A005,2025-01-15,9.0,8.8,540,528.0,0,0,0,0.978
AT00000280,A005,2025-01-16,9.0,8.8,540,528.0,0,0,0,0.978
AT00000281,A005,2025-01-17,9.0,8.75,540,525.0,0,0,0,0.972
AT00000282,A005,2025-01-20,9.0,8.77,540,526.0,0,10,0,0.974
AT00000283,A005,2025-01-21,9.0,8.78,540,527.0,0,0,0,0.976
AT00000284,A005,2025-01-22,9.0,8.97,540,538.0,0,0,0,0.996
AT00000285,A005,2025-01-23,9.0,8.9,540,534.0,0,0,0,0.989
AT00000286,A005,2025-01-24,9.0,8.93,540,536.0,0,0,0,0.993
AT00000287,A005,2025-01-26,9.0,8.75,540,525.0,0,0,0,0.972
AT00000288,A005,2025-01-27,9.0,8.82,540,529.0,0,0,0,0.98
AT00000289,A005,2025-01-28,9.0,8.9,540,534.0,0,0,0,0.989
AT00000290,A005,2025-01-29,9.0,8.67,540,520.0,0,0,5,0.963
AT00000291,A005,2025-01-30,9.0,8.95,540,537.0,0,0,0,0.994
AT00000292,A005,2025-01-31,9.0,8.82,540,529.0,0,0,0,0.98
AT00000293,A005,2025-02-03,9.0,8.83,540,530.0,0,0,0,0.981
AT00000294,A005,2025-02-04,9.0,8.93,540,536.0,0,0,0,0.993
AT00000295,A005,2025-02-05,9.0,8.95,540,537.0,0,0,0,0.994
AT00000296,A005,2025-02-06,9.0,8.82,540,529.0,0,0,0,0.98
AT00000297,A005,2025-02-07,9.0,8.85,540,531.0,0,0,0,0.983
AT00000298,A005,2025-02-08,9.0,8.98,540,539.0,0,0,0,0.998
AT00000299,A005,2025-02-10,9.0,8.58,540,515.0,0,0,15,0.954
AT00000300,A005,2025-02-11,9.0,8.87,540,532.0,0,0,0,0.985
AT00000301,A005,2025-02-12,9.0,8.75,540,525.0,0,0,0,0.972
AT00000302,A005,2025-02-13,9.0,8.7,540,522.0,0,10,0,0.967
AT00000303,A005,2025-02-14,9.0,8.43,540,506.0,0,30,0,0.937
AT00000304,A005,2025-02-17,9.0,8.97,540,538.0,0,0,0,0.996
AT00000305,A005,2025-02-18,9.0,8.8,540,528.0,0,0,0,0.978
AT00000306,A005,2025-02-19,9.0,8.8,540,528.0,0,0,0,0.978
AT00000307,A005,2025-02-20,9.0,8.88,540,533.0,0,0,0,0.987
AT00000308,A005,2025-02-21,9.0,8.85,540,531.0,0,0,0,0.983
AT00000309,A005,2025-02-24,9.0,8.9,540,534.0,0,0,0,0.989
AT00000310,A005,2025-02-25,9.0,8.87,540,532.0,0,0,0,0.985
AT00000311,A005,2025-02-26,9.0,8.95,540,537.0,0,0,0,0.994
AT00000312,A005,2025-02-27,9.0,8.82,540,529.0,0,0,0,0.98
AT00000313,A005,2025-02-28,9.0,8.95,540,537.0,0,0,0,0.994
AT00000314,A005,2025-03-02,9.0,8.77,540,526.0,0,5,0,0.974
AT00000315,A005,2025-03-03,9.0,8.82,540,529.0,0,0,0,0.98
AT00000316,A005,2025-03-04,9.0,8.87,540,532.0,0,0,0,0.985
AT00000317,A005,2025-03-05,9.0,8.97,540,538.0,0,0,0,0.996
AT00000318,A005,2025-03-06,9.0,8.82,540,529.0,0,0,10,0.98
AT00000319,A005,2025-03-07,9.0,8.85,540,531.0,0,0,0,0.983
AT00000320,A005,2025-03-08,9.0,8.77,540,526.0,0,0,0,0.974
AT00000321,A005,2025-03-10,9.0,8.9,540,534.0,0,0,0,0.989
AT00000322,A005,2025-03-11,9.0,8.7,540,522.0,0,10,0,0.967
AT00000323,A005,2025-03-12,9.0,8.92,540,535.0,0,0,0,0.991
AT00000324,A005,2025-03-13,9.0,8.83,540,530.0,0,0,0,0.981
AT00000325,A005,2025-03-14,9.0,8.93,540,536.0,0,0,0,0.993
AT00000326,A005,2025-03-16,9.0,8.95,540,537.0,0,0,0,0.994
AT00000327,A005,2025-03-17,9.0,8.82,540,529.0,0,0,0,0.98
AT00000328,A005,2025-03-18,9.0,8.92,540,535.0,0,0,0,0.991
AT00000329,A005,2025-03-19,9.0,8.65,540,519.0,0,0,15,0.961
AT00000330,A005,2025-03-20,9.0,8.95,540,537.0,0,0,0,0.994
AT00000331,A005,2025-03-21,9.0,8.87,540,532.0,0,0,0,0.985
AT00000332,A005,2025-03-24,9.0,8.82,540,529.0,0,0,0,0.98
AT00000333,A005,2025-03-25,9.0,8.8,540,528.0,0,0,0,0.978
AT00000334,A005,2025-03-26,9.0,8.6,540,516.0,0,0,11,0.956
AT00000335,A005,2025-03-27,9.0,8.83,540,530.0,0,0,0,0.981
AT00000336,A005,2025-03-28,9.0,8.72,540,523.0,0,0,10,0.969
AT00000337,A005,2025-03-30,9.0,8.9,540,534.0,0,0,0,0.989
AT00000338,A005,2025-03-31,9.0,8.92,540,535.0,0,0,0,0.991
AT00000339,A006,2025-01-01,9.0,8.93,540,536.0,0,0,0,0.993
AT00000340,A006,2025-01-02,9.0,8.93,540,536.0,0,0,0,0.993
AT00000341,A006,2025-01-03,9.0,8.98,540,539.0,0,0,0,0.998
AT00000342,A006,2025-01-06,9.0,8.82,540,529.0,0,0,0,0.98
AT00000343,A006,2025-01-07,9.0,8.75,540,525.0,0,0,0,0.972
AT00000344,A006,2025-01-08,9.0,0.0,540,0.0,1,0,540,0.0
AT00000345,A006,2025-01-09,9.0,8.87,540,532.0,0,0,0,0.985
AT00000346,A006,2025-01-10,9.0,8.87,540,532.0,0,0,0,0.985
AT00000347,A006,2025-01-11,9.0,8.78,540,527.0,0,5,0,0.976
AT00000348,A006,2025-01-13,9.0,8.93,540,536.0,0,0,0,0.993
AT00000349,A006,2025-01-14,9.0,8.82,540,529.0,0,5,0,0.98
AT00000350,A006,2025-01-15,9.0,8.8,540,528.0,0,0,0,0.978
AT00000351,A006,2025-01-16,9.0,8.87,540,532.0,0,0,0,0.985
AT00000352,A006,2025-01-17,9.0,8.83,540,530.0,0,0,0,0.981
AT00000353,A006,2025-01-18,9.0,8.87,540,532.0,0,0,0,0.985
AT00000354,A006,2025-01-20,9.0,8.83,540,530.0,0,0,0,0.981
AT00000355,A006,2025-01-21,9.0,8.98,540,539.0,0,0,0,0.998
AT00000356,A006,2025-01-22,9.0,8.35,540,501.0,0,0,30,0.928
AT00000357,A006,2025-01-23,9.0,8.85,540,531.0,0,0,0,0.983
AT00000358,A006,2025-01-24,9.0,8.7,540,522.0,0,10,0,0.967
AT00000359,A006,2025-01-26,9.0,8.97,540,538.0,0,0,0,0.996
AT00000360,A006,2025-01-27,9.0,8.9,540,534.0,0,0,0,0.989
AT00000361,A006,2025-01-28,9.0,8.92,540,535.0,0,0,0,0.991
AT00000362,A006,2025-01-29,9.0,8.97,540,538.0,0,0,0,0.996
AT00000363,A006,2025-01-30,9.0,8.77,540,526.0,0,0,0,0.974
AT00000364,A006,2025-01-31,9.0,0.0,540,0.0,1,0,540,0.0
AT00000365,A006,2025-02-03,9.0,8.53,540,512.0,0,0,15,0.948
AT00000366,A006,2025-02-04,9.0,0.0,540,0.0,1,0,540,0.0
AT00000367,A006,2025-02-05,9.0,8.88,540,533.0,0,0,0,0.987
AT00000368,A006,2025-02-06,9.0,8.67,540,520.0,0,10,0,0.963
AT00000369,A006,2025-02-07,9.0,8.53,540,512.0,0,0,10,0.948
AT00000370,A006,2025-02-08,9.0,8.93,540,536.0,0,0,0,0.993
AT00000371,A006,2025-02-10,9.0,8.92,540,535.0,0,0,0,0.991
AT00000372,A006,2025-02-11,9.0,8.87,540,532.0,0,0,0,0.985
AT00000373,A006,2025-02-12,9.0,8.92,540,535.0,0,0,0,0.991
AT00000374,A006,2025-02-13,9.0,8.8,540,528.0,0,0,0,0.978
AT00000375,A006,2025-02-14,9.0,8.83,540,530.0,0,5,0,0.981
AT00000376,A006,2025-02-15,9.0,8.7,540,522.0,0,0,10,0.967
AT00000377,A006,2025-02-17,9.0,8.38,540,503.0,0,30,0,0.931
AT00000378,A006,2025-02-18,9.0,8.38,540,503.0,0,15,15,0.931
AT00000379,A006,2025-02-19,9.0,8.83,540,530.0,0,0,0,0.981
AT00000380,A006,2025-02-20,9.0,8.9,540,534.0,0,0,0,0.989
AT00000381,A006,2025-02-21,9.0,8.92,540,535.0,0,0,0,0.991
AT00000382,A006,2025-02-24,9.0,8.87,540,532.0,0,0,0,0.985
AT00000383,A006,2025-02-25,9.0,8.78,540,527.0,0,0,0,0.976
AT00000384,A006,2025-02-26,9.0,8.42,540,505.0,0,10,15,0.935
AT00000385,A006,2025-02-27,9.0,8.72,540,523.0,0,0,0,0.969
AT00000386,A006,2025-02-28,9.0,8.82,540,529.0,0,0,0,0.98
AT00000387,A006,2025-03-03,9.0,8.88,540,533.0,0,0,0,0.987
AT00000388,A006,2025-03-04,9.0,8.8,540,528.0,0,0,1,0.978
AT00000389,A006,2025-03-05,9.0,8.85,540,531.0,0,0,0,0.983
AT00000390,A006,2025-03-06,9.0,8.83,540,530.0,0,0,0,0.981
AT00000391,A006,2025-03-07,9.0,8.82,540,529.0,0,0,0,0.98
AT00000392,A006,2025-03-10,9.0,8.95,540,537.0,0,0,0,0.994
AT00000393,A006,2025-03-11,9.0,8.92,540,535.0,0,0,0,0.991
AT00000394,A006,2025-03-12,9.0,8.93,540,536.0,0,0,0,0.993
AT00000395,A006,2025-03-13,9.0,8.95,540,537.0,0,0,0,0.994
AT00000396,A006,2025-03-14,9.0,8.62,540,517.0,0,5,15,0.957
AT00000397,A006,2025-03-17,9.0,8.92,540,535.0,0,0,0,0.991
AT00000398,A006,2025-03-18,9.0,8.9,540,534.0,0,0,5,0.989
AT00000399,A006,2025-03-19,9.0,8.92,540,535.0,0,0,0,0.991
AT00000400,A006,2025-03-20,9.0,8.92,540,535.0,0,0,0,0.991
AT00000401,A006,2025-03-21,9.0,8.9,540,534.0,0,0,0,0.989
AT00000402,A006,2025-03-22,9.0,8.68,540,521.0,0,15,0,0.965
AT00000403,A006,2025-03-23,9.0,0.0,540,0.0,1,0,540,0.0
AT00000404,A006,2025-03-24,9.0,8.43,540,506.0,0,0,30,0.937
AT00000405,A006,2025-03-25,9.0,8.82,540,529.0,0,0,0,0.98
AT00000406,A006,2025-03-26,9.0,8.92,540,535.0,0,0,0,0.991
AT00000407,A006,2025-03-27,9.0,8.67,540,520.0,0,0,15,0.963
AT00000408,A006,2025-03-28,9.0,8.83,540,530.0,0,0,0,0.981
AT00000409,A006,2025-03-31,9.0,8.85,540,531.0,0,0,0,0.983
AT00000410,A007,2025-01-01,9.0,8.92,540,535.0,0,0,0,0.991
AT00000411,A007,2025-01-02,9.0,8.67,540,520.0,0,10,0,0.963
AT00000412,A007,2025-01-03,9.0,8.98,540,539.0,0,0,0,0.998
AT00000413,A007,2025-01-06,9.0,8.77,540,526.0,0,0,0,0.974
AT00000414,A007,2025-01-07,9.0,8.92,540,535.0,0,0,0,0.991
AT00000415,A007,2025-01-08,9.0,8.78,540,527.0,0,0,0,0.976
AT00000416,A007,2025-01-09,9.0,8.78,540,527.0,0,0,0,0.976
AT00000417,A007,2025-01-10,9.0,8.85,540,531.0,0,0,0,0.983
AT00000418,A007,2025-01-13,9.0,8.83,540,530.0,0,0,0,0.981
AT00000419,A007,2025-01-14,9.0,8.97,540,538.0,0,0,0,0.996
AT00000420,A007,2025-01-15,9.0,8.8,540,528.0,0,0,5,0.978
AT00000421,A007,2025-01-16,9.0,8.88,540,533.0,0,0,0,0.987
AT00000422,A007,2025-01-17,9.0,8.92,540,535.0,0,0,0,0.991
AT00000423,A007,2025-01-20,9.0,0.0,540,0.0,1,0,540,0.0
AT00000424,A007,2025-01-21,9.0,8.82,540,529.0,0,0,0,0.98
AT00000425,A007,2025-01-22,9.0,8.95,540,537.0,0,0,0,0.994
AT00000426,A007,2025-01-23,9.0,8.65,540,519.0,0,10,0,0.961
AT00000427,A007,2025-01-24,9.0,8.82,540,529.0,0,0,0,0.98
AT00000428,A007,2025-01-27,9.0,8.88,540,533.0,0,0,0,0.987
AT00000429,A007,2025-01-28,9.0,8.7,540,522.0,0,0,10,0.967
AT00000430,A007,2025-01-29,9.0,8.93,540,536.0,0,0,0,0.993
AT00000431,A007,2025-01-30,9.0,8.62,540,517.0,0,0,15,0.957
AT00000432,A007,2025-01-31,9.0,8.88,540,533.0,0,0,0,0.987
AT00000433,A007,2025-02-02,9.0,8.68,540,521.0,0,0,0,0.965
AT00000434,A007,2025-02-03,9.0,8.65,540,519.0,0,10,0,0.961
AT00000435,A007,2025-02-04,9.0,8.9,540,534.0,0,0,0,0.989
AT00000436,A007,2025-02-05,9.0,8.98,540,539.0,0,0,0,0.998
AT00000437,A007,2025-02-06,9.0,8.78,540,527.0,0,0,0,0.976
AT00000438,A007,2025-02-07,9.0,8.37,540,502.0,0,30,0,0.93
AT00000439,A007,2025-02-10,9.0,8.78,540,527.0,0,10,0,0.976
AT00000440,A007,2025-02-11,9.0,8.77,540,526.0,0,10,0,0.974
AT00000441,A007,2025-02-12,9.0,8.85,540,531.0,0,5,0,0.983
AT00000442,A007,2025-02-13,9.0,8.95,540,537.0,0,0,0,0.994
AT00000443,A007,2025-02-14,9.0,8.92,540,535.0,0,0,0,0.991
AT00000444,A007,2025-02-17,9.0,8.95,540,537.0,0,0,0,0.994
AT00000445,A007,2025-02-18,9.0,8.82,540,529.0,0,0,0,0.98
AT00000446,A007,2025-02-19,9.0,8.85,540,531.0,0,0,0,0.983
AT00000447,A007,2025-02-20,9.0,8.38,540,503.0,0,30,0,0.931
AT00000448,A007,2025-02-21,9.0,8.83,540,530.0,0,0,0,0.981
AT00000449,A007,2025-02-23,9.0,8.98,540,539.0,0,0,0,0.998
AT00000450,A007,2025-02-24,9.0,8.9,540,534.0,0,0,0,0.989
AT00000451,A007,2025-02-25,9.0,8.88,540,533.0,0,0,0,0.987
AT00000452,A007,2025-02-26,9.0,0.0,540,0.0,1,0,540,0.0
AT00000453,A007,2025-02-27,9.0,8.67,540,520.0,0,10,0,0.963
AT00000454,A007,2025-02-28,9.0,8.78,540,527.0,0,0,10,0.976
AT00000455,A007,2025-03-02,9.0,8.95,540,537.0,0,0,0,0.994
AT00000456,A007,2025-03-03,9.0,8.97,540,538.0,0,0,0,0.996
AT00000457,A007,2025-03-04,9.0,8.88,540,533.0,0,0,0,0.987
AT00000458,A007,2025-03-05,9.0,8.88,540,533.0,0,0,0,0.987
AT00000459,A007,2025-03-06,9.0,8.68,540,521.0,0,10,0,0.965
AT00000460,A007,2025-03-07,9.0,8.85,540,531.0,0,5,0,0.983
AT00000461,A007,2025-03-10,9.0,9.0,540,540.0,0,0,0,1.0
AT00000462,A007,2025-03-11,9.0,0.0,540,0.0,1,0,540,0.0
AT00000463,A007,2025-03-12,9.0,8.42,540,505.0,0,30,0,0.935
AT00000464,A007,2025-03-13,9.0,8.8,540,528.0,0,10,0,0.978
AT00000465,A007,2025-03-14,9.0,8.8,540,528.0,0,0,0,0.978
AT00000466,A007,2025-03-17,9.0,8.95,540,537.0,0,0,0,0.994
AT00000467,A007,2025-03-18,9.0,8.68,540,521.0,0,5,0,0.965
AT00000468,A007,2025-03-19,9.0,8.3,540,498.0,0,30,0,0.922
AT00000469,A007,2025-03-20,9.0,8.82,540,529.0,0,0,0,0.98
AT00000470,A007,2025-03-21,9.0,8.4,540,504.0,0,0,30,0.933
AT00000471,A007,2025-03-23,9.0,8.88,540,533.0,0,0,0,0.987
AT00000472,A007,2025-03-24,9.0,8.87,540,532.0,0,0,0,0.985
AT00000473,A007,2025-03-25,9.0,8.73,540,524.0,0,5,0,0.97
AT00000474,A007,2025-03-26,9.0,8.87,540,532.0,0,0,0,0.985
AT00000475,A007,2025-03-27,9.0,8.83,540,530.0,0,0,0,0.981
AT00000476,A007,2025-03-28,9.0,8.67,540,520.0,0,0,15,0.963
AT00000477,A007,2025-03-31,9.0,8.92,540,535.0,0,0,0,0.991
AT00000478,A008,2025-01-01,9.0,8.87,540,532.0,0,0,0,0.985
AT00000479,A008,2025-01-02,9.0,8.9,540,534.0,0,0,0,0.989
AT00000480,A008,2025-01-03,9.0,8.93,540,536.0,0,0,0,0.993
AT00000481,A008,2025-01-04,9.0,0.0,540,0.0,1,0,540,0.0
AT00000482,A008,2025-01-06,9.0,8.88,540,533.0,0,0,0,0.987
AT00000483,A008,2025-01-07,9.0,8.93,540,536.0,0,0,0,0.993
AT00000484,A008,2025-01-08,9.0,8.9,540,534.0,0,0,0,0.989
AT00000485,A008,2025-01-09,9.0,8.92,540,535.0,0,0,0,0.991
AT00000486,A008,2025-01-10,9.0,8.73,540,524.0,0,5,0,0.97
AT00000487,A008,2025-01-13,9.0,8.82,540,529.0,0,0,0,0.98
AT00000488,A008,2025-01-14,9.0,8.82,540,529.0,0,0,0,0.98
AT00000489,A008,2025-01-15,9.0,8.9,540,534.0,0,0,0,0.989
AT00000490,A008,2025-01-16,9.0,8.92,540,535.0,0,0,0,0.991
AT00000491,A008,2025-01-17,9.0,8.93,540,536.0,0,0,0,0.993
AT00000492,A008,2025-01-18,9.0,0.0,540,0.0,1,0,540,0.0
AT00000493,A008,2025-01-19,9.0,8.87,540,532.0,0,0,0,0.985
AT00000494,A008,2025-01-20,9.0,8.75,540,525.0,0,5,0,0.972
AT00000495,A008,2025-01-21,9.0,8.87,540,532.0,0,0,5,0.985
AT00000496,A008,2025-01-22,9.0,8.83,540,530.0,0,0,0,0.981
AT00000497,A008,2025-01-23,9.0,8.95,540,537.0,0,0,0,0.994
AT00000498,A008,2025-01-24,9.0,8.97,540,538.0,0,0,0,0.996
AT00000499,A008,2025-01-26,9.0,8.92,540,535.0,0,0,0,0.991
AT00000500,A008,2025-01-27,9.0,8.57,540,514.0,0,15,0,0.952
AT00000501,A008,2025-01-28,9.0,8.83,540,530.0,0,0,0,0.981
AT00000502,A008,2025-01-29,9.0,8.88,540,533.0,0,0,0,0.987
AT00000503,A008,2025-01-30,9.0,8.62,540,517.0,0,0,15,0.957
AT00000504,A008,2025-01-31,9.0,8.95,540,537.0,0,0,0,0.994
AT00000505,A008,2025-02-03,9.0,8.78,540,527.0,0,0,3,0.976
AT00000506,A008,2025-02-04,9.0,8.77,540,526.0,0,0,0,0.974
AT00000507,A008,2025-02-05,9.0,8.7,540,522.0,0,0,0,0.967
AT00000508,A008,2025-02-06,9.0,8.7,540,522.0,0,0,0,0.967
AT00000509,A008,2025-02-07,9.0,8.72,540,523.0,0,5,0,0.969
AT00000510,A008,2025-02-10,9.0,8.73,540,524.0,0,5,5,0.97
AT00000511,A008,2025-02-11,9.0,8.93,540,536.0,0,0,0,0.993
AT00000512,A008,2025-02-12,9.0,8.88,540,533.0,0,0,0,0.987
AT00000513,A008,2025-02-13,9.0,8.73,540,524.0,0,0,0,0.97
AT00000514,A008,2025-02-14,9.0,8.85,540,531.0,0,0,0,0.983
AT00000515,A008,2025-02-16,9.0,8.88,540,533.0,0,5,0,0.987
AT00000516,A008,2025-02-17,9.0,8.97,540,538.0,0,0,0,0.996
AT00000517,A008,2025-02-18,9.0,8.87,540,532.0,0,0,0,0.985
AT00000518,A008,2025-02-19,9.0,8.93,540,536.0,0,0,0,0.993
AT00000519,A008,2025-02-20,9.0,8.75,540,525.0,0,0,10,0.972
AT00000520,A008,2025-02-21,9.0,8.93,540,536.0,0,0,0,0.993
AT00000521,A008,2025-02-24,9.0,8.77,540,526.0,0,0,0,0.974
AT00000522,A008,2025-02-25,9.0,8.88,540,533.0,0,0,0,0.987
AT00000523,A008,2025-02-26,9.0,8.85,540,531.0,0,0,0,0.983
AT00000524,A008,2025-02-27,9.0,8.72,540,523.0,0,0,5,0.969
AT00000525,A008,2025-02-28,9.0,8.38,540,503.0,0,30,0,0.931
AT00000526,A008,2025-03-03,9.0,8.88,540,533.0,0,0,0,0.987
AT00000527,A008,2025-03-04,9.0,8.95,540,537.0,0,0,0,0.994
AT00000528,A008,2025-03-05,9.0,8.85,540,531.0,0,0,5,0.983
AT00000529,A008,2025-03-06,9.0,8.77,540,526.0,0,0,0,0.974
AT00000530,A008,2025-03-07,9.0,8.87,540,532.0,0,0,0,0.985
AT00000531,A008,2025-03-10,9.0,8.85,540,531.0,0,0,0,0.983
AT00000532,A008,2025-03-11,9.0,8.78,540,527.0,0,0,0,0.976
AT00000533,A008,2025-03-12,9.0,8.93,540,536.0,0,0,0,0.993
AT00000534,A008,2025-03-13,9.0,8.87,540,532.0,0,0,0,0.985
AT00000535,A008,2025-03-17,9.0,8.93,540,536.0,0,0,0,0.993
AT00000536,A008,2025-03-18,9.0,8.93,540,536.0,0,0,0,0.993
AT00000537,A008,2025-03-20,9.0,8.78,540,527.0,0,0,2,0.976
AT00000538,A008,2025-03-21,9.0,8.87,540,532.0,0,0,0,0.985
AT00000539,A008,2025-03-22,9.0,8.98,540,539.0,0,0,0,0.998
AT00000540,A008,2025-03-24,9.0,8.37,540,502.0,0,30,1,0.93
AT00000541,A008,2025-03-25,9.0,8.3,540,498.0,0,30,0,0.922
AT00000542,A008,2025-03-26,9.0,8.85,540,531.0,0,0,0,0.983
AT00000543,A008,2025-03-27,9.0,8.93,540,536.0,0,0,0,0.993
AT00000544,A008,2025-03-28,9.0,8.9,540,534.0,0,0,0,0.989
AT00000545,A008,2025-03-30,9.0,8.9,540,534.0,0,0,0,0.989
AT00000546,A008,2025-03-31,9.0,0.0,540,0.0,1,0,540,0.0
AT00000547,A009,2025-01-01,9.0,8.88,540,533.0,0,0,5,0.987
AT00000548,A009,2025-01-02,9.0,8.92,540,535.0,0,0,0,0.991
AT00000549,A009,2025-01-03,9.0,8.7,540,522.0,0,0,15,0.967
AT00000550,A009,2025-01-06,9.0,8.8,540,528.0,0,0,0,0.978
AT00000551,A009,2025-01-07,9.0,0.0,540,0.0,1,0,540,0.0
AT00000552,A009,2025-01-08,9.0,8.78,540,527.0,0,5,0,0.976
AT00000553,A009,2025-01-09,9.0,8.97,540,538.0,0,0,0,0.996
AT00000554,A009,2025-01-10,9.0,8.88,540,533.0,0,0,0,0.987
AT00000555,A009,2025-01-13,9.0,8.98,540,539.0,0,0,0,0.998
AT00000556,A009,2025-01-14,9.0,8.9,540,534.0,0,0,0,0.989
AT00000557,A009,2025-01-15,9.0,8.88,540,533.0,0,0,0,0.987
AT00000558,A009,2025-01-16,9.0,8.92,540,535.0,0,0,0,0.991
AT00000559,A009,2025-01-17,9.0,8.85,540,531.0,0,5,0,0.983
AT00000560,A009,2025-01-20,9.0,8.92,540,535.0,0,0,0,0.991
AT00000561,A009,2025-01-21,9.0,8.78,540,527.0,0,0,0,0.976
AT00000562,A009,2025-01-22,9.0,8.57,540,514.0,0,15,0,0.952
AT00000563,A009,2025-01-23,9.0,8.62,540,517.0,0,0,15,0.957
AT00000564,A009,2025-01-24,9.0,8.93,540,536.0,0,0,0,0.993
AT00000565,A009,2025-01-25,9.0,8.83,540,530.0,0,0,0,0.981
AT00000566,A009,2025-01-27,9.0,8.73,540,524.0,0,0,0,0.97
AT00000567,A009,2025-01-28,9.0,0.0,540,0.0,1,0,540,0.0
AT00000568,A009,2025-01-29,9.0,8.8,540,528.0,0,0,0,0.978
AT00000569,A009,2025-01-30,9.0,8.8,540,528.0,0,0,10,0.978
AT00000570,A009,2025-01-31,9.0,8.88,540,533.0,0,0,0,0.987
AT00000571,A009,2025-02-03,9.0,8.92,540,535.0,0,0,0,0.991
AT00000572,A009,2025-02-04,9.0,8.8,540,528.0,0,0,0,0.978
AT00000573,A009,2025-02-05,9.0,8.92,540,535.0,0,0,0,0.991
AT00000574,A009,2025-02-06,9.0,8.73,540,524.0,0,0,0,0.97
AT00000575,A009,2025-02-07,9.0,8.92,540,535.0,0,0,0,0.991
AT00000576,A009,2025-02-10,9.0,8.87,540,532.0,0,0,0,0.985
AT00000577,A009,2025-02-11,9.0,8.88,540,533.0,0,0,0,0.987
AT00000578,A009,2025-02-12,9.0,8.93,540,536.0,0,0,0,0.993
AT00000579,A009,2025-02-13,9.0,8.95,540,537.0,0,0,0,0.994
AT00000580,A009,2025-02-14,9.0,8.18,540,491.0,0,15,30,0.909
AT00000581,A009,2025-02-17,9.0,8.7,540,522.0,0,0,0,0.967
AT00000582,A009,2025-02-18,9.0,8.85,540,531.0,0,0,0,0.983
AT00000583,A009,2025-02-19,9.0,8.88,540,533.0,0,0,0,0.987
AT00000584,A009,2025-02-20,9.0,8.88,540,533.0,0,0,0,0.987
AT00000585,A009,2025-02-21,9.0,8.78,540,527.0,0,0,0,0.976
AT00000586,A009,2025-02-22,9.0,8.63,540,518.0,0,0,15,0.959
AT00000587,A009,2025-02-24,9.0,0.0,540,0.0,1,0,540,0.0
AT00000588,A009,2025-02-25,9.0,8.95,540,537.0,0,0,0,0.994
AT00000589,A009,2025-02-26,9.0,8.82,540,529.0,0,5,0,0.98
AT00000590,A009,2025-02-28,9.0,8.82,540,529.0,0,0,0,0.98
AT00000591,A009,2025-03-01,9.0,8.93,540,536.0,0,0,0,0.993
AT00000592,A009,2025-03-03,9.0,8.88,540,533.0,0,0,0,0.987
AT00000593,A009,2025-03-04,9.0,8.72,540,523.0,0,0,15,0.969
AT00000594,A009,2025-03-05,9.0,8.73,540,524.0,0,5,2,0.97
AT00000595,A009,2025-03-06,9.0,8.8,540,528.0,0,0,8,0.978
AT00000596,A009,2025-03-07,9.0,8.92,540,535.0,0,0,0,0.991
AT00000597,A009,2025-03-10,9.0,8.87,540,532.0,0,5,0,0.985
AT00000598,A009,2025-03-11,9.0,8.9,540,534.0,0,0,0,0.989
AT00000599,A009,2025-03-12,9.0,8.58,540,515.0,0,10,0,0.954
AT00000600,A009,2025-03-13,9.0,8.82,540,529.0,0,0,0,0.98
AT00000601,A009,2025-03-14,9.0,8.92,540,535.0,0,0,0,0.991
AT00000602,A009,2025-03-17,9.0,8.28,540,497.0,0,10,30,0.92
AT00000603,A009,2025-03-18,9.0,8.87,540,532.0,0,0,0,0.985
AT00000604,A009,2025-03-19,9.0,8.88,540,533.0,0,0,0,0.987
AT00000605,A009,2025-03-20,9.0,8.57,540,514.0,0,5,5,0.952
AT00000606,A009,2025-03-21,9.0,8.9,540,534.0,0,0,0,0.989
AT00000607,A009,2025-03-23,9.0,8.87,540,532.0,0,0,0,0.985
AT00000608,A009,2025-03-24,9.0,8.88,540,533.0,0,0,0,0.987
AT00000609,A009,2025-03-25,9.0,8.92,540,535.0,0,0,0,0.991
AT00000610,A009,2025-03-26,9.0,8.83,540,530.0,0,0,0,0.981
AT00000611,A009,2025-03-27,9.0,8.82,540,529.0,0,0,0,0.98
AT00000612,A009,2025-03-28,9.0,8.93,540,536.0,0,0,0,0.993
AT00000613,A009,2025-03-29,9.0,8.93,540,536.0,0,0,0,0.993
AT00000614,A009,2025-03-31,9.0,8.9,540,534.0,0,0,0,0.989
AT00000615,A010,2025-01-02,9.0,8.6,540,516.0,0,0,15,0.956
AT00000616,A010,2025-01-03,9.0,8.63,540,518.0,0,0,0,0.959
AT00000617,A010,2025-01-06,9.0,8.8,540,528.0,0,0,0,0.978
AT00000618,A010,2025-01-07,9.0,8.83,540,530.0,0,0,0,0.981
AT00000619,A010,2025-01-08,9.0,8.82,540,529.0,0,0,0,0.98
AT00000620,A010,2025-01-09,9.0,8.85,540,531.0,0,0,0,0.983
AT00000621,A010,2025-01-10,9.0,8.87,540,532.0,0,0,0,0.985
AT00000622,A010,2025-01-11,9.0,8.87,540,532.0,0,0,0,0.985
AT00000623,A010,2025-01-12,9.0,8.7,540,522.0,0,5,0,0.967
AT00000624,A010,2025-01-14,9.0,8.35,540,501.0,0,0,30,0.928
AT00000625,A010,2025-01-15,9.0,8.62,540,517.0,0,0,15,0.957
AT00000626,A010,2025-01-16,9.0,8.73,540,524.0,0,0,0,0.97
AT00000627,A010,2025-01-17,9.0,8.58,540,515.0,0,15,0,0.954
AT00000628,A010,2025-01-20,9.0,8.85,540,531.0,0,0,0,0.983
AT00000629,A010,2025-01-21,9.0,8.88,540,533.0,0,0,0,0.987
AT00000630,A010,2025-01-22,9.0,8.9,540,534.0,0,0,0,0.989
AT00000631,A010,2025-01-23,9.0,8.92,540,535.0,0,0,0,0.991
AT00000632,A010,2025-01-24,9.0,8.82,540,529.0,0,0,0,0.98
AT00000633,A010,2025-01-27,9.0,8.92,540,535.0,0,5,0,0.991
AT00000634,A010,2025-01-28,9.0,8.9,540,534.0,0,5,0,0.989
AT00000635,A010,2025-01-29,9.0,8.65,540,519.0,0,0,0,0.961
AT00000636,A010,2025-01-30,9.0,8.87,540,532.0,0,0,5,0.985
AT00000637,A010,2025-01-31,9.0,8.93,540,536.0,0,0,0,0.993
AT00000638,A010,2025-02-03,9.0,8.98,540,539.0,0,0,0,0.998
AT00000639,A010,2025-02-04,9.0,8.88,540,533.0,0,0,0,0.987
AT00000640,A010,2025-02-05,9.0,8.9,540,534.0,0,0,0,0.989
AT00000641,A010,2025-02-06,9.0,8.87,540,532.0,0,0,0,0.985
AT00000642,A010,2025-02-07,9.0,8.68,540,521.0,0,15,0,0.965
AT00000643,A010,2025-02-11,9.0,8.68,540,521.0,0,0,15,0.965
AT00000644,A010,2025-02-12,9.0,8.67,540,520.0,0,15,0,0.963
AT00000645,A010,2025-02-13,9.0,8.9,540,534.0,0,0,0,0.989
AT00000646,A010,2025-02-14,9.0,8.98,540,539.0,0,0,0,0.998
AT00000647,A010,2025-02-17,9.0,8.78,540,527.0,0,0,0,0.976
AT00000648,A010,2025-02-18,9.0,8.77,540,526.0,0,0,0,0.974
AT00000649,A010,2025-02-19,9.0,8.87,540,532.0,0,0,0,0.985
AT00000650,A010,2025-02-20,9.0,8.95,540,537.0,0,0,0,0.994
AT00000651,A010,2025-02-21,9.0,8.95,540,537.0,0,0,0,0.994
AT00000652,A010,2025-02-22,9.0,8.85,540,531.0,0,0,0,0.983
AT00000653,A010,2025-02-24,9.0,8.4,540,504.0,0,0,30,0.933
AT00000654,A010,2025-02-25,9.0,8.87,540,532.0,0,0,0,0.985
AT00000655,A010,2025-02-26,9.0,8.97,540,538.0,0,0,0,0.996
AT00000656,A010,2025-02-27,9.0,8.93,540,536.0,0,0,0,0.993
AT00000657,A010,2025-02-28,9.0,8.88,540,533.0,0,0,0,0.987
AT00000658,A010,2025-03-03,9.0,8.8,540,528.0,0,0,0,0.978
AT00000659,A010,2025-03-04,9.0,8.87,540,532.0,0,0,0,0.985
AT00000660,A010,2025-03-05,9.0,8.93,540,536.0,0,0,0,0.993
AT00000661,A010,2025-03-06,9.0,8.87,540,532.0,0,0,0,0.985
AT00000662,A010,2025-03-07,9.0,8.78,540,527.0,0,0,10,0.976
AT00000663,A010,2025-03-10,9.0,8.75,540,525.0,0,0,5,0.972
AT00000664,A010,2025-03-11,9.0,0.0,540,0.0,1,0,540,0.0
AT00000665,A010,2025-03-12,9.0,8.9,540,534.0,0,0,0,0.989
AT00000666,A010,2025-03-13,9.0,8.85,540,531.0,0,0,0,0.983
AT00000667,A010,2025-03-14,9.0,8.83,540,530.0,0,0,0,0.981
AT00000668,A010,2025-03-15,9.0,8.85,540,531.0,0,0,0,0.983
AT00000669,A010,2025-03-17,9.0,8.82,540,529.0,0,0,0,0.98
AT00000670,A010,2025-03-19,9.0,8.53,540,512.0,0,0,10,0.948
AT00000671,A010,2025-03-20,9.0,8.92,540,535.0,0,0,0,0.991
AT00000672,A010,2025-03-21,9.0,8.88,540,533.0,0,0,1,0.987
AT00000673,A010,2025-03-24,9.0,8.95,540,537.0,0,0,0,0.994
AT00000674,A010,2025-03-26,9.0,8.55,540,513.0,0,0,15,0.95
AT00000675,A010,2025-03-27,9.0,8.88,540,533.0,0,0,5,0.987
AT00000676,A010,2025-03-28,9.0,8.8,540,528.0,0,0,0,0.978
AT00000677,A010,2025-03-31,9.0,8.8,540,528.0,0,5,0,0.978
AT00000678,A011,2025-01-01,9.0,8.75,540,525.0,0,0,0,0.972
AT00000679,A011,2025-01-02,9.0,8.73,540,524.0,0,5,0,0.97
AT00000680,A011,2025-01-03,9.0,8.83,540,530.0,0,0,0,0.981
AT00000681,A011,2025-01-06,9.0,8.65,540,519.0,0,15,0,0.961
AT00000682,A011,2025-01-07,9.0,8.87,540,532.0,0,0,0,0.985
AT00000683,A011,2025-01-08,9.0,8.9,540,534.0,0,0,0,0.989
AT00000684,A011,2025-01-09,9.0,8.87,540,532.0,0,0,5,0.985
AT00000685,A011,2025-01-10,9.0,8.87,540,532.0,0,0,0,0.985
AT00000686,A011,2025-01-13,9.0,8.85,540,531.0,0,0,0,0.983
AT00000687,A011,2025-01-14,9.0,8.92,540,535.0,0,0,0,0.991
AT00000688,A011,2025-01-15,9.0,8.92,540,535.0,0,0,0,0.991
AT00000689,A011,2025-01-16,9.0,8.85,540,531.0,0,0,0,0.983
AT00000690,A011,2025-01-17,9.0,8.67,540,520.0,0,5,0,0.963
AT00000691,A011,2025-01-18,9.0,8.8,540,528.0,0,0,5,0.978
AT00000692,A011,2025-01-21,9.0,8.93,540,536.0,0,0,0,0.993
AT00000693,A011,2025-01-22,9.0,8.6,540,516.0,0,10,0,0.956
AT00000694,A011,2025-01-23,9.0,0.0,540,0.0,1,0,540,0.0
AT00000695,A011,2025-01-24,9.0,8.77,540,526.0,0,0,0,0.974
AT00000696,A011,2025-01-26,9.0,8.65,540,519.0,0,0,0,0.961
AT00000697,A011,2025-01-27,9.0,8.75,540,525.0,0,0,3,0.972
AT00000698,A011,2025-01-28,9.0,8.55,540,513.0,0,10,5,0.95
AT00000699,A011,2025-01-29,9.0,8.75,540,525.0,0,0,0,0.972
AT00000700,A011,2025-01-30,9.0,8.92,540,535.0,0,0,0,0.991
AT00000701,A011,2025-01-31,9.0,8.9,540,534.0,0,0,0,0.989
AT00000702,A011,2025-02-03,9.0,8.88,540,533.0,0,0,0,0.987
AT00000703,A011,2025-02-04,9.0,8.85,540,531.0,0,0,0,0.983
AT00000704,A011,2025-02-05,9.0,8.78,540,527.0,0,0,10,0.976
AT00000705,A011,2025-02-06,9.0,8.68,540,521.0,0,5,5,0.965
AT00000706,A011,2025-02-07,9.0,8.92,540,535.0,0,0,0,0.991
AT00000707,A011,2025-02-08,9.0,8.35,540,501.0,0,0,30,0.928
AT00000708,A011,2025-02-10,9.0,8.63,540,518.0,0,0,0,0.959
AT00000709,A011,2025-02-11,9.0,8.72,540,523.0,0,0,15,0.969
AT00000710,A011,2025-02-12,9.0,8.3,540,498.0,0,0,30,0.922
AT00000711,A011,2025-02-13,9.0,8.8,540,528.0,0,0,0,0.978
AT00000712,A011,2025-02-14,9.0,8.95,540,537.0,0,0,0,0.994
AT00000713,A011,2025-02-17,9.0,8.93,540,536.0,0,0,0,0.993
AT00000714,A011,2025-02-18,9.0,8.93,540,536.0,0,0,0,0.993
AT00000715,A011,2025-02-19,9.0,8.88,540,533.0,0,0,0,0.987
AT00000716,A011,2025-02-20,9.0,8.92,540,535.0,0,0,0,0.991
AT00000717,A011,2025-02-21,9.0,8.9,540,534.0,0,0,0,0.989
AT00000718,A011,2025-02-24,9.0,8.43,540,506.0,0,0,30,0.937
AT00000719,A011,2025-02-25,9.0,8.78,540,527.0,0,5,0,0.976
AT00000720,A011,2025-02-26,9.0,8.8,540,528.0,0,0,10,0.978
AT00000721,A011,2025-02-27,9.0,8.98,540,539.0,0,0,0,0.998
AT00000722,A011,2025-02-28,9.0,8.67,540,520.0,0,5,5,0.963
AT00000723,A011,2025-03-03,9.0,8.83,540,530.0,0,0,0,0.981
AT00000724,A011,2025-03-04,9.0,8.87,540,532.0,0,0,0,0.985
AT00000725,A011,2025-03-05,9.0,8.93,540,536.0,0,0,0,0.993
AT00000726,A011,2025-03-06,9.0,8.35,540,501.0,0,30,5,0.928
AT00000727,A011,2025-03-07,9.0,8.95,540,537.0,0,0,0,0.994
AT00000728,A011,2025-03-09,9.0,8.95,540,537.0,0,0,0,0.994
AT00000729,A011,2025-03-11,9.0,8.85,540,531.0,0,0,0,0.983
AT00000730,A011,2025-03-12,9.0,8.87,540,532.0,0,0,0,0.985
AT00000731,A011,2025-03-13,9.0,8.9,540,534.0,0,0,0,0.989
AT00000732,A011,2025-03-14,9.0,8.98,540,539.0,0,0,0,0.998
AT00000733,A011,2025-03-15,9.0,8.95,540,537.0,0,0,0,0.994
AT00000734,A011,2025-03-17,9.0,8.88,540,533.0,0,0,0,0.987
AT00000735,A011,2025-03-18,9.0,8.75,540,525.0,0,10,0,0.972
AT00000736,A011,2025-03-19,9.0,8.93,540,536.0,0,0,0,0.993
AT00000737,A011,2025-03-20,9.0,8.88,540,533.0,0,0,0,0.987
AT00000738,A011,2025-03-21,9.0,8.72,540,523.0,0,0,15,0.969
AT00000739,A011,2025-03-24,9.0,8.9,540,534.0,0,0,0,0.989
AT00000740,A011,2025-03-25,9.0,0.0,540,0.0,1,0,540,0.0
AT00000741,A011,2025-03-26,9.0,8.93,540,536.0,0,0,0,0.993
AT00000742,A011,2025-03-27,9.0,8.57,540,514.0,0,15,0,0.952
AT00000743,A011,2025-03-28,9.0,8.72,540,523.0,0,15,0,0.969
AT00000744,A011,2025-03-31,9.0,8.83,540,530.0,0,0,0,0.981
AT00000745,A012,2025-01-01,9.0,8.93,540,536.0,0,0,0,0.993
AT00000746,A012,2025-01-02,9.0,8.97,540,538.0,0,0,0,0.996
AT00000747,A012,2025-01-03,9.0,8.95,540,537.0,0,0,0,0.994
AT00000748,A012,2025-01-06,9.0,8.82,540,529.0,0,0,0,0.98
AT00000749,A012,2025-01-07,9.0,8.85,540,531.0,0,0,0,0.983
AT00000750,A012,2025-01-08,9.0,8.87,540,532.0,0,0,0,0.985
AT00000751,A012,2025-01-09,9.0,8.95,540,537.0,0,0,0,0.994
AT00000752,A012,2025-01-10,9.0,8.57,540,514.0,0,15,0,0.952
AT00000753,A012,2025-01-13,9.0,8.9,540,534.0,0,0,0,0.989
AT00000754,A012,2025-01-14,9.0,8.83,540,530.0,0,0,0,0.981
AT00000755,A012,2025-01-15,9.0,8.95,540,537.0,0,0,0,0.994
AT00000756,A012,2025-01-16,9.0,8.82,540,529.0,0,0,5,0.98
AT00000757,A012,2025-01-17,9.0,8.95,540,537.0,0,0,0,0.994
AT00000758,A012,2025-01-20,9.0,8.93,540,536.0,0,0,1,0.993
AT00000759,A012,2025-01-21,9.0,8.88,540,533.0,0,5,0,0.987
AT00000760,A012,2025-01-22,9.0,8.68,540,521.0,0,10,0,0.965
AT00000761,A012,2025-01-23,9.0,8.57,540,514.0,0,15,0,0.952
AT00000762,A012,2025-01-24,9.0,8.95,540,537.0,0,0,0,0.994
AT00000763,A012,2025-01-27,9.0,8.97,540,538.0,0,0,0,0.996
AT00000764,A012,2025-01-28,9.0,8.85,540,531.0,0,0,0,0.983
AT00000765,A012,2025-01-29,9.0,8.97,540,538.0,0,0,0,0.996
AT00000766,A012,2025-01-30,9.0,8.67,540,520.0,0,0,15,0.963
AT00000767,A012,2025-01-31,9.0,8.87,540,532.0,0,0,0,0.985
AT00000768,A012,2025-02-01,9.0,8.87,540,532.0,0,0,0,0.985
AT00000769,A012,2025-02-03,9.0,8.88,540,533.0,0,0,0,0.987
AT00000770,A012,2025-02-04,9.0,8.87,540,532.0,0,0,0,0.985
AT00000771,A012,2025-02-05,9.0,8.97,540,538.0,0,0,0,0.996
AT00000772,A012,2025-02-06,9.0,8.85,540,531.0,0,0,0,0.983
AT00000773,A012,2025-02-07,9.0,8.88,540,533.0,0,0,0,0.987
AT00000774,A012,2025-02-10,9.0,8.65,540,519.0,0,0,0,0.961
AT00000775,A012,2025-02-11,9.0,8.85,540,531.0,0,0,0,0.983
AT00000776,A012,2025-02-12,9.0,8.63,540,518.0,0,0,15,0.959
AT00000777,A012,2025-02-13,9.0,8.58,540,515.0,0,0,15,0.954
AT00000778,A012,2025-02-14,9.0,8.85,540,531.0,0,0,0,0.983
AT00000779,A012,2025-02-17,9.0,8.78,540,527.0,0,0,0,0.976
AT00000780,A012,2025-02-18,9.0,8.95,540,537.0,0,0,0,0.994
AT00000781,A012,2025-02-19,9.0,8.77,540,526.0,0,0,5,0.974
AT00000782,A012,2025-02-20,9.0,8.93,540,536.0,0,0,0,0.993
AT00000783,A012,2025-02-21,9.0,8.9,540,534.0,0,0,0,0.989
AT00000784,A012,2025-02-24,9.0,8.98,540,539.0,0,0,0,0.998
AT00000785,A012,2025-02-25,9.0,8.95,540,537.0,0,0,0,0.994
AT00000786,A012,2025-02-26,9.0,8.68,540,521.0,0,15,0,0.965
AT00000787,A012,2025-02-27,9.0,0.0,540,0.0,1,0,540,0.0
AT00000788,A012,2025-02-28,9.0,8.93,540,536.0,0,0,0,0.993
AT00000789,A012,2025-03-01,9.0,8.98,540,539.0,0,0,0,0.998
AT00000790,A012,2025-03-02,9.0,8.83,540,530.0,0,0,0,0.981
AT00000791,A012,2025-03-03,9.0,8.85,540,531.0,0,0,0,0.983
AT00000792,A012,2025-03-04,9.0,8.43,540,506.0,0,10,15,0.937
AT00000793,A012,2025-03-05,9.0,8.93,540,536.0,0,0,0,0.993
AT00000794,A012,2025-03-06,9.0,8.87,540,532.0,0,0,0,0.985
AT00000795,A012,2025-03-07,9.0,8.92,540,535.0,0,5,0,0.991
AT00000796,A012,2025-03-10,9.0,8.78,540,527.0,0,0,0,0.976
AT00000797,A012,2025-03-11,9.0,8.37,540,502.0,0,30,0,0.93
AT00000798,A012,2025-03-13,9.0,0.0,540,0.0,1,0,540,0.0
AT00000799,A012,2025-03-14,9.0,0.0,540,0.0,1,0,540,0.0
AT00000800,A012,2025-03-17,9.0,8.75,540,525.0,0,0,0,0.972
AT00000801,A012,2025-03-18,9.0,8.93,540,536.0,0,0,0,0.993
AT00000802,A012,2025-03-19,9.0,8.8,540,528.0,0,0,0,0.978
AT00000803,A012,2025-03-20,9.0,8.88,540,533.0,0,0,0,0.987
AT00000804,A012,2025-03-21,9.0,8.93,540,536.0,0,0,0,0.993
AT00000805,A012,2025-03-22,9.0,0.0,540,0.0,1,0,540,0.0
AT00000806,A012,2025-03-24,9.0,8.88,540,533.0,0,0,0,0.987
AT00000807,A012,2025-03-25,9.0,8.27,540,496.0,0,0,30,0.919
AT00000808,A012,2025-03-26,9.0,8.72,540,523.0,0,0,12,0.969
AT00000809,A012,2025-03-27,9.0,8.78,540,527.0,0,0,0,0.976
AT00000810,A012,2025-03-28,9.0,8.85,540,531.0,0,0,0,0.983
AT00000811,A012,2025-03-31,9.0,8.95,540,537.0,0,0,0,0.994
AT00000812,A013,2025-01-01,9.0,8.6,540,516.0,0,10,0,0.956
AT00000813,A013,2025-01-02,9.0,8.8,540,528.0,0,0,0,0.978
AT00000814,A013,2025-01-06,9.0,8.65,540,519.0,0,0,15,0.961
AT00000815,A013,2025-01-07,9.0,8.75,540,525.0,0,0,0,0.972
AT00000816,A013,2025-01-08,9.0,8.78,540,527.0,0,0,0,0.976
AT00000817,A013,2025-01-09,9.0,8.83,540,530.0,0,0,0,0.981
AT00000818,A013,2025-01-10,9.0,8.92,540,535.0,0,0,0,0.991
AT00000819,A013,2025-01-13,9.0,8.75,540,525.0,0,0,0,0.972
AT00000820,A013,2025-01-14,9.0,8.88,540,533.0,0,0,0,0.987
AT00000821,A013,2025-01-15,9.0,8.33,540,500.0,0,0,30,0.926
AT00000822,A013,2025-01-16,9.0,8.93,540,536.0,0,0,0,0.993
AT00000823,A013,2025-01-17,9.0,8.93,540,536.0,0,0,0,0.993
AT00000824,A013,2025-01-20,9.0,8.92,540,535.0,0,0,0,0.991
AT00000825,A013,2025-01-21,9.0,8.9,540,534.0,0,0,0,0.989
AT00000826,A013,2025-01-22,9.0,8.83,540,530.0,0,10,0,0.981
AT00000827,A013,2025-01-23,9.0,8.3,540,498.0,0,30,0,0.922
AT00000828,A013,2025-01-24,9.0,8.6,540,516.0,0,15,0,0.956
AT00000829,A013,2025-01-25,9.0,8.88,540,533.0,0,5,0,0.987
AT00000830,A013,2025-01-27,9.0,8.88,540,533.0,0,0,0,0.987
AT00000831,A013,2025-01-28,9.0,8.87,540,532.0,0,0,5,0.985
AT00000832,A013,2025-01-29,9.0,8.98,540,539.0,0,0,0,0.998
AT00000833,A013,2025-01-30,9.0,0.0,540,0.0,1,0,540,0.0
AT00000834,A013,2025-01-31,9.0,8.83,540,530.0,0,0,0,0.981
AT00000835,A013,2025-02-03,9.0,8.8,540,528.0,0,0,0,0.978
AT00000836,A013,2025-02-04,9.0,8.87,540,532.0,0,0,0,0.985
AT00000837,A013,2025-02-05,9.0,8.33,540,500.0,0,30,0,0.926
AT00000838,A013,2025-02-06,9.0,8.73,540,524.0,0,5,0,0.97
AT00000839,A013,2025-02-07,9.0,8.87,540,532.0,0,0,0,0.985
AT00000840,A013,2025-02-10,9.0,8.9,540,534.0,0,0,0,0.989
AT00000841,A013,2025-02-11,9.0,8.93,540,536.0,0,0,0,0.993
AT00000842,A013,2025-02-12,9.0,8.88,540,533.0,0,0,0,0.987
AT00000843,A013,2025-02-13,9.0,8.85,540,531.0,0,0,0,0.983
AT00000844,A013,2025-02-16,9.0,8.87,540,532.0,0,0,0,0.985
AT00000845,A013,2025-02-17,9.0,8.93,540,536.0,0,0,0,0.993
AT00000846,A013,2025-02-18,9.0,8.73,540,524.0,0,15,0,0.97
AT00000847,A013,2025-02-19,9.0,8.7,540,522.0,0,0,5,0.967
AT00000848,A013,2025-02-20,9.0,8.95,540,537.0,0,0,0,0.994
AT00000849,A013,2025-02-21,9.0,8.93,540,536.0,0,0,0,0.993
AT00000850,A013,2025-02-24,9.0,8.97,540,538.0,0,0,0,0.996
AT00000851,A013,2025-02-25,9.0,8.85,540,531.0,0,0,0,0.983
AT00000852,A013,2025-02-26,9.0,8.78,540,527.0,0,0,10,0.976
AT00000853,A013,2025-02-27,9.0,0.0,540,0.0,1,0,540,0.0
AT00000854,A013,2025-02-28,9.0,8.35,540,501.0,0,30,0,0.928
AT00000855,A013,2025-03-03,9.0,8.93,540,536.0,0,0,0,0.993
AT00000856,A013,2025-03-04,9.0,8.88,540,533.0,0,0,0,0.987
AT00000857,A013,2025-03-05,9.0,8.85,540,531.0,0,0,0,0.983
AT00000858,A013,2025-03-06,9.0,8.92,540,535.0,0,0,1,0.991
AT00000859,A013,2025-03-07,9.0,8.9,540,534.0,0,0,1,0.989
AT00000860,A013,2025-03-09,9.0,8.78,540,527.0,0,0,0,0.976
AT00000861,A013,2025-03-10,9.0,9.0,540,540.0,0,0,0,1.0
AT00000862,A013,2025-03-11,9.0,8.72,540,523.0,0,0,0,0.969
AT00000863,A013,2025-03-12,9.0,8.92,540,535.0,0,0,0,0.991
AT00000864,A013,2025-03-13,9.0,8.83,540,530.0,0,0,5,0.981
AT00000865,A013,2025-03-14,9.0,8.85,540,531.0,0,0,0,0.983
AT00000866,A013,2025-03-15,9.0,8.83,540,530.0,0,0,0,0.981
AT00000867,A013,2025-03-17,9.0,8.97,540,538.0,0,0,0,0.996
AT00000868,A013,2025-03-18,9.0,8.9,540,534.0,0,0,0,0.989
AT00000869,A013,2025-03-19,9.0,0.0,540,0.0,1,0,540,0.0
AT00000870,A013,2025-03-20,9.0,8.92,540,535.0,0,0,0,0.991
AT00000871,A013,2025-03-21,9.0,8.7,540,522.0,0,0,10,0.967
AT00000872,A013,2025-03-24,9.0,8.93,540,536.0,0,0,0,0.993
AT00000873,A013,2025-03-25,9.0,8.7,540,522.0,0,15,0,0.967
AT00000874,A013,2025-03-26,9.0,8.82,540,529.0,0,0,5,0.98
AT00000875,A013,2025-03-27,9.0,8.88,540,533.0,0,0,0,0.987
AT00000876,A013,2025-03-28,9.0,8.95,540,537.0,0,0,0,0.994
AT00000877,A013,2025-03-31,9.0,0.0,540,0.0,1,0,540,0.0
AT00000878,A014,2025-01-01,9.0,8.97,540,538.0,0,0,0,0.996
AT00000879,A014,2025-01-02,9.0,8.73,540,524.0,0,0,10,0.97
AT00000880,A014,2025-01-03,9.0,8.4,540,504.0,0,30,0,0.933
AT00000881,A014,2025-01-05,9.0,8.88,540,533.0,0,0,0,0.987
AT00000882,A014,2025-01-06,9.0,8.87,540,532.0,0,0,0,0.985
AT00000883,A014,2025-01-07,9.0,8.83,540,530.0,0,0,0,0.981
AT00000884,A014,2025-01-08,9.0,8.93,540,536.0,0,0,0,0.993
AT00000885,A014,2025-01-10,9.0,8.9,540,534.0,0,0,0,0.989
AT00000886,A014,2025-01-13,9.0,8.62,540,517.0,0,15,0,0.957
AT00000887,A014,2025-01-14,9.0,8.88,540,533.0,0,0,0,0.987
AT00000888,A014,2025-01-15,9.0,0.0,540,0.0,1,0,540,0.0
AT00000889,A014,2025-01-16,9.0,0.0,540,0.0,1,0,540,0.0
AT00000890,A014,2025-01-17,9.0,8.98,540,539.0,0,0,0,0.998
AT00000891,A014,2025-01-20,9.0,8.75,540,525.0,0,0,0,0.972
AT00000892,A014,2025-01-21,9.0,8.72,540,523.0,0,0,15,0.969
AT00000893,A014,2025-01-22,9.0,8.77,540,526.0,0,5,0,0.974
AT00000894,A014,2025-01-23,9.0,8.72,540,523.0,0,10,0,0.969
AT00000895,A014,2025-01-24,9.0,8.8,540,528.0,0,0,0,0.978
AT00000896,A014,2025-01-27,9.0,8.9,540,534.0,0,0,0,0.989
AT00000897,A014,2025-01-28,9.0,8.88,540,533.0,0,0,0,0.987
AT00000898,A014,2025-01-29,9.0,8.92,540,535.0,0,0,0,0.991
AT00000899,A014,2025-01-30,9.0,8.62,540,517.0,0,15,0,0.957
AT00000900,A014,2025-01-31,9.0,8.78,540,527.0,0,0,0,0.976
AT00000901,A014,2025-02-03,9.0,8.72,540,523.0,0,0,5,0.969
AT00000902,A014,2025-02-04,9.0,8.87,540,532.0,0,5,0,0.985
AT00000903,A014,2025-02-05,9.0,0.0,540,0.0,1,0,540,0.0
AT00000904,A014,2025-02-06,9.0,8.97,540,538.0,0,0,0,0.996
AT00000905,A014,2025-02-07,9.0,8.93,540,536.0,0,0,0,0.993
AT00000906,A014,2025-02-10,9.0,0.0,540,0.0,1,0,540,0.0
AT00000907,A014,2025-02-11,9.0,8.67,540,520.0,0,10,0,0.963
AT00000908,A014,2025-02-12,9.0,8.67,540,520.0,0,15,0,0.963
AT00000909,A014,2025-02-13,9.0,8.7,540,522.0,0,10,0,0.967
AT00000910,A014,2025-02-14,9.0,8.85,540,531.0,0,0,1,0.983
AT00000911,A014,2025-02-17,9.0,8.72,540,523.0,0,15,0,0.969
AT00000912,A014,2025-02-19,9.0,8.8,540,528.0,0,0,0,0.978
AT00000913,A014,2025-02-20,9.0,8.9,540,534.0,0,0,0,0.989
AT00000914,A014,2025-02-21,9.0,8.48,540,509.0,0,0,30,0.943
AT00000915,A014,2025-02-24,9.0,8.82,540,529.0,0,10,0,0.98
AT00000916,A014,2025-02-25,9.0,0.0,540,0.0,1,0,540,0.0
AT00000917,A014,2025-02-26,9.0,8.97,540,538.0,0,0,0,0.996
AT00000918,A014,2025-02-27,9.0,8.83,540,530.0,0,0,0,0.981
AT00000919,A014,2025-02-28,9.0,8.47,540,508.0,0,30,0,0.941
AT00000920,A014,2025-03-03,9.0,8.78,540,527.0,0,0,0,0.976
AT00000921,A014,2025-03-04,9.0,8.87,540,532.0,0,0,0,0.985
AT00000922,A014,2025-03-05,9.0,8.95,540,537.0,0,0,0,0.994
AT00000923,A014,2025-03-06,9.0,8.83,540,530.0,0,0,0,0.981
AT00000924,A014,2025-03-07,9.0,8.53,540,512.0,0,15,0,0.948
AT00000925,A014,2025-03-10,9.0,8.73,540,524.0,0,0,10,0.97
AT00000926,A014,2025-03-11,9.0,8.88,540,533.0,0,0,0,0.987
AT00000927,A014,2025-03-12,9.0,8.9,540,534.0,0,0,0,0.989
AT00000928,A014,2025-03-13,9.0,8.83,540,530.0,0,0,0,0.981
AT00000929,A014,2025-03-14,9.0,8.62,540,517.0,0,5,5,0.957
AT00000930,A014,2025-03-15,9.0,8.82,540,529.0,0,0,0,0.98
AT00000931,A014,2025-03-17,9.0,8.73,540,524.0,0,0,5,0.97
AT00000932,A014,2025-03-18,9.0,8.48,540,509.0,0,0,30,0.943
AT00000933,A014,2025-03-19,9.0,8.77,540,526.0,0,10,0,0.974
AT00000934,A014,2025-03-20,9.0,8.9,540,534.0,0,0,0,0.989
AT00000935,A014,2025-03-21,9.0,8.87,540,532.0,0,0,0,0.985
AT00000936,A014,2025-03-24,9.0,8.9,540,534.0,0,0,0,0.989
AT00000937,A014,2025-03-25,9.0,8.92,540,535.0,0,0,0,0.991
AT00000938,A014,2025-03-26,9.0,8.93,540,536.0,0,0,0,0.993
AT00000939,A014,2025-03-27,9.0,8.73,540,524.0,0,5,0,0.97
AT00000940,A014,2025-03-28,9.0,8.97,540,538.0,0,0,0,0.996
AT00000941,A014,2025-03-29,9.0,8.42,540,505.0,0,30,0,0.935
AT00000942,A014,2025-03-31,9.0,8.87,540,532.0,0,0,0,0.985
AT00000943,A015,2025-01-01,9.0,8.82,540,529.0,0,0,5,0.98
AT00000944,A015,2025-01-02,9.0,8.8,540,528.0,0,0,0,0.978
AT00000945,A015,2025-01-03,9.0,8.23,540,494.0,0,0,30,0.915
AT00000946,A015,2025-01-04,9.0,8.8,540,528.0,0,0,0,0.978
AT00000947,A015,2025-01-06,9.0,8.77,540,526.0,0,10,0,0.974
AT00000948,A015,2025-01-07,9.0,0.0,540,0.0,1,0,540,0.0
AT00000949,A015,2025-01-08,9.0,8.58,540,515.0,0,15,0,0.954
AT00000950,A015,2025-01-09,9.0,8.95,540,537.0,0,0,0,0.994
AT00000951,A015,2025-01-10,9.0,8.82,540,529.0,0,0,0,0.98
AT00000952,A015,2025-01-13,9.0,8.98,540,539.0,0,0,0,0.998
AT00000953,A015,2025-01-14,9.0,8.87,540,532.0,0,0,0,0.985
AT00000954,A015,2025-01-15,9.0,8.88,540,533.0,0,0,0,0.987
AT00000955,A015,2025-01-16,9.0,8.37,540,502.0,0,30,0,0.93
AT00000956,A015,2025-01-17,9.0,8.92,540,535.0,0,0,0,0.991
AT00000957,A015,2025-01-20,9.0,8.92,540,535.0,0,0,0,0.991
AT00000958,A015,2025-01-21,9.0,8.9,540,534.0,0,0,0,0.989
AT00000959,A015,2025-01-22,9.0,8.85,540,531.0,0,0,5,0.983
AT00000960,A015,2025-01-23,9.0,8.82,540,529.0,0,0,0,0.98
AT00000961,A015,2025-01-24,9.0,8.92,540,535.0,0,0,0,0.991
AT00000962,A015,2025-01-27,9.0,8.5,540,510.0,0,10,0,0.944
AT00000963,A015,2025-01-28,9.0,8.92,540,535.0,0,0,0,0.991
AT00000964,A015,2025-01-29,9.0,8.62,540,517.0,0,15,0,0.957
AT00000965,A015,2025-01-30,9.0,8.82,540,529.0,0,0,0,0.98
AT00000966,A015,2025-01-31,9.0,8.85,540,531.0,0,0,0,0.983
AT00000967,A015,2025-02-03,9.0,8.72,540,523.0,0,0,5,0.969
AT00000968,A015,2025-02-04,9.0,8.88,540,533.0,0,0,0,0.987
AT00000969,A015,2025-02-05,9.0,8.92,540,535.0,0,0,0,0.991
AT00000970,A015,2025-02-06,9.0,8.88,540,533.0,0,0,0,0.987
AT00000971,A015,2025-02-07,9.0,8.77,540,526.0,0,0,0,0.974
AT00000972,A015,2025-02-08,9.0,8.83,540,530.0,0,0,0,0.981
AT00000973,A015,2025-02-10,9.0,8.83,540,530.0,0,0,0,0.981
AT00000974,A015,2025-02-12,9.0,8.6,540,516.0,0,5,0,0.956
AT00000975,A015,2025-02-13,9.0,8.93,540,536.0,0,0,0,0.993
AT00000976,A015,2025-02-14,9.0,8.82,540,529.0,0,0,0,0.98
AT00000977,A015,2025-02-17,9.0,0.0,540,0.0,1,0,540,0.0
AT00000978,A015,2025-02-18,9.0,8.77,540,526.0,0,0,0,0.974
AT00000979,A015,2025-02-19,9.0,8.9,540,534.0,0,0,0,0.989
AT00000980,A015,2025-02-20,9.0,8.87,540,532.0,0,0,0,0.985
AT00000981,A015,2025-02-21,9.0,8.55,540,513.0,0,15,2,0.95
AT00000982,A015,2025-02-24,9.0,8.87,540,532.0,0,0,0,0.985
AT00000983,A015,2025-02-25,9.0,8.77,540,526.0,0,0,0,0.974
AT00000984,A015,2025-02-26,9.0,8.85,540,531.0,0,5,0,0.983
AT00000985,A015,2025-02-27,9.0,0.0,540,0.0,1,0,540,0.0
AT00000986,A015,2025-02-28,9.0,8.88,540,533.0,0,0,0,0.987
AT00000987,A015,2025-03-03,9.0,8.63,540,518.0,0,0,10,0.959
AT00000988,A015,2025-03-04,9.0,8.72,540,523.0,0,0,0,0.969
AT00000989,A015,2025-03-05,9.0,8.85,540,531.0,0,0,0,0.983
AT00000990,A015,2025-03-06,9.0,8.87,540,532.0,0,0,0,0.985
AT00000991,A015,2025-03-07,9.0,8.78,540,527.0,0,0,0,0.976
AT00000992,A015,2025-03-10,9.0,8.78,540,527.0,0,5,0,0.976
AT00000993,A015,2025-03-11,9.0,8.72,540,523.0,0,0,15,0.969
AT00000994,A015,2025-03-14,9.0,8.83,540,530.0,0,0,0,0.981
AT00000995,A015,2025-03-17,9.0,8.93,540,536.0,0,0,0,0.993
AT00000996,A015,2025-03-18,9.0,8.9,540,534.0,0,0,0,0.989
AT00000997,A015,2025-03-19,9.0,8.9,540,534.0,0,0,0,0.989
AT00000998,A015,2025-03-20,9.0,8.88,540,533.0,0,0,0,0.987
AT00000999,A015,2025-03-21,9.0,8.78,540,527.0,0,0,0,0.976
AT00001000,A015,2025-03-24,9.0,8.73,540,524.0,0,5,5,0.97
AT00001001,A015,2025-03-25,9.0,8.78,540,527.0,0,0,0,0.976
AT00001002,A015,2025-03-26,9.0,8.88,540,533.0,0,0,0,0.987
AT00001003,A015,2025-03-27,9.0,8.72,540,523.0,0,0,0,0.969
AT00001004,A015,2025-03-28,9.0,8.97,540,538.0,0,0,0,0.996
AT00001005,A015,2025-03-29,9.0,8.62,540,517.0,0,15,0,0.957
AT00001006,A015,2025-03-31,9.0,8.87,540,532.0,0,5,0,0.985
AT00001007,A016,2025-01-01,9.0,8.83,540,530.0,0,0,0,0.981
AT00001008,A016,2025-01-02,9.0,0.0,540,0.0,1,0,540,0.0
AT00001009,A016,2025-01-03,9.0,0.0,540,0.0,1,0,540,0.0
AT00001010,A016,2025-01-04,9.0,8.82,540,529.0,0,0,0,0.98
AT00001011,A016,2025-01-06,9.0,8.62,540,517.0,0,0,15,0.957
AT00001012,A016,2025-01-07,9.0,8.38,540,503.0,0,30,0,0.931
AT00001013,A016,2025-01-08,9.0,8.8,540,528.0,0,0,0,0.978
AT00001014,A016,2025-01-09,9.0,8.95,540,537.0,0,0,0,0.994
AT00001015,A016,2025-01-10,9.0,8.82,540,529.0,0,0,0,0.98
AT00001016,A016,2025-01-13,9.0,8.87,540,532.0,0,0,0,0.985
AT00001017,A016,2025-01-14,9.0,8.63,540,518.0,0,15,0,0.959
AT00001018,A016,2025-01-15,9.0,8.92,540,535.0,0,0,0,0.991
AT00001019,A016,2025-01-16,9.0,8.82,540,529.0,0,0,0,0.98
AT00001020,A016,2025-01-17,9.0,8.85,540,531.0,0,0,0,0.983
AT00001021,A016,2025-01-20,9.0,8.83,540,530.0,0,0,0,0.981
AT00001022,A016,2025-01-21,9.0,8.85,540,531.0,0,0,0,0.983
AT00001023,A016,2025-01-22,9.0,8.8,540,528.0,0,0,0,0.978
AT00001024,A016,2025-01-23,9.0,8.92,540,535.0,0,0,0,0.991
AT00001025,A016,2025-01-24,9.0,8.93,540,536.0,0,0,0,0.993
AT00001026,A016,2025-01-27,9.0,8.72,540,523.0,0,0,0,0.969
AT00001027,A016,2025-01-28,9.0,8.63,540,518.0,0,0,10,0.959
AT00001028,A016,2025-01-29,9.0,8.85,540,531.0,0,0,0,0.983
AT00001029,A016,2025-01-30,9.0,8.77,540,526.0,0,0,0,0.974
AT00001030,A016,2025-01-31,9.0,8.82,540,529.0,0,0,0,0.98
AT00001031,A016,2025-02-03,9.0,8.85,540,531.0,0,0,0,0.983
AT00001032,A016,2025-02-04,9.0,8.78,540,527.0,0,10,0,0.976
AT00001033,A016,2025-02-05,9.0,8.82,540,529.0,0,0,0,0.98
AT00001034,A016,2025-02-06,9.0,8.92,540,535.0,0,0,0,0.991
AT00001035,A016,2025-02-07,9.0,8.92,540,535.0,0,0,0,0.991
AT00001036,A016,2025-02-10,9.0,8.83,540,530.0,0,0,0,0.981
AT00001037,A016,2025-02-11,9.0,8.87,540,532.0,0,0,0,0.985
AT00001038,A016,2025-02-12,9.0,8.95,540,537.0,0,0,0,0.994
AT00001039,A016,2025-02-13,9.0,8.82,540,529.0,0,0,5,0.98
AT00001040,A016,2025-02-14,9.0,8.83,540,530.0,0,0,0,0.981
AT00001041,A016,2025-02-15,9.0,8.82,540,529.0,0,0,0,0.98
AT00001042,A016,2025-02-17,9.0,8.85,540,531.0,0,0,0,0.983
AT00001043,A016,2025-02-18,9.0,8.78,540,527.0,0,0,0,0.976
AT00001044,A016,2025-02-19,9.0,8.83,540,530.0,0,0,0,0.981
AT00001045,A016,2025-02-20,9.0,8.43,540,506.0,0,10,15,0.937
AT00001046,A016,2025-02-21,9.0,8.78,540,527.0,0,0,0,0.976
AT00001047,A016,2025-02-24,9.0,8.8,540,528.0,0,0,0,0.978
AT00001048,A016,2025-02-25,9.0,8.4,540,504.0,0,0,30,0.933
AT00001049,A016,2025-02-26,9.0,8.37,540,502.0,0,0,30,0.93
AT00001050,A016,2025-02-27,9.0,8.78,540,527.0,0,10,0,0.976
AT00001051,A016,2025-02-28,9.0,8.7,540,522.0,0,10,0,0.967
AT00001052,A016,2025-03-03,9.0,8.77,540,526.0,0,0,0,0.974
AT00001053,A016,2025-03-04,9.0,8.88,540,533.0,0,0,0,0.987
AT00001054,A016,2025-03-05,9.0,8.87,540,532.0,0,0,0,0.985
AT00001055,A016,2025-03-06,9.0,9.0,540,540.0,0,0,0,1.0
AT00001056,A016,2025-03-07,9.0,8.92,540,535.0,0,0,0,0.991
AT00001057,A016,2025-03-10,9.0,8.9,540,534.0,0,0,0,0.989
AT00001058,A016,2025-03-11,9.0,8.73,540,524.0,0,0,0,0.97
AT00001059,A016,2025-03-12,9.0,8.83,540,530.0,0,0,0,0.981
AT00001060,A016,2025-03-13,9.0,8.88,540,533.0,0,0,0,0.987
AT00001061,A016,2025-03-14,9.0,8.88,540,533.0,0,0,0,0.987
AT00001062,A016,2025-03-17,9.0,8.88,540,533.0,0,0,0,0.987
AT00001063,A016,2025-03-18,9.0,8.83,540,530.0,0,0,0,0.981
AT00001064,A016,2025-03-19,9.0,8.8,540,528.0,0,0,0,0.978
AT00001065,A016,2025-03-20,9.0,8.57,540,514.0,0,15,5,0.952
AT00001066,A016,2025-03-21,9.0,8.83,540,530.0,0,0,0,0.981
AT00001067,A016,2025-03-24,9.0,8.7,540,522.0,0,0,15,0.967
AT00001068,A016,2025-03-25,9.0,8.4,540,504.0,0,0,30,0.933
AT00001069,A016,2025-03-26,9.0,8.87,540,532.0,0,0,0,0.985
AT00001070,A016,2025-03-27,9.0,8.68,540,521.0,0,0,10,0.965
AT00001071,A016,2025-03-28,9.0,8.93,540,536.0,0,0,0,0.993
AT00001072,A016,2025-03-31,9.0,8.85,540,531.0,0,0,0,0.983
AT00001073,A017,2025-01-01,9.0,8.92,540,535.0,0,5,0,0.991
AT00001074,A017,2025-01-03,9.0,8.88,540,533.0,0,0,0,0.987
AT00001075,A017,2025-01-05,9.0,8.83,540,530.0,0,0,0,0.981
AT00001076,A017,2025-01-06,9.0,8.87,540,532.0,0,0,0,0.985
AT00001077,A017,2025-01-07,9.0,8.85,540,531.0,0,5,0,0.983
AT00001078,A017,2025-01-08,9.0,8.92,540,535.0,0,0,0,0.991
AT00001079,A017,2025-01-09,9.0,8.83,540,530.0,0,0,0,0.981
AT00001080,A017,2025-01-10,9.0,0.0,540,0.0,1,0,540,0.0
AT00001081,A017,2025-01-11,9.0,8.98,540,539.0,0,0,0,0.998
AT00001082,A017,2025-01-13,9.0,8.77,540,526.0,0,0,0,0.974
AT00001083,A017,2025-01-14,9.0,8.78,540,527.0,0,0,0,0.976
AT00001084,A017,2025-01-15,9.0,8.45,540,507.0,0,30,0,0.939
AT00001085,A017,2025-01-16,9.0,8.92,540,535.0,0,0,0,0.991
AT00001086,A017,2025-01-17,9.0,8.35,540,501.0,0,0,30,0.928
AT00001087,A017,2025-01-19,9.0,8.88,540,533.0,0,0,0,0.987
AT00001088,A017,2025-01-20,9.0,8.9,540,534.0,0,0,0,0.989
AT00001089,A017,2025-01-21,9.0,8.47,540,508.0,0,30,0,0.941
AT00001090,A017,2025-01-22,9.0,8.3,540,498.0,0,30,0,0.922
AT00001091,A017,2025-01-23,9.0,8.9,540,534.0,0,0,0,0.989
AT00001092,A017,2025-01-24,9.0,8.88,540,533.0,0,0,0,0.987
AT00001093,A017,2025-01-28,9.0,8.97,540,538.0,0,0,0,0.996
AT00001094,A017,2025-01-29,9.0,8.73,540,524.0,0,10,0,0.97
AT00001095,A017,2025-01-30,9.0,8.42,540,505.0,0,0,30,0.935
AT00001096,A017,2025-01-31,9.0,8.33,540,500.0,0,30,0,0.926
AT00001097,A017,2025-02-03,9.0,8.92,540,535.0,0,0,0,0.991
AT00001098,A017,2025-02-04,9.0,0.0,540,0.0,1,0,540,0.0
AT00001099,A017,2025-02-05,9.0,8.73,540,524.0,0,10,0,0.97
AT00001100,A017,2025-02-06,9.0,8.83,540,530.0,0,0,0,0.981
AT00001101,A017,2025-02-07,9.0,8.85,540,531.0,0,0,0,0.983
AT00001102,A017,2025-02-09,9.0,8.92,540,535.0,0,0,0,0.991
AT00001103,A017,2025-02-10,9.0,8.78,540,527.0,0,0,5,0.976
AT00001104,A017,2025-02-11,9.0,8.85,540,531.0,0,0,0,0.983
AT00001105,A017,2025-02-12,9.0,8.93,540,536.0,0,0,0,0.993
AT00001106,A017,2025-02-13,9.0,8.88,540,533.0,0,0,0,0.987
AT00001107,A017,2025-02-14,9.0,8.92,540,535.0,0,0,0,0.991
AT00001108,A017,2025-02-16,9.0,8.93,540,536.0,0,0,0,0.993
AT00001109,A017,2025-02-17,9.0,8.8,540,528.0,0,0,0,0.978
AT00001110,A017,2025-02-18,9.0,8.7,540,522.0,0,0,10,0.967
AT00001111,A017,2025-02-19,9.0,8.25,540,495.0,0,0,30,0.917
AT00001112,A017,2025-02-20,9.0,8.95,540,537.0,0,0,0,0.994
AT00001113,A017,2025-02-21,9.0,8.82,540,529.0,0,0,0,0.98
AT00001114,A017,2025-02-24,9.0,8.48,540,509.0,0,15,5,0.943
AT00001115,A017,2025-02-25,9.0,8.9,540,534.0,0,0,0,0.989
AT00001116,A017,2025-02-26,9.0,8.83,540,530.0,0,0,0,0.981
AT00001117,A017,2025-02-27,9.0,8.78,540,527.0,0,0,0,0.976
AT00001118,A017,2025-02-28,9.0,8.67,540,520.0,0,0,15,0.963
AT00001119,A017,2025-03-02,9.0,8.82,540,529.0,0,0,1,0.98
AT00001120,A017,2025-03-03,9.0,8.83,540,530.0,0,5,0,0.981
AT00001121,A017,2025-03-04,9.0,8.9,540,534.0,0,0,0,0.989
AT00001122,A017,2025-03-05,9.0,8.8,540,528.0,0,0,0,0.978
AT00001123,A017,2025-03-06,9.0,8.77,540,526.0,0,0,2,0.974
AT00001124,A017,2025-03-07,9.0,8.38,540,503.0,0,30,0,0.931
AT00001125,A017,2025-03-10,9.0,8.92,540,535.0,0,0,0,0.991
AT00001126,A017,2025-03-11,9.0,8.88,540,533.0,0,0,0,0.987
AT00001127,A017,2025-03-12,9.0,8.83,540,530.0,0,5,0,0.981
AT00001128,A017,2025-03-13,9.0,8.87,540,532.0,0,5,0,0.985
AT00001129,A017,2025-03-14,9.0,8.9,540,534.0,0,0,0,0.989
AT00001130,A017,2025-03-17,9.0,8.95,540,537.0,0,0,0,0.994
AT00001131,A017,2025-03-18,9.0,8.62,540,517.0,0,0,15,0.957
AT00001132,A017,2025-03-19,9.0,8.77,540,526.0,0,0,0,0.974
AT00001133,A017,2025-03-20,9.0,8.78,540,527.0,0,0,0,0.976
AT00001134,A017,2025-03-24,9.0,8.9,540,534.0,0,0,0,0.989
AT00001135,A017,2025-03-25,9.0,8.9,540,534.0,0,0,0,0.989
AT00001136,A017,2025-03-26,9.0,8.98,540,539.0,0,0,0,0.998
AT00001137,A017,2025-03-27,9.0,8.9,540,534.0,0,0,0,0.989
AT00001138,A017,2025-03-28,9.0,8.7,540,522.0,0,5,0,0.967
AT00001139,A017,2025-03-29,9.0,8.87,540,532.0,0,0,2,0.985
AT00001140,A017,2025-03-31,9.0,8.97,540,538.0,0,0,0,0.996
AT00001141,A018,2025-01-01,9.0,8.82,540,529.0,0,0,0,0.98
AT00001142,A018,2025-01-02,9.0,8.77,540,526.0,0,5,0,0.974
AT00001143,A018,2025-01-03,9.0,8.78,540,527.0,0,5,0,0.976
AT00001144,A018,2025-01-04,9.0,8.95,540,537.0,0,0,0,0.994
AT00001145,A018,2025-01-05,9.0,8.95,540,537.0,0,0,0,0.994
AT00001146,A018,2025-01-06,9.0,8.9,540,534.0,0,0,0,0.989
AT00001147,A018,2025-01-07,9.0,8.9,540,534.0,0,0,0,0.989
AT00001148,A018,2025-01-08,9.0,8.8,540,528.0,0,0,0,0.978
AT00001149,A018,2025-01-09,9.0,0.0,540,0.0,1,0,540,0.0
AT00001150,A018,2025-01-10,9.0,8.88,540,533.0,0,0,0,0.987
AT00001151,A018,2025-01-12,9.0,8.72,540,523.0,0,0,0,0.969
AT00001152,A018,2025-01-13,9.0,8.8,540,528.0,0,0,0,0.978
AT00001153,A018,2025-01-14,9.0,8.37,540,502.0,0,30,0,0.93
AT00001154,A018,2025-01-15,9.0,8.92,540,535.0,0,0,0,0.991
AT00001155,A018,2025-01-16,9.0,8.77,540,526.0,0,0,0,0.974
AT00001156,A018,2025-01-17,9.0,8.88,540,533.0,0,0,0,0.987
AT00001157,A018,2025-01-18,9.0,8.9,540,534.0,0,0,0,0.989
AT00001158,A018,2025-01-20,9.0,8.85,540,531.0,0,0,0,0.983
AT00001159,A018,2025-01-21,9.0,8.95,540,537.0,0,0,0,0.994
AT00001160,A018,2025-01-22,9.0,8.92,540,535.0,0,0,0,0.991
AT00001161,A018,2025-01-23,9.0,8.88,540,533.0,0,0,0,0.987
AT00001162,A018,2025-01-24,9.0,8.95,540,537.0,0,0,0,0.994
AT00001163,A018,2025-01-27,9.0,8.83,540,530.0,0,0,0,0.981
AT00001164,A018,2025-01-28,9.0,8.95,540,537.0,0,0,0,0.994
AT00001165,A018,2025-01-29,9.0,8.88,540,533.0,0,0,0,0.987
AT00001166,A018,2025-01-30,9.0,8.92,540,535.0,0,0,0,0.991
AT00001167,A018,2025-01-31,9.0,9.0,540,540.0,0,0,0,1.0
AT00001168,A018,2025-02-01,9.0,0.0,540,0.0,1,0,540,0.0
AT00001169,A018,2025-02-03,9.0,8.85,540,531.0,0,0,0,0.983
AT00001170,A018,2025-02-04,9.0,8.88,540,533.0,0,0,0,0.987
AT00001171,A018,2025-02-05,9.0,8.73,540,524.0,0,0,0,0.97
AT00001172,A018,2025-02-06,9.0,8.93,540,536.0,0,0,0,0.993
AT00001173,A018,2025-02-07,9.0,8.88,540,533.0,0,0,0,0.987
AT00001174,A018,2025-02-08,9.0,8.75,540,525.0,0,0,5,0.972
AT00001175,A018,2025-02-10,9.0,8.87,540,532.0,0,0,0,0.985
AT00001176,A018,2025-02-11,9.0,8.78,540,527.0,0,0,5,0.976
AT00001177,A018,2025-02-12,9.0,8.97,540,538.0,0,0,0,0.996
AT00001178,A018,2025-02-13,9.0,8.82,540,529.0,0,5,0,0.98
AT00001179,A018,2025-02-14,9.0,8.82,540,529.0,0,0,0,0.98
AT00001180,A018,2025-02-16,9.0,8.87,540,532.0,0,0,0,0.985
AT00001181,A018,2025-02-17,9.0,8.87,540,532.0,0,0,0,0.985
AT00001182,A018,2025-02-18,9.0,8.57,540,514.0,0,0,15,0.952
AT00001183,A018,2025-02-19,9.0,8.82,540,529.0,0,0,0,0.98
AT00001184,A018,2025-02-20,9.0,8.97,540,538.0,0,0,0,0.996
AT00001185,A018,2025-02-21,9.0,8.78,540,527.0,0,0,0,0.976
AT00001186,A018,2025-02-22,9.0,8.92,540,535.0,0,0,0,0.991
AT00001187,A018,2025-02-24,9.0,8.93,540,536.0,0,0,0,0.993
AT00001188,A018,2025-02-25,9.0,8.57,540,514.0,0,0,15,0.952
AT00001189,A018,2025-02-26,9.0,8.85,540,531.0,0,5,0,0.983
AT00001190,A018,2025-02-27,9.0,8.92,540,535.0,0,0,0,0.991
AT00001191,A018,2025-02-28,9.0,8.85,540,531.0,0,0,0,0.983
AT00001192,A018,2025-03-03,9.0,8.85,540,531.0,0,5,0,0.983
AT00001193,A018,2025-03-04,9.0,8.88,540,533.0,0,0,0,0.987
AT00001194,A018,2025-03-05,9.0,8.83,540,530.0,0,0,0,0.981
AT00001195,A018,2025-03-06,9.0,8.97,540,538.0,0,0,0,0.996
AT00001196,A018,2025-03-08,9.0,8.87,540,532.0,0,0,0,0.985
AT00001197,A018,2025-03-09,9.0,8.85,540,531.0,0,0,0,0.983
AT00001198,A018,2025-03-10,9.0,8.63,540,518.0,0,10,5,0.959
AT00001199,A018,2025-03-11,9.0,8.63,540,518.0,0,0,15,0.959
AT00001200,A018,2025-03-13,9.0,8.87,540,532.0,0,0,0,0.985
AT00001201,A018,2025-03-14,9.0,8.27,540,496.0,0,10,30,0.919
AT00001202,A018,2025-03-15,9.0,8.65,540,519.0,0,15,0,0.961
AT00001203,A018,2025-03-17,9.0,8.85,540,531.0,0,0,0,0.983
AT00001204,A018,2025-03-18,9.0,8.88,540,533.0,0,0,0,0.987
AT00001205,A018,2025-03-19,9.0,8.92,540,535.0,0,0,0,0.991
AT00001206,A018,2025-03-20,9.0,8.77,540,526.0,0,0,10,0.974
AT00001207,A018,2025-03-21,9.0,8.72,540,523.0,0,0,5,0.969
AT00001208,A018,2025-03-23,9.0,8.67,540,520.0,0,5,0,0.963
AT00001209,A018,2025-03-24,9.0,8.85,540,531.0,0,0,0,0.983
AT00001210,A018,2025-03-25,9.0,8.83,540,530.0,0,0,0,0.981
AT00001211,A018,2025-03-26,9.0,8.8,540,528.0,0,0,0,0.978
AT00001212,A018,2025-03-27,9.0,8.88,540,533.0,0,0,0,0.987
AT00001213,A018,2025-03-28,9.0,8.6,540,516.0,0,10,5,0.956
AT00001214,A018,2025-03-30,9.0,8.87,540,532.0,0,0,0,0.985
AT00001215,A018,2025-03-31,9.0,8.68,540,521.0,0,10,0,0.965
AT00001216,A019,2025-01-01,9.0,8.82,540,529.0,0,0,0,0.98
AT00001217,A019,2025-01-02,9.0,8.93,540,536.0,0,0,0,0.993
AT00001218,A019,2025-01-03,9.0,8.45,540,507.0,0,15,10,0.939
AT00001219,A019,2025-01-06,9.0,8.92,540,535.0,0,0,0,0.991
AT00001220,A019,2025-01-07,9.0,8.87,540,532.0,0,0,0,0.985
AT00001221,A019,2025-01-08,9.0,8.87,540,532.0,0,0,0,0.985
AT00001222,A019,2025-01-09,9.0,8.9,540,534.0,0,0,0,0.989
AT00001223,A019,2025-01-10,9.0,8.87,540,532.0,0,0,0,0.985
AT00001224,A019,2025-01-13,9.0,8.85,540,531.0,0,0,0,0.983
AT00001225,A019,2025-01-14,9.0,8.87,540,532.0,0,0,0,0.985
AT00001226,A019,2025-01-15,9.0,8.83,540,530.0,0,0,0,0.981
AT00001227,A019,2025-01-16,9.0,8.82,540,529.0,0,0,0,0.98
AT00001228,A019,2025-01-17,9.0,8.87,540,532.0,0,0,0,0.985
AT00001229,A019,2025-01-18,9.0,8.85,540,531.0,0,0,0,0.983
AT00001230,A019,2025-01-20,9.0,8.42,540,505.0,0,30,0,0.935
AT00001231,A019,2025-01-21,9.0,8.95,540,537.0,0,0,0,0.994
AT00001232,A019,2025-01-22,9.0,8.67,540,520.0,0,5,0,0.963
AT00001233,A019,2025-01-23,9.0,8.7,540,522.0,0,0,0,0.967
AT00001234,A019,2025-01-24,9.0,8.58,540,515.0,0,5,0,0.954
AT00001235,A019,2025-01-27,9.0,8.48,540,509.0,0,15,0,0.943
AT00001236,A019,2025-01-28,9.0,8.8,540,528.0,0,0,0,0.978
AT00001237,A019,2025-01-29,9.0,8.7,540,522.0,0,5,10,0.967
AT00001238,A019,2025-01-30,9.0,9.0,540,540.0,0,0,0,1.0
AT00001239,A019,2025-01-31,9.0,8.95,540,537.0,0,0,0,0.994
AT00001240,A019,2025-02-02,9.0,8.9,540,534.0,0,0,0,0.989
AT00001241,A019,2025-02-03,9.0,8.92,540,535.0,0,0,0,0.991
AT00001242,A019,2025-02-04,9.0,8.88,540,533.0,0,0,0,0.987
AT00001243,A019,2025-02-05,9.0,8.92,540,535.0,0,0,0,0.991
AT00001244,A019,2025-02-06,9.0,8.88,540,533.0,0,0,0,0.987
AT00001245,A019,2025-02-07,9.0,8.73,540,524.0,0,0,10,0.97
AT00001246,A019,2025-02-10,9.0,8.67,540,520.0,0,5,0,0.963
AT00001247,A019,2025-02-11,9.0,8.88,540,533.0,0,0,0,0.987
AT00001248,A019,2025-02-12,9.0,8.9,540,534.0,0,0,0,0.989
AT00001249,A019,2025-02-13,9.0,8.97,540,538.0,0,0,0,0.996
AT00001250,A019,2025-02-14,9.0,8.98,540,539.0,0,0,0,0.998
AT00001251,A019,2025-02-17,9.0,8.8,540,528.0,0,0,0,0.978
AT00001252,A019,2025-02-18,9.0,8.9,540,534.0,0,0,0,0.989
AT00001253,A019,2025-02-19,9.0,8.78,540,527.0,0,0,0,0.976
AT00001254,A019,2025-02-21,9.0,8.78,540,527.0,0,0,0,0.976
AT00001255,A019,2025-02-23,9.0,8.87,540,532.0,0,0,0,0.985
AT00001256,A019,2025-02-24,9.0,8.93,540,536.0,0,0,0,0.993
AT00001257,A019,2025-02-25,9.0,8.9,540,534.0,0,0,0,0.989
AT00001258,A019,2025-02-26,9.0,8.88,540,533.0,0,0,0,0.987
AT00001259,A019,2025-02-27,9.0,8.75,540,525.0,0,5,0,0.972
AT00001260,A019,2025-02-28,9.0,8.8,540,528.0,0,0,0,0.978
AT00001261,A019,2025-03-01,9.0,0.0,540,0.0,1,0,540,0.0
AT00001262,A019,2025-03-03,9.0,8.8,540,528.0,0,0,0,0.978
AT00001263,A019,2025-03-04,9.0,8.88,540,533.0,0,0,0,0.987
AT00001264,A019,2025-03-05,9.0,9.0,540,540.0,0,0,0,1.0
AT00001265,A019,2025-03-06,9.0,8.85,540,531.0,0,0,0,0.983
AT00001266,A019,2025-03-07,9.0,8.82,540,529.0,0,0,0,0.98
AT00001267,A019,2025-03-08,9.0,8.75,540,525.0,0,0,0,0.972
AT00001268,A019,2025-03-10,9.0,8.78,540,527.0,0,0,0,0.976
AT00001269,A019,2025-03-11,9.0,8.77,540,526.0,0,0,0,0.974
AT00001270,A019,2025-03-12,9.0,8.92,540,535.0,0,0,0,0.991
AT00001271,A019,2025-03-13,9.0,8.9,540,534.0,0,0,0,0.989
AT00001272,A019,2025-03-14,9.0,8.65,540,519.0,0,10,0,0.961
AT00001273,A019,2025-03-17,9.0,8.95,540,537.0,0,0,0,0.994
AT00001274,A019,2025-03-18,9.0,8.82,540,529.0,0,0,0,0.98
AT00001275,A019,2025-03-19,9.0,8.85,540,531.0,0,0,0,0.983
AT00001276,A019,2025-03-20,9.0,8.9,540,534.0,0,0,0,0.989
AT00001277,A019,2025-03-21,9.0,8.75,540,525.0,0,0,0,0.972
AT00001278,A019,2025-03-22,9.0,8.93,540,536.0,0,0,0,0.993
AT00001279,A019,2025-03-24,9.0,8.85,540,531.0,0,5,0,0.983
AT00001280,A019,2025-03-25,9.0,8.67,540,520.0,0,0,0,0.963
AT00001281,A019,2025-03-26,9.0,8.9,540,534.0,0,0,0,0.989
AT00001282,A019,2025-03-27,9.0,8.95,540,537.0,0,0,0,0.994
AT00001283,A019,2025-03-28,9.0,9.0,540,540.0,0,0,0,1.0
AT00001284,A019,2025-03-31,9.0,0.0,540,0.0,1,0,540,0.0
AT00001285,A020,2025-01-01,9.0,8.78,540,527.0,0,0,0,0.976
AT00001286,A020,2025-01-02,9.0,8.92,540,535.0,0,0,0,0.991
AT00001287,A020,2025-01-03,9.0,8.83,540,530.0,0,0,0,0.981
AT00001288,A020,2025-01-05,9.0,8.87,540,532.0,0,0,0,0.985
AT00001289,A020,2025-01-06,9.0,8.83,540,530.0,0,0,0,0.981
AT00001290,A020,2025-01-07,9.0,8.85,540,531.0,0,0,0,0.983
AT00001291,A020,2025-01-08,9.0,8.95,540,537.0,0,0,0,0.994
AT00001292,A020,2025-01-09,9.0,8.78,540,527.0,0,0,0,0.976
AT00001293,A020,2025-01-10,9.0,8.85,540,531.0,0,5,0,0.983
AT00001294,A020,2025-01-13,9.0,8.87,540,532.0,0,0,0,0.985
AT00001295,A020,2025-01-14,9.0,8.93,540,536.0,0,0,0,0.993
AT00001296,A020,2025-01-15,9.0,8.87,540,532.0,0,0,0,0.985
AT00001297,A020,2025-01-16,9.0,8.93,540,536.0,0,0,0,0.993
AT00001298,A020,2025-01-17,9.0,8.92,540,535.0,0,0,0,0.991
AT00001299,A020,2025-01-18,9.0,9.0,540,540.0,0,0,0,1.0
AT00001300,A020,2025-01-20,9.0,8.88,540,533.0,0,0,0,0.987
AT00001301,A020,2025-01-21,9.0,8.83,540,530.0,0,0,0,0.981
AT00001302,A020,2025-01-22,9.0,8.95,540,537.0,0,0,0,0.994
AT00001303,A020,2025-01-23,9.0,8.97,540,538.0,0,0,0,0.996
AT00001304,A020,2025-01-24,9.0,8.95,540,537.0,0,0,0,0.994
AT00001305,A020,2025-01-25,9.0,8.75,540,525.0,0,5,0,0.972
AT00001306,A020,2025-01-27,9.0,8.9,540,534.0,0,0,5,0.989
AT00001307,A020,2025-01-28,9.0,8.83,540,530.0,0,0,5,0.981
AT00001308,A020,2025-01-29,9.0,8.78,540,527.0,0,0,0,0.976
AT00001309,A020,2025-01-30,9.0,8.8,540,528.0,0,0,0,0.978
AT00001310,A020,2025-01-31,9.0,8.9,540,534.0,0,0,0,0.989
AT00001311,A020,2025-02-03,9.0,8.88,540,533.0,0,0,0,0.987
AT00001312,A020,2025-02-04,9.0,8.35,540,501.0,0,0,31,0.928
AT00001313,A020,2025-02-05,9.0,8.75,540,525.0,0,0,0,0.972
AT00001314,A020,2025-02-06,9.0,8.88,540,533.0,0,0,0,0.987
AT00001315,A020,2025-02-07,9.0,8.9,540,534.0,0,0,0,0.989
AT00001316,A020,2025-02-10,9.0,0.0,540,0.0,1,0,540,0.0
AT00001317,A020,2025-02-11,9.0,8.87,540,532.0,0,0,0,0.985
AT00001318,A020,2025-02-12,9.0,8.9,540,534.0,0,5,0,0.989
AT00001319,A020,2025-02-13,9.0,8.72,540,523.0,0,15,2,0.969
AT00001320,A020,2025-02-14,9.0,8.78,540,527.0,0,10,0,0.976
AT00001321,A020,2025-02-17,9.0,8.68,540,521.0,0,0,10,0.965
AT00001322,A020,2025-02-18,9.0,8.82,540,529.0,0,5,0,0.98
AT00001323,A020,2025-02-19,9.0,8.8,540,528.0,0,0,0,0.978
AT00001324,A020,2025-02-20,9.0,8.97,540,538.0,0,0,0,0.996
AT00001325,A020,2025-02-21,9.0,8.62,540,517.0,0,0,15,0.957
AT00001326,A020,2025-02-22,9.0,8.9,540,534.0,0,0,0,0.989
AT00001327,A020,2025-02-23,9.0,8.92,540,535.0,0,0,0,0.991
AT00001328,A020,2025-02-24,9.0,8.85,540,531.0,0,0,0,0.983
AT00001329,A020,2025-02-25,9.0,8.95,540,537.0,0,0,0,0.994
AT00001330,A020,2025-02-26,9.0,8.75,540,525.0,0,10,0,0.972
AT00001331,A020,2025-02-27,9.0,8.78,540,527.0,0,0,0,0.976
AT00001332,A020,2025-02-28,9.0,8.73,540,524.0,0,10,0,0.97
AT00001333,A020,2025-03-03,9.0,8.9,540,534.0,0,0,0,0.989
AT00001334,A020,2025-03-04,9.0,8.9,540,534.0,0,0,0,0.989
AT00001335,A020,2025-03-05,9.0,8.93,540,536.0,0,0,0,0.993
AT00001336,A020,2025-03-06,9.0,8.83,540,530.0,0,0,0,0.981
AT00001337,A020,2025-03-07,9.0,8.72,540,523.0,0,10,0,0.969
AT00001338,A020,2025-03-10,9.0,8.95,540,537.0,0,0,0,0.994
AT00001339,A020,2025-03-11,9.0,8.97,540,538.0,0,0,0,0.996
AT00001340,A020,2025-03-12,9.0,8.83,540,530.0,0,0,0,0.981
AT00001341,A020,2025-03-13,9.0,8.8,540,528.0,0,0,0,0.978
AT00001342,A020,2025-03-15,9.0,8.87,540,532.0,0,0,0,0.985
AT00001343,A020,2025-03-17,9.0,8.9,540,534.0,0,0,0,0.989
AT00001344,A020,2025-03-18,9.0,8.95,540,537.0,0,0,0,0.994
AT00001345,A020,2025-03-19,9.0,8.88,540,533.0,0,0,0,0.987
AT00001346,A020,2025-03-20,9.0,8.92,540,535.0,0,0,0,0.991
AT00001347,A020,2025-03-21,9.0,8.85,540,531.0,0,0,0,0.983
AT00001348,A020,2025-03-23,9.0,8.77,540,526.0,0,0,0,0.974
AT00001349,A020,2025-03-24,9.0,8.95,540,537.0,0,0,0,0.994
AT00001350,A020,2025-03-25,9.0,8.9,540,534.0,0,0,0,0.989
AT00001351,A020,2025-03-26,9.0,8.78,540,527.0,0,0,10,0.976
AT00001352,A020,2025-03-27,9.0,8.9,540,534.0,0,0,0,0.989
AT00001353,A020,2025-03-28,9.0,8.88,540,533.0,0,0,0,0.987
AT00001354,A020,2025-03-31,9.0,8.78,540,527.0,0,5,0,0.976
AT00001355,A021,2025-01-01,9.0,8.77,540,526.0,0,0,0,0.974
AT00001356,A021,2025-01-02,9.0,8.82,540,529.0,0,0,0,0.98
AT00001357,A021,2025-01-03,9.0,8.85,540,531.0,0,0,0,0.983
AT00001358,A021,2025-01-06,9.0,8.8,540,528.0,0,0,0,0.978
AT00001359,A021,2025-01-07,9.0,8.85,540,531.0,0,0,0,0.983
AT00001360,A021,2025-01-08,9.0,8.92,540,535.0,0,0,0,0.991
AT00001361,A021,2025-01-09,9.0,8.85,540,531.0,0,0,0,0.983
AT00001362,A021,2025-01-10,9.0,8.88,540,533.0,0,0,0,0.987
AT00001363,A021,2025-01-12,9.0,8.45,540,507.0,0,0,30,0.939
AT00001364,A021,2025-01-13,9.0,8.87,540,532.0,0,0,0,0.985
AT00001365,A021,2025-01-14,9.0,8.83,540,530.0,0,0,0,0.981
AT00001366,A021,2025-01-15,9.0,9.0,540,540.0,0,0,0,1.0
AT00001367,A021,2025-01-16,9.0,8.92,540,535.0,0,5,0,0.991
AT00001368,A021,2025-01-17,9.0,8.98,540,539.0,0,0,0,0.998
AT00001369,A021,2025-01-19,9.0,8.93,540,536.0,0,0,0,0.993
AT00001370,A021,2025-01-20,9.0,8.6,540,516.0,0,0,15,0.956
AT00001371,A021,2025-01-21,9.0,8.93,540,536.0,0,0,0,0.993
AT00001372,A021,2025-01-22,9.0,8.52,540,511.0,0,0,18,0.946
AT00001373,A021,2025-01-23,9.0,0.0,540,0.0,1,0,540,0.0
AT00001374,A021,2025-01-24,9.0,8.92,540,535.0,0,0,0,0.991
AT00001375,A021,2025-01-27,9.0,8.83,540,530.0,0,0,0,0.981
AT00001376,A021,2025-01-28,9.0,8.87,540,532.0,0,0,0,0.985
AT00001377,A021,2025-01-29,9.0,8.87,540,532.0,0,0,0,0.985
AT00001378,A021,2025-01-30,9.0,8.77,540,526.0,0,0,0,0.974
AT00001379,A021,2025-01-31,9.0,9.0,540,540.0,0,0,0,1.0
AT00001380,A021,2025-02-03,9.0,0.0,540,0.0,1,0,540,0.0
AT00001381,A021,2025-02-04,9.0,8.93,540,536.0,0,0,0,0.993
AT00001382,A021,2025-02-05,9.0,8.88,540,533.0,0,0,0,0.987
AT00001383,A021,2025-02-06,9.0,8.88,540,533.0,0,0,0,0.987
AT00001384,A021,2025-02-07,9.0,8.87,540,532.0,0,0,0,0.985
AT00001385,A021,2025-02-09,9.0,8.85,540,531.0,0,0,0,0.983
AT00001386,A021,2025-02-10,9.0,8.82,540,529.0,0,10,0,0.98
AT00001387,A021,2025-02-11,9.0,8.97,540,538.0,0,0,0,0.996
AT00001388,A021,2025-02-12,9.0,8.68,540,521.0,0,0,0,0.965
AT00001389,A021,2025-02-13,9.0,8.9,540,534.0,0,0,0,0.989
AT00001390,A021,2025-02-14,9.0,8.9,540,534.0,0,0,0,0.989
AT00001391,A021,2025-02-15,9.0,8.8,540,528.0,0,0,0,0.978
AT00001392,A021,2025-02-16,9.0,8.85,540,531.0,0,5,0,0.983
AT00001393,A021,2025-02-17,9.0,8.78,540,527.0,0,0,0,0.976
AT00001394,A021,2025-02-18,9.0,8.85,540,531.0,0,0,0,0.983
AT00001395,A021,2025-02-19,9.0,8.88,540,533.0,0,0,0,0.987
AT00001396,A021,2025-02-20,9.0,8.68,540,521.0,0,0,10,0.965
AT00001397,A021,2025-02-21,9.0,8.88,540,533.0,0,0,0,0.987
AT00001398,A021,2025-02-22,9.0,8.8,540,528.0,0,0,0,0.978
AT00001399,A021,2025-02-24,9.0,8.8,540,528.0,0,5,0,0.978
AT00001400,A021,2025-02-25,9.0,8.9,540,534.0,0,0,0,0.989
AT00001401,A021,2025-02-26,9.0,8.93,540,536.0,0,0,0,0.993
AT00001402,A021,2025-02-27,9.0,8.97,540,538.0,0,0,0,0.996
AT00001403,A021,2025-02-28,9.0,8.8,540,528.0,0,0,0,0.978
AT00001404,A021,2025-03-03,9.0,8.87,540,532.0,0,0,0,0.985
AT00001405,A021,2025-03-05,9.0,8.9,540,534.0,0,0,0,0.989
AT00001406,A021,2025-03-06,9.0,8.88,540,533.0,0,0,0,0.987
AT00001407,A021,2025-03-07,9.0,8.93,540,536.0,0,0,0,0.993
AT00001408,A021,2025-03-10,9.0,8.78,540,527.0,0,0,0,0.976
AT00001409,A021,2025-03-11,9.0,8.93,540,536.0,0,0,0,0.993
AT00001410,A021,2025-03-12,9.0,8.87,540,532.0,0,0,0,0.985
AT00001411,A021,2025-03-13,9.0,8.47,540,508.0,0,0,30,0.941
AT00001412,A021,2025-03-14,9.0,8.83,540,530.0,0,0,0,0.981
AT00001413,A021,2025-03-17,9.0,8.8,540,528.0,0,0,0,0.978
AT00001414,A021,2025-03-18,9.0,8.6,540,516.0,0,15,0,0.956
AT00001415,A021,2025-03-19,9.0,8.85,540,531.0,0,0,0,0.983
AT00001416,A021,2025-03-20,9.0,8.93,540,536.0,0,0,0,0.993
AT00001417,A021,2025-03-21,9.0,8.48,540,509.0,0,0,30,0.943
AT00001418,A021,2025-03-24,9.0,8.78,540,527.0,0,0,0,0.976
AT00001419,A021,2025-03-25,9.0,8.9,540,534.0,0,0,0,0.989
AT00001420,A021,2025-03-26,9.0,8.92,540,535.0,0,0,0,0.991
AT00001421,A021,2025-03-27,9.0,8.62,540,517.0,0,5,0,0.957
AT00001422,A021,2025-03-28,9.0,8.78,540,527.0,0,0,0,0.976
AT00001423,A021,2025-03-31,9.0,8.85,540,531.0,0,5,0,0.983
AT00001424,A022,2025-01-01,9.0,8.92,540,535.0,0,0,1,0.991
AT00001425,A022,2025-01-02,9.0,8.9,540,534.0,0,0,0,0.989
AT00001426,A022,2025-01-03,9.0,8.77,540,526.0,0,0,0,0.974
AT00001427,A022,2025-01-04,9.0,8.77,540,526.0,0,0,0,0.974
AT00001428,A022,2025-01-05,9.0,8.9,540,534.0,0,0,0,0.989
AT00001429,A022,2025-01-06,9.0,8.82,540,529.0,0,0,0,0.98
AT00001430,A022,2025-01-07,9.0,8.68,540,521.0,0,0,10,0.965
AT00001431,A022,2025-01-08,9.0,8.93,540,536.0,0,0,0,0.993
AT00001432,A022,2025-01-09,9.0,8.62,540,517.0,0,0,18,0.957
AT00001433,A022,2025-01-10,9.0,8.78,540,527.0,0,0,0,0.976
AT00001434,A022,2025-01-13,9.0,8.97,540,538.0,0,0,0,0.996
AT00001435,A022,2025-01-14,9.0,8.85,540,531.0,0,0,5,0.983
AT00001436,A022,2025-01-15,9.0,8.83,540,530.0,0,10,0,0.981
AT00001437,A022,2025-01-16,9.0,8.85,540,531.0,0,0,0,0.983
AT00001438,A022,2025-01-17,9.0,8.95,540,537.0,0,0,0,0.994
AT00001439,A022,2025-01-19,9.0,8.92,540,535.0,0,0,0,0.991
AT00001440,A022,2025-01-20,9.0,8.85,540,531.0,0,0,0,0.983
AT00001441,A022,2025-01-21,9.0,8.95,540,537.0,0,0,0,0.994
AT00001442,A022,2025-01-22,9.0,8.85,540,531.0,0,0,0,0.983
AT00001443,A022,2025-01-23,9.0,8.93,540,536.0,0,0,0,0.993
AT00001444,A022,2025-01-24,9.0,8.85,540,531.0,0,0,0,0.983
AT00001445,A022,2025-01-27,9.0,9.0,540,540.0,0,0,0,1.0
AT00001446,A022,2025-01-28,9.0,8.87,540,532.0,0,0,0,0.985
AT00001447,A022,2025-01-29,9.0,8.95,540,537.0,0,0,0,0.994
AT00001448,A022,2025-01-30,9.0,8.83,540,530.0,0,0,0,0.981
AT00001449,A022,2025-01-31,9.0,8.75,540,525.0,0,10,0,0.972
AT00001450,A022,2025-02-03,9.0,8.65,540,519.0,0,15,0,0.961
AT00001451,A022,2025-02-04,9.0,8.38,540,503.0,0,30,0,0.931
AT00001452,A022,2025-02-05,9.0,8.93,540,536.0,0,0,0,0.993
AT00001453,A022,2025-02-06,9.0,8.92,540,535.0,0,0,0,0.991
AT00001454,A022,2025-02-07,9.0,8.72,540,523.0,0,0,10,0.969
AT00001455,A022,2025-02-09,9.0,8.87,540,532.0,0,0,0,0.985
AT00001456,A022,2025-02-10,9.0,8.82,540,529.0,0,0,0,0.98
AT00001457,A022,2025-02-11,9.0,8.75,540,525.0,0,0,5,0.972
AT00001458,A022,2025-02-12,9.0,8.85,540,531.0,0,0,0,0.983
AT00001459,A022,2025-02-13,9.0,8.8,540,528.0,0,0,0,0.978
AT00001460,A022,2025-02-14,9.0,8.97,540,538.0,0,0,0,0.996
AT00001461,A022,2025-02-17,9.0,8.83,540,530.0,0,0,0,0.981
AT00001462,A022,2025-02-18,9.0,8.7,540,522.0,0,0,0,0.967
AT00001463,A022,2025-02-19,9.0,8.73,540,524.0,0,0,10,0.97
AT00001464,A022,2025-02-20,9.0,8.95,540,537.0,0,0,0,0.994
AT00001465,A022,2025-02-21,9.0,8.92,540,535.0,0,0,0,0.991
AT00001466,A022,2025-02-24,9.0,8.8,540,528.0,0,0,0,0.978
AT00001467,A022,2025-02-25,9.0,8.97,540,538.0,0,0,0,0.996
AT00001468,A022,2025-02-26,9.0,8.92,540,535.0,0,0,0,0.991
AT00001469,A022,2025-02-27,9.0,8.87,540,532.0,0,0,0,0.985
AT00001470,A022,2025-02-28,9.0,8.92,540,535.0,0,0,1,0.991
AT00001471,A022,2025-03-03,9.0,8.9,540,534.0,0,0,0,0.989
AT00001472,A022,2025-03-04,9.0,8.65,540,519.0,0,0,10,0.961
AT00001473,A022,2025-03-05,9.0,8.9,540,534.0,0,0,0,0.989
AT00001474,A022,2025-03-06,9.0,8.85,540,531.0,0,0,0,0.983
AT00001475,A022,2025-03-07,9.0,8.35,540,501.0,0,30,0,0.928
AT00001476,A022,2025-03-10,9.0,8.97,540,538.0,0,0,0,0.996
AT00001477,A022,2025-03-11,9.0,8.42,540,505.0,0,30,0,0.935
AT00001478,A022,2025-03-12,9.0,8.88,540,533.0,0,0,0,0.987
AT00001479,A022,2025-03-13,9.0,8.82,540,529.0,0,0,0,0.98
AT00001480,A022,2025-03-14,9.0,0.0,540,0.0,1,0,540,0.0
AT00001481,A022,2025-03-15,9.0,8.73,540,524.0,0,0,0,0.97
AT00001482,A022,2025-03-16,9.0,8.9,540,534.0,0,0,0,0.989
AT00001483,A022,2025-03-17,9.0,8.95,540,537.0,0,0,0,0.994
AT00001484,A022,2025-03-18,9.0,8.92,540,535.0,0,0,0,0.991
AT00001485,A022,2025-03-19,9.0,8.88,540,533.0,0,0,0,0.987
AT00001486,A022,2025-03-20,9.0,8.8,540,528.0,0,0,0,0.978
AT00001487,A022,2025-03-21,9.0,8.9,540,534.0,0,0,0,0.989
AT00001488,A022,2025-03-24,9.0,8.75,540,525.0,0,0,0,0.972
AT00001489,A022,2025-03-25,9.0,8.6,540,516.0,0,10,0,0.956
AT00001490,A022,2025-03-26,9.0,8.85,540,531.0,0,0,0,0.983
AT00001491,A022,2025-03-28,9.0,8.93,540,536.0,0,0,0,0.993
AT00001492,A022,2025-03-31,9.0,8.83,540,530.0,0,0,0,0.981
AT00001493,A023,2025-01-01,9.0,8.9,540,534.0,0,0,0,0.989
AT00001494,A023,2025-01-02,9.0,8.9,540,534.0,0,0,0,0.989
AT00001495,A023,2025-01-03,9.0,8.77,540,526.0,0,0,0,0.974
AT00001496,A023,2025-01-06,9.0,8.85,540,531.0,0,5,0,0.983
AT00001497,A023,2025-01-07,9.0,8.85,540,531.0,0,0,0,0.983
AT00001498,A023,2025-01-08,9.0,8.87,540,532.0,0,0,0,0.985
AT00001499,A023,2025-01-09,9.0,8.97,540,538.0,0,0,0,0.996
AT00001500,A023,2025-01-10,9.0,8.83,540,530.0,0,0,0,0.981
AT00001501,A023,2025-01-12,9.0,8.95,540,537.0,0,0,0,0.994
AT00001502,A023,2025-01-13,9.0,8.93,540,536.0,0,0,0,0.993
AT00001503,A023,2025-01-14,9.0,8.87,540,532.0,0,0,0,0.985
AT00001504,A023,2025-01-15,9.0,8.77,540,526.0,0,5,0,0.974
AT00001505,A023,2025-01-16,9.0,8.78,540,527.0,0,0,0,0.976
AT00001506,A023,2025-01-17,9.0,8.97,540,538.0,0,0,0,0.996
AT00001507,A023,2025-01-18,9.0,8.77,540,526.0,0,0,0,0.974
AT00001508,A023,2025-01-19,9.0,8.83,540,530.0,0,0,0,0.981
AT00001509,A023,2025-01-20,9.0,8.93,540,536.0,0,0,0,0.993
AT00001510,A023,2025-01-21,9.0,8.7,540,522.0,0,10,0,0.967
AT00001511,A023,2025-01-22,9.0,8.8,540,528.0,0,0,0,0.978
AT00001512,A023,2025-01-23,9.0,8.75,540,525.0,0,0,0,0.972
AT00001513,A023,2025-01-24,9.0,8.8,540,528.0,0,0,0,0.978
AT00001514,A023,2025-01-26,9.0,0.0,540,0.0,1,0,540,0.0
AT00001515,A023,2025-01-27,9.0,8.98,540,539.0,0,0,0,0.998
AT00001516,A023,2025-01-28,9.0,8.67,540,520.0,0,0,0,0.963
AT00001517,A023,2025-01-29,9.0,8.85,540,531.0,0,0,0,0.983
AT00001518,A023,2025-01-30,9.0,8.82,540,529.0,0,0,5,0.98
AT00001519,A023,2025-01-31,9.0,0.0,540,0.0,1,0,540,0.0
AT00001520,A023,2025-02-03,9.0,8.83,540,530.0,0,0,5,0.981
AT00001521,A023,2025-02-04,9.0,8.78,540,527.0,0,0,0,0.976
AT00001522,A023,2025-02-05,9.0,8.88,540,533.0,0,0,0,0.987
AT00001523,A023,2025-02-06,9.0,8.65,540,519.0,0,15,0,0.961
AT00001524,A023,2025-02-07,9.0,8.9,540,534.0,0,0,0,0.989
AT00001525,A023,2025-02-09,9.0,8.88,540,533.0,0,0,0,0.987
AT00001526,A023,2025-02-10,9.0,8.75,540,525.0,0,0,5,0.972
AT00001527,A023,2025-02-11,9.0,8.77,540,526.0,0,0,0,0.974
AT00001528,A023,2025-02-12,9.0,0.0,540,0.0,1,0,540,0.0
AT00001529,A023,2025-02-13,9.0,8.88,540,533.0,0,0,0,0.987
AT00001530,A023,2025-02-14,9.0,8.88,540,533.0,0,0,0,0.987
AT00001531,A023,2025-02-17,9.0,8.82,540,529.0,0,0,1,0.98
AT00001532,A023,2025-02-18,9.0,8.35,540,501.0,0,0,30,0.928
AT00001533,A023,2025-02-19,9.0,8.45,540,507.0,0,0,30,0.939
AT00001534,A023,2025-02-20,9.0,8.83,540,530.0,0,0,0,0.981
AT00001535,A023,2025-02-21,9.0,8.62,540,517.0,0,15,0,0.957
AT00001536,A023,2025-02-24,9.0,8.77,540,526.0,0,0,5,0.974
AT00001537,A023,2025-02-25,9.0,8.85,540,531.0,0,0,0,0.983
AT00001538,A023,2025-02-26,9.0,8.88,540,533.0,0,5,0,0.987
AT00001539,A023,2025-02-27,9.0,8.9,540,534.0,0,0,0,0.989
AT00001540,A023,2025-02-28,9.0,8.9,540,534.0,0,0,0,0.989
AT00001541,A023,2025-03-03,9.0,8.87,540,532.0,0,0,0,0.985
AT00001542,A023,2025-03-04,9.0,8.83,540,530.0,0,0,0,0.981
AT00001543,A023,2025-03-05,9.0,8.63,540,518.0,0,10,0,0.959
AT00001544,A023,2025-03-06,9.0,8.87,540,532.0,0,0,0,0.985
AT00001545,A023,2025-03-07,9.0,8.93,540,536.0,0,0,0,0.993
AT00001546,A023,2025-03-08,9.0,8.8,540,528.0,0,5,0,0.978
AT00001547,A023,2025-03-10,9.0,8.95,540,537.0,0,0,0,0.994
AT00001548,A023,2025-03-11,9.0,8.43,540,506.0,0,0,30,0.937
AT00001549,A023,2025-03-12,9.0,8.77,540,526.0,0,0,0,0.974
AT00001550,A023,2025-03-13,9.0,8.88,540,533.0,0,0,0,0.987
AT00001551,A023,2025-03-14,9.0,8.98,540,539.0,0,0,0,0.998
AT00001552,A023,2025-03-17,9.0,8.8,540,528.0,0,0,5,0.978
AT00001553,A023,2025-03-18,9.0,8.87,540,532.0,0,0,0,0.985
AT00001554,A023,2025-03-19,9.0,8.65,540,519.0,0,0,15,0.961
AT00001555,A023,2025-03-20,9.0,8.98,540,539.0,0,0,0,0.998
AT00001556,A023,2025-03-21,9.0,8.67,540,520.0,0,0,10,0.963
AT00001557,A023,2025-03-24,9.0,8.78,540,527.0,0,0,0,0.976
AT00001558,A023,2025-03-25,9.0,8.7,540,522.0,0,5,0,0.967
AT00001559,A023,2025-03-26,9.0,0.0,540,0.0,1,0,540,0.0
AT00001560,A023,2025-03-27,9.0,8.92,540,535.0,0,0,0,0.991
AT00001561,A023,2025-03-28,9.0,8.82,540,529.0,0,0,0,0.98
AT00001562,A023,2025-03-31,9.0,8.87,540,532.0,0,0,0,0.985
AT00001563,A024,2025-01-01,9.0,8.75,540,525.0,0,0,0,0.972
AT00001564,A024,2025-01-02,9.0,8.82,540,529.0,0,0,0,0.98
AT00001565,A024,2025-01-03,9.0,8.75,540,525.0,0,0,0,0.972
AT00001566,A024,2025-01-06,9.0,0.0,540,0.0,1,0,540,0.0
AT00001567,A024,2025-01-08,9.0,8.7,540,522.0,0,10,0,0.967
AT00001568,A024,2025-01-09,9.0,8.85,540,531.0,0,0,0,0.983
AT00001569,A024,2025-01-10,9.0,8.75,540,525.0,0,10,0,0.972
AT00001570,A024,2025-01-13,9.0,8.93,540,536.0,0,0,0,0.993
AT00001571,A024,2025-01-14,9.0,8.9,540,534.0,0,0,0,0.989
AT00001572,A024,2025-01-15,9.0,8.88,540,533.0,0,0,0,0.987
AT00001573,A024,2025-01-16,9.0,8.85,540,531.0,0,5,0,0.983
AT00001574,A024,2025-01-17,9.0,8.88,540,533.0,0,0,0,0.987
AT00001575,A024,2025-01-19,9.0,8.95,540,537.0,0,0,0,0.994
AT00001576,A024,2025-01-20,9.0,8.93,540,536.0,0,0,0,0.993
AT00001577,A024,2025-01-21,9.0,8.85,540,531.0,0,0,0,0.983
AT00001578,A024,2025-01-22,9.0,8.85,540,531.0,0,0,0,0.983
AT00001579,A024,2025-01-23,9.0,8.93,540,536.0,0,0,0,0.993
AT00001580,A024,2025-01-24,9.0,8.92,540,535.0,0,0,0,0.991
AT00001581,A024,2025-01-27,9.0,8.92,540,535.0,0,0,0,0.991
AT00001582,A024,2025-01-28,9.0,8.97,540,538.0,0,0,0,0.996
AT00001583,A024,2025-01-29,9.0,8.9,540,534.0,0,0,0,0.989
AT00001584,A024,2025-01-30,9.0,8.82,540,529.0,0,5,0,0.98
AT00001585,A024,2025-01-31,9.0,8.43,540,506.0,0,0,30,0.937
AT00001586,A024,2025-02-01,9.0,8.83,540,530.0,0,0,0,0.981
AT00001587,A024,2025-02-03,9.0,8.87,540,532.0,0,0,0,0.985
AT00001588,A024,2025-02-04,9.0,8.9,540,534.0,0,0,0,0.989
AT00001589,A024,2025-02-06,9.0,8.87,540,532.0,0,0,0,0.985
AT00001590,A024,2025-02-07,9.0,8.67,540,520.0,0,15,0,0.963
AT00001591,A024,2025-02-10,9.0,8.98,540,539.0,0,0,0,0.998
AT00001592,A024,2025-02-11,9.0,8.88,540,533.0,0,0,0,0.987
AT00001593,A024,2025-02-12,9.0,8.9,540,534.0,0,0,0,0.989
AT00001594,A024,2025-02-13,9.0,8.85,540,531.0,0,0,0,0.983
AT00001595,A024,2025-02-14,9.0,8.87,540,532.0,0,0,0,0.985
AT00001596,A024,2025-02-16,9.0,8.95,540,537.0,0,0,0,0.994
AT00001597,A024,2025-02-17,9.0,8.92,540,535.0,0,0,0,0.991
AT00001598,A024,2025-02-18,9.0,8.68,540,521.0,0,0,0,0.965
AT00001599,A024,2025-02-19,9.0,8.58,540,515.0,0,15,5,0.954
AT00001600,A024,2025-02-20,9.0,8.9,540,534.0,0,0,0,0.989
AT00001601,A024,2025-02-22,9.0,8.88,540,533.0,0,0,0,0.987
AT00001602,A024,2025-02-24,9.0,8.9,540,534.0,0,0,0,0.989
AT00001603,A024,2025-02-25,9.0,8.75,540,525.0,0,15,0,0.972
AT00001604,A024,2025-02-26,9.0,8.83,540,530.0,0,0,0,0.981
AT00001605,A024,2025-02-27,9.0,8.95,540,537.0,0,0,0,0.994
AT00001606,A024,2025-02-28,9.0,0.0,540,0.0,1,0,540,0.0
AT00001607,A024,2025-03-03,9.0,8.97,540,538.0,0,0,0,0.996
AT00001608,A024,2025-03-04,9.0,8.73,540,524.0,0,0,0,0.97
AT00001609,A024,2025-03-05,9.0,8.68,540,521.0,0,0,15,0.965
AT00001610,A024,2025-03-06,9.0,8.9,540,534.0,0,0,3,0.989
AT00001611,A024,2025-03-07,9.0,8.9,540,534.0,0,0,0,0.989
AT00001612,A024,2025-03-09,9.0,8.92,540,535.0,0,0,0,0.991
AT00001613,A024,2025-03-10,9.0,8.93,540,536.0,0,0,0,0.993
AT00001614,A024,2025-03-11,9.0,8.83,540,530.0,0,0,0,0.981
AT00001615,A024,2025-03-12,9.0,8.9,540,534.0,0,0,0,0.989
AT00001616,A024,2025-03-13,9.0,8.85,540,531.0,0,5,0,0.983
AT00001617,A024,2025-03-14,9.0,8.93,540,536.0,0,0,0,0.993
AT00001618,A024,2025-03-17,9.0,8.87,540,532.0,0,5,0,0.985
AT00001619,A024,2025-03-18,9.0,8.73,540,524.0,0,0,11,0.97
AT00001620,A024,2025-03-19,9.0,8.73,540,524.0,0,5,0,0.97
AT00001621,A024,2025-03-20,9.0,8.73,540,524.0,0,0,0,0.97
AT00001622,A024,2025-03-21,9.0,8.57,540,514.0,0,15,0,0.952
AT00001623,A024,2025-03-24,9.0,8.98,540,539.0,0,0,0,0.998
AT00001624,A024,2025-03-25,9.0,8.85,540,531.0,0,0,0,0.983
AT00001625,A024,2025-03-26,9.0,8.92,540,535.0,0,0,0,0.991
AT00001626,A024,2025-03-27,9.0,8.95,540,537.0,0,0,0,0.994
AT00001627,A024,2025-03-28,9.0,8.85,540,531.0,0,0,0,0.983
AT00001628,A024,2025-03-30,9.0,8.83,540,530.0,0,0,0,0.981
AT00001629,A024,2025-03-31,9.0,8.65,540,519.0,0,15,0,0.961
AT00001630,A025,2025-01-01,9.0,8.92,540,535.0,0,0,0,0.991
AT00001631,A025,2025-01-02,9.0,8.92,540,535.0,0,0,0,0.991
AT00001632,A025,2025-01-03,9.0,8.78,540,527.0,0,0,0,0.976
AT00001633,A025,2025-01-06,9.0,8.88,540,533.0,0,0,0,0.987
AT00001634,A025,2025-01-07,9.0,8.88,540,533.0,0,0,0,0.987
AT00001635,A025,2025-01-08,9.0,8.87,540,532.0,0,0,0,0.985
AT00001636,A025,2025-01-09,9.0,8.97,540,538.0,0,0,0,0.996
AT00001637,A025,2025-01-10,9.0,8.65,540,519.0,0,15,0,0.961
AT00001638,A025,2025-01-13,9.0,8.85,540,531.0,0,5,0,0.983
AT00001639,A025,2025-01-14,9.0,8.98,540,539.0,0,0,0,0.998
AT00001640,A025,2025-01-15,9.0,8.93,540,536.0,0,0,0,0.993
AT00001641,A025,2025-01-16,9.0,8.88,540,533.0,0,0,0,0.987
AT00001642,A025,2025-01-17,9.0,8.75,540,525.0,0,10,0,0.972
AT00001643,A025,2025-01-18,9.0,8.77,540,526.0,0,5,0,0.974
AT00001644,A025,2025-01-20,9.0,8.93,540,536.0,0,0,0,0.993
AT00001645,A025,2025-01-21,9.0,8.88,540,533.0,0,0,0,0.987
AT00001646,A025,2025-01-22,9.0,8.83,540,530.0,0,0,0,0.981
AT00001647,A025,2025-01-23,9.0,8.83,540,530.0,0,0,0,0.981
AT00001648,A025,2025-01-24,9.0,8.78,540,527.0,0,5,0,0.976
AT00001649,A025,2025-01-27,9.0,8.87,540,532.0,0,0,0,0.985
AT00001650,A025,2025-01-28,9.0,9.0,540,540.0,0,0,0,1.0
AT00001651,A025,2025-01-29,9.0,8.92,540,535.0,0,0,0,0.991
AT00001652,A025,2025-01-30,9.0,8.88,540,533.0,0,0,0,0.987
AT00001653,A025,2025-01-31,9.0,8.83,540,530.0,0,0,0,0.981
AT00001654,A025,2025-02-03,9.0,8.95,540,537.0,0,0,0,0.994
AT00001655,A025,2025-02-04,9.0,8.97,540,538.0,0,0,0,0.996
AT00001656,A025,2025-02-05,9.0,8.98,540,539.0,0,0,0,0.998
AT00001657,A025,2025-02-06,9.0,8.97,540,538.0,0,0,0,0.996
AT00001658,A025,2025-02-07,9.0,8.85,540,531.0,0,0,0,0.983
AT00001659,A025,2025-02-10,9.0,8.97,540,538.0,0,0,0,0.996
AT00001660,A025,2025-02-11,9.0,8.88,540,533.0,0,0,0,0.987
AT00001661,A025,2025-02-12,9.0,8.9,540,534.0,0,0,0,0.989
AT00001662,A025,2025-02-13,9.0,8.93,540,536.0,0,0,0,0.993
AT00001663,A025,2025-02-14,9.0,8.73,540,524.0,0,10,0,0.97
AT00001664,A025,2025-02-17,9.0,8.78,540,527.0,0,0,0,0.976
AT00001665,A025,2025-02-18,9.0,8.82,540,529.0,0,0,0,0.98
AT00001666,A025,2025-02-19,9.0,8.83,540,530.0,0,0,5,0.981
AT00001667,A025,2025-02-20,9.0,8.93,540,536.0,0,0,0,0.993
AT00001668,A025,2025-02-21,9.0,8.83,540,530.0,0,0,0,0.981
AT00001669,A025,2025-02-22,9.0,9.0,540,540.0,0,0,0,1.0
AT00001670,A025,2025-02-25,9.0,8.83,540,530.0,0,0,0,0.981
AT00001671,A025,2025-02-26,9.0,8.9,540,534.0,0,0,0,0.989
AT00001672,A025,2025-02-27,9.0,8.65,540,519.0,0,15,0,0.961
AT00001673,A025,2025-02-28,9.0,8.87,540,532.0,0,0,0,0.985
AT00001674,A025,2025-03-03,9.0,8.83,540,530.0,0,0,0,0.981
AT00001675,A025,2025-03-04,9.0,8.82,540,529.0,0,5,0,0.98
AT00001676,A025,2025-03-05,9.0,8.97,540,538.0,0,0,0,0.996
AT00001677,A025,2025-03-06,9.0,8.82,540,529.0,0,0,0,0.98
AT00001678,A025,2025-03-07,9.0,8.83,540,530.0,0,0,0,0.981
AT00001679,A025,2025-03-08,9.0,9.0,540,540.0,0,0,0,1.0
AT00001680,A025,2025-03-10,9.0,8.92,540,535.0,0,0,0,0.991
AT00001681,A025,2025-03-11,9.0,8.97,540,538.0,0,0,0,0.996
AT00001682,A025,2025-03-12,9.0,8.98,540,539.0,0,0,0,0.998
AT00001683,A025,2025-03-13,9.0,8.82,540,529.0,0,0,0,0.98
AT00001684,A025,2025-03-14,9.0,8.95,540,537.0,0,0,0,0.994
AT00001685,A025,2025-03-17,9.0,8.87,540,532.0,0,0,0,0.985
AT00001686,A025,2025-03-18,9.0,8.82,540,529.0,0,0,0,0.98
AT00001687,A025,2025-03-19,9.0,8.43,540,506.0,0,0,30,0.937
AT00001688,A025,2025-03-20,9.0,8.98,540,539.0,0,0,0,0.998
AT00001689,A025,2025-03-21,9.0,8.43,540,506.0,0,0,30,0.937
AT00001690,A025,2025-03-23,9.0,8.92,540,535.0,0,0,0,0.991
AT00001691,A025,2025-03-24,9.0,8.73,540,524.0,0,0,0,0.97
AT00001692,A025,2025-03-25,9.0,8.88,540,533.0,0,0,0,0.987
AT00001693,A025,2025-03-26,9.0,8.73,540,524.0,0,15,0,0.97
AT00001694,A025,2025-03-27,9.0,8.75,540,525.0,0,0,15,0.972
AT00001695,A025,2025-03-28,9.0,8.27,540,496.0,0,10,30,0.919
AT00001696,A025,2025-03-29,9.0,8.88,540,533.0,0,0,0,0.987
AT00001697,A025,2025-03-31,9.0,8.88,540,533.0,0,0,0,0.987
AT00001698,A026,2025-01-01,9.0,8.85,540,531.0,0,0,0,0.983
AT00001699,A026,2025-01-02,9.0,8.9,540,534.0,0,0,0,0.989
AT00001700,A026,2025-01-03,9.0,8.85,540,531.0,0,0,0,0.983
AT00001701,A026,2025-01-04,9.0,8.92,540,535.0,0,0,0,0.991
AT00001702,A026,2025-01-06,9.0,8.8,540,528.0,0,0,0,0.978
AT00001703,A026,2025-01-07,9.0,8.83,540,530.0,0,0,0,0.981
AT00001704,A026,2025-01-08,9.0,8.93,540,536.0,0,0,0,0.993
AT00001705,A026,2025-01-09,9.0,8.82,540,529.0,0,5,0,0.98
AT00001706,A026,2025-01-10,9.0,8.9,540,534.0,0,0,0,0.989
AT00001707,A026,2025-01-12,9.0,8.82,540,529.0,0,0,0,0.98
AT00001708,A026,2025-01-13,9.0,8.93,540,536.0,0,0,0,0.993
AT00001709,A026,2025-01-14,9.0,8.9,540,534.0,0,0,0,0.989
AT00001710,A026,2025-01-15,9.0,8.88,540,533.0,0,0,0,0.987
AT00001711,A026,2025-01-16,9.0,8.77,540,526.0,0,10,0,0.974
AT00001712,A026,2025-01-17,9.0,8.87,540,532.0,0,0,0,0.985
AT00001713,A026,2025-01-20,9.0,8.9,540,534.0,0,0,0,0.989
AT00001714,A026,2025-01-21,9.0,8.92,540,535.0,0,0,0,0.991
AT00001715,A026,2025-01-22,9.0,8.82,540,529.0,0,0,0,0.98
AT00001716,A026,2025-01-23,9.0,8.78,540,527.0,0,0,0,0.976
AT00001717,A026,2025-01-24,9.0,8.38,540,503.0,0,30,0,0.931
AT00001718,A026,2025-01-27,9.0,8.78,540,527.0,0,0,0,0.976
AT00001719,A026,2025-01-28,9.0,8.95,540,537.0,0,0,0,0.994
AT00001720,A026,2025-01-29,9.0,8.93,540,536.0,0,0,0,0.993
AT00001721,A026,2025-01-30,9.0,8.9,540,534.0,0,0,0,0.989
AT00001722,A026,2025-01-31,9.0,8.78,540,527.0,0,0,0,0.976
AT00001723,A026,2025-02-01,9.0,8.4,540,504.0,0,30,0,0.933
AT00001724,A026,2025-02-03,9.0,8.72,540,523.0,0,0,0,0.969
AT00001725,A026,2025-02-04,9.0,0.0,540,0.0,1,0,540,0.0
AT00001726,A026,2025-02-05,9.0,8.93,540,536.0,0,0,0,0.993
AT00001727,A026,2025-02-06,9.0,8.23,540,494.0,0,30,0,0.915
AT00001728,A026,2025-02-07,9.0,0.0,540,0.0,1,0,540,0.0
AT00001729,A026,2025-02-10,9.0,8.95,540,537.0,0,0,0,0.994
AT00001730,A026,2025-02-11,9.0,8.82,540,529.0,0,5,0,0.98
AT00001731,A026,2025-02-12,9.0,8.82,540,529.0,0,0,0,0.98
AT00001732,A026,2025-02-13,9.0,8.9,540,534.0,0,0,1,0.989
AT00001733,A026,2025-02-14,9.0,8.92,540,535.0,0,0,0,0.991
AT00001734,A026,2025-02-17,9.0,8.82,540,529.0,0,0,0,0.98
AT00001735,A026,2025-02-18,9.0,0.0,540,0.0,1,0,540,0.0
AT00001736,A026,2025-02-19,9.0,8.42,540,505.0,0,30,0,0.935
AT00001737,A026,2025-02-20,9.0,8.87,540,532.0,0,0,0,0.985
AT00001738,A026,2025-02-21,9.0,8.82,540,529.0,0,5,0,0.98
AT00001739,A026,2025-02-24,9.0,8.93,540,536.0,0,0,0,0.993
AT00001740,A026,2025-02-25,9.0,0.0,540,0.0,1,0,540,0.0
AT00001741,A026,2025-02-26,9.0,8.77,540,526.0,0,0,10,0.974
AT00001742,A026,2025-02-27,9.0,8.73,540,524.0,0,5,0,0.97
AT00001743,A026,2025-02-28,9.0,8.78,540,527.0,0,0,0,0.976
AT00001744,A026,2025-03-03,9.0,8.97,540,538.0,0,0,0,0.996
AT00001745,A026,2025-03-04,9.0,8.78,540,527.0,0,0,0,0.976
AT00001746,A026,2025-03-05,9.0,8.87,540,532.0,0,0,0,0.985
AT00001747,A026,2025-03-06,9.0,8.83,540,530.0,0,0,0,0.981
AT00001748,A026,2025-03-07,9.0,8.83,540,530.0,0,0,0,0.981
AT00001749,A026,2025-03-10,9.0,8.7,540,522.0,0,10,0,0.967
AT00001750,A026,2025-03-11,9.0,8.23,540,494.0,0,5,30,0.915
AT00001751,A026,2025-03-12,9.0,8.82,540,529.0,0,5,0,0.98
AT00001752,A026,2025-03-13,9.0,8.82,540,529.0,0,0,0,0.98
AT00001753,A026,2025-03-14,9.0,8.9,540,534.0,0,0,0,0.989
AT00001754,A026,2025-03-17,9.0,8.67,540,520.0,0,15,0,0.963
AT00001755,A026,2025-03-18,9.0,8.83,540,530.0,0,0,0,0.981
AT00001756,A026,2025-03-19,9.0,8.95,540,537.0,0,0,0,0.994
AT00001757,A026,2025-03-20,9.0,8.92,540,535.0,0,0,0,0.991
AT00001758,A026,2025-03-21,9.0,8.78,540,527.0,0,0,0,0.976
AT00001759,A026,2025-03-24,9.0,8.73,540,524.0,0,0,0,0.97
AT00001760,A026,2025-03-25,9.0,8.95,540,537.0,0,0,0,0.994
AT00001761,A026,2025-03-26,9.0,8.63,540,518.0,0,0,15,0.959
AT00001762,A026,2025-03-27,9.0,8.87,540,532.0,0,0,0,0.985
AT00001763,A026,2025-03-28,9.0,9.0,540,540.0,0,0,0,1.0
AT00001764,A026,2025-03-29,9.0,0.0,540,0.0,1,0,540,0.0
AT00001765,A026,2025-03-31,9.0,8.4,540,504.0,0,30,0,0.933
AT00001766,A027,2025-01-01,9.0,8.92,540,535.0,0,0,0,0.991
AT00001767,A027,2025-01-02,9.0,8.87,540,532.0,0,0,5,0.985
AT00001768,A027,2025-01-03,9.0,8.47,540,508.0,0,15,0,0.941
AT00001769,A027,2025-01-06,9.0,8.65,540,519.0,0,15,0,0.961
AT00001770,A027,2025-01-07,9.0,8.95,540,537.0,0,0,0,0.994
AT00001771,A027,2025-01-08,9.0,8.78,540,527.0,0,0,0,0.976
AT00001772,A027,2025-01-09,9.0,8.57,540,514.0,0,15,0,0.952
AT00001773,A027,2025-01-10,9.0,8.9,540,534.0,0,0,0,0.989
AT00001774,A027,2025-01-11,9.0,8.85,540,531.0,0,0,0,0.983
AT00001775,A027,2025-01-13,9.0,8.85,540,531.0,0,0,0,0.983
AT00001776,A027,2025-01-14,9.0,8.83,540,530.0,0,0,0,0.981
AT00001777,A027,2025-01-15,9.0,8.8,540,528.0,0,0,0,0.978
AT00001778,A027,2025-01-16,9.0,8.83,540,530.0,0,0,0,0.981
AT00001779,A027,2025-01-17,9.0,8.48,540,509.0,0,0,10,0.943
AT00001780,A027,2025-01-20,9.0,8.88,540,533.0,0,0,0,0.987
AT00001781,A027,2025-01-21,9.0,8.9,540,534.0,0,0,0,0.989
AT00001782,A027,2025-01-22,9.0,8.95,540,537.0,0,0,0,0.994
AT00001783,A027,2025-01-23,9.0,8.95,540,537.0,0,0,0,0.994
AT00001784,A027,2025-01-24,9.0,8.88,540,533.0,0,0,0,0.987
AT00001785,A027,2025-01-27,9.0,8.93,540,536.0,0,0,0,0.993
AT00001786,A027,2025-01-28,9.0,8.85,540,531.0,0,0,0,0.983
AT00001787,A027,2025-01-29,9.0,8.67,540,520.0,0,10,0,0.963
AT00001788,A027,2025-01-30,9.0,8.83,540,530.0,0,0,0,0.981
AT00001789,A027,2025-01-31,9.0,8.95,540,537.0,0,0,0,0.994
AT00001790,A027,2025-02-03,9.0,8.7,540,522.0,0,0,10,0.967
AT00001791,A027,2025-02-04,9.0,8.82,540,529.0,0,0,0,0.98
AT00001792,A027,2025-02-05,9.0,8.77,540,526.0,0,0,5,0.974
AT00001793,A027,2025-02-06,9.0,8.45,540,507.0,0,15,0,0.939
AT00001794,A027,2025-02-07,9.0,8.43,540,506.0,0,0,30,0.937
AT00001795,A027,2025-02-10,9.0,8.93,540,536.0,0,0,0,0.993
AT00001796,A027,2025-02-11,9.0,8.72,540,523.0,0,0,10,0.969
AT00001797,A027,2025-02-12,9.0,8.8,540,528.0,0,0,5,0.978
AT00001798,A027,2025-02-13,9.0,8.77,540,526.0,0,5,0,0.974
AT00001799,A027,2025-02-16,9.0,8.38,540,503.0,0,30,0,0.931
AT00001800,A027,2025-02-17,9.0,8.9,540,534.0,0,0,0,0.989
AT00001801,A027,2025-02-18,9.0,8.98,540,539.0,0,0,0,0.998
AT00001802,A027,2025-02-19,9.0,8.92,540,535.0,0,0,0,0.991
AT00001803,A027,2025-02-20,9.0,8.8,540,528.0,0,0,0,0.978
AT00001804,A027,2025-02-21,9.0,8.73,540,524.0,0,0,0,0.97
AT00001805,A027,2025-02-22,9.0,8.5,540,510.0,0,0,10,0.944
AT00001806,A027,2025-02-23,9.0,8.88,540,533.0,0,0,0,0.987
AT00001807,A027,2025-02-24,9.0,8.85,540,531.0,0,0,0,0.983
AT00001808,A027,2025-02-25,9.0,8.88,540,533.0,0,0,0,0.987
AT00001809,A027,2025-02-26,9.0,8.83,540,530.0,0,0,0,0.981
AT00001810,A027,2025-02-27,9.0,8.82,540,529.0,0,0,0,0.98
AT00001811,A027,2025-02-28,9.0,8.95,540,537.0,0,0,0,0.994
AT00001812,A027,2025-03-03,9.0,8.98,540,539.0,0,0,0,0.998
AT00001813,A027,2025-03-04,9.0,8.8,540,528.0,0,0,0,0.978
AT00001814,A027,2025-03-05,9.0,8.78,540,527.0,0,0,10,0.976
AT00001815,A027,2025-03-06,9.0,8.78,540,527.0,0,0,0,0.976
AT00001816,A027,2025-03-07,9.0,8.45,540,507.0,0,0,30,0.939
AT00001817,A027,2025-03-10,9.0,8.87,540,532.0,0,0,0,0.985
AT00001818,A027,2025-03-11,9.0,8.85,540,531.0,0,0,0,0.983
AT00001819,A027,2025-03-12,9.0,8.77,540,526.0,0,0,0,0.974
AT00001820,A027,2025-03-13,9.0,8.78,540,527.0,0,5,0,0.976
AT00001821,A027,2025-03-14,9.0,8.87,540,532.0,0,0,0,0.985
AT00001822,A027,2025-03-17,9.0,8.88,540,533.0,0,0,0,0.987
AT00001823,A027,2025-03-18,9.0,8.6,540,516.0,0,5,10,0.956
AT00001824,A027,2025-03-19,9.0,8.88,540,533.0,0,0,0,0.987
AT00001825,A027,2025-03-20,9.0,8.87,540,532.0,0,0,0,0.985
AT00001826,A027,2025-03-21,9.0,8.45,540,507.0,0,30,0,0.939
AT00001827,A027,2025-03-24,9.0,8.9,540,534.0,0,0,0,0.989
AT00001828,A027,2025-03-25,9.0,8.88,540,533.0,0,0,0,0.987
AT00001829,A027,2025-03-26,9.0,8.82,540,529.0,0,0,0,0.98
AT00001830,A027,2025-03-27,9.0,8.9,540,534.0,0,0,0,0.989
AT00001831,A027,2025-03-28,9.0,8.88,540,533.0,0,0,0,0.987
AT00001832,A027,2025-03-31,9.0,8.92,540,535.0,0,0,0,0.991
AT00001833,A028,2025-01-01,9.0,8.83,540,530.0,0,5,0,0.981
AT00001834,A028,2025-01-02,9.0,8.77,540,526.0,0,0,5,0.974
AT00001835,A028,2025-01-03,9.0,8.8,540,528.0,0,0,1,0.978
AT00001836,A028,2025-01-06,9.0,8.9,540,534.0,0,0,0,0.989
AT00001837,A028,2025-01-07,9.0,8.83,540,530.0,0,0,0,0.981
AT00001838,A028,2025-01-08,9.0,8.68,540,521.0,0,15,0,0.965
AT00001839,A028,2025-01-09,9.0,8.88,540,533.0,0,0,0,0.987
AT00001840,A028,2025-01-10,9.0,8.85,540,531.0,0,0,0,0.983
AT00001841,A028,2025-01-13,9.0,9.0,540,540.0,0,0,0,1.0
AT00001842,A028,2025-01-14,9.0,8.62,540,517.0,0,10,0,0.957
AT00001843,A028,2025-01-15,9.0,8.9,540,534.0,0,0,0,0.989
AT00001844,A028,2025-01-16,9.0,8.92,540,535.0,0,0,0,0.991
AT00001845,A028,2025-01-17,9.0,8.7,540,522.0,0,0,10,0.967
AT00001846,A028,2025-01-20,9.0,8.92,540,535.0,0,0,0,0.991
AT00001847,A028,2025-01-21,9.0,8.72,540,523.0,0,5,5,0.969
AT00001848,A028,2025-01-22,9.0,8.73,540,524.0,0,5,0,0.97
AT00001849,A028,2025-01-23,9.0,8.83,540,530.0,0,0,0,0.981
AT00001850,A028,2025-01-24,9.0,8.88,540,533.0,0,0,0,0.987
AT00001851,A028,2025-01-27,9.0,8.8,540,528.0,0,0,5,0.978
AT00001852,A028,2025-01-28,9.0,8.95,540,537.0,0,0,0,0.994
AT00001853,A028,2025-01-30,9.0,0.0,540,0.0,1,0,540,0.0
AT00001854,A028,2025-01-31,9.0,8.98,540,539.0,0,0,0,0.998
AT00001855,A028,2025-02-01,9.0,8.87,540,532.0,0,0,0,0.985
AT00001856,A028,2025-02-03,9.0,8.78,540,527.0,0,5,0,0.976
AT00001857,A028,2025-02-04,9.0,8.18,540,491.0,0,30,0,0.909
AT00001858,A028,2025-02-05,9.0,8.4,540,504.0,0,0,30,0.933
AT00001859,A028,2025-02-06,9.0,8.93,540,536.0,0,0,0,0.993
AT00001860,A028,2025-02-07,9.0,0.0,540,0.0,1,0,540,0.0
AT00001861,A028,2025-02-10,9.0,8.93,540,536.0,0,0,0,0.993
AT00001862,A028,2025-02-11,9.0,8.8,540,528.0,0,0,10,0.978
AT00001863,A028,2025-02-12,9.0,8.85,540,531.0,0,0,0,0.983
AT00001864,A028,2025-02-13,9.0,8.85,540,531.0,0,0,6,0.983
AT00001865,A028,2025-02-14,9.0,0.0,540,0.0,1,0,540,0.0
AT00001866,A028,2025-02-17,9.0,8.83,540,530.0,0,0,0,0.981
AT00001867,A028,2025-02-18,9.0,8.55,540,513.0,0,0,15,0.95
AT00001868,A028,2025-02-19,9.0,0.0,540,0.0,1,0,540,0.0
AT00001869,A028,2025-02-20,9.0,8.95,540,537.0,0,0,0,0.994
AT00001870,A028,2025-02-21,9.0,8.93,540,536.0,0,0,0,0.993
AT00001871,A028,2025-02-23,9.0,8.95,540,537.0,0,0,0,0.994
AT00001872,A028,2025-02-24,9.0,8.88,540,533.0,0,0,0,0.987
AT00001873,A028,2025-02-25,9.0,8.87,540,532.0,0,0,0,0.985
AT00001874,A028,2025-02-26,9.0,8.9,540,534.0,0,0,0,0.989
AT00001875,A028,2025-02-27,9.0,8.85,540,531.0,0,0,0,0.983
AT00001876,A028,2025-02-28,9.0,8.33,540,500.0,0,0,30,0.926
AT00001877,A028,2025-03-03,9.0,8.85,540,531.0,0,0,0,0.983
AT00001878,A028,2025-03-04,9.0,8.98,540,539.0,0,0,0,0.998
AT00001879,A028,2025-03-05,9.0,8.83,540,530.0,0,0,0,0.981
AT00001880,A028,2025-03-06,9.0,8.85,540,531.0,0,0,0,0.983
AT00001881,A028,2025-03-07,9.0,8.87,540,532.0,0,0,0,0.985
AT00001882,A028,2025-03-10,9.0,0.0,540,0.0,1,0,540,0.0
AT00001883,A028,2025-03-11,9.0,8.88,540,533.0,0,0,0,0.987
AT00001884,A028,2025-03-12,9.0,8.85,540,531.0,0,0,0,0.983
AT00001885,A028,2025-03-13,9.0,8.87,540,532.0,0,0,0,0.985
AT00001886,A028,2025-03-14,9.0,8.32,540,499.0,0,30,0,0.924
AT00001887,A028,2025-03-15,9.0,8.82,540,529.0,0,0,0,0.98
AT00001888,A028,2025-03-17,9.0,8.95,540,537.0,0,0,0,0.994
AT00001889,A028,2025-03-18,9.0,8.88,540,533.0,0,0,0,0.987
AT00001890,A028,2025-03-19,9.0,0.0,540,0.0,1,0,540,0.0
AT00001891,A028,2025-03-20,9.0,8.25,540,495.0,0,30,0,0.917
AT00001892,A028,2025-03-21,9.0,8.8,540,528.0,0,0,0,0.978
AT00001893,A028,2025-03-22,9.0,8.73,540,524.0,0,0,0,0.97
AT00001894,A028,2025-03-24,9.0,8.87,540,532.0,0,0,0,0.985
AT00001895,A028,2025-03-25,9.0,9.0,540,540.0,0,0,0,1.0
AT00001896,A028,2025-03-26,9.0,8.65,540,519.0,0,5,5,0.961
AT00001897,A028,2025-03-27,9.0,8.32,540,499.0,0,0,30,0.924
AT00001898,A028,2025-03-28,9.0,8.85,540,531.0,0,0,5,0.983
AT00001899,A028,2025-03-31,9.0,8.67,540,520.0,0,0,10,0.963
AT00001900,A029,2025-01-02,9.0,8.77,540,526.0,0,0,0,0.974
AT00001901,A029,2025-01-03,9.0,8.77,540,526.0,0,5,0,0.974
AT00001902,A029,2025-01-06,9.0,8.88,540,533.0,0,0,0,0.987
AT00001903,A029,2025-01-07,9.0,8.93,540,536.0,0,0,0,0.993
AT00001904,A029,2025-01-08,9.0,8.7,540,522.0,0,0,15,0.967
AT00001905,A029,2025-01-09,9.0,8.85,540,531.0,0,0,0,0.983
AT00001906,A029,2025-01-10,9.0,8.9,540,534.0,0,0,0,0.989
AT00001907,A029,2025-01-13,9.0,8.88,540,533.0,0,0,0,0.987
AT00001908,A029,2025-01-14,9.0,8.82,540,529.0,0,0,0,0.98
AT00001909,A029,2025-01-15,9.0,8.88,540,533.0,0,0,0,0.987
AT00001910,A029,2025-01-16,9.0,8.93,540,536.0,0,0,0,0.993
AT00001911,A029,2025-01-17,9.0,8.7,540,522.0,0,0,0,0.967
AT00001912,A029,2025-01-20,9.0,8.65,540,519.0,0,0,15,0.961
AT00001913,A029,2025-01-21,9.0,8.9,540,534.0,0,0,0,0.989
AT00001914,A029,2025-01-22,9.0,8.82,540,529.0,0,10,0,0.98
AT00001915,A029,2025-01-23,9.0,8.92,540,535.0,0,0,0,0.991
AT00001916,A029,2025-01-24,9.0,8.67,540,520.0,0,0,15,0.963
AT00001917,A029,2025-01-27,9.0,8.63,540,518.0,0,0,0,0.959
AT00001918,A029,2025-01-28,9.0,8.95,540,537.0,0,0,0,0.994
AT00001919,A029,2025-01-29,9.0,0.0,540,0.0,1,0,540,0.0
AT00001920,A029,2025-01-30,9.0,8.72,540,523.0,0,0,5,0.969
AT00001921,A029,2025-01-31,9.0,8.35,540,501.0,0,30,0,0.928
AT00001922,A029,2025-02-03,9.0,8.98,540,539.0,0,0,0,0.998
AT00001923,A029,2025-02-04,9.0,0.0,540,0.0,1,0,540,0.0
AT00001924,A029,2025-02-05,9.0,8.92,540,535.0,0,0,0,0.991
AT00001925,A029,2025-02-07,9.0,8.93,540,536.0,0,0,0,0.993
AT00001926,A029,2025-02-10,9.0,8.85,540,531.0,0,0,0,0.983
AT00001927,A029,2025-02-11,9.0,8.92,540,535.0,0,0,0,0.991
AT00001928,A029,2025-02-12,9.0,8.92,540,535.0,0,0,0,0.991
AT00001929,A029,2025-02-13,9.0,8.85,540,531.0,0,5,0,0.983
AT00001930,A029,2025-02-14,9.0,8.68,540,521.0,0,5,0,0.965
AT00001931,A029,2025-02-16,9.0,8.95,540,537.0,0,0,0,0.994
AT00001932,A029,2025-02-17,9.0,8.95,540,537.0,0,0,0,0.994
AT00001933,A029,2025-02-18,9.0,8.77,540,526.0,0,0,0,0.974
AT00001934,A029,2025-02-19,9.0,8.83,540,530.0,0,0,0,0.981
AT00001935,A029,2025-02-20,9.0,8.85,540,531.0,0,0,0,0.983
AT00001936,A029,2025-02-21,9.0,8.95,540,537.0,0,0,0,0.994
AT00001937,A029,2025-02-24,9.0,8.83,540,530.0,0,0,5,0.981
AT00001938,A029,2025-02-25,9.0,8.92,540,535.0,0,0,1,0.991
AT00001939,A029,2025-02-26,9.0,8.67,540,520.0,0,15,0,0.963
AT00001940,A029,2025-02-27,9.0,8.88,540,533.0,0,0,0,0.987
AT00001941,A029,2025-02-28,9.0,8.7,540,522.0,0,0,5,0.967
AT00001942,A029,2025-03-03,9.0,8.88,540,533.0,0,0,0,0.987
AT00001943,A029,2025-03-05,9.0,8.83,540,530.0,0,10,0,0.981
AT00001944,A029,2025-03-06,9.0,8.9,540,534.0,0,0,0,0.989
AT00001945,A029,2025-03-07,9.0,8.82,540,529.0,0,0,5,0.98
AT00001946,A029,2025-03-10,9.0,8.37,540,502.0,0,30,0,0.93
AT00001947,A029,2025-03-11,9.0,8.97,540,538.0,0,0,0,0.996
AT00001948,A029,2025-03-12,9.0,8.75,540,525.0,0,0,0,0.972
AT00001949,A029,2025-03-13,9.0,8.65,540,519.0,0,10,0,0.961
AT00001950,A029,2025-03-14,9.0,8.35,540,501.0,0,0,30,0.928
AT00001951,A029,2025-03-15,9.0,8.88,540,533.0,0,5,0,0.987
AT00001952,A029,2025-03-17,9.0,8.87,540,532.0,0,0,0,0.985
AT00001953,A029,2025-03-18,9.0,8.93,540,536.0,0,0,0,0.993
AT00001954,A029,2025-03-19,9.0,8.87,540,532.0,0,0,0,0.985
AT00001955,A029,2025-03-20,9.0,8.92,540,535.0,0,0,0,0.991
AT00001956,A029,2025-03-21,9.0,8.85,540,531.0,0,0,0,0.983
AT00001957,A029,2025-03-23,9.0,8.75,540,525.0,0,0,0,0.972
AT00001958,A029,2025-03-24,9.0,8.9,540,534.0,0,0,0,0.989
AT00001959,A029,2025-03-25,9.0,8.82,540,529.0,0,0,0,0.98
AT00001960,A029,2025-03-26,9.0,8.65,540,519.0,0,15,0,0.961
AT00001961,A029,2025-03-27,9.0,8.87,540,532.0,0,0,0,0.985
AT00001962,A029,2025-03-28,9.0,8.9,540,534.0,0,0,0,0.989
AT00001963,A029,2025-03-31,9.0,8.95,540,537.0,0,0,0,0.994
AT00001964,A030,2025-01-01,9.0,8.85,540,531.0,0,0,0,0.983
AT00001965,A030,2025-01-02,9.0,8.98,540,539.0,0,0,0,0.998
AT00001966,A030,2025-01-03,9.0,8.65,540,519.0,0,0,15,0.961
AT00001967,A030,2025-01-06,9.0,8.92,540,535.0,0,0,0,0.991
AT00001968,A030,2025-01-07,9.0,8.85,540,531.0,0,0,0,0.983
AT00001969,A030,2025-01-09,9.0,8.6,540,516.0,0,10,10,0.956
AT00001970,A030,2025-01-10,9.0,8.93,540,536.0,0,0,0,0.993
AT00001971,A030,2025-01-13,9.0,8.92,540,535.0,0,0,0,0.991
AT00001972,A030,2025-01-14,9.0,8.8,540,528.0,0,10,0,0.978
AT00001973,A030,2025-01-16,9.0,8.83,540,530.0,0,0,0,0.981
AT00001974,A030,2025-01-17,9.0,8.72,540,523.0,0,0,10,0.969
AT00001975,A030,2025-01-19,9.0,8.95,540,537.0,0,0,0,0.994
AT00001976,A030,2025-01-20,9.0,8.8,540,528.0,0,0,0,0.978
AT00001977,A030,2025-01-21,9.0,8.9,540,534.0,0,0,0,0.989
AT00001978,A030,2025-01-22,9.0,8.63,540,518.0,0,10,0,0.959
AT00001979,A030,2025-01-23,9.0,8.88,540,533.0,0,0,0,0.987
AT00001980,A030,2025-01-24,9.0,8.95,540,537.0,0,0,0,0.994
AT00001981,A030,2025-01-27,9.0,8.73,540,524.0,0,0,0,0.97
AT00001982,A030,2025-01-28,9.0,8.87,540,532.0,0,0,0,0.985
AT00001983,A030,2025-01-29,9.0,8.83,540,530.0,0,0,0,0.981
AT00001984,A030,2025-01-30,9.0,9.0,540,540.0,0,0,0,1.0
AT00001985,A030,2025-01-31,9.0,8.92,540,535.0,0,0,0,0.991
AT00001986,A030,2025-02-03,9.0,8.87,540,532.0,0,0,0,0.985
AT00001987,A030,2025-02-04,9.0,8.88,540,533.0,0,0,0,0.987
AT00001988,A030,2025-02-05,9.0,8.77,540,526.0,0,0,10,0.974
AT00001989,A030,2025-02-06,9.0,8.9,540,534.0,0,0,0,0.989
AT00001990,A030,2025-02-07,9.0,0.0,540,0.0,1,0,540,0.0
AT00001991,A030,2025-02-10,9.0,8.75,540,525.0,0,0,10,0.972
AT00001992,A030,2025-02-11,9.0,8.95,540,537.0,0,0,0,0.994
AT00001993,A030,2025-02-12,9.0,8.87,540,532.0,0,0,0,0.985
AT00001994,A030,2025-02-13,9.0,8.85,540,531.0,0,0,0,0.983
AT00001995,A030,2025-02-14,9.0,8.85,540,531.0,0,0,0,0.983
AT00001996,A030,2025-02-17,9.0,8.8,540,528.0,0,0,0,0.978
AT00001997,A030,2025-02-18,9.0,8.83,540,530.0,0,0,0,0.981
AT00001998,A030,2025-02-19,9.0,8.77,540,526.0,0,0,0,0.974
AT00001999,A030,2025-02-20,9.0,8.8,540,528.0,0,0,10,0.978
AT00002000,A030,2025-02-22,9.0,8.87,540,532.0,0,0,0,0.985
AT00002001,A030,2025-02-24,9.0,8.87,540,532.0,0,0,0,0.985
AT00002002,A030,2025-02-25,9.0,8.87,540,532.0,0,0,0,0.985
AT00002003,A030,2025-02-26,9.0,8.88,540,533.0,0,0,0,0.987
AT00002004,A030,2025-02-27,9.0,8.78,540,527.0,0,0,5,0.976
AT00002005,A030,2025-02-28,9.0,8.9,540,534.0,0,0,0,0.989
AT00002006,A030,2025-03-03,9.0,8.8,540,528.0,0,0,10,0.978
AT00002007,A030,2025-03-04,9.0,8.98,540,539.0,0,0,0,0.998
AT00002008,A030,2025-03-05,9.0,8.97,540,538.0,0,0,0,0.996
AT00002009,A030,2025-03-06,9.0,8.93,540,536.0,0,0,0,0.993
AT00002010,A030,2025-03-07,9.0,8.72,540,523.0,0,0,0,0.969
AT00002011,A030,2025-03-10,9.0,8.82,540,529.0,0,0,0,0.98
AT00002012,A030,2025-03-11,9.0,8.85,540,531.0,0,0,0,0.983
AT00002013,A030,2025-03-12,9.0,8.8,540,528.0,0,0,0,0.978
AT00002014,A030,2025-03-13,9.0,8.92,540,535.0,0,0,0,0.991
AT00002015,A030,2025-03-14,9.0,8.93,540,536.0,0,0,0,0.993
AT00002016,A030,2025-03-17,9.0,9.0,540,540.0,0,0,0,1.0
AT00002017,A030,2025-03-18,9.0,8.88,540,533.0,0,0,0,0.987
AT00002018,A030,2025-03-19,9.0,8.57,540,514.0,0,0,15,0.952
AT00002019,A030,2025-03-20,9.0,8.88,540,533.0,0,0,0,0.987
AT00002020,A030,2025-03-21,9.0,8.85,540,531.0,0,0,0,0.983
AT00002021,A030,2025-03-24,9.0,8.77,540,526.0,0,5,0,0.974
AT00002022,A030,2025-03-25,9.0,8.93,540,536.0,0,0,0,0.993
AT00002023,A030,2025-03-26,9.0,8.68,540,521.0,0,0,10,0.965
AT00002024,A030,2025-03-27,9.0,8.85,540,531.0,0,0,0,0.983
AT00002025,A030,2025-03-28,9.0,8.92,540,535.0,0,0,0,0.991
AT00002026,A030,2025-03-31,9.0,8.58,540,515.0,0,15,0,0.954
AT00002027,A031,2025-01-01,9.0,8.78,540,527.0,0,0,0,0.976
AT00002028,A031,2025-01-02,9.0,8.83,540,530.0,0,0,0,0.981
AT00002029,A031,2025-01-03,9.0,8.85,540,531.0,0,0,0,0.983
AT00002030,A031,2025-01-06,9.0,8.8,540,528.0,0,0,0,0.978
AT00002031,A031,2025-01-07,9.0,8.85,540,531.0,0,0,0,0.983
AT00002032,A031,2025-01-08,9.0,8.77,540,526.0,0,5,0,0.974
AT00002033,A031,2025-01-09,9.0,8.95,540,537.0,0,0,0,0.994
AT00002034,A031,2025-01-10,9.0,8.88,540,533.0,0,5,2,0.987
AT00002035,A031,2025-01-11,9.0,8.82,540,529.0,0,0,0,0.98
AT00002036,A031,2025-01-13,9.0,8.93,540,536.0,0,0,0,0.993
AT00002037,A031,2025-01-14,9.0,8.87,540,532.0,0,0,0,0.985
AT00002038,A031,2025-01-15,9.0,8.78,540,527.0,0,0,0,0.976
AT00002039,A031,2025-01-16,9.0,8.67,540,520.0,0,0,10,0.963
AT00002040,A031,2025-01-17,9.0,8.83,540,530.0,0,0,2,0.981
AT00002041,A031,2025-01-20,9.0,8.78,540,527.0,0,0,0,0.976
AT00002042,A031,2025-01-21,9.0,8.45,540,507.0,0,0,30,0.939
AT00002043,A031,2025-01-23,9.0,8.7,540,522.0,0,0,2,0.967
AT00002044,A031,2025-01-24,9.0,8.85,540,531.0,0,0,0,0.983
AT00002045,A031,2025-01-27,9.0,8.9,540,534.0,0,0,0,0.989
AT00002046,A031,2025-01-28,9.0,8.95,540,537.0,0,0,0,0.994
AT00002047,A031,2025-01-29,9.0,8.92,540,535.0,0,0,5,0.991
AT00002048,A031,2025-01-30,9.0,8.88,540,533.0,0,0,0,0.987
AT00002049,A031,2025-01-31,9.0,8.7,540,522.0,0,0,15,0.967
AT00002050,A031,2025-02-03,9.0,8.82,540,529.0,0,5,0,0.98
AT00002051,A031,2025-02-04,9.0,8.87,540,532.0,0,0,0,0.985
AT00002052,A031,2025-02-05,9.0,8.82,540,529.0,0,5,0,0.98
AT00002053,A031,2025-02-06,9.0,8.93,540,536.0,0,0,0,0.993
AT00002054,A031,2025-02-07,9.0,8.97,540,538.0,0,0,0,0.996
AT00002055,A031,2025-02-09,9.0,8.87,540,532.0,0,0,0,0.985
AT00002056,A031,2025-02-10,9.0,8.85,540,531.0,0,0,0,0.983
AT00002057,A031,2025-02-11,9.0,8.75,540,525.0,0,0,0,0.972
AT00002058,A031,2025-02-12,9.0,8.73,540,524.0,0,0,0,0.97
AT00002059,A031,2025-02-13,9.0,8.77,540,526.0,0,0,0,0.974
AT00002060,A031,2025-02-14,9.0,8.97,540,538.0,0,0,0,0.996
AT00002061,A031,2025-02-18,9.0,8.67,540,520.0,0,10,0,0.963
AT00002062,A031,2025-02-19,9.0,8.92,540,535.0,0,0,0,0.991
AT00002063,A031,2025-02-20,9.0,8.8,540,528.0,0,0,0,0.978
AT00002064,A031,2025-02-21,9.0,8.67,540,520.0,0,5,0,0.963
AT00002065,A031,2025-02-24,9.0,8.85,540,531.0,0,0,0,0.983
AT00002066,A031,2025-02-25,9.0,8.8,540,528.0,0,0,0,0.978
AT00002067,A031,2025-02-26,9.0,8.87,540,532.0,0,0,0,0.985
AT00002068,A031,2025-02-27,9.0,8.92,540,535.0,0,0,0,0.991
AT00002069,A031,2025-02-28,9.0,8.78,540,527.0,0,0,0,0.976
AT00002070,A031,2025-03-03,9.0,9.0,540,540.0,0,0,0,1.0
AT00002071,A031,2025-03-04,9.0,8.75,540,525.0,0,0,0,0.972
AT00002072,A031,2025-03-05,9.0,8.87,540,532.0,0,0,0,0.985
AT00002073,A031,2025-03-06,9.0,8.85,540,531.0,0,0,0,0.983
AT00002074,A031,2025-03-07,9.0,8.73,540,524.0,0,0,0,0.97
AT00002075,A031,2025-03-10,9.0,8.6,540,516.0,0,15,0,0.956
AT00002076,A031,2025-03-11,9.0,8.9,540,534.0,0,0,0,0.989
AT00002077,A031,2025-03-12,9.0,8.88,540,533.0,0,0,0,0.987
AT00002078,A031,2025-03-13,9.0,8.73,540,524.0,0,0,5,0.97
AT00002079,A031,2025-03-14,9.0,8.87,540,532.0,0,0,0,0.985
AT00002080,A031,2025-03-17,9.0,8.82,540,529.0,0,0,0,0.98
AT00002081,A031,2025-03-18,9.0,8.87,540,532.0,0,0,0,0.985
AT00002082,A031,2025-03-19,9.0,8.92,540,535.0,0,0,0,0.991
AT00002083,A031,2025-03-20,9.0,8.9,540,534.0,0,0,0,0.989
AT00002084,A031,2025-03-21,9.0,8.82,540,529.0,0,0,0,0.98
AT00002085,A031,2025-03-24,9.0,8.73,540,524.0,0,0,10,0.97
AT00002086,A031,2025-03-25,9.0,8.9,540,534.0,0,0,0,0.989
AT00002087,A031,2025-03-26,9.0,8.85,540,531.0,0,0,0,0.983
AT00002088,A031,2025-03-27,9.0,8.95,540,537.0,0,0,0,0.994
AT00002089,A031,2025-03-28,9.0,8.85,540,531.0,0,0,0,0.983
AT00002090,A031,2025-03-30,9.0,8.7,540,522.0,0,10,0,0.967
AT00002091,A031,2025-03-31,9.0,8.3,540,498.0,0,5,30,0.922
AT00002092,A032,2025-01-01,9.0,8.87,540,532.0,0,0,0,0.985
AT00002093,A032,2025-01-02,9.0,8.73,540,524.0,0,0,15,0.97
AT00002094,A032,2025-01-03,9.0,8.93,540,536.0,0,0,0,0.993
AT00002095,A032,2025-01-06,9.0,8.82,540,529.0,0,5,0,0.98
AT00002096,A032,2025-01-07,9.0,8.95,540,537.0,0,0,0,0.994
AT00002097,A032,2025-01-08,9.0,8.87,540,532.0,0,0,0,0.985
AT00002098,A032,2025-01-09,9.0,8.67,540,520.0,0,10,0,0.963
AT00002099,A032,2025-01-10,9.0,8.97,540,538.0,0,0,0,0.996
AT00002100,A032,2025-01-13,9.0,8.87,540,532.0,0,5,0,0.985
AT00002101,A032,2025-01-14,9.0,8.77,540,526.0,0,0,0,0.974
AT00002102,A032,2025-01-15,9.0,0.0,540,0.0,1,0,540,0.0
AT00002103,A032,2025-01-16,9.0,8.77,540,526.0,0,0,0,0.974
AT00002104,A032,2025-01-17,9.0,8.97,540,538.0,0,0,0,0.996
AT00002105,A032,2025-01-20,9.0,8.92,540,535.0,0,0,0,0.991
AT00002106,A032,2025-01-21,9.0,8.93,540,536.0,0,0,0,0.993
AT00002107,A032,2025-01-22,9.0,8.83,540,530.0,0,0,0,0.981
AT00002108,A032,2025-01-23,9.0,8.92,540,535.0,0,0,0,0.991
AT00002109,A032,2025-01-24,9.0,8.75,540,525.0,0,0,5,0.972
AT00002110,A032,2025-01-26,9.0,8.75,540,525.0,0,0,5,0.972
AT00002111,A032,2025-01-27,9.0,8.87,540,532.0,0,0,0,0.985
AT00002112,A032,2025-01-28,9.0,8.37,540,502.0,0,0,30,0.93
AT00002113,A032,2025-01-29,9.0,8.9,540,534.0,0,0,0,0.989
AT00002114,A032,2025-01-30,9.0,8.92,540,535.0,0,0,0,0.991
AT00002115,A032,2025-01-31,9.0,8.8,540,528.0,0,0,3,0.978
AT00002116,A032,2025-02-01,9.0,8.8,540,528.0,0,0,0,0.978
AT00002117,A032,2025-02-04,9.0,8.85,540,531.0,0,0,0,0.983
AT00002118,A032,2025-02-05,9.0,8.87,540,532.0,0,0,0,0.985
AT00002119,A032,2025-02-06,9.0,8.83,540,530.0,0,0,0,0.981
AT00002120,A032,2025-02-07,9.0,8.85,540,531.0,0,0,0,0.983
AT00002121,A032,2025-02-10,9.0,8.87,540,532.0,0,0,0,0.985
AT00002122,A032,2025-02-11,9.0,8.88,540,533.0,0,0,0,0.987
AT00002123,A032,2025-02-12,9.0,8.53,540,512.0,0,10,10,0.948
AT00002124,A032,2025-02-13,9.0,8.92,540,535.0,0,0,0,0.991
AT00002125,A032,2025-02-14,9.0,8.85,540,531.0,0,0,0,0.983
AT00002126,A032,2025-02-17,9.0,8.93,540,536.0,0,0,0,0.993
AT00002127,A032,2025-02-18,9.0,8.82,540,529.0,0,5,0,0.98
AT00002128,A032,2025-02-19,9.0,8.68,540,521.0,0,0,15,0.965
AT00002129,A032,2025-02-20,9.0,8.82,540,529.0,0,0,0,0.98
AT00002130,A032,2025-02-21,9.0,8.8,540,528.0,0,0,0,0.978
AT00002131,A032,2025-02-24,9.0,8.73,540,524.0,0,0,0,0.97
AT00002132,A032,2025-02-25,9.0,8.97,540,538.0,0,0,0,0.996
AT00002133,A032,2025-02-26,9.0,8.9,540,534.0,0,0,0,0.989
AT00002134,A032,2025-02-27,9.0,8.8,540,528.0,0,0,0,0.978
AT00002135,A032,2025-02-28,9.0,8.78,540,527.0,0,0,0,0.976
AT00002136,A032,2025-03-03,9.0,8.92,540,535.0,0,0,0,0.991
AT00002137,A032,2025-03-04,9.0,8.9,540,534.0,0,0,0,0.989
AT00002138,A032,2025-03-05,9.0,8.87,540,532.0,0,0,0,0.985
AT00002139,A032,2025-03-06,9.0,8.8,540,528.0,0,0,0,0.978
AT00002140,A032,2025-03-07,9.0,8.9,540,534.0,0,0,0,0.989
AT00002141,A032,2025-03-08,9.0,8.88,540,533.0,0,0,0,0.987
AT00002142,A032,2025-03-10,9.0,8.8,540,528.0,0,0,0,0.978
AT00002143,A032,2025-03-11,9.0,8.77,540,526.0,0,0,0,0.974
AT00002144,A032,2025-03-12,9.0,8.97,540,538.0,0,0,0,0.996
AT00002145,A032,2025-03-13,9.0,8.85,540,531.0,0,5,0,0.983
AT00002146,A032,2025-03-14,9.0,8.78,540,527.0,0,0,5,0.976
AT00002147,A032,2025-03-15,9.0,8.62,540,517.0,0,0,0,0.957
AT00002148,A032,2025-03-17,9.0,8.98,540,539.0,0,0,0,0.998
AT00002149,A032,2025-03-18,9.0,8.7,540,522.0,0,0,0,0.967
AT00002150,A032,2025-03-19,9.0,8.77,540,526.0,0,0,10,0.974
AT00002151,A032,2025-03-20,9.0,8.85,540,531.0,0,0,0,0.983
AT00002152,A032,2025-03-21,9.0,8.87,540,532.0,0,0,0,0.985
AT00002153,A032,2025-03-24,9.0,0.0,540,0.0,1,0,540,0.0
AT00002154,A032,2025-03-25,9.0,8.85,540,531.0,0,0,0,0.983
AT00002155,A032,2025-03-26,9.0,8.65,540,519.0,0,15,0,0.961
AT00002156,A032,2025-03-27,9.0,8.95,540,537.0,0,0,0,0.994
AT00002157,A032,2025-03-28,9.0,8.8,540,528.0,0,0,0,0.978
AT00002158,A032,2025-03-31,9.0,8.95,540,537.0,0,0,0,0.994
AT00002159,A033,2025-01-01,9.0,8.95,540,537.0,0,0,0,0.994
AT00002160,A033,2025-01-02,9.0,8.87,540,532.0,0,0,0,0.985
AT00002161,A033,2025-01-03,9.0,8.83,540,530.0,0,5,0,0.981
AT00002162,A033,2025-01-06,9.0,8.92,540,535.0,0,0,0,0.991
AT00002163,A033,2025-01-07,9.0,8.98,540,539.0,0,0,0,0.998
AT00002164,A033,2025-01-08,9.0,8.72,540,523.0,0,0,10,0.969
AT00002165,A033,2025-01-09,9.0,8.75,540,525.0,0,0,0,0.972
AT00002166,A033,2025-01-10,9.0,8.9,540,534.0,0,0,0,0.989
AT00002167,A033,2025-01-11,9.0,8.32,540,499.0,0,30,0,0.924
AT00002168,A033,2025-01-13,9.0,0.0,540,0.0,1,0,540,0.0
AT00002169,A033,2025-01-14,9.0,8.87,540,532.0,0,0,0,0.985
AT00002170,A033,2025-01-15,9.0,8.98,540,539.0,0,0,0,0.998
AT00002171,A033,2025-01-16,9.0,8.88,540,533.0,0,0,0,0.987
AT00002172,A033,2025-01-17,9.0,8.85,540,531.0,0,0,0,0.983
AT00002173,A033,2025-01-20,9.0,8.88,540,533.0,0,0,0,0.987
AT00002174,A033,2025-01-21,9.0,8.87,540,532.0,0,0,0,0.985
AT00002175,A033,2025-01-22,9.0,8.95,540,537.0,0,0,0,0.994
AT00002176,A033,2025-01-23,9.0,8.85,540,531.0,0,0,0,0.983
AT00002177,A033,2025-01-24,9.0,8.8,540,528.0,0,0,0,0.978
AT00002178,A033,2025-01-26,9.0,8.77,540,526.0,0,10,0,0.974
AT00002179,A033,2025-01-27,9.0,8.93,540,536.0,0,0,0,0.993
AT00002180,A033,2025-01-28,9.0,8.88,540,533.0,0,0,0,0.987
AT00002181,A033,2025-01-29,9.0,8.9,540,534.0,0,0,0,0.989
AT00002182,A033,2025-01-30,9.0,8.82,540,529.0,0,0,0,0.98
AT00002183,A033,2025-01-31,9.0,8.9,540,534.0,0,0,0,0.989
AT00002184,A033,2025-02-02,9.0,8.78,540,527.0,0,0,0,0.976
AT00002185,A033,2025-02-03,9.0,8.77,540,526.0,0,0,0,0.974
AT00002186,A033,2025-02-04,9.0,8.82,540,529.0,0,0,0,0.98
AT00002187,A033,2025-02-05,9.0,8.67,540,520.0,0,0,5,0.963
AT00002188,A033,2025-02-06,9.0,8.77,540,526.0,0,0,0,0.974
AT00002189,A033,2025-02-07,9.0,8.88,540,533.0,0,0,0,0.987
AT00002190,A033,2025-02-10,9.0,8.88,540,533.0,0,0,0,0.987
AT00002191,A033,2025-02-11,9.0,8.9,540,534.0,0,0,0,0.989
AT00002192,A033,2025-02-12,9.0,8.93,540,536.0,0,0,0,0.993
AT00002193,A033,2025-02-13,9.0,8.73,540,524.0,0,10,0,0.97
AT00002194,A033,2025-02-14,9.0,8.7,540,522.0,0,15,0,0.967
AT00002195,A033,2025-02-17,9.0,8.93,540,536.0,0,0,1,0.993
AT00002196,A033,2025-02-18,9.0,8.65,540,519.0,0,15,0,0.961
AT00002197,A033,2025-02-19,9.0,8.8,540,528.0,0,5,0,0.978
AT00002198,A033,2025-02-20,9.0,8.92,540,535.0,0,0,0,0.991
AT00002199,A033,2025-02-21,9.0,8.73,540,524.0,0,0,0,0.97
AT00002200,A033,2025-02-24,9.0,8.83,540,530.0,0,5,0,0.981
AT00002201,A033,2025-02-25,9.0,8.85,540,531.0,0,0,0,0.983
AT00002202,A033,2025-02-26,9.0,8.75,540,525.0,0,0,0,0.972
AT00002203,A033,2025-02-28,9.0,8.87,540,532.0,0,0,0,0.985
AT00002204,A033,2025-03-03,9.0,8.93,540,536.0,0,0,0,0.993
AT00002205,A033,2025-03-04,9.0,8.88,540,533.0,0,0,0,0.987
AT00002206,A033,2025-03-05,9.0,8.95,540,537.0,0,0,0,0.994
AT00002207,A033,2025-03-06,9.0,8.92,540,535.0,0,0,0,0.991
AT00002208,A033,2025-03-07,9.0,8.92,540,535.0,0,0,0,0.991
AT00002209,A033,2025-03-08,9.0,8.58,540,515.0,0,0,15,0.954
AT00002210,A033,2025-03-12,9.0,8.92,540,535.0,0,0,0,0.991
AT00002211,A033,2025-03-13,9.0,8.95,540,537.0,0,0,0,0.994
AT00002212,A033,2025-03-14,9.0,8.37,540,502.0,0,0,30,0.93
AT00002213,A033,2025-03-15,9.0,8.93,540,536.0,0,0,0,0.993
AT00002214,A033,2025-03-16,9.0,8.95,540,537.0,0,0,0,0.994
AT00002215,A033,2025-03-17,9.0,8.92,540,535.0,0,0,0,0.991
AT00002216,A033,2025-03-18,9.0,8.95,540,537.0,0,0,0,0.994
AT00002217,A033,2025-03-19,9.0,8.8,540,528.0,0,0,0,0.978
AT00002218,A033,2025-03-20,9.0,8.87,540,532.0,0,0,0,0.985
AT00002219,A033,2025-03-21,9.0,8.92,540,535.0,0,0,0,0.991
AT00002220,A033,2025-03-24,9.0,8.42,540,505.0,0,30,0,0.935
AT00002221,A033,2025-03-25,9.0,8.93,540,536.0,0,0,0,0.993
AT00002222,A033,2025-03-26,9.0,8.45,540,507.0,0,30,0,0.939
AT00002223,A033,2025-03-27,9.0,8.88,540,533.0,0,0,0,0.987
AT00002224,A033,2025-03-28,9.0,8.88,540,533.0,0,0,0,0.987
AT00002225,A033,2025-03-31,9.0,8.28,540,497.0,0,0,30,0.92
AT00002226,A034,2025-01-01,9.0,8.92,540,535.0,0,0,0,0.991
AT00002227,A034,2025-01-02,9.0,8.83,540,530.0,0,0,0,0.981
AT00002228,A034,2025-01-03,9.0,8.87,540,532.0,0,0,0,0.985
AT00002229,A034,2025-01-06,9.0,0.0,540,0.0,1,0,540,0.0
AT00002230,A034,2025-01-07,9.0,8.85,540,531.0,0,0,5,0.983
AT00002231,A034,2025-01-08,9.0,8.8,540,528.0,0,0,0,0.978
AT00002232,A034,2025-01-09,9.0,8.35,540,501.0,0,0,30,0.928
AT00002233,A034,2025-01-10,9.0,8.78,540,527.0,0,0,0,0.976
AT00002234,A034,2025-01-12,9.0,8.57,540,514.0,0,0,15,0.952
AT00002235,A034,2025-01-13,9.0,8.98,540,539.0,0,0,0,0.998
AT00002236,A034,2025-01-14,9.0,8.3,540,498.0,0,0,30,0.922
AT00002237,A034,2025-01-15,9.0,8.93,540,536.0,0,0,0,0.993
AT00002238,A034,2025-01-16,9.0,8.83,540,530.0,0,0,5,0.981
AT00002239,A034,2025-01-17,9.0,8.65,540,519.0,0,0,15,0.961
AT00002240,A034,2025-01-20,9.0,8.82,540,529.0,0,0,0,0.98
AT00002241,A034,2025-01-21,9.0,8.8,540,528.0,0,0,0,0.978
AT00002242,A034,2025-01-22,9.0,8.9,540,534.0,0,0,0,0.989
AT00002243,A034,2025-01-23,9.0,0.0,540,0.0,1,0,540,0.0
AT00002244,A034,2025-01-24,9.0,8.55,540,513.0,0,10,5,0.95
AT00002245,A034,2025-01-27,9.0,8.85,540,531.0,0,0,0,0.983
AT00002246,A034,2025-01-28,9.0,8.93,540,536.0,0,0,0,0.993
AT00002247,A034,2025-01-30,9.0,8.87,540,532.0,0,0,0,0.985
AT00002248,A034,2025-01-31,9.0,0.0,540,0.0,1,0,540,0.0
AT00002249,A034,2025-02-03,9.0,8.9,540,534.0,0,0,0,0.989
AT00002250,A034,2025-02-04,9.0,8.8,540,528.0,0,0,0,0.978
AT00002251,A034,2025-02-05,9.0,8.82,540,529.0,0,0,1,0.98
AT00002252,A034,2025-02-06,9.0,8.9,540,534.0,0,0,0,0.989
AT00002253,A034,2025-02-07,9.0,8.9,540,534.0,0,0,0,0.989
AT00002254,A034,2025-02-10,9.0,8.95,540,537.0,0,0,0,0.994
AT00002255,A034,2025-02-11,9.0,8.73,540,524.0,0,0,0,0.97
AT00002256,A034,2025-02-12,9.0,8.9,540,534.0,0,0,0,0.989
AT00002257,A034,2025-02-13,9.0,8.17,540,490.0,0,15,30,0.907
AT00002258,A034,2025-02-14,9.0,8.92,540,535.0,0,0,0,0.991
AT00002259,A034,2025-02-15,9.0,8.83,540,530.0,0,0,0,0.981
AT00002260,A034,2025-02-17,9.0,8.95,540,537.0,0,0,0,0.994
AT00002261,A034,2025-02-18,9.0,8.82,540,529.0,0,0,0,0.98
AT00002262,A034,2025-02-19,9.0,8.63,540,518.0,0,10,0,0.959
AT00002263,A034,2025-02-20,9.0,8.67,540,520.0,0,0,15,0.963
AT00002264,A034,2025-02-21,9.0,8.88,540,533.0,0,0,5,0.987
AT00002265,A034,2025-02-24,9.0,8.77,540,526.0,0,0,0,0.974
AT00002266,A034,2025-02-25,9.0,8.95,540,537.0,0,0,0,0.994
AT00002267,A034,2025-02-26,9.0,8.8,540,528.0,0,0,0,0.978
AT00002268,A034,2025-02-27,9.0,0.0,540,0.0,1,0,540,0.0
AT00002269,A034,2025-02-28,9.0,8.85,540,531.0,0,0,0,0.983
AT00002270,A034,2025-03-03,9.0,8.7,540,522.0,0,0,15,0.967
AT00002271,A034,2025-03-04,9.0,8.88,540,533.0,0,0,0,0.987
AT00002272,A034,2025-03-05,9.0,8.7,540,522.0,0,15,0,0.967
AT00002273,A034,2025-03-06,9.0,8.82,540,529.0,0,10,0,0.98
AT00002274,A034,2025-03-07,9.0,8.9,540,534.0,0,0,0,0.989
AT00002275,A034,2025-03-10,9.0,8.75,540,525.0,0,0,0,0.972
AT00002276,A034,2025-03-11,9.0,8.92,540,535.0,0,0,0,0.991
AT00002277,A034,2025-03-12,9.0,8.93,540,536.0,0,0,0,0.993
AT00002278,A034,2025-03-13,9.0,8.47,540,508.0,0,0,30,0.941
AT00002279,A034,2025-03-14,9.0,8.88,540,533.0,0,0,0,0.987
AT00002280,A034,2025-03-17,9.0,8.83,540,530.0,0,0,0,0.981
AT00002281,A034,2025-03-18,9.0,8.53,540,512.0,0,0,15,0.948
AT00002282,A034,2025-03-19,9.0,8.93,540,536.0,0,0,0,0.993
AT00002283,A034,2025-03-20,9.0,8.25,540,495.0,0,0,30,0.917
AT00002284,A034,2025-03-21,9.0,8.67,540,520.0,0,10,0,0.963
AT00002285,A034,2025-03-24,9.0,8.82,540,529.0,0,5,0,0.98
AT00002286,A034,2025-03-25,9.0,8.87,540,532.0,0,0,0,0.985
AT00002287,A034,2025-03-26,9.0,8.75,540,525.0,0,0,0,0.972
AT00002288,A034,2025-03-28,9.0,8.82,540,529.0,0,0,0,0.98
AT00002289,A034,2025-03-31,9.0,8.68,540,521.0,0,0,10,0.965
AT00002290,A035,2025-01-02,9.0,8.82,540,529.0,0,0,0,0.98
AT00002291,A035,2025-01-03,9.0,8.92,540,535.0,0,0,0,0.991
AT00002292,A035,2025-01-06,9.0,8.88,540,533.0,0,0,0,0.987
AT00002293,A035,2025-01-07,9.0,8.88,540,533.0,0,0,0,0.987
AT00002294,A035,2025-01-08,9.0,8.85,540,531.0,0,0,0,0.983
AT00002295,A035,2025-01-09,9.0,8.62,540,517.0,0,0,0,0.957
AT00002296,A035,2025-01-10,9.0,8.77,540,526.0,0,0,0,0.974
AT00002297,A035,2025-01-13,9.0,8.87,540,532.0,0,5,0,0.985
AT00002298,A035,2025-01-14,9.0,8.9,540,534.0,0,0,0,0.989
AT00002299,A035,2025-01-15,9.0,8.87,540,532.0,0,0,0,0.985
AT00002300,A035,2025-01-16,9.0,8.7,540,522.0,0,5,0,0.967
AT00002301,A035,2025-01-17,9.0,8.95,540,537.0,0,0,0,0.994
AT00002302,A035,2025-01-20,9.0,8.73,540,524.0,0,0,0,0.97
AT00002303,A035,2025-01-21,9.0,8.47,540,508.0,0,0,30,0.941
AT00002304,A035,2025-01-23,9.0,8.85,540,531.0,0,0,0,0.983
AT00002305,A035,2025-01-24,9.0,8.93,540,536.0,0,0,0,0.993
AT00002306,A035,2025-01-27,9.0,8.82,540,529.0,0,0,0,0.98
AT00002307,A035,2025-01-28,9.0,8.77,540,526.0,0,0,0,0.974
AT00002308,A035,2025-01-29,9.0,8.72,540,523.0,0,0,0,0.969
AT00002309,A035,2025-01-30,9.0,8.83,540,530.0,0,0,0,0.981
AT00002310,A035,2025-01-31,9.0,0.0,540,0.0,1,0,540,0.0
AT00002311,A035,2025-02-03,9.0,8.95,540,537.0,0,0,0,0.994
AT00002312,A035,2025-02-04,9.0,8.87,540,532.0,0,0,0,0.985
AT00002313,A035,2025-02-05,9.0,8.98,540,539.0,0,0,0,0.998
AT00002314,A035,2025-02-06,9.0,8.63,540,518.0,0,15,0,0.959
AT00002315,A035,2025-02-07,9.0,8.8,540,528.0,0,0,0,0.978
AT00002316,A035,2025-02-10,9.0,8.9,540,534.0,0,0,0,0.989
AT00002317,A035,2025-02-12,9.0,8.82,540,529.0,0,0,0,0.98
AT00002318,A035,2025-02-13,9.0,8.87,540,532.0,0,0,0,0.985
AT00002319,A035,2025-02-14,9.0,8.97,540,538.0,0,0,0,0.996
AT00002320,A035,2025-02-17,9.0,8.75,540,525.0,0,0,5,0.972
AT00002321,A035,2025-02-18,9.0,8.87,540,532.0,0,0,0,0.985
AT00002322,A035,2025-02-19,9.0,8.95,540,537.0,0,0,0,0.994
AT00002323,A035,2025-02-20,9.0,8.9,540,534.0,0,0,0,0.989
AT00002324,A035,2025-02-21,9.0,8.9,540,534.0,0,0,0,0.989
AT00002325,A035,2025-02-24,9.0,8.82,540,529.0,0,0,0,0.98
AT00002326,A035,2025-02-25,9.0,8.97,540,538.0,0,0,0,0.996
AT00002327,A035,2025-02-26,9.0,8.45,540,507.0,0,30,0,0.939
AT00002328,A035,2025-02-27,9.0,8.87,540,532.0,0,0,0,0.985
AT00002329,A035,2025-02-28,9.0,8.58,540,515.0,0,5,5,0.954
AT00002330,A035,2025-03-03,9.0,8.9,540,534.0,0,0,0,0.989
AT00002331,A035,2025-03-04,9.0,8.87,540,532.0,0,0,0,0.985
AT00002332,A035,2025-03-05,9.0,8.8,540,528.0,0,0,0,0.978
AT00002333,A035,2025-03-06,9.0,8.85,540,531.0,0,0,0,0.983
AT00002334,A035,2025-03-07,9.0,8.8,540,528.0,0,0,1,0.978
AT00002335,A035,2025-03-08,9.0,8.85,540,531.0,0,0,0,0.983
AT00002336,A035,2025-03-09,9.0,8.85,540,531.0,0,0,0,0.983
AT00002337,A035,2025-03-10,9.0,8.68,540,521.0,0,0,5,0.965
AT00002338,A035,2025-03-11,9.0,8.7,540,522.0,0,0,0,0.967
AT00002339,A035,2025-03-12,9.0,8.78,540,527.0,0,0,5,0.976
AT00002340,A035,2025-03-13,9.0,8.82,540,529.0,0,0,0,0.98
AT00002341,A035,2025-03-14,9.0,8.87,540,532.0,0,0,5,0.985
AT00002342,A035,2025-03-17,9.0,8.38,540,503.0,0,0,30,0.931
AT00002343,A035,2025-03-18,9.0,8.78,540,527.0,0,0,0,0.976
AT00002344,A035,2025-03-19,9.0,8.83,540,530.0,0,5,0,0.981
AT00002345,A035,2025-03-20,9.0,8.93,540,536.0,0,0,0,0.993
AT00002346,A035,2025-03-21,9.0,8.88,540,533.0,0,0,0,0.987
AT00002347,A035,2025-03-24,9.0,8.82,540,529.0,0,0,0,0.98
AT00002348,A035,2025-03-25,9.0,8.88,540,533.0,0,0,0,0.987
AT00002349,A035,2025-03-26,9.0,8.92,540,535.0,0,0,0,0.991
AT00002350,A035,2025-03-27,9.0,8.85,540,531.0,0,0,5,0.983
AT00002351,A035,2025-03-28,9.0,8.7,540,522.0,0,0,0,0.967
AT00002352,A035,2025-03-31,9.0,8.87,540,532.0,0,0,0,0.985
AT00002353,A036,2025-01-01,9.0,8.88,540,533.0,0,0,0,0.987
AT00002354,A036,2025-01-02,9.0,8.98,540,539.0,0,0,0,0.998
AT00002355,A036,2025-01-03,9.0,8.87,540,532.0,0,0,0,0.985
AT00002356,A036,2025-01-06,9.0,8.87,540,532.0,0,0,0,0.985
AT00002357,A036,2025-01-07,9.0,8.72,540,523.0,0,0,10,0.969
AT00002358,A036,2025-01-08,9.0,8.9,540,534.0,0,0,0,0.989
AT00002359,A036,2025-01-09,9.0,8.87,540,532.0,0,0,0,0.985
AT00002360,A036,2025-01-10,9.0,8.8,540,528.0,0,0,0,0.978
AT00002361,A036,2025-01-13,9.0,8.82,540,529.0,0,0,0,0.98
AT00002362,A036,2025-01-14,9.0,8.83,540,530.0,0,0,0,0.981
AT00002363,A036,2025-01-15,9.0,8.87,540,532.0,0,0,0,0.985
AT00002364,A036,2025-01-16,9.0,8.97,540,538.0,0,0,0,0.996
AT00002365,A036,2025-01-20,9.0,8.82,540,529.0,0,0,0,0.98
AT00002366,A036,2025-01-21,9.0,8.88,540,533.0,0,0,0,0.987
AT00002367,A036,2025-01-22,9.0,8.83,540,530.0,0,0,0,0.981
AT00002368,A036,2025-01-23,9.0,8.83,540,530.0,0,0,0,0.981
AT00002369,A036,2025-01-24,9.0,8.78,540,527.0,0,5,0,0.976
AT00002370,A036,2025-01-27,9.0,8.73,540,524.0,0,5,0,0.97
AT00002371,A036,2025-01-28,9.0,8.87,540,532.0,0,5,0,0.985
AT00002372,A036,2025-01-29,9.0,8.17,540,490.0,0,15,30,0.907
AT00002373,A036,2025-01-30,9.0,8.82,540,529.0,0,0,0,0.98
AT00002374,A036,2025-01-31,9.0,8.98,540,539.0,0,0,0,0.998
AT00002375,A036,2025-02-03,9.0,8.6,540,516.0,0,15,0,0.956
AT00002376,A036,2025-02-04,9.0,8.68,540,521.0,0,5,0,0.965
AT00002377,A036,2025-02-05,9.0,8.85,540,531.0,0,0,0,0.983
AT00002378,A036,2025-02-06,9.0,0.0,540,0.0,1,0,540,0.0
AT00002379,A036,2025-02-07,9.0,8.93,540,536.0,0,0,0,0.993
AT00002380,A036,2025-02-10,9.0,8.65,540,519.0,0,0,15,0.961
AT00002381,A036,2025-02-11,9.0,8.77,540,526.0,0,0,0,0.974
AT00002382,A036,2025-02-12,9.0,8.83,540,530.0,0,0,0,0.981
AT00002383,A036,2025-02-13,9.0,8.88,540,533.0,0,0,0,0.987
AT00002384,A036,2025-02-14,9.0,8.62,540,517.0,0,0,15,0.957
AT00002385,A036,2025-02-17,9.0,8.95,540,537.0,0,0,0,0.994
AT00002386,A036,2025-02-18,9.0,8.88,540,533.0,0,0,0,0.987
AT00002387,A036,2025-02-19,9.0,8.75,540,525.0,0,0,0,0.972
AT00002388,A036,2025-02-20,9.0,8.88,540,533.0,0,0,0,0.987
AT00002389,A036,2025-02-21,9.0,8.87,540,532.0,0,0,0,0.985
AT00002390,A036,2025-02-23,9.0,8.88,540,533.0,0,0,0,0.987
AT00002391,A036,2025-02-24,9.0,8.77,540,526.0,0,0,0,0.974
AT00002392,A036,2025-02-25,9.0,8.8,540,528.0,0,0,1,0.978
AT00002393,A036,2025-02-26,9.0,8.78,540,527.0,0,0,0,0.976
AT00002394,A036,2025-02-27,9.0,8.87,540,532.0,0,0,0,0.985
AT00002395,A036,2025-02-28,9.0,8.8,540,528.0,0,0,0,0.978
AT00002396,A036,2025-03-03,9.0,8.58,540,515.0,0,10,0,0.954
AT00002397,A036,2025-03-04,9.0,8.83,540,530.0,0,5,0,0.981
AT00002398,A036,2025-03-05,9.0,8.8,540,528.0,0,0,0,0.978
AT00002399,A036,2025-03-06,9.0,8.82,540,529.0,0,0,0,0.98
AT00002400,A036,2025-03-07,9.0,8.85,540,531.0,0,0,0,0.983
AT00002401,A036,2025-03-10,9.0,8.95,540,537.0,0,0,0,0.994
AT00002402,A036,2025-03-11,9.0,8.73,540,524.0,0,5,0,0.97
AT00002403,A036,2025-03-12,9.0,8.88,540,533.0,0,0,0,0.987
AT00002404,A036,2025-03-13,9.0,8.7,540,522.0,0,0,0,0.967
AT00002405,A036,2025-03-14,9.0,8.75,540,525.0,0,5,0,0.972
AT00002406,A036,2025-03-17,9.0,8.87,540,532.0,0,0,0,0.985
AT00002407,A036,2025-03-18,9.0,8.85,540,531.0,0,5,0,0.983
AT00002408,A036,2025-03-19,9.0,8.47,540,508.0,0,30,0,0.941
AT00002409,A036,2025-03-20,9.0,8.82,540,529.0,0,0,0,0.98
AT00002410,A036,2025-03-21,9.0,8.97,540,538.0,0,0,0,0.996
AT00002411,A036,2025-03-24,9.0,8.98,540,539.0,0,0,0,0.998
AT00002412,A036,2025-03-25,9.0,8.85,540,531.0,0,0,0,0.983
AT00002413,A036,2025-03-26,9.0,8.45,540,507.0,0,0,30,0.939
AT00002414,A036,2025-03-27,9.0,8.8,540,528.0,0,0,0,0.978
AT00002415,A036,2025-03-28,9.0,8.83,540,530.0,0,0,0,0.981
AT00002416,A036,2025-03-31,9.0,8.83,540,530.0,0,0,0,0.981
AT00002417,A037,2025-01-01,9.0,8.88,540,533.0,0,0,0,0.987
AT00002418,A037,2025-01-02,9.0,8.98,540,539.0,0,0,0,0.998
AT00002419,A037,2025-01-03,9.0,8.78,540,527.0,0,0,0,0.976
AT00002420,A037,2025-01-06,9.0,8.9,540,534.0,0,0,0,0.989
AT00002421,A037,2025-01-07,9.0,8.82,540,529.0,0,0,0,0.98
AT00002422,A037,2025-01-08,9.0,8.92,540,535.0,0,0,0,0.991
AT00002423,A037,2025-01-09,9.0,8.95,540,537.0,0,0,0,0.994
AT00002424,A037,2025-01-10,9.0,8.78,540,527.0,0,0,0,0.976
AT00002425,A037,2025-01-13,9.0,8.45,540,507.0,0,0,30,0.939
AT00002426,A037,2025-01-14,9.0,8.98,540,539.0,0,0,0,0.998
AT00002427,A037,2025-01-15,9.0,8.82,540,529.0,0,0,0,0.98
AT00002428,A037,2025-01-16,9.0,8.98,540,539.0,0,0,0,0.998
AT00002429,A037,2025-01-17,9.0,8.92,540,535.0,0,0,0,0.991
AT00002430,A037,2025-01-18,9.0,8.6,540,516.0,0,15,0,0.956
AT00002431,A037,2025-01-20,9.0,8.83,540,530.0,0,0,0,0.981
AT00002432,A037,2025-01-21,9.0,8.83,540,530.0,0,0,0,0.981
AT00002433,A037,2025-01-22,9.0,8.83,540,530.0,0,5,0,0.981
AT00002434,A037,2025-01-23,9.0,8.8,540,528.0,0,0,0,0.978
AT00002435,A037,2025-01-24,9.0,8.77,540,526.0,0,10,0,0.974
AT00002436,A037,2025-01-27,9.0,8.37,540,502.0,0,5,30,0.93
AT00002437,A037,2025-01-28,9.0,8.85,540,531.0,0,0,0,0.983
AT00002438,A037,2025-01-29,9.0,0.0,540,0.0,1,0,540,0.0
AT00002439,A037,2025-01-30,9.0,8.88,540,533.0,0,0,0,0.987
AT00002440,A037,2025-01-31,9.0,0.0,540,0.0,1,0,540,0.0
AT00002441,A037,2025-02-03,9.0,9.0,540,540.0,0,0,0,1.0
AT00002442,A037,2025-02-04,9.0,8.35,540,501.0,0,10,15,0.928
AT00002443,A037,2025-02-05,9.0,8.9,540,534.0,0,0,0,0.989
AT00002444,A037,2025-02-06,9.0,8.73,540,524.0,0,0,5,0.97
AT00002445,A037,2025-02-07,9.0,8.87,540,532.0,0,5,0,0.985
AT00002446,A037,2025-02-10,9.0,8.95,540,537.0,0,0,0,0.994
AT00002447,A037,2025-02-11,9.0,8.85,540,531.0,0,0,0,0.983
AT00002448,A037,2025-02-12,9.0,8.85,540,531.0,0,0,0,0.983
AT00002449,A037,2025-02-13,9.0,8.97,540,538.0,0,0,0,0.996
AT00002450,A037,2025-02-14,9.0,8.3,540,498.0,0,30,0,0.922
AT00002451,A037,2025-02-17,9.0,8.9,540,534.0,0,0,0,0.989
AT00002452,A037,2025-02-18,9.0,8.87,540,532.0,0,0,0,0.985
AT00002453,A037,2025-02-19,9.0,8.98,540,539.0,0,0,0,0.998
AT00002454,A037,2025-02-20,9.0,8.92,540,535.0,0,0,0,0.991
AT00002455,A037,2025-02-21,9.0,8.87,540,532.0,0,0,0,0.985
AT00002456,A037,2025-02-23,9.0,8.85,540,531.0,0,0,0,0.983
AT00002457,A037,2025-02-25,9.0,8.9,540,534.0,0,0,0,0.989
AT00002458,A037,2025-02-26,9.0,8.93,540,536.0,0,0,0,0.993
AT00002459,A037,2025-02-27,9.0,8.85,540,531.0,0,0,0,0.983
AT00002460,A037,2025-02-28,9.0,8.82,540,529.0,0,0,0,0.98
AT00002461,A037,2025-03-03,9.0,8.82,540,529.0,0,0,0,0.98
AT00002462,A037,2025-03-04,9.0,8.78,540,527.0,0,0,0,0.976
AT00002463,A037,2025-03-05,9.0,8.72,540,523.0,0,5,0,0.969
AT00002464,A037,2025-03-06,9.0,8.67,540,520.0,0,15,0,0.963
AT00002465,A037,2025-03-07,9.0,8.85,540,531.0,0,0,0,0.983
AT00002466,A037,2025-03-08,9.0,0.0,540,0.0,1,0,540,0.0
AT00002467,A037,2025-03-10,9.0,8.85,540,531.0,0,5,0,0.983
AT00002468,A037,2025-03-11,9.0,8.8,540,528.0,0,0,0,0.978
AT00002469,A037,2025-03-12,9.0,8.73,540,524.0,0,0,0,0.97
AT00002470,A037,2025-03-13,9.0,8.88,540,533.0,0,0,0,0.987
AT00002471,A037,2025-03-14,9.0,8.87,540,532.0,0,0,0,0.985
AT00002472,A037,2025-03-17,9.0,8.97,540,538.0,0,0,0,0.996
AT00002473,A037,2025-03-18,9.0,8.92,540,535.0,0,0,0,0.991
AT00002474,A037,2025-03-19,9.0,8.9,540,534.0,0,0,0,0.989
AT00002475,A037,2025-03-20,9.0,8.92,540,535.0,0,0,5,0.991
AT00002476,A037,2025-03-21,9.0,8.85,540,531.0,0,0,0,0.983
AT00002477,A037,2025-03-24,9.0,8.73,540,524.0,0,0,0,0.97
AT00002478,A037,2025-03-25,9.0,8.82,540,529.0,0,5,0,0.98
AT00002479,A037,2025-03-26,9.0,8.95,540,537.0,0,0,0,0.994
AT00002480,A037,2025-03-27,9.0,8.82,540,529.0,0,0,0,0.98
AT00002481,A037,2025-03-28,9.0,8.78,540,527.0,0,0,0,0.976
AT00002482,A037,2025-03-29,9.0,8.83,540,530.0,0,0,0,0.981
AT00002483,A037,2025-03-30,9.0,8.9,540,534.0,0,0,0,0.989
AT00002484,A037,2025-03-31,9.0,8.83,540,530.0,0,0,5,0.981
AT00002485,A038,2025-01-01,9.0,8.87,540,532.0,0,0,0,0.985
AT00002486,A038,2025-01-02,9.0,8.97,540,538.0,0,0,0,0.996
AT00002487,A038,2025-01-03,9.0,8.72,540,523.0,0,15,0,0.969
AT00002488,A038,2025-01-06,9.0,8.28,540,497.0,0,0,30,0.92
AT00002489,A038,2025-01-07,9.0,8.78,540,527.0,0,0,0,0.976
AT00002490,A038,2025-01-08,9.0,8.83,540,530.0,0,0,0,0.981
AT00002491,A038,2025-01-09,9.0,8.73,540,524.0,0,5,0,0.97
AT00002492,A038,2025-01-10,9.0,8.97,540,538.0,0,0,0,0.996
AT00002493,A038,2025-01-11,9.0,8.85,540,531.0,0,0,0,0.983
AT00002494,A038,2025-01-12,9.0,8.77,540,526.0,0,0,0,0.974
AT00002495,A038,2025-01-13,9.0,8.87,540,532.0,0,0,0,0.985
AT00002496,A038,2025-01-14,9.0,8.88,540,533.0,0,0,0,0.987
AT00002497,A038,2025-01-15,9.0,8.78,540,527.0,0,0,0,0.976
AT00002498,A038,2025-01-16,9.0,0.0,540,0.0,1,0,540,0.0
AT00002499,A038,2025-01-17,9.0,8.8,540,528.0,0,0,0,0.978
AT00002500,A038,2025-01-20,9.0,8.78,540,527.0,0,5,0,0.976
AT00002501,A038,2025-01-21,9.0,0.0,540,0.0,1,0,540,0.0
AT00002502,A038,2025-01-22,9.0,8.88,540,533.0,0,0,0,0.987
AT00002503,A038,2025-01-24,9.0,8.65,540,519.0,0,15,0,0.961
AT00002504,A038,2025-01-25,9.0,8.67,540,520.0,0,0,12,0.963
AT00002505,A038,2025-01-27,9.0,8.83,540,530.0,0,0,0,0.981
AT00002506,A038,2025-01-28,9.0,8.8,540,528.0,0,5,0,0.978
AT00002507,A038,2025-01-29,9.0,8.72,540,523.0,0,0,15,0.969
AT00002508,A038,2025-01-30,9.0,8.95,540,537.0,0,0,0,0.994
AT00002509,A038,2025-01-31,9.0,8.92,540,535.0,0,0,0,0.991
AT00002510,A038,2025-02-03,9.0,8.83,540,530.0,0,0,0,0.981
AT00002511,A038,2025-02-04,9.0,9.0,540,540.0,0,0,0,1.0
AT00002512,A038,2025-02-05,9.0,9.0,540,540.0,0,0,0,1.0
AT00002513,A038,2025-02-06,9.0,8.88,540,533.0,0,0,0,0.987
AT00002514,A038,2025-02-07,9.0,8.83,540,530.0,0,0,0,0.981
AT00002515,A038,2025-02-08,9.0,8.25,540,495.0,0,30,0,0.917
AT00002516,A038,2025-02-10,9.0,8.88,540,533.0,0,0,0,0.987
AT00002517,A038,2025-02-11,9.0,8.85,540,531.0,0,0,0,0.983
AT00002518,A038,2025-02-12,9.0,8.83,540,530.0,0,0,0,0.981
AT00002519,A038,2025-02-13,9.0,8.7,540,522.0,0,0,0,0.967
AT00002520,A038,2025-02-14,9.0,8.88,540,533.0,0,0,0,0.987
AT00002521,A038,2025-02-17,9.0,8.88,540,533.0,0,0,0,0.987
AT00002522,A038,2025-02-18,9.0,8.92,540,535.0,0,0,0,0.991
AT00002523,A038,2025-02-19,9.0,8.88,540,533.0,0,0,0,0.987
AT00002524,A038,2025-02-20,9.0,8.92,540,535.0,0,0,0,0.991
AT00002525,A038,2025-02-21,9.0,8.4,540,504.0,0,30,0,0.933
AT00002526,A038,2025-02-24,9.0,8.88,540,533.0,0,0,0,0.987
AT00002527,A038,2025-02-25,9.0,8.68,540,521.0,0,0,0,0.965
AT00002528,A038,2025-02-26,9.0,8.72,540,523.0,0,0,0,0.969
AT00002529,A038,2025-02-27,9.0,8.9,540,534.0,0,0,0,0.989
AT00002530,A038,2025-02-28,9.0,8.87,540,532.0,0,5,0,0.985
AT00002531,A038,2025-03-03,9.0,8.78,540,527.0,0,0,0,0.976
AT00002532,A038,2025-03-04,9.0,8.92,540,535.0,0,0,0,0.991
AT00002533,A038,2025-03-05,9.0,8.93,540,536.0,0,0,0,0.993
AT00002534,A038,2025-03-06,9.0,8.72,540,523.0,0,10,0,0.969
AT00002535,A038,2025-03-07,9.0,8.9,540,534.0,0,0,0,0.989
AT00002536,A038,2025-03-10,9.0,8.88,540,533.0,0,0,0,0.987
AT00002537,A038,2025-03-11,9.0,8.85,540,531.0,0,0,0,0.983
AT00002538,A038,2025-03-12,9.0,8.9,540,534.0,0,0,0,0.989
AT00002539,A038,2025-03-13,9.0,8.75,540,525.0,0,0,10,0.972
AT00002540,A038,2025-03-14,9.0,8.88,540,533.0,0,0,0,0.987
AT00002541,A038,2025-03-15,9.0,8.8,540,528.0,0,0,0,0.978
AT00002542,A038,2025-03-16,9.0,8.62,540,517.0,0,0,15,0.957
AT00002543,A038,2025-03-17,9.0,8.88,540,533.0,0,0,0,0.987
AT00002544,A038,2025-03-18,9.0,8.82,540,529.0,0,0,0,0.98
AT00002545,A038,2025-03-19,9.0,8.72,540,523.0,0,5,0,0.969
AT00002546,A038,2025-03-20,9.0,8.95,540,537.0,0,0,0,0.994
AT00002547,A038,2025-03-24,9.0,8.95,540,537.0,0,0,0,0.994
AT00002548,A038,2025-03-25,9.0,8.65,540,519.0,0,0,10,0.961
AT00002549,A038,2025-03-26,9.0,8.55,540,513.0,0,5,0,0.95
AT00002550,A038,2025-03-27,9.0,8.68,540,521.0,0,0,0,0.965
AT00002551,A038,2025-03-28,9.0,8.87,540,532.0,0,0,5,0.985
AT00002552,A038,2025-03-31,9.0,8.72,540,523.0,0,5,0,0.969
AT00002553,A039,2025-01-01,9.0,8.78,540,527.0,0,0,5,0.976
AT00002554,A039,2025-01-02,9.0,8.83,540,530.0,0,0,5,0.981
AT00002555,A039,2025-01-03,9.0,8.37,540,502.0,0,0,30,0.93
AT00002556,A039,2025-01-06,9.0,8.68,540,521.0,0,0,0,0.965
AT00002557,A039,2025-01-07,9.0,8.87,540,532.0,0,0,0,0.985
AT00002558,A039,2025-01-08,9.0,8.85,540,531.0,0,5,0,0.983
AT00002559,A039,2025-01-09,9.0,8.85,540,531.0,0,0,0,0.983
AT00002560,A039,2025-01-10,9.0,8.87,540,532.0,0,0,0,0.985
AT00002561,A039,2025-01-13,9.0,8.73,540,524.0,0,5,0,0.97
AT00002562,A039,2025-01-14,9.0,8.9,540,534.0,0,0,0,0.989
AT00002563,A039,2025-01-15,9.0,8.92,540,535.0,0,0,0,0.991
AT00002564,A039,2025-01-16,9.0,8.95,540,537.0,0,0,0,0.994
AT00002565,A039,2025-01-17,9.0,8.85,540,531.0,0,0,0,0.983
AT00002566,A039,2025-01-20,9.0,8.82,540,529.0,0,0,0,0.98
AT00002567,A039,2025-01-21,9.0,8.98,540,539.0,0,0,0,0.998
AT00002568,A039,2025-01-22,9.0,8.9,540,534.0,0,0,0,0.989
AT00002569,A039,2025-01-23,9.0,8.83,540,530.0,0,0,0,0.981
AT00002570,A039,2025-01-24,9.0,8.42,540,505.0,0,0,30,0.935
AT00002571,A039,2025-01-27,9.0,8.9,540,534.0,0,0,0,0.989
AT00002572,A039,2025-01-28,9.0,8.82,540,529.0,0,0,0,0.98
AT00002573,A039,2025-01-29,9.0,8.87,540,532.0,0,0,0,0.985
AT00002574,A039,2025-01-30,9.0,8.82,540,529.0,0,0,0,0.98
AT00002575,A039,2025-01-31,9.0,0.0,540,0.0,1,0,540,0.0
AT00002576,A039,2025-02-03,9.0,8.9,540,534.0,0,0,0,0.989
AT00002577,A039,2025-02-04,9.0,8.93,540,536.0,0,0,0,0.993
AT00002578,A039,2025-02-05,9.0,8.83,540,530.0,0,0,0,0.981
AT00002579,A039,2025-02-06,9.0,8.83,540,530.0,0,0,0,0.981
AT00002580,A039,2025-02-07,9.0,8.67,540,520.0,0,0,15,0.963
AT00002581,A039,2025-02-08,9.0,0.0,540,0.0,1,0,540,0.0
AT00002582,A039,2025-02-09,9.0,8.93,540,536.0,0,0,0,0.993
AT00002583,A039,2025-02-10,9.0,8.72,540,523.0,0,0,0,0.969
AT00002584,A039,2025-02-11,9.0,8.88,540,533.0,0,0,0,0.987
AT00002585,A039,2025-02-12,9.0,8.93,540,536.0,0,0,0,0.993
AT00002586,A039,2025-02-13,9.0,8.85,540,531.0,0,0,0,0.983
AT00002587,A039,2025-02-14,9.0,8.87,540,532.0,0,0,0,0.985
AT00002588,A039,2025-02-16,9.0,8.93,540,536.0,0,0,0,0.993
AT00002589,A039,2025-02-17,9.0,8.93,540,536.0,0,0,0,0.993
AT00002590,A039,2025-02-18,9.0,8.85,540,531.0,0,0,0,0.983
AT00002591,A039,2025-02-20,9.0,8.92,540,535.0,0,0,0,0.991
AT00002592,A039,2025-02-21,9.0,8.88,540,533.0,0,0,0,0.987
AT00002593,A039,2025-02-24,9.0,8.9,540,534.0,0,0,0,0.989
AT00002594,A039,2025-02-25,9.0,8.57,540,514.0,0,15,0,0.952
AT00002595,A039,2025-02-26,9.0,8.82,540,529.0,0,5,0,0.98
AT00002596,A039,2025-02-27,9.0,8.77,540,526.0,0,0,5,0.974
AT00002597,A039,2025-02-28,9.0,8.78,540,527.0,0,0,5,0.976
AT00002598,A039,2025-03-01,9.0,8.53,540,512.0,0,15,0,0.948
AT00002599,A039,2025-03-03,9.0,8.67,540,520.0,0,15,0,0.963
AT00002600,A039,2025-03-04,9.0,8.87,540,532.0,0,5,0,0.985
AT00002601,A039,2025-03-05,9.0,0.0,540,0.0,1,0,540,0.0
AT00002602,A039,2025-03-06,9.0,8.53,540,512.0,0,15,0,0.948
AT00002603,A039,2025-03-07,9.0,8.93,540,536.0,0,0,0,0.993
AT00002604,A039,2025-03-08,9.0,8.8,540,528.0,0,0,0,0.978
AT00002605,A039,2025-03-09,9.0,8.82,540,529.0,0,0,0,0.98
AT00002606,A039,2025-03-10,9.0,8.82,540,529.0,0,0,0,0.98
AT00002607,A039,2025-03-11,9.0,8.9,540,534.0,0,0,0,0.989
AT00002608,A039,2025-03-12,9.0,8.87,540,532.0,0,0,0,0.985
AT00002609,A039,2025-03-13,9.0,8.9,540,534.0,0,0,0,0.989
AT00002610,A039,2025-03-14,9.0,8.8,540,528.0,0,0,0,0.978
AT00002611,A039,2025-03-15,9.0,8.82,540,529.0,0,0,0,0.98
AT00002612,A039,2025-03-17,9.0,8.68,540,521.0,0,10,0,0.965
AT00002613,A039,2025-03-18,9.0,8.55,540,513.0,0,10,0,0.95
AT00002614,A039,2025-03-19,9.0,8.9,540,534.0,0,0,0,0.989
AT00002615,A039,2025-03-20,9.0,8.62,540,517.0,0,10,0,0.957
AT00002616,A039,2025-03-21,9.0,8.78,540,527.0,0,0,0,0.976
AT00002617,A039,2025-03-24,9.0,8.77,540,526.0,0,0,5,0.974
AT00002618,A039,2025-03-25,9.0,8.87,540,532.0,0,0,1,0.985
AT00002619,A039,2025-03-26,9.0,8.83,540,530.0,0,0,0,0.981
AT00002620,A039,2025-03-27,9.0,8.45,540,507.0,0,0,30,0.939
AT00002621,A039,2025-03-28,9.0,8.87,540,532.0,0,0,0,0.985
AT00002622,A039,2025-03-31,9.0,8.75,540,525.0,0,0,0,0.972
AT00002623,A040,2025-01-01,9.0,8.8,540,528.0,0,0,0,0.978
AT00002624,A040,2025-01-02,9.0,8.73,540,524.0,0,10,0,0.97
AT00002625,A040,2025-01-03,9.0,8.85,540,531.0,0,0,0,0.983
AT00002626,A040,2025-01-04,9.0,8.87,540,532.0,0,0,0,0.985
AT00002627,A040,2025-01-06,9.0,8.93,540,536.0,0,0,0,0.993
AT00002628,A040,2025-01-07,9.0,8.75,540,525.0,0,0,0,0.972
AT00002629,A040,2025-01-08,9.0,8.4,540,504.0,0,0,30,0.933
AT00002630,A040,2025-01-09,9.0,8.88,540,533.0,0,0,0,0.987
AT00002631,A040,2025-01-10,9.0,8.82,540,529.0,0,0,0,0.98
AT00002632,A040,2025-01-13,9.0,9.0,540,540.0,0,0,0,1.0
AT00002633,A040,2025-01-14,9.0,8.85,540,531.0,0,0,0,0.983
AT00002634,A040,2025-01-15,9.0,8.8,540,528.0,0,0,0,0.978
AT00002635,A040,2025-01-16,9.0,0.0,540,0.0,1,0,540,0.0
AT00002636,A040,2025-01-17,9.0,8.58,540,515.0,0,15,0,0.954
AT00002637,A040,2025-01-18,9.0,8.68,540,521.0,0,0,0,0.965
AT00002638,A040,2025-01-19,9.0,8.82,540,529.0,0,5,0,0.98
AT00002639,A040,2025-01-20,9.0,8.93,540,536.0,0,0,0,0.993
AT00002640,A040,2025-01-21,9.0,8.87,540,532.0,0,0,0,0.985
AT00002641,A040,2025-01-22,9.0,8.75,540,525.0,0,0,0,0.972
AT00002642,A040,2025-01-23,9.0,8.83,540,530.0,0,0,0,0.981
AT00002643,A040,2025-01-24,9.0,8.95,540,537.0,0,0,0,0.994
AT00002644,A040,2025-01-25,9.0,8.88,540,533.0,0,0,0,0.987
AT00002645,A040,2025-01-27,9.0,8.87,540,532.0,0,0,0,0.985
AT00002646,A040,2025-01-28,9.0,8.92,540,535.0,0,0,0,0.991
AT00002647,A040,2025-01-29,9.0,8.88,540,533.0,0,0,0,0.987
AT00002648,A040,2025-01-30,9.0,8.87,540,532.0,0,0,0,0.985
AT00002649,A040,2025-01-31,9.0,8.68,540,521.0,0,5,10,0.965
AT00002650,A040,2025-02-03,9.0,8.87,540,532.0,0,0,0,0.985
AT00002651,A040,2025-02-04,9.0,8.97,540,538.0,0,0,0,0.996
AT00002652,A040,2025-02-05,9.0,8.95,540,537.0,0,0,0,0.994
AT00002653,A040,2025-02-06,9.0,8.93,540,536.0,0,0,0,0.993
AT00002654,A040,2025-02-07,9.0,8.92,540,535.0,0,0,0,0.991
AT00002655,A040,2025-02-11,9.0,8.73,540,524.0,0,0,0,0.97
AT00002656,A040,2025-02-12,9.0,8.97,540,538.0,0,0,0,0.996
AT00002657,A040,2025-02-13,9.0,8.88,540,533.0,0,0,0,0.987
AT00002658,A040,2025-02-14,9.0,8.72,540,523.0,0,10,0,0.969
AT00002659,A040,2025-02-17,9.0,0.0,540,0.0,1,0,540,0.0
AT00002660,A040,2025-02-18,9.0,8.95,540,537.0,0,0,0,0.994
AT00002661,A040,2025-02-19,9.0,0.0,540,0.0,1,0,540,0.0
AT00002662,A040,2025-02-20,9.0,8.97,540,538.0,0,0,0,0.996
AT00002663,A040,2025-02-21,9.0,8.92,540,535.0,0,0,0,0.991
AT00002664,A040,2025-02-24,9.0,0.0,540,0.0,1,0,540,0.0
AT00002665,A040,2025-02-25,9.0,8.95,540,537.0,0,0,0,0.994
AT00002666,A040,2025-02-26,9.0,8.97,540,538.0,0,0,0,0.996
AT00002667,A040,2025-02-27,9.0,8.92,540,535.0,0,0,0,0.991
AT00002668,A040,2025-02-28,9.0,8.92,540,535.0,0,0,0,0.991
AT00002669,A040,2025-03-02,9.0,8.9,540,534.0,0,0,0,0.989
AT00002670,A040,2025-03-03,9.0,8.67,540,520.0,0,0,15,0.963
AT00002671,A040,2025-03-04,9.0,8.42,540,505.0,0,30,0,0.935
AT00002672,A040,2025-03-05,9.0,8.85,540,531.0,0,0,0,0.983
AT00002673,A040,2025-03-10,9.0,8.93,540,536.0,0,0,0,0.993
AT00002674,A040,2025-03-11,9.0,8.93,540,536.0,0,0,0,0.993
AT00002675,A040,2025-03-12,9.0,8.97,540,538.0,0,0,0,0.996
AT00002676,A040,2025-03-13,9.0,8.83,540,530.0,0,0,0,0.981
AT00002677,A040,2025-03-14,9.0,8.78,540,527.0,0,0,0,0.976
AT00002678,A040,2025-03-17,9.0,8.9,540,534.0,0,0,0,0.989
AT00002679,A040,2025-03-18,9.0,8.78,540,527.0,0,0,0,0.976
AT00002680,A040,2025-03-19,9.0,8.97,540,538.0,0,0,0,0.996
AT00002681,A040,2025-03-20,9.0,8.83,540,530.0,0,0,0,0.981
AT00002682,A040,2025-03-21,9.0,8.92,540,535.0,0,0,0,0.991
AT00002683,A040,2025-03-24,9.0,8.92,540,535.0,0,0,0,0.991
AT00002684,A040,2025-03-25,9.0,8.8,540,528.0,0,5,0,0.978
AT00002685,A040,2025-03-26,9.0,8.32,540,499.0,0,30,0,0.924
AT00002686,A040,2025-03-27,9.0,8.87,540,532.0,0,5,0,0.985
AT00002687,A040,2025-03-28,9.0,8.78,540,527.0,0,0,5,0.976
AT00002688,A040,2025-03-31,9.0,8.68,540,521.0,0,0,15,0.965
AT00002689,A041,2025-01-01,9.0,8.68,540,521.0,0,0,0,0.965
AT00002690,A041,2025-01-02,9.0,8.88,540,533.0,0,0,0,0.987
AT00002691,A041,2025-01-03,9.0,8.93,540,536.0,0,0,0,0.993
AT00002692,A041,2025-01-06,9.0,8.88,540,533.0,0,0,0,0.987
AT00002693,A041,2025-01-07,9.0,9.0,540,540.0,0,0,0,1.0
AT00002694,A041,2025-01-08,9.0,8.6,540,516.0,0,0,10,0.956
AT00002695,A041,2025-01-09,9.0,8.92,540,535.0,0,0,0,0.991
AT00002696,A041,2025-01-13,9.0,8.7,540,522.0,0,0,15,0.967
AT00002697,A041,2025-01-14,9.0,8.8,540,528.0,0,0,0,0.978
AT00002698,A041,2025-01-15,9.0,8.7,540,522.0,0,10,0,0.967
AT00002699,A041,2025-01-16,9.0,8.85,540,531.0,0,0,0,0.983
AT00002700,A041,2025-01-17,9.0,8.75,540,525.0,0,10,0,0.972
AT00002701,A041,2025-01-20,9.0,8.92,540,535.0,0,0,0,0.991
AT00002702,A041,2025-01-21,9.0,0.0,540,0.0,1,0,540,0.0
AT00002703,A041,2025-01-22,9.0,8.68,540,521.0,0,5,0,0.965
AT00002704,A041,2025-01-23,9.0,8.63,540,518.0,0,0,15,0.959
AT00002705,A041,2025-01-24,9.0,8.85,540,531.0,0,0,0,0.983
AT00002706,A041,2025-01-27,9.0,8.78,540,527.0,0,0,0,0.976
AT00002707,A041,2025-01-28,9.0,8.75,540,525.0,0,0,5,0.972
AT00002708,A041,2025-01-29,9.0,8.88,540,533.0,0,0,0,0.987
AT00002709,A041,2025-01-30,9.0,8.95,540,537.0,0,0,0,0.994
AT00002710,A041,2025-01-31,9.0,8.92,540,535.0,0,0,0,0.991
AT00002711,A041,2025-02-02,9.0,8.77,540,526.0,0,0,0,0.974
AT00002712,A041,2025-02-03,9.0,8.9,540,534.0,0,0,0,0.989
AT00002713,A041,2025-02-04,9.0,8.47,540,508.0,0,15,0,0.941
AT00002714,A041,2025-02-05,9.0,8.78,540,527.0,0,0,0,0.976
AT00002715,A041,2025-02-06,9.0,8.95,540,537.0,0,0,0,0.994
AT00002716,A041,2025-02-07,9.0,8.88,540,533.0,0,0,0,0.987
AT00002717,A041,2025-02-08,9.0,8.83,540,530.0,0,0,0,0.981
AT00002718,A041,2025-02-10,9.0,8.9,540,534.0,0,0,0,0.989
AT00002719,A041,2025-02-11,9.0,8.62,540,517.0,0,15,0,0.957
AT00002720,A041,2025-02-12,9.0,0.0,540,0.0,1,0,540,0.0
AT00002721,A041,2025-02-13,9.0,8.83,540,530.0,0,0,0,0.981
AT00002722,A041,2025-02-14,9.0,8.97,540,538.0,0,0,0,0.996
AT00002723,A041,2025-02-17,9.0,8.82,540,529.0,0,0,5,0.98
AT00002724,A041,2025-02-19,9.0,8.88,540,533.0,0,0,0,0.987
AT00002725,A041,2025-02-20,9.0,8.82,540,529.0,0,0,0,0.98
AT00002726,A041,2025-02-21,9.0,8.92,540,535.0,0,0,0,0.991
AT00002727,A041,2025-02-22,9.0,8.87,540,532.0,0,5,2,0.985
AT00002728,A041,2025-02-24,9.0,8.92,540,535.0,0,0,0,0.991
AT00002729,A041,2025-02-25,9.0,8.87,540,532.0,0,5,0,0.985
AT00002730,A041,2025-02-26,9.0,8.95,540,537.0,0,0,0,0.994
AT00002731,A041,2025-02-27,9.0,8.97,540,538.0,0,0,0,0.996
AT00002732,A041,2025-02-28,9.0,8.77,540,526.0,0,0,0,0.974
AT00002733,A041,2025-03-03,9.0,8.83,540,530.0,0,0,0,0.981
AT00002734,A041,2025-03-04,9.0,8.82,540,529.0,0,0,0,0.98
AT00002735,A041,2025-03-05,9.0,8.93,540,536.0,0,0,0,0.993
AT00002736,A041,2025-03-06,9.0,8.92,540,535.0,0,0,0,0.991
AT00002737,A041,2025-03-07,9.0,8.68,540,521.0,0,10,0,0.965
AT00002738,A041,2025-03-10,9.0,8.85,540,531.0,0,0,0,0.983
AT00002739,A041,2025-03-11,9.0,8.95,540,537.0,0,0,0,0.994
AT00002740,A041,2025-03-12,9.0,8.68,540,521.0,0,0,15,0.965
AT00002741,A041,2025-03-13,9.0,8.8,540,528.0,0,0,0,0.978
AT00002742,A041,2025-03-14,9.0,8.87,540,532.0,0,5,0,0.985
AT00002743,A041,2025-03-17,9.0,8.82,540,529.0,0,0,0,0.98
AT00002744,A041,2025-03-18,9.0,8.95,540,537.0,0,0,0,0.994
AT00002745,A041,2025-03-19,9.0,8.95,540,537.0,0,0,0,0.994
AT00002746,A041,2025-03-20,9.0,8.73,540,524.0,0,5,0,0.97
AT00002747,A041,2025-03-21,9.0,8.8,540,528.0,0,0,0,0.978
AT00002748,A041,2025-03-24,9.0,8.8,540,528.0,0,0,0,0.978
AT00002749,A041,2025-03-25,9.0,8.93,540,536.0,0,0,0,0.993
AT00002750,A041,2025-03-26,9.0,8.95,540,537.0,0,0,0,0.994
AT00002751,A041,2025-03-27,9.0,8.88,540,533.0,0,0,0,0.987
AT00002752,A041,2025-03-28,9.0,8.7,540,522.0,0,15,0,0.967
AT00002753,A041,2025-03-31,9.0,8.82,540,529.0,0,0,5,0.98
AT00002754,A042,2025-01-01,9.0,8.78,540,527.0,0,0,0,0.976
AT00002755,A042,2025-01-02,9.0,8.65,540,519.0,0,15,0,0.961
AT00002756,A042,2025-01-03,9.0,8.82,540,529.0,0,0,0,0.98
AT00002757,A042,2025-01-06,9.0,8.85,540,531.0,0,0,0,0.983
AT00002758,A042,2025-01-07,9.0,8.27,540,496.0,0,0,30,0.919
AT00002759,A042,2025-01-08,9.0,8.98,540,539.0,0,0,0,0.998
AT00002760,A042,2025-01-09,9.0,8.87,540,532.0,0,0,0,0.985
AT00002761,A042,2025-01-10,9.0,8.73,540,524.0,0,10,0,0.97
AT00002762,A042,2025-01-13,9.0,8.85,540,531.0,0,0,0,0.983
AT00002763,A042,2025-01-14,9.0,8.78,540,527.0,0,0,0,0.976
AT00002764,A042,2025-01-15,9.0,8.88,540,533.0,0,0,0,0.987
AT00002765,A042,2025-01-16,9.0,8.92,540,535.0,0,0,0,0.991
AT00002766,A042,2025-01-17,9.0,8.85,540,531.0,0,0,0,0.983
AT00002767,A042,2025-01-19,9.0,8.95,540,537.0,0,0,0,0.994
AT00002768,A042,2025-01-20,9.0,0.0,540,0.0,1,0,540,0.0
AT00002769,A042,2025-01-21,9.0,8.78,540,527.0,0,0,5,0.976
AT00002770,A042,2025-01-22,9.0,8.88,540,533.0,0,0,0,0.987
AT00002771,A042,2025-01-23,9.0,8.88,540,533.0,0,0,0,0.987
AT00002772,A042,2025-01-24,9.0,8.92,540,535.0,0,0,0,0.991
AT00002773,A042,2025-01-27,9.0,8.45,540,507.0,0,0,30,0.939
AT00002774,A042,2025-01-28,9.0,8.83,540,530.0,0,0,0,0.981
AT00002775,A042,2025-01-29,9.0,8.95,540,537.0,0,0,0,0.994
AT00002776,A042,2025-01-30,9.0,8.95,540,537.0,0,0,0,0.994
AT00002777,A042,2025-01-31,9.0,8.9,540,534.0,0,0,0,0.989
AT00002778,A042,2025-02-01,9.0,8.82,540,529.0,0,0,0,0.98
AT00002779,A042,2025-02-03,9.0,8.82,540,529.0,0,0,0,0.98
AT00002780,A042,2025-02-04,9.0,8.88,540,533.0,0,0,0,0.987
AT00002781,A042,2025-02-05,9.0,8.82,540,529.0,0,0,0,0.98
AT00002782,A042,2025-02-06,9.0,8.93,540,536.0,0,0,0,0.993
AT00002783,A042,2025-02-07,9.0,8.97,540,538.0,0,0,0,0.996
AT00002784,A042,2025-02-10,9.0,8.93,540,536.0,0,0,0,0.993
AT00002785,A042,2025-02-11,9.0,8.97,540,538.0,0,0,0,0.996
AT00002786,A042,2025-02-12,9.0,8.87,540,532.0,0,0,0,0.985
AT00002787,A042,2025-02-13,9.0,8.95,540,537.0,0,0,0,0.994
AT00002788,A042,2025-02-14,9.0,8.85,540,531.0,0,0,0,0.983
AT00002789,A042,2025-02-17,9.0,8.75,540,525.0,0,5,0,0.972
AT00002790,A042,2025-02-18,9.0,8.87,540,532.0,0,0,0,0.985
AT00002791,A042,2025-02-19,9.0,8.8,540,528.0,0,0,10,0.978
AT00002792,A042,2025-02-20,9.0,8.9,540,534.0,0,0,0,0.989
AT00002793,A042,2025-02-21,9.0,8.78,540,527.0,0,0,0,0.976
AT00002794,A042,2025-02-24,9.0,8.95,540,537.0,0,0,0,0.994
AT00002795,A042,2025-02-25,9.0,8.88,540,533.0,0,0,0,0.987
AT00002796,A042,2025-02-26,9.0,8.8,540,528.0,0,0,0,0.978
AT00002797,A042,2025-02-27,9.0,8.97,540,538.0,0,0,0,0.996
AT00002798,A042,2025-02-28,9.0,8.88,540,533.0,0,0,0,0.987
AT00002799,A042,2025-03-02,9.0,8.43,540,506.0,0,0,30,0.937
AT00002800,A042,2025-03-03,9.0,8.85,540,531.0,0,0,3,0.983
AT00002801,A042,2025-03-04,9.0,8.9,540,534.0,0,0,0,0.989
AT00002802,A042,2025-03-05,9.0,8.9,540,534.0,0,0,0,0.989
AT00002803,A042,2025-03-06,9.0,8.92,540,535.0,0,0,0,0.991
AT00002804,A042,2025-03-10,9.0,8.92,540,535.0,0,0,0,0.991
AT00002805,A042,2025-03-11,9.0,8.8,540,528.0,0,0,0,0.978
AT00002806,A042,2025-03-12,9.0,8.83,540,530.0,0,0,0,0.981
AT00002807,A042,2025-03-13,9.0,8.95,540,537.0,0,0,0,0.994
AT00002808,A042,2025-03-14,9.0,8.9,540,534.0,0,0,0,0.989
AT00002809,A042,2025-03-15,9.0,8.85,540,531.0,0,0,0,0.983
AT00002810,A042,2025-03-17,9.0,8.83,540,530.0,0,5,0,0.981
AT00002811,A042,2025-03-18,9.0,8.8,540,528.0,0,0,5,0.978
AT00002812,A042,2025-03-19,9.0,8.9,540,534.0,0,0,0,0.989
AT00002813,A042,2025-03-20,9.0,8.78,540,527.0,0,5,0,0.976
AT00002814,A042,2025-03-21,9.0,8.65,540,519.0,0,15,0,0.961
AT00002815,A042,2025-03-22,9.0,8.83,540,530.0,0,0,0,0.981
AT00002816,A042,2025-03-23,9.0,8.65,540,519.0,0,15,0,0.961
AT00002817,A042,2025-03-24,9.0,8.68,540,521.0,0,10,0,0.965
AT00002818,A042,2025-03-25,9.0,8.95,540,537.0,0,0,0,0.994
AT00002819,A042,2025-03-26,9.0,8.93,540,536.0,0,0,0,0.993
AT00002820,A042,2025-03-27,9.0,8.87,540,532.0,0,0,0,0.985
AT00002821,A042,2025-03-28,9.0,8.95,540,537.0,0,0,0,0.994
AT00002822,A042,2025-03-29,9.0,8.88,540,533.0,0,0,0,0.987
AT00002823,A042,2025-03-31,9.0,8.98,540,539.0,0,0,0,0.998
AT00002824,A043,2025-01-01,9.0,8.8,540,528.0,0,0,0,0.978
AT00002825,A043,2025-01-02,9.0,8.82,540,529.0,0,0,0,0.98
AT00002826,A043,2025-01-03,9.0,8.22,540,493.0,0,30,10,0.913
AT00002827,A043,2025-01-04,9.0,8.9,540,534.0,0,0,0,0.989
AT00002828,A043,2025-01-06,9.0,8.98,540,539.0,0,0,0,0.998
AT00002829,A043,2025-01-07,9.0,8.9,540,534.0,0,0,0,0.989
AT00002830,A043,2025-01-08,9.0,8.83,540,530.0,0,0,0,0.981
AT00002831,A043,2025-01-09,9.0,8.85,540,531.0,0,0,0,0.983
AT00002832,A043,2025-01-10,9.0,8.87,540,532.0,0,0,0,0.985
AT00002833,A043,2025-01-13,9.0,8.83,540,530.0,0,0,0,0.981
AT00002834,A043,2025-01-14,9.0,8.87,540,532.0,0,0,0,0.985
AT00002835,A043,2025-01-15,9.0,8.78,540,527.0,0,0,0,0.976
AT00002836,A043,2025-01-16,9.0,8.95,540,537.0,0,0,0,0.994
AT00002837,A043,2025-01-17,9.0,8.87,540,532.0,0,0,0,0.985
AT00002838,A043,2025-01-20,9.0,8.83,540,530.0,0,5,0,0.981
AT00002839,A043,2025-01-21,9.0,8.78,540,527.0,0,0,0,0.976
AT00002840,A043,2025-01-22,9.0,8.85,540,531.0,0,0,0,0.983
AT00002841,A043,2025-01-23,9.0,8.77,540,526.0,0,5,0,0.974
AT00002842,A043,2025-01-24,9.0,8.63,540,518.0,0,15,0,0.959
AT00002843,A043,2025-01-27,9.0,8.97,540,538.0,0,0,0,0.996
AT00002844,A043,2025-01-28,9.0,8.85,540,531.0,0,0,0,0.983
AT00002845,A043,2025-01-29,9.0,8.93,540,536.0,0,0,0,0.993
AT00002846,A043,2025-01-31,9.0,8.83,540,530.0,0,0,0,0.981
AT00002847,A043,2025-02-01,9.0,8.87,540,532.0,0,0,0,0.985
AT00002848,A043,2025-02-03,9.0,8.75,540,525.0,0,0,5,0.972
AT00002849,A043,2025-02-04,9.0,8.85,540,531.0,0,0,0,0.983
AT00002850,A043,2025-02-06,9.0,8.93,540,536.0,0,0,0,0.993
AT00002851,A043,2025-02-07,9.0,8.85,540,531.0,0,0,0,0.983
AT00002852,A043,2025-02-11,9.0,8.93,540,536.0,0,0,0,0.993
AT00002853,A043,2025-02-12,9.0,8.45,540,507.0,0,15,10,0.939
AT00002854,A043,2025-02-13,9.0,8.9,540,534.0,0,0,0,0.989
AT00002855,A043,2025-02-14,9.0,8.92,540,535.0,0,0,0,0.991
AT00002856,A043,2025-02-17,9.0,8.9,540,534.0,0,0,0,0.989
AT00002857,A043,2025-02-18,9.0,8.88,540,533.0,0,0,0,0.987
AT00002858,A043,2025-02-19,9.0,8.77,540,526.0,0,0,0,0.974
AT00002859,A043,2025-02-20,9.0,8.63,540,518.0,0,0,10,0.959
AT00002860,A043,2025-02-21,9.0,8.97,540,538.0,0,0,0,0.996
AT00002861,A043,2025-02-23,9.0,8.8,540,528.0,0,0,0,0.978
AT00002862,A043,2025-02-24,9.0,8.8,540,528.0,0,0,0,0.978
AT00002863,A043,2025-02-25,9.0,8.77,540,526.0,0,0,0,0.974
AT00002864,A043,2025-02-26,9.0,8.88,540,533.0,0,0,0,0.987
AT00002865,A043,2025-02-28,9.0,8.92,540,535.0,0,0,0,0.991
AT00002866,A043,2025-03-02,9.0,0.0,540,0.0,1,0,540,0.0
AT00002867,A043,2025-03-04,9.0,8.83,540,530.0,0,0,0,0.981
AT00002868,A043,2025-03-06,9.0,8.83,540,530.0,0,10,0,0.981
AT00002869,A043,2025-03-07,9.0,8.58,540,515.0,0,15,3,0.954
AT00002870,A043,2025-03-10,9.0,8.95,540,537.0,0,0,0,0.994
AT00002871,A043,2025-03-11,9.0,8.8,540,528.0,0,0,0,0.978
AT00002872,A043,2025-03-12,9.0,8.7,540,522.0,0,0,12,0.967
AT00002873,A043,2025-03-13,9.0,8.9,540,534.0,0,0,0,0.989
AT00002874,A043,2025-03-15,9.0,8.82,540,529.0,0,0,0,0.98
AT00002875,A043,2025-03-17,9.0,8.77,540,526.0,0,0,10,0.974
AT00002876,A043,2025-03-18,9.0,8.57,540,514.0,0,0,15,0.952
AT00002877,A043,2025-03-19,9.0,8.87,540,532.0,0,0,0,0.985
AT00002878,A043,2025-03-20,9.0,8.82,540,529.0,0,0,0,0.98
AT00002879,A043,2025-03-21,9.0,8.9,540,534.0,0,0,0,0.989
AT00002880,A043,2025-03-24,9.0,8.7,540,522.0,0,5,0,0.967
AT00002881,A043,2025-03-26,9.0,8.9,540,534.0,0,0,0,0.989
AT00002882,A043,2025-03-27,9.0,8.83,540,530.0,0,0,0,0.981
AT00002883,A043,2025-03-28,9.0,8.85,540,531.0,0,0,0,0.983
AT00002884,A043,2025-03-31,9.0,8.87,540,532.0,0,0,0,0.985
AT00002885,A044,2025-01-01,9.0,8.87,540,532.0,0,0,0,0.985
AT00002886,A044,2025-01-02,9.0,8.95,540,537.0,0,0,0,0.994
AT00002887,A044,2025-01-03,9.0,8.38,540,503.0,0,30,0,0.931
AT00002888,A044,2025-01-06,9.0,8.92,540,535.0,0,0,0,0.991
AT00002889,A044,2025-01-07,9.0,8.65,540,519.0,0,10,0,0.961
AT00002890,A044,2025-01-08,9.0,8.7,540,522.0,0,10,0,0.967
AT00002891,A044,2025-01-09,9.0,0.0,540,0.0,1,0,540,0.0
AT00002892,A044,2025-01-10,9.0,8.88,540,533.0,0,0,0,0.987
AT00002893,A044,2025-01-13,9.0,8.87,540,532.0,0,0,5,0.985
AT00002894,A044,2025-01-14,9.0,8.88,540,533.0,0,0,0,0.987
AT00002895,A044,2025-01-15,9.0,8.98,540,539.0,0,0,0,0.998
AT00002896,A044,2025-01-16,9.0,8.9,540,534.0,0,0,0,0.989
AT00002897,A044,2025-01-17,9.0,8.97,540,538.0,0,0,0,0.996
AT00002898,A044,2025-01-18,9.0,8.5,540,510.0,0,0,15,0.944
AT00002899,A044,2025-01-20,9.0,8.95,540,537.0,0,0,0,0.994
AT00002900,A044,2025-01-21,9.0,8.62,540,517.0,0,10,5,0.957
AT00002901,A044,2025-01-22,9.0,8.92,540,535.0,0,0,0,0.991
AT00002902,A044,2025-01-23,9.0,8.82,540,529.0,0,5,0,0.98
AT00002903,A044,2025-01-24,9.0,8.85,540,531.0,0,0,0,0.983
AT00002904,A044,2025-01-25,9.0,8.87,540,532.0,0,0,0,0.985
AT00002905,A044,2025-01-27,9.0,8.97,540,538.0,0,0,0,0.996
AT00002906,A044,2025-01-28,9.0,8.92,540,535.0,0,0,0,0.991
AT00002907,A044,2025-01-29,9.0,8.8,540,528.0,0,0,3,0.978
AT00002908,A044,2025-01-30,9.0,8.85,540,531.0,0,0,0,0.983
AT00002909,A044,2025-02-02,9.0,8.92,540,535.0,0,0,0,0.991
AT00002910,A044,2025-02-03,9.0,8.85,540,531.0,0,0,0,0.983
AT00002911,A044,2025-02-04,9.0,8.85,540,531.0,0,0,0,0.983
AT00002912,A044,2025-02-05,9.0,8.82,540,529.0,0,0,0,0.98
AT00002913,A044,2025-02-06,9.0,8.92,540,535.0,0,0,0,0.991
AT00002914,A044,2025-02-07,9.0,8.92,540,535.0,0,0,0,0.991
AT00002915,A044,2025-02-08,9.0,8.92,540,535.0,0,0,0,0.991
AT00002916,A044,2025-02-10,9.0,8.68,540,521.0,0,15,0,0.965
AT00002917,A044,2025-02-11,9.0,8.8,540,528.0,0,0,0,0.978
AT00002918,A044,2025-02-12,9.0,8.83,540,530.0,0,0,0,0.981
AT00002919,A044,2025-02-13,9.0,8.92,540,535.0,0,5,0,0.991
AT00002920,A044,2025-02-14,9.0,9.0,540,540.0,0,0,0,1.0
AT00002921,A044,2025-02-17,9.0,8.33,540,500.0,0,30,0,0.926
AT00002922,A044,2025-02-18,9.0,8.92,540,535.0,0,0,0,0.991
AT00002923,A044,2025-02-19,9.0,8.95,540,537.0,0,0,0,0.994
AT00002924,A044,2025-02-20,9.0,8.73,540,524.0,0,5,0,0.97
AT00002925,A044,2025-02-21,9.0,8.92,540,535.0,0,0,0,0.991
AT00002926,A044,2025-02-24,9.0,8.8,540,528.0,0,5,0,0.978
AT00002927,A044,2025-02-25,9.0,8.8,540,528.0,0,0,0,0.978
AT00002928,A044,2025-02-27,9.0,8.65,540,519.0,0,0,15,0.961
AT00002929,A044,2025-02-28,9.0,8.83,540,530.0,0,0,0,0.981
AT00002930,A044,2025-03-03,9.0,8.87,540,532.0,0,0,0,0.985
AT00002931,A044,2025-03-04,9.0,8.88,540,533.0,0,0,0,0.987
AT00002932,A044,2025-03-05,9.0,8.87,540,532.0,0,0,0,0.985
AT00002933,A044,2025-03-06,9.0,8.8,540,528.0,0,0,0,0.978
AT00002934,A044,2025-03-07,9.0,8.95,540,537.0,0,0,0,0.994
AT00002935,A044,2025-03-10,9.0,8.92,540,535.0,0,0,1,0.991
AT00002936,A044,2025-03-11,9.0,8.93,540,536.0,0,0,0,0.993
AT00002937,A044,2025-03-12,9.0,8.95,540,537.0,0,0,0,0.994
AT00002938,A044,2025-03-13,9.0,8.95,540,537.0,0,0,0,0.994
AT00002939,A044,2025-03-14,9.0,8.57,540,514.0,0,0,15,0.952
AT00002940,A044,2025-03-17,9.0,8.83,540,530.0,0,0,0,0.981
AT00002941,A044,2025-03-19,9.0,8.97,540,538.0,0,0,0,0.996
AT00002942,A044,2025-03-20,9.0,8.85,540,531.0,0,0,0,0.983
AT00002943,A044,2025-03-21,9.0,8.35,540,501.0,0,0,30,0.928
AT00002944,A044,2025-03-22,9.0,0.0,540,0.0,1,0,540,0.0
AT00002945,A044,2025-03-24,9.0,8.9,540,534.0,0,0,0,0.989
AT00002946,A044,2025-03-25,9.0,8.92,540,535.0,0,0,0,0.991
AT00002947,A044,2025-03-26,9.0,8.92,540,535.0,0,0,0,0.991
AT00002948,A044,2025-03-27,9.0,8.77,540,526.0,0,0,0,0.974
AT00002949,A044,2025-03-28,9.0,8.55,540,513.0,0,15,0,0.95
AT00002950,A044,2025-03-31,9.0,8.77,540,526.0,0,0,0,0.974
AT00002951,A045,2025-01-01,9.0,8.77,540,526.0,0,5,0,0.974
AT00002952,A045,2025-01-02,9.0,8.97,540,538.0,0,0,0,0.996
AT00002953,A045,2025-01-03,9.0,8.92,540,535.0,0,0,0,0.991
AT00002954,A045,2025-01-04,9.0,8.87,540,532.0,0,0,0,0.985
AT00002955,A045,2025-01-06,9.0,8.75,540,525.0,0,0,0,0.972
AT00002956,A045,2025-01-07,9.0,8.95,540,537.0,0,0,0,0.994
AT00002957,A045,2025-01-08,9.0,0.0,540,0.0,1,0,540,0.0
AT00002958,A045,2025-01-09,9.0,8.8,540,528.0,0,0,0,0.978
AT00002959,A045,2025-01-10,9.0,0.0,540,0.0,1,0,540,0.0
AT00002960,A045,2025-01-13,9.0,8.8,540,528.0,0,0,0,0.978
AT00002961,A045,2025-01-14,9.0,8.93,540,536.0,0,0,0,0.993
AT00002962,A045,2025-01-15,9.0,0.0,540,0.0,1,0,540,0.0
AT00002963,A045,2025-01-16,9.0,8.88,540,533.0,0,0,0,0.987
AT00002964,A045,2025-01-17,9.0,8.98,540,539.0,0,0,0,0.998
AT00002965,A045,2025-01-18,9.0,8.77,540,526.0,0,5,0,0.974
AT00002966,A045,2025-01-20,9.0,8.82,540,529.0,0,0,0,0.98
AT00002967,A045,2025-01-21,9.0,8.68,540,521.0,0,0,10,0.965
AT00002968,A045,2025-01-22,9.0,8.98,540,539.0,0,0,0,0.998
AT00002969,A045,2025-01-23,9.0,8.82,540,529.0,0,0,5,0.98
AT00002970,A045,2025-01-24,9.0,8.83,540,530.0,0,0,0,0.981
AT00002971,A045,2025-01-26,9.0,8.82,540,529.0,0,0,0,0.98
AT00002972,A045,2025-01-27,9.0,8.82,540,529.0,0,0,0,0.98
AT00002973,A045,2025-01-28,9.0,8.62,540,517.0,0,10,10,0.957
AT00002974,A045,2025-01-29,9.0,0.0,540,0.0,1,0,540,0.0
AT00002975,A045,2025-01-30,9.0,8.88,540,533.0,0,0,0,0.987
AT00002976,A045,2025-01-31,9.0,8.88,540,533.0,0,0,0,0.987
AT00002977,A045,2025-02-01,9.0,8.82,540,529.0,0,0,0,0.98
AT00002978,A045,2025-02-03,9.0,8.7,540,522.0,0,15,0,0.967
AT00002979,A045,2025-02-04,9.0,8.73,540,524.0,0,10,0,0.97
AT00002980,A045,2025-02-05,9.0,8.88,540,533.0,0,0,0,0.987
AT00002981,A045,2025-02-06,9.0,8.87,540,532.0,0,0,0,0.985
AT00002982,A045,2025-02-07,9.0,8.87,540,532.0,0,0,2,0.985
AT00002983,A045,2025-02-10,9.0,8.7,540,522.0,0,0,0,0.967
AT00002984,A045,2025-02-11,9.0,8.92,540,535.0,0,0,0,0.991
AT00002985,A045,2025-02-12,9.0,8.25,540,495.0,0,30,0,0.917
AT00002986,A045,2025-02-13,9.0,8.8,540,528.0,0,0,5,0.978
AT00002987,A045,2025-02-14,9.0,8.9,540,534.0,0,0,0,0.989
AT00002988,A045,2025-02-17,9.0,8.87,540,532.0,0,0,0,0.985
AT00002989,A045,2025-02-18,9.0,8.88,540,533.0,0,0,0,0.987
AT00002990,A045,2025-02-19,9.0,8.5,540,510.0,0,0,15,0.944
AT00002991,A045,2025-02-20,9.0,8.75,540,525.0,0,0,0,0.972
AT00002992,A045,2025-02-21,9.0,8.75,540,525.0,0,0,0,0.972
AT00002993,A045,2025-02-23,9.0,8.77,540,526.0,0,5,0,0.974
AT00002994,A045,2025-02-24,9.0,8.9,540,534.0,0,0,0,0.989
AT00002995,A045,2025-02-25,9.0,8.78,540,527.0,0,0,0,0.976
AT00002996,A045,2025-02-26,9.0,8.8,540,528.0,0,0,0,0.978
AT00002997,A045,2025-02-28,9.0,8.83,540,530.0,0,0,0,0.981
AT00002998,A045,2025-03-03,9.0,8.87,540,532.0,0,0,0,0.985
AT00002999,A045,2025-03-04,9.0,8.92,540,535.0,0,0,0,0.991
AT00003000,A045,2025-03-05,9.0,8.9,540,534.0,0,0,0,0.989
AT00003001,A045,2025-03-06,9.0,8.78,540,527.0,0,5,0,0.976
AT00003002,A045,2025-03-07,9.0,8.68,540,521.0,0,0,0,0.965
AT00003003,A045,2025-03-10,9.0,8.92,540,535.0,0,0,0,0.991
AT00003004,A045,2025-03-11,9.0,8.83,540,530.0,0,0,0,0.981
AT00003005,A045,2025-03-12,9.0,8.97,540,538.0,0,0,0,0.996
AT00003006,A045,2025-03-13,9.0,8.83,540,530.0,0,0,0,0.981
AT00003007,A045,2025-03-17,9.0,8.77,540,526.0,0,0,0,0.974
AT00003008,A045,2025-03-18,9.0,8.85,540,531.0,0,0,0,0.983
AT00003009,A045,2025-03-19,9.0,8.9,540,534.0,0,0,0,0.989
AT00003010,A045,2025-03-20,9.0,8.73,540,524.0,0,0,0,0.97
AT00003011,A045,2025-03-21,9.0,8.95,540,537.0,0,0,0,0.994
AT00003012,A045,2025-03-22,9.0,8.92,540,535.0,0,0,0,0.991
AT00003013,A045,2025-03-23,9.0,8.8,540,528.0,0,0,0,0.978
AT00003014,A045,2025-03-24,9.0,8.72,540,523.0,0,0,0,0.969
AT00003015,A045,2025-03-25,9.0,8.87,540,532.0,0,0,5,0.985
AT00003016,A045,2025-03-26,9.0,8.9,540,534.0,0,0,0,0.989
AT00003017,A045,2025-03-27,9.0,8.73,540,524.0,0,0,0,0.97
AT00003018,A045,2025-03-28,9.0,8.83,540,530.0,0,0,0,0.981
AT00003019,A045,2025-03-31,9.0,8.88,540,533.0,0,0,0,0.987
AT00003020,A046,2025-01-01,9.0,8.32,540,499.0,0,5,30,0.924
AT00003021,A046,2025-01-02,9.0,8.83,540,530.0,0,0,0,0.981
AT00003022,A046,2025-01-03,9.0,0.0,540,0.0,1,0,540,0.0
AT00003023,A046,2025-01-06,9.0,0.0,540,0.0,1,0,540,0.0
AT00003024,A046,2025-01-07,9.0,8.9,540,534.0,0,0,0,0.989
AT00003025,A046,2025-01-08,9.0,8.9,540,534.0,0,0,0,0.989
AT00003026,A046,2025-01-09,9.0,9.0,540,540.0,0,0,0,1.0
AT00003027,A046,2025-01-10,9.0,8.9,540,534.0,0,0,0,0.989
AT00003028,A046,2025-01-13,9.0,8.7,540,522.0,0,0,5,0.967
AT00003029,A046,2025-01-14,9.0,8.73,540,524.0,0,5,0,0.97
AT00003030,A046,2025-01-15,9.0,8.78,540,527.0,0,0,0,0.976
AT00003031,A046,2025-01-16,9.0,8.83,540,530.0,0,0,0,0.981
AT00003032,A046,2025-01-17,9.0,8.98,540,539.0,0,0,0,0.998
AT00003033,A046,2025-01-20,9.0,8.9,540,534.0,0,0,0,0.989
AT00003034,A046,2025-01-22,9.0,8.97,540,538.0,0,0,0,0.996
AT00003035,A046,2025-01-23,9.0,8.73,540,524.0,0,5,0,0.97
AT00003036,A046,2025-01-24,9.0,8.9,540,534.0,0,0,0,0.989
AT00003037,A046,2025-01-27,9.0,8.82,540,529.0,0,0,0,0.98
AT00003038,A046,2025-01-28,9.0,0.0,540,0.0,1,0,540,0.0
AT00003039,A046,2025-01-29,9.0,8.9,540,534.0,0,0,0,0.989
AT00003040,A046,2025-01-30,9.0,8.68,540,521.0,0,0,10,0.965
AT00003041,A046,2025-01-31,9.0,8.57,540,514.0,0,0,15,0.952
AT00003042,A046,2025-02-01,9.0,8.62,540,517.0,0,0,0,0.957
AT00003043,A046,2025-02-03,9.0,8.95,540,537.0,0,0,0,0.994
AT00003044,A046,2025-02-04,9.0,8.87,540,532.0,0,0,0,0.985
AT00003045,A046,2025-02-05,9.0,8.88,540,533.0,0,0,0,0.987
AT00003046,A046,2025-02-06,9.0,8.8,540,528.0,0,0,0,0.978
AT00003047,A046,2025-02-07,9.0,8.9,540,534.0,0,0,0,0.989
AT00003048,A046,2025-02-10,9.0,8.93,540,536.0,0,0,0,0.993
AT00003049,A046,2025-02-11,9.0,8.9,540,534.0,0,0,0,0.989
AT00003050,A046,2025-02-12,9.0,8.9,540,534.0,0,0,0,0.989
AT00003051,A046,2025-02-13,9.0,0.0,540,0.0,1,0,540,0.0
AT00003052,A046,2025-02-14,9.0,8.93,540,536.0,0,0,0,0.993
AT00003053,A046,2025-02-17,9.0,8.73,540,524.0,0,0,10,0.97
AT00003054,A046,2025-02-18,9.0,8.92,540,535.0,0,0,0,0.991
AT00003055,A046,2025-02-19,9.0,8.75,540,525.0,0,0,5,0.972
AT00003056,A046,2025-02-20,9.0,8.93,540,536.0,0,0,0,0.993
AT00003057,A046,2025-02-21,9.0,8.7,540,522.0,0,15,0,0.967
AT00003058,A046,2025-02-22,9.0,8.9,540,534.0,0,0,0,0.989
AT00003059,A046,2025-02-23,9.0,8.82,540,529.0,0,0,0,0.98
AT00003060,A046,2025-02-24,9.0,8.92,540,535.0,0,0,0,0.991
AT00003061,A046,2025-02-25,9.0,8.9,540,534.0,0,0,0,0.989
AT00003062,A046,2025-02-26,9.0,8.85,540,531.0,0,0,0,0.983
AT00003063,A046,2025-02-27,9.0,8.93,540,536.0,0,0,0,0.993
AT00003064,A046,2025-02-28,9.0,8.82,540,529.0,0,5,0,0.98
AT00003065,A046,2025-03-03,9.0,8.57,540,514.0,0,15,0,0.952
AT00003066,A046,2025-03-04,9.0,9.0,540,540.0,0,0,0,1.0
AT00003067,A046,2025-03-05,9.0,9.0,540,540.0,0,0,0,1.0
AT00003068,A046,2025-03-06,9.0,8.83,540,530.0,0,5,0,0.981
AT00003069,A046,2025-03-07,9.0,8.87,540,532.0,0,0,0,0.985
AT00003070,A046,2025-03-10,9.0,8.88,540,533.0,0,0,0,0.987
AT00003071,A046,2025-03-11,9.0,8.63,540,518.0,0,15,0,0.959
AT00003072,A046,2025-03-12,9.0,8.9,540,534.0,0,0,0,0.989
AT00003073,A046,2025-03-13,9.0,8.75,540,525.0,0,0,0,0.972
AT00003074,A046,2025-03-14,9.0,8.8,540,528.0,0,0,0,0.978
AT00003075,A046,2025-03-17,9.0,8.95,540,537.0,0,0,0,0.994
AT00003076,A046,2025-03-18,9.0,8.82,540,529.0,0,0,0,0.98
AT00003077,A046,2025-03-19,9.0,8.8,540,528.0,0,0,0,0.978
AT00003078,A046,2025-03-20,9.0,8.92,540,535.0,0,0,0,0.991
AT00003079,A046,2025-03-21,9.0,8.37,540,502.0,0,0,30,0.93
AT00003080,A046,2025-03-24,9.0,8.95,540,537.0,0,0,1,0.994
AT00003081,A046,2025-03-25,9.0,8.9,540,534.0,0,0,0,0.989
AT00003082,A046,2025-03-26,9.0,8.72,540,523.0,0,0,0,0.969
AT00003083,A046,2025-03-27,9.0,0.0,540,0.0,1,0,540,0.0
AT00003084,A046,2025-03-28,9.0,8.88,540,533.0,0,0,0,0.987
AT00003085,A046,2025-03-31,9.0,8.65,540,519.0,0,15,0,0.961
AT00003086,A047,2025-01-01,9.0,8.9,540,534.0,0,0,0,0.989
AT00003087,A047,2025-01-02,9.0,8.87,540,532.0,0,0,0,0.985
AT00003088,A047,2025-01-03,9.0,8.88,540,533.0,0,5,0,0.987
AT00003089,A047,2025-01-06,9.0,8.85,540,531.0,0,0,0,0.983
AT00003090,A047,2025-01-07,9.0,8.87,540,532.0,0,0,0,0.985
AT00003091,A047,2025-01-08,9.0,8.83,540,530.0,0,0,0,0.981
AT00003092,A047,2025-01-09,9.0,8.88,540,533.0,0,0,2,0.987
AT00003093,A047,2025-01-10,9.0,8.88,540,533.0,0,0,0,0.987
AT00003094,A047,2025-01-13,9.0,8.92,540,535.0,0,0,0,0.991
AT00003095,A047,2025-01-14,9.0,8.73,540,524.0,0,10,0,0.97
AT00003096,A047,2025-01-15,9.0,8.83,540,530.0,0,5,0,0.981
AT00003097,A047,2025-01-16,9.0,8.75,540,525.0,0,10,0,0.972
AT00003098,A047,2025-01-17,9.0,8.97,540,538.0,0,0,0,0.996
AT00003099,A047,2025-01-19,9.0,8.83,540,530.0,0,0,5,0.981
AT00003100,A047,2025-01-20,9.0,8.83,540,530.0,0,0,0,0.981
AT00003101,A047,2025-01-21,9.0,8.72,540,523.0,0,0,0,0.969
AT00003102,A047,2025-01-22,9.0,9.0,540,540.0,0,0,0,1.0
AT00003103,A047,2025-01-23,9.0,8.9,540,534.0,0,0,0,0.989
AT00003104,A047,2025-01-24,9.0,8.9,540,534.0,0,0,0,0.989
AT00003105,A047,2025-01-25,9.0,8.75,540,525.0,0,0,0,0.972
AT00003106,A047,2025-01-26,9.0,8.95,540,537.0,0,0,0,0.994
AT00003107,A047,2025-01-27,9.0,0.0,540,0.0,1,0,540,0.0
AT00003108,A047,2025-01-28,9.0,8.85,540,531.0,0,5,0,0.983
AT00003109,A047,2025-01-29,9.0,8.95,540,537.0,0,0,0,0.994
AT00003110,A047,2025-01-30,9.0,8.87,540,532.0,0,0,0,0.985
AT00003111,A047,2025-01-31,9.0,9.0,540,540.0,0,0,0,1.0
AT00003112,A047,2025-02-03,9.0,8.82,540,529.0,0,0,0,0.98
AT00003113,A047,2025-02-04,9.0,8.92,540,535.0,0,0,0,0.991
AT00003114,A047,2025-02-05,9.0,8.93,540,536.0,0,0,0,0.993
AT00003115,A047,2025-02-06,9.0,0.0,540,0.0,1,0,540,0.0
AT00003116,A047,2025-02-07,9.0,8.97,540,538.0,0,0,0,0.996
AT00003117,A047,2025-02-08,9.0,8.95,540,537.0,0,0,0,0.994
AT00003118,A047,2025-02-10,9.0,8.88,540,533.0,0,0,0,0.987
AT00003119,A047,2025-02-11,9.0,8.87,540,532.0,0,0,0,0.985
AT00003120,A047,2025-02-12,9.0,8.68,540,521.0,0,10,0,0.965
AT00003121,A047,2025-02-13,9.0,8.93,540,536.0,0,0,0,0.993
AT00003122,A047,2025-02-17,9.0,8.8,540,528.0,0,0,0,0.978
AT00003123,A047,2025-02-18,9.0,8.93,540,536.0,0,0,0,0.993
AT00003124,A047,2025-02-19,9.0,8.87,540,532.0,0,0,0,0.985
AT00003125,A047,2025-02-20,9.0,8.72,540,523.0,0,15,0,0.969
AT00003126,A047,2025-02-21,9.0,8.83,540,530.0,0,0,5,0.981
AT00003127,A047,2025-02-24,9.0,8.82,540,529.0,0,0,0,0.98
AT00003128,A047,2025-02-25,9.0,8.58,540,515.0,0,15,0,0.954
AT00003129,A047,2025-02-26,9.0,8.92,540,535.0,0,0,0,0.991
AT00003130,A047,2025-02-27,9.0,8.97,540,538.0,0,0,0,0.996
AT00003131,A047,2025-02-28,9.0,8.87,540,532.0,0,0,0,0.985
AT00003132,A047,2025-03-03,9.0,8.85,540,531.0,0,0,5,0.983
AT00003133,A047,2025-03-04,9.0,8.4,540,504.0,0,30,0,0.933
AT00003134,A047,2025-03-05,9.0,8.8,540,528.0,0,0,0,0.978
AT00003135,A047,2025-03-06,9.0,8.75,540,525.0,0,0,0,0.972
AT00003136,A047,2025-03-07,9.0,8.98,540,539.0,0,0,0,0.998
AT00003137,A047,2025-03-10,9.0,8.75,540,525.0,0,0,10,0.972
AT00003138,A047,2025-03-11,9.0,8.7,540,522.0,0,0,10,0.967
AT00003139,A047,2025-03-12,9.0,8.98,540,539.0,0,0,0,0.998
AT00003140,A047,2025-03-13,9.0,8.92,540,535.0,0,0,0,0.991
AT00003141,A047,2025-03-14,9.0,8.95,540,537.0,0,0,0,0.994
AT00003142,A047,2025-03-15,9.0,8.98,540,539.0,0,0,0,0.998
AT00003143,A047,2025-03-17,9.0,8.77,540,526.0,0,0,0,0.974
AT00003144,A047,2025-03-18,9.0,8.75,540,525.0,0,0,10,0.972
AT00003145,A047,2025-03-19,9.0,8.65,540,519.0,0,5,0,0.961
AT00003146,A047,2025-03-20,9.0,8.92,540,535.0,0,0,0,0.991
AT00003147,A047,2025-03-21,9.0,8.9,540,534.0,0,0,0,0.989
AT00003148,A047,2025-03-22,9.0,8.92,540,535.0,0,0,0,0.991
AT00003149,A047,2025-03-23,9.0,8.92,540,535.0,0,0,0,0.991
AT00003150,A047,2025-03-24,9.0,8.83,540,530.0,0,0,0,0.981
AT00003151,A047,2025-03-25,9.0,8.98,540,539.0,0,0,0,0.998
AT00003152,A047,2025-03-26,9.0,8.45,540,507.0,0,0,30,0.939
AT00003153,A047,2025-03-27,9.0,8.88,540,533.0,0,5,0,0.987
AT00003154,A047,2025-03-28,9.0,8.95,540,537.0,0,0,0,0.994
AT00003155,A047,2025-03-31,9.0,8.87,540,532.0,0,0,0,0.985
AT00003156,A048,2025-01-01,9.0,0.0,540,0.0,1,0,540,0.0
AT00003157,A048,2025-01-02,9.0,8.75,540,525.0,0,5,0,0.972
AT00003158,A048,2025-01-03,9.0,8.8,540,528.0,0,5,0,0.978
AT00003159,A048,2025-01-06,9.0,8.95,540,537.0,0,0,0,0.994
AT00003160,A048,2025-01-07,9.0,8.82,540,529.0,0,0,0,0.98
AT00003161,A048,2025-01-08,9.0,8.92,540,535.0,0,0,0,0.991
AT00003162,A048,2025-01-09,9.0,9.0,540,540.0,0,0,0,1.0
AT00003163,A048,2025-01-10,9.0,8.97,540,538.0,0,0,0,0.996
AT00003164,A048,2025-01-13,9.0,8.87,540,532.0,0,0,0,0.985
AT00003165,A048,2025-01-14,9.0,9.0,540,540.0,0,0,0,1.0
AT00003166,A048,2025-01-15,9.0,8.95,540,537.0,0,0,0,0.994
AT00003167,A048,2025-01-16,9.0,8.78,540,527.0,0,5,0,0.976
AT00003168,A048,2025-01-17,9.0,8.98,540,539.0,0,0,0,0.998
AT00003169,A048,2025-01-20,9.0,8.97,540,538.0,0,0,0,0.996
AT00003170,A048,2025-01-21,9.0,8.75,540,525.0,0,0,0,0.972
AT00003171,A048,2025-01-22,9.0,8.82,540,529.0,0,0,0,0.98
AT00003172,A048,2025-01-23,9.0,8.83,540,530.0,0,0,0,0.981
AT00003173,A048,2025-01-24,9.0,8.87,540,532.0,0,0,0,0.985
AT00003174,A048,2025-01-27,9.0,8.83,540,530.0,0,0,5,0.981
AT00003175,A048,2025-01-28,9.0,8.88,540,533.0,0,0,0,0.987
AT00003176,A048,2025-01-29,9.0,8.92,540,535.0,0,0,0,0.991
AT00003177,A048,2025-01-30,9.0,0.0,540,0.0,1,0,540,0.0
AT00003178,A048,2025-01-31,9.0,8.87,540,532.0,0,0,0,0.985
AT00003179,A048,2025-02-02,9.0,8.7,540,522.0,0,0,10,0.967
AT00003180,A048,2025-02-03,9.0,8.9,540,534.0,0,0,0,0.989
AT00003181,A048,2025-02-04,9.0,8.8,540,528.0,0,0,0,0.978
AT00003182,A048,2025-02-05,9.0,8.88,540,533.0,0,0,0,0.987
AT00003183,A048,2025-02-06,9.0,8.98,540,539.0,0,0,0,0.998
AT00003184,A048,2025-02-07,9.0,8.82,540,529.0,0,5,0,0.98
AT00003185,A048,2025-02-09,9.0,0.0,540,0.0,1,0,540,0.0
AT00003186,A048,2025-02-10,9.0,8.68,540,521.0,0,10,0,0.965
AT00003187,A048,2025-02-11,9.0,8.9,540,534.0,0,0,0,0.989
AT00003188,A048,2025-02-12,9.0,8.83,540,530.0,0,0,0,0.981
AT00003189,A048,2025-02-13,9.0,8.85,540,531.0,0,0,0,0.983
AT00003190,A048,2025-02-14,9.0,0.0,540,0.0,1,0,540,0.0
AT00003191,A048,2025-02-15,9.0,8.83,540,530.0,0,0,5,0.981
AT00003192,A048,2025-02-17,9.0,0.0,540,0.0,1,0,540,0.0
AT00003193,A048,2025-02-18,9.0,8.8,540,528.0,0,5,0,0.978
AT00003194,A048,2025-02-19,9.0,0.0,540,0.0,1,0,540,0.0
AT00003195,A048,2025-02-20,9.0,8.75,540,525.0,0,0,10,0.972
AT00003196,A048,2025-02-21,9.0,8.93,540,536.0,0,0,0,0.993
AT00003197,A048,2025-02-24,9.0,8.95,540,537.0,0,0,0,0.994
AT00003198,A048,2025-02-25,9.0,8.9,540,534.0,0,0,0,0.989
AT00003199,A048,2025-02-26,9.0,8.92,540,535.0,0,0,0,0.991
AT00003200,A048,2025-02-27,9.0,8.83,540,530.0,0,0,0,0.981
AT00003201,A048,2025-02-28,9.0,8.88,540,533.0,0,0,0,0.987
AT00003202,A048,2025-03-03,9.0,8.72,540,523.0,0,0,10,0.969
AT00003203,A048,2025-03-04,9.0,8.85,540,531.0,0,0,0,0.983
AT00003204,A048,2025-03-05,9.0,8.9,540,534.0,0,0,0,0.989
AT00003205,A048,2025-03-06,9.0,8.82,540,529.0,0,0,0,0.98
AT00003206,A048,2025-03-07,9.0,8.88,540,533.0,0,0,0,0.987
AT00003207,A048,2025-03-10,9.0,8.9,540,534.0,0,0,0,0.989
AT00003208,A048,2025-03-11,9.0,8.75,540,525.0,0,10,0,0.972
AT00003209,A048,2025-03-12,9.0,8.95,540,537.0,0,0,0,0.994
AT00003210,A048,2025-03-13,9.0,8.9,540,534.0,0,0,0,0.989
AT00003211,A048,2025-03-14,9.0,8.87,540,532.0,0,0,0,0.985
AT00003212,A048,2025-03-15,9.0,8.7,540,522.0,0,0,10,0.967
AT00003213,A048,2025-03-17,9.0,8.62,540,517.0,0,0,15,0.957
AT00003214,A048,2025-03-18,9.0,8.78,540,527.0,0,0,0,0.976
AT00003215,A048,2025-03-19,9.0,8.93,540,536.0,0,0,0,0.993
AT00003216,A048,2025-03-20,9.0,8.87,540,532.0,0,5,0,0.985
AT00003217,A048,2025-03-21,9.0,8.78,540,527.0,0,0,0,0.976
AT00003218,A048,2025-03-24,9.0,8.53,540,512.0,0,15,0,0.948
AT00003219,A048,2025-03-25,9.0,8.68,540,521.0,0,0,3,0.965
AT00003220,A048,2025-03-26,9.0,8.9,540,534.0,0,0,0,0.989
AT00003221,A048,2025-03-27,9.0,8.88,540,533.0,0,0,0,0.987
AT00003222,A048,2025-03-28,9.0,8.75,540,525.0,0,0,0,0.972
AT00003223,A048,2025-03-31,9.0,0.0,540,0.0,1,0,540,0.0
AT00003224,A049,2025-01-01,9.0,8.85,540,531.0,0,0,0,0.983
AT00003225,A049,2025-01-02,9.0,8.65,540,519.0,0,15,0,0.961
AT00003226,A049,2025-01-03,9.0,8.52,540,511.0,0,15,10,0.946
AT00003227,A049,2025-01-06,9.0,8.63,540,518.0,0,0,15,0.959
AT00003228,A049,2025-01-07,9.0,8.97,540,538.0,0,0,0,0.996
AT00003229,A049,2025-01-08,9.0,8.85,540,531.0,0,0,0,0.983
AT00003230,A049,2025-01-09,9.0,8.88,540,533.0,0,0,0,0.987
AT00003231,A049,2025-01-10,9.0,8.85,540,531.0,0,0,0,0.983
AT00003232,A049,2025-01-13,9.0,8.87,540,532.0,0,0,0,0.985
AT00003233,A049,2025-01-14,9.0,8.7,540,522.0,0,0,0,0.967
AT00003234,A049,2025-01-15,9.0,8.88,540,533.0,0,0,0,0.987
AT00003235,A049,2025-01-16,9.0,8.92,540,535.0,0,0,0,0.991
AT00003236,A049,2025-01-17,9.0,8.78,540,527.0,0,0,0,0.976
AT00003237,A049,2025-01-20,9.0,8.78,540,527.0,0,0,1,0.976
AT00003238,A049,2025-01-21,9.0,8.77,540,526.0,0,0,1,0.974
AT00003239,A049,2025-01-22,9.0,8.87,540,532.0,0,0,0,0.985
AT00003240,A049,2025-01-23,9.0,8.87,540,532.0,0,0,0,0.985
AT00003241,A049,2025-01-24,9.0,8.72,540,523.0,0,5,5,0.969
AT00003242,A049,2025-01-26,9.0,8.75,540,525.0,0,0,10,0.972
AT00003243,A049,2025-01-27,9.0,8.78,540,527.0,0,0,0,0.976
AT00003244,A049,2025-01-28,9.0,8.9,540,534.0,0,0,0,0.989
AT00003245,A049,2025-01-29,9.0,8.98,540,539.0,0,0,0,0.998
AT00003246,A049,2025-01-30,9.0,8.88,540,533.0,0,0,0,0.987
AT00003247,A049,2025-01-31,9.0,8.22,540,493.0,0,5,30,0.913
AT00003248,A049,2025-02-03,9.0,8.92,540,535.0,0,0,0,0.991
AT00003249,A049,2025-02-04,9.0,8.92,540,535.0,0,0,0,0.991
AT00003250,A049,2025-02-05,9.0,8.87,540,532.0,0,0,0,0.985
AT00003251,A049,2025-02-06,9.0,0.0,540,0.0,1,0,540,0.0
AT00003252,A049,2025-02-07,9.0,8.9,540,534.0,0,0,0,0.989
AT00003253,A049,2025-02-10,9.0,8.82,540,529.0,0,0,0,0.98
AT00003254,A049,2025-02-11,9.0,8.9,540,534.0,0,0,0,0.989
AT00003255,A049,2025-02-12,9.0,8.78,540,527.0,0,10,0,0.976
AT00003256,A049,2025-02-13,9.0,8.85,540,531.0,0,0,0,0.983
AT00003257,A049,2025-02-14,9.0,8.77,540,526.0,0,0,0,0.974
AT00003258,A049,2025-02-17,9.0,8.87,540,532.0,0,0,0,0.985
AT00003259,A049,2025-02-18,9.0,8.98,540,539.0,0,0,0,0.998
AT00003260,A049,2025-02-19,9.0,8.82,540,529.0,0,0,0,0.98
AT00003261,A049,2025-02-20,9.0,8.83,540,530.0,0,0,0,0.981
AT00003262,A049,2025-02-21,9.0,8.62,540,517.0,0,0,10,0.957
AT00003263,A049,2025-02-24,9.0,9.0,540,540.0,0,0,0,1.0
AT00003264,A049,2025-02-26,9.0,8.28,540,497.0,0,5,30,0.92
AT00003265,A049,2025-02-27,9.0,8.87,540,532.0,0,0,0,0.985
AT00003266,A049,2025-02-28,9.0,8.47,540,508.0,0,0,30,0.941
AT00003267,A049,2025-03-01,9.0,8.67,540,520.0,0,15,0,0.963
AT00003268,A049,2025-03-03,9.0,8.68,540,521.0,0,0,5,0.965
AT00003269,A049,2025-03-04,9.0,8.95,540,537.0,0,0,0,0.994
AT00003270,A049,2025-03-05,9.0,8.77,540,526.0,0,0,0,0.974
AT00003271,A049,2025-03-06,9.0,8.88,540,533.0,0,0,0,0.987
AT00003272,A049,2025-03-07,9.0,8.42,540,505.0,0,0,30,0.935
AT00003273,A049,2025-03-10,9.0,8.82,540,529.0,0,0,0,0.98
AT00003274,A049,2025-03-11,9.0,8.97,540,538.0,0,0,0,0.996
AT00003275,A049,2025-03-12,9.0,8.35,540,501.0,0,30,0,0.928
AT00003276,A049,2025-03-13,9.0,8.38,540,503.0,0,30,1,0.931
AT00003277,A049,2025-03-14,9.0,8.9,540,534.0,0,0,0,0.989
AT00003278,A049,2025-03-17,9.0,8.92,540,535.0,0,0,0,0.991
AT00003279,A049,2025-03-18,9.0,8.83,540,530.0,0,0,0,0.981
AT00003280,A049,2025-03-19,9.0,8.9,540,534.0,0,0,0,0.989
AT00003281,A049,2025-03-20,9.0,8.83,540,530.0,0,0,0,0.981
AT00003282,A049,2025-03-21,9.0,8.93,540,536.0,0,0,0,0.993
AT00003283,A049,2025-03-24,9.0,8.32,540,499.0,0,0,30,0.924
AT00003284,A049,2025-03-25,9.0,8.87,540,532.0,0,0,0,0.985
AT00003285,A049,2025-03-26,9.0,8.9,540,534.0,0,0,0,0.989
AT00003286,A049,2025-03-27,9.0,8.85,540,531.0,0,0,0,0.983
AT00003287,A049,2025-03-29,9.0,8.35,540,501.0,0,30,0,0.928
AT00003288,A049,2025-03-31,9.0,8.85,540,531.0,0,0,0,0.983
AT00003289,A050,2025-01-01,9.0,8.77,540,526.0,0,0,0,0.974
AT00003290,A050,2025-01-02,9.0,8.82,540,529.0,0,0,0,0.98
AT00003291,A050,2025-01-03,9.0,8.78,540,527.0,0,0,0,0.976
AT00003292,A050,2025-01-05,9.0,8.4,540,504.0,0,30,0,0.933
AT00003293,A050,2025-01-06,9.0,8.93,540,536.0,0,0,0,0.993
AT00003294,A050,2025-01-07,9.0,8.7,540,522.0,0,0,0,0.967
AT00003295,A050,2025-01-08,9.0,8.58,540,515.0,0,0,10,0.954
AT00003296,A050,2025-01-09,9.0,8.67,540,520.0,0,15,0,0.963
AT00003297,A050,2025-01-10,9.0,8.92,540,535.0,0,0,0,0.991
AT00003298,A050,2025-01-13,9.0,8.9,540,534.0,0,0,0,0.989
AT00003299,A050,2025-01-14,9.0,8.9,540,534.0,0,0,0,0.989
AT00003300,A050,2025-01-15,9.0,8.35,540,501.0,0,30,0,0.928
AT00003301,A050,2025-01-16,9.0,8.82,540,529.0,0,0,0,0.98
AT00003302,A050,2025-01-17,9.0,8.78,540,527.0,0,0,0,0.976
AT00003303,A050,2025-01-20,9.0,8.78,540,527.0,0,0,0,0.976
AT00003304,A050,2025-01-21,9.0,8.93,540,536.0,0,0,0,0.993
AT00003305,A050,2025-01-22,9.0,8.9,540,534.0,0,0,0,0.989
AT00003306,A050,2025-01-24,9.0,8.83,540,530.0,0,0,0,0.981
AT00003307,A050,2025-01-27,9.0,8.83,540,530.0,0,0,0,0.981
AT00003308,A050,2025-01-28,9.0,8.93,540,536.0,0,0,0,0.993
AT00003309,A050,2025-01-29,9.0,8.87,540,532.0,0,0,0,0.985
AT00003310,A050,2025-01-30,9.0,8.83,540,530.0,0,0,0,0.981
AT00003311,A050,2025-01-31,9.0,8.82,540,529.0,0,0,0,0.98
AT00003312,A050,2025-02-03,9.0,8.9,540,534.0,0,0,0,0.989
AT00003313,A050,2025-02-04,9.0,8.78,540,527.0,0,10,0,0.976
AT00003314,A050,2025-02-05,9.0,8.87,540,532.0,0,0,0,0.985
AT00003315,A050,2025-02-06,9.0,8.75,540,525.0,0,0,0,0.972
AT00003316,A050,2025-02-07,9.0,8.72,540,523.0,0,10,0,0.969
AT00003317,A050,2025-02-08,9.0,8.9,540,534.0,0,0,0,0.989
AT00003318,A050,2025-02-10,9.0,8.78,540,527.0,0,5,0,0.976
AT00003319,A050,2025-02-11,9.0,8.83,540,530.0,0,0,0,0.981
AT00003320,A050,2025-02-12,9.0,8.98,540,539.0,0,0,0,0.998
AT00003321,A050,2025-02-13,9.0,0.0,540,0.0,1,0,540,0.0
AT00003322,A050,2025-02-14,9.0,8.75,540,525.0,0,0,0,0.972
AT00003323,A050,2025-02-17,9.0,8.85,540,531.0,0,0,0,0.983
AT00003324,A050,2025-02-18,9.0,8.82,540,529.0,0,0,0,0.98
AT00003325,A050,2025-02-19,9.0,8.87,540,532.0,0,0,0,0.985
AT00003326,A050,2025-02-20,9.0,8.85,540,531.0,0,0,0,0.983
AT00003327,A050,2025-02-21,9.0,8.87,540,532.0,0,0,0,0.985
AT00003328,A050,2025-02-24,9.0,8.83,540,530.0,0,0,0,0.981
AT00003329,A050,2025-02-25,9.0,8.78,540,527.0,0,0,10,0.976
AT00003330,A050,2025-02-26,9.0,8.45,540,507.0,0,30,0,0.939
AT00003331,A050,2025-02-27,9.0,8.87,540,532.0,0,0,0,0.985
AT00003332,A050,2025-02-28,9.0,8.8,540,528.0,0,0,0,0.978
AT00003333,A050,2025-03-03,9.0,8.97,540,538.0,0,0,0,0.996
AT00003334,A050,2025-03-04,9.0,8.53,540,512.0,0,0,15,0.948
AT00003335,A050,2025-03-05,9.0,8.85,540,531.0,0,0,0,0.983
AT00003336,A050,2025-03-06,9.0,8.93,540,536.0,0,0,0,0.993
AT00003337,A050,2025-03-07,9.0,8.9,540,534.0,0,0,0,0.989
AT00003338,A050,2025-03-09,9.0,8.85,540,531.0,0,0,0,0.983
AT00003339,A050,2025-03-10,9.0,8.88,540,533.0,0,0,0,0.987
AT00003340,A050,2025-03-11,9.0,8.5,540,510.0,0,15,10,0.944
AT00003341,A050,2025-03-12,9.0,8.98,540,539.0,0,0,0,0.998
AT00003342,A050,2025-03-13,9.0,8.87,540,532.0,0,0,0,0.985
AT00003343,A050,2025-03-14,9.0,8.75,540,525.0,0,0,0,0.972
AT00003344,A050,2025-03-15,9.0,8.83,540,530.0,0,0,5,0.981
AT00003345,A050,2025-03-17,9.0,8.93,540,536.0,0,0,0,0.993
AT00003346,A050,2025-03-18,9.0,8.92,540,535.0,0,0,0,0.991
AT00003347,A050,2025-03-19,9.0,8.8,540,528.0,0,5,0,0.978
AT00003348,A050,2025-03-20,9.0,8.85,540,531.0,0,0,0,0.983
AT00003349,A050,2025-03-21,9.0,8.95,540,537.0,0,0,0,0.994
AT00003350,A050,2025-03-24,9.0,8.88,540,533.0,0,0,0,0.987
AT00003351,A050,2025-03-25,9.0,8.67,540,520.0,0,0,15,0.963
AT00003352,A050,2025-03-27,9.0,8.82,540,529.0,0,0,0,0.98
AT00003353,A050,2025-03-28,9.0,8.85,540,531.0,0,0,0,0.983
AT00003354,A050,2025-03-30,9.0,8.3,540,498.0,0,30,3,0.922
AT00003355,A050,2025-03-31,9.0,8.88,540,533.0,0,0,0,0.987
AT00003356,A051,2025-01-01,9.0,8.85,540,531.0,0,0,0,0.983
AT00003357,A051,2025-01-02,9.0,8.75,540,525.0,0,0,10,0.972
AT00003358,A051,2025-01-03,9.0,8.75,540,525.0,0,10,0,0.972
AT00003359,A051,2025-01-06,9.0,8.93,540,536.0,0,0,0,0.993
AT00003360,A051,2025-01-07,9.0,8.77,540,526.0,0,0,0,0.974
AT00003361,A051,2025-01-08,9.0,8.85,540,531.0,0,0,0,0.983
AT00003362,A051,2025-01-09,9.0,8.83,540,530.0,0,0,0,0.981
AT00003363,A051,2025-01-10,9.0,8.85,540,531.0,0,0,0,0.983
AT00003364,A051,2025-01-13,9.0,8.67,540,520.0,0,0,0,0.963
AT00003365,A051,2025-01-14,9.0,8.68,540,521.0,0,10,0,0.965
AT00003366,A051,2025-01-15,9.0,8.83,540,530.0,0,0,0,0.981
AT00003367,A051,2025-01-16,9.0,8.83,540,530.0,0,0,0,0.981
AT00003368,A051,2025-01-17,9.0,0.0,540,0.0,1,0,540,0.0
AT00003369,A051,2025-01-18,9.0,8.78,540,527.0,0,0,0,0.976
AT00003370,A051,2025-01-20,9.0,8.82,540,529.0,0,0,0,0.98
AT00003371,A051,2025-01-21,9.0,8.68,540,521.0,0,5,0,0.965
AT00003372,A051,2025-01-22,9.0,8.65,540,519.0,0,15,0,0.961
AT00003373,A051,2025-01-23,9.0,8.97,540,538.0,0,0,0,0.996
AT00003374,A051,2025-01-24,9.0,8.9,540,534.0,0,5,0,0.989
AT00003375,A051,2025-01-27,9.0,0.0,540,0.0,1,0,540,0.0
AT00003376,A051,2025-01-28,9.0,8.88,540,533.0,0,0,0,0.987
AT00003377,A051,2025-01-29,9.0,8.98,540,539.0,0,0,0,0.998
AT00003378,A051,2025-01-30,9.0,8.8,540,528.0,0,0,0,0.978
AT00003379,A051,2025-01-31,9.0,8.88,540,533.0,0,0,0,0.987
AT00003380,A051,2025-02-01,9.0,8.75,540,525.0,0,0,0,0.972
AT00003381,A051,2025-02-03,9.0,8.85,540,531.0,0,0,0,0.983
AT00003382,A051,2025-02-04,9.0,8.88,540,533.0,0,0,0,0.987
AT00003383,A051,2025-02-05,9.0,8.88,540,533.0,0,0,0,0.987
AT00003384,A051,2025-02-06,9.0,8.88,540,533.0,0,0,0,0.987
AT00003385,A051,2025-02-07,9.0,8.6,540,516.0,0,10,0,0.956
AT00003386,A051,2025-02-10,9.0,8.87,540,532.0,0,0,0,0.985
AT00003387,A051,2025-02-11,9.0,8.9,540,534.0,0,0,0,0.989
AT00003388,A051,2025-02-12,9.0,8.95,540,537.0,0,0,0,0.994
AT00003389,A051,2025-02-13,9.0,8.8,540,528.0,0,0,0,0.978
AT00003390,A051,2025-02-14,9.0,8.8,540,528.0,0,5,5,0.978
AT00003391,A051,2025-02-17,9.0,8.92,540,535.0,0,0,0,0.991
AT00003392,A051,2025-02-18,9.0,8.67,540,520.0,0,0,5,0.963
AT00003393,A051,2025-02-19,9.0,8.25,540,495.0,0,30,5,0.917
AT00003394,A051,2025-02-20,9.0,8.95,540,537.0,0,0,0,0.994
AT00003395,A051,2025-02-21,9.0,8.62,540,517.0,0,15,5,0.957
AT00003396,A051,2025-02-24,9.0,8.88,540,533.0,0,0,0,0.987
AT00003397,A051,2025-02-25,9.0,8.93,540,536.0,0,0,0,0.993
AT00003398,A051,2025-02-26,9.0,8.97,540,538.0,0,0,0,0.996
AT00003399,A051,2025-02-27,9.0,8.67,540,520.0,0,15,0,0.963
AT00003400,A051,2025-02-28,9.0,8.78,540,527.0,0,10,0,0.976
AT00003401,A051,2025-03-03,9.0,8.92,540,535.0,0,0,0,0.991
AT00003402,A051,2025-03-04,9.0,8.87,540,532.0,0,0,0,0.985
AT00003403,A051,2025-03-05,9.0,8.87,540,532.0,0,5,0,0.985
AT00003404,A051,2025-03-06,9.0,8.83,540,530.0,0,0,0,0.981
AT00003405,A051,2025-03-07,9.0,8.85,540,531.0,0,0,0,0.983
AT00003406,A051,2025-03-08,9.0,9.0,540,540.0,0,0,0,1.0
AT00003407,A051,2025-03-10,9.0,8.77,540,526.0,0,0,5,0.974
AT00003408,A051,2025-03-11,9.0,8.87,540,532.0,0,0,0,0.985
AT00003409,A051,2025-03-12,9.0,8.9,540,534.0,0,0,0,0.989
AT00003410,A051,2025-03-13,9.0,8.97,540,538.0,0,0,0,0.996
AT00003411,A051,2025-03-14,9.0,8.85,540,531.0,0,0,0,0.983
AT00003412,A051,2025-03-17,9.0,8.93,540,536.0,0,0,0,0.993
AT00003413,A051,2025-03-18,9.0,8.95,540,537.0,0,0,0,0.994
AT00003414,A051,2025-03-19,9.0,8.92,540,535.0,0,0,0,0.991
AT00003415,A051,2025-03-20,9.0,0.0,540,0.0,1,0,540,0.0
AT00003416,A051,2025-03-21,9.0,8.95,540,537.0,0,0,0,0.994
AT00003417,A051,2025-03-24,9.0,8.78,540,527.0,0,0,0,0.976
AT00003418,A051,2025-03-26,9.0,8.83,540,530.0,0,0,5,0.981
AT00003419,A051,2025-03-27,9.0,8.93,540,536.0,0,0,0,0.993
AT00003420,A051,2025-03-28,9.0,8.77,540,526.0,0,0,0,0.974
AT00003421,A051,2025-03-29,9.0,8.93,540,536.0,0,0,0,0.993
AT00003422,A051,2025-03-31,9.0,8.87,540,532.0,0,0,5,0.985
AT00003423,A052,2025-01-01,9.0,8.82,540,529.0,0,0,0,0.98
AT00003424,A052,2025-01-02,9.0,8.77,540,526.0,0,0,0,0.974
AT00003425,A052,2025-01-03,9.0,8.9,540,534.0,0,0,0,0.989
AT00003426,A052,2025-01-06,9.0,8.9,540,534.0,0,0,0,0.989
AT00003427,A052,2025-01-07,9.0,8.87,540,532.0,0,0,0,0.985
AT00003428,A052,2025-01-08,9.0,8.73,540,524.0,0,10,0,0.97
AT00003429,A052,2025-01-09,9.0,8.82,540,529.0,0,0,0,0.98
AT00003430,A052,2025-01-10,9.0,8.97,540,538.0,0,0,0,0.996
AT00003431,A052,2025-01-12,9.0,8.68,540,521.0,0,0,10,0.965
AT00003432,A052,2025-01-13,9.0,0.0,540,0.0,1,0,540,0.0
AT00003433,A052,2025-01-14,9.0,8.72,540,523.0,0,0,0,0.969
AT00003434,A052,2025-01-15,9.0,8.77,540,526.0,0,0,0,0.974
AT00003435,A052,2025-01-16,9.0,8.87,540,532.0,0,0,0,0.985
AT00003436,A052,2025-01-17,9.0,8.9,540,534.0,0,0,0,0.989
AT00003437,A052,2025-01-20,9.0,0.0,540,0.0,1,0,540,0.0
AT00003438,A052,2025-01-21,9.0,0.0,540,0.0,1,0,540,0.0
AT00003439,A052,2025-01-22,9.0,8.98,540,539.0,0,0,0,0.998
AT00003440,A052,2025-01-23,9.0,8.88,540,533.0,0,0,0,0.987
AT00003441,A052,2025-01-24,9.0,8.67,540,520.0,0,5,0,0.963
AT00003442,A052,2025-01-27,9.0,8.83,540,530.0,0,0,0,0.981
AT00003443,A052,2025-01-29,9.0,8.85,540,531.0,0,0,5,0.983
AT00003444,A052,2025-01-30,9.0,8.8,540,528.0,0,0,2,0.978
AT00003445,A052,2025-01-31,9.0,8.8,540,528.0,0,0,3,0.978
AT00003446,A052,2025-02-03,9.0,8.75,540,525.0,0,5,0,0.972
AT00003447,A052,2025-02-04,9.0,8.93,540,536.0,0,0,0,0.993
AT00003448,A052,2025-02-05,9.0,8.92,540,535.0,0,0,0,0.991
AT00003449,A052,2025-02-06,9.0,8.87,540,532.0,0,0,0,0.985
AT00003450,A052,2025-02-07,9.0,8.82,540,529.0,0,0,0,0.98
AT00003451,A052,2025-02-10,9.0,8.85,540,531.0,0,0,0,0.983
AT00003452,A052,2025-02-11,9.0,8.88,540,533.0,0,0,0,0.987
AT00003453,A052,2025-02-12,9.0,8.95,540,537.0,0,0,0,0.994
AT00003454,A052,2025-02-13,9.0,8.9,540,534.0,0,0,0,0.989
AT00003455,A052,2025-02-14,9.0,8.65,540,519.0,0,5,0,0.961
AT00003456,A052,2025-02-17,9.0,8.82,540,529.0,0,0,0,0.98
AT00003457,A052,2025-02-18,9.0,8.95,540,537.0,0,0,0,0.994
AT00003458,A052,2025-02-19,9.0,8.92,540,535.0,0,0,0,0.991
AT00003459,A052,2025-02-20,9.0,8.63,540,518.0,0,10,0,0.959
AT00003460,A052,2025-02-21,9.0,8.97,540,538.0,0,0,0,0.996
AT00003461,A052,2025-02-24,9.0,8.85,540,531.0,0,0,0,0.983
AT00003462,A052,2025-02-25,9.0,8.85,540,531.0,0,0,0,0.983
AT00003463,A052,2025-02-26,9.0,8.97,540,538.0,0,0,0,0.996
AT00003464,A052,2025-02-27,9.0,8.83,540,530.0,0,0,0,0.981
AT00003465,A052,2025-02-28,9.0,8.97,540,538.0,0,0,0,0.996
AT00003466,A052,2025-03-03,9.0,8.93,540,536.0,0,0,0,0.993
AT00003467,A052,2025-03-04,9.0,8.87,540,532.0,0,0,0,0.985
AT00003468,A052,2025-03-05,9.0,8.9,540,534.0,0,0,0,0.989
AT00003469,A052,2025-03-06,9.0,8.97,540,538.0,0,0,0,0.996
AT00003470,A052,2025-03-07,9.0,8.87,540,532.0,0,0,0,0.985
AT00003471,A052,2025-03-10,9.0,8.87,540,532.0,0,5,0,0.985
AT00003472,A052,2025-03-11,9.0,0.0,540,0.0,1,0,540,0.0
AT00003473,A052,2025-03-12,9.0,8.85,540,531.0,0,0,0,0.983
AT00003474,A052,2025-03-13,9.0,8.95,540,537.0,0,0,0,0.994
AT00003475,A052,2025-03-14,9.0,8.93,540,536.0,0,0,0,0.993
AT00003476,A052,2025-03-17,9.0,8.88,540,533.0,0,0,0,0.987
AT00003477,A052,2025-03-18,9.0,8.92,540,535.0,0,0,0,0.991
AT00003478,A052,2025-03-19,9.0,8.92,540,535.0,0,0,0,0.991
AT00003479,A052,2025-03-20,9.0,8.65,540,519.0,0,10,0,0.961
AT00003480,A052,2025-03-21,9.0,8.88,540,533.0,0,0,0,0.987
AT00003481,A052,2025-03-25,9.0,8.93,540,536.0,0,0,0,0.993
AT00003482,A052,2025-03-26,9.0,8.8,540,528.0,0,0,0,0.978
AT00003483,A052,2025-03-27,9.0,8.9,540,534.0,0,0,0,0.989
AT00003484,A052,2025-03-28,9.0,8.9,540,534.0,0,0,0,0.989
AT00003485,A052,2025-03-31,9.0,8.85,540,531.0,0,0,0,0.983
AT00003486,A053,2025-01-01,9.0,8.78,540,527.0,0,0,0,0.976
AT00003487,A053,2025-01-02,9.0,8.78,540,527.0,0,0,0,0.976
AT00003488,A053,2025-01-03,9.0,8.87,540,532.0,0,0,0,0.985
AT00003489,A053,2025-01-06,9.0,8.9,540,534.0,0,0,0,0.989
AT00003490,A053,2025-01-07,9.0,8.98,540,539.0,0,0,0,0.998
AT00003491,A053,2025-01-08,9.0,0.0,540,0.0,1,0,540,0.0
AT00003492,A053,2025-01-09,9.0,8.85,540,531.0,0,0,0,0.983
AT00003493,A053,2025-01-10,9.0,8.82,540,529.0,0,0,10,0.98
AT00003494,A053,2025-01-13,9.0,8.87,540,532.0,0,0,0,0.985
AT00003495,A053,2025-01-14,9.0,8.8,540,528.0,0,5,0,0.978
AT00003496,A053,2025-01-15,9.0,8.82,540,529.0,0,0,0,0.98
AT00003497,A053,2025-01-16,9.0,8.9,540,534.0,0,0,0,0.989
AT00003498,A053,2025-01-17,9.0,8.67,540,520.0,0,0,0,0.963
AT00003499,A053,2025-01-20,9.0,8.8,540,528.0,0,0,0,0.978
AT00003500,A053,2025-01-21,9.0,8.88,540,533.0,0,0,0,0.987
AT00003501,A053,2025-01-22,9.0,8.93,540,536.0,0,0,0,0.993
AT00003502,A053,2025-01-23,9.0,8.58,540,515.0,0,15,0,0.954
AT00003503,A053,2025-01-24,9.0,8.72,540,523.0,0,0,10,0.969
AT00003504,A053,2025-01-26,9.0,8.75,540,525.0,0,0,0,0.972
AT00003505,A053,2025-01-27,9.0,8.47,540,508.0,0,10,0,0.941
AT00003506,A053,2025-01-28,9.0,8.92,540,535.0,0,0,0,0.991
AT00003507,A053,2025-01-29,9.0,8.7,540,522.0,0,0,0,0.967
AT00003508,A053,2025-01-30,9.0,8.78,540,527.0,0,0,0,0.976
AT00003509,A053,2025-01-31,9.0,8.65,540,519.0,0,0,10,0.961
AT00003510,A053,2025-02-03,9.0,8.87,540,532.0,0,0,0,0.985
AT00003511,A053,2025-02-04,9.0,8.83,540,530.0,0,0,0,0.981
AT00003512,A053,2025-02-05,9.0,8.95,540,537.0,0,0,0,0.994
AT00003513,A053,2025-02-06,9.0,8.92,540,535.0,0,0,0,0.991
AT00003514,A053,2025-02-07,9.0,8.88,540,533.0,0,0,0,0.987
AT00003515,A053,2025-02-08,9.0,8.92,540,535.0,0,0,0,0.991
AT00003516,A053,2025-02-10,9.0,9.0,540,540.0,0,0,0,1.0
AT00003517,A053,2025-02-12,9.0,8.83,540,530.0,0,0,0,0.981
AT00003518,A053,2025-02-13,9.0,8.93,540,536.0,0,0,0,0.993
AT00003519,A053,2025-02-14,9.0,8.68,540,521.0,0,0,0,0.965
AT00003520,A053,2025-02-17,9.0,8.87,540,532.0,0,0,0,0.985
AT00003521,A053,2025-02-18,9.0,8.88,540,533.0,0,0,0,0.987
AT00003522,A053,2025-02-19,9.0,8.67,540,520.0,0,15,0,0.963
AT00003523,A053,2025-02-20,9.0,8.82,540,529.0,0,0,5,0.98
AT00003524,A053,2025-02-21,9.0,8.75,540,525.0,0,0,0,0.972
AT00003525,A053,2025-02-24,9.0,9.0,540,540.0,0,0,0,1.0
AT00003526,A053,2025-02-25,9.0,8.87,540,532.0,0,5,0,0.985
AT00003527,A053,2025-02-27,9.0,9.0,540,540.0,0,0,0,1.0
AT00003528,A053,2025-02-28,9.0,8.9,540,534.0,0,0,0,0.989
AT00003529,A053,2025-03-03,9.0,8.95,540,537.0,0,0,0,0.994
AT00003530,A053,2025-03-04,9.0,8.47,540,508.0,0,5,15,0.941
AT00003531,A053,2025-03-05,9.0,8.85,540,531.0,0,0,0,0.983
AT00003532,A053,2025-03-06,9.0,8.73,540,524.0,0,0,0,0.97
AT00003533,A053,2025-03-07,9.0,8.92,540,535.0,0,0,0,0.991
AT00003534,A053,2025-03-10,9.0,8.88,540,533.0,0,0,0,0.987
AT00003535,A053,2025-03-11,9.0,8.87,540,532.0,0,0,0,0.985
AT00003536,A053,2025-03-12,9.0,8.85,540,531.0,0,0,0,0.983
AT00003537,A053,2025-03-13,9.0,8.9,540,534.0,0,5,0,0.989
AT00003538,A053,2025-03-14,9.0,8.67,540,520.0,0,0,0,0.963
AT00003539,A053,2025-03-16,9.0,8.8,540,528.0,0,0,0,0.978
AT00003540,A053,2025-03-17,9.0,8.85,540,531.0,0,0,0,0.983
AT00003541,A053,2025-03-18,9.0,8.85,540,531.0,0,0,0,0.983
AT00003542,A053,2025-03-19,9.0,8.9,540,534.0,0,0,0,0.989
AT00003543,A053,2025-03-20,9.0,8.88,540,533.0,0,0,0,0.987
AT00003544,A053,2025-03-21,9.0,8.92,540,535.0,0,0,0,0.991
AT00003545,A053,2025-03-24,9.0,8.62,540,517.0,0,10,0,0.957
AT00003546,A053,2025-03-25,9.0,8.67,540,520.0,0,10,0,0.963
AT00003547,A053,2025-03-26,9.0,8.8,540,528.0,0,0,0,0.978
AT00003548,A053,2025-03-27,9.0,9.0,540,540.0,0,0,0,1.0
AT00003549,A053,2025-03-28,9.0,0.0,540,0.0,1,0,540,0.0
AT00003550,A053,2025-03-31,9.0,8.93,540,536.0,0,0,0,0.993
AT00003551,A054,2025-01-01,9.0,8.88,540,533.0,0,0,0,0.987
AT00003552,A054,2025-01-02,9.0,8.92,540,535.0,0,0,0,0.991
AT00003553,A054,2025-01-03,9.0,8.8,540,528.0,0,0,0,0.978
AT00003554,A054,2025-01-06,9.0,8.67,540,520.0,0,10,0,0.963
AT00003555,A054,2025-01-07,9.0,8.82,540,529.0,0,0,0,0.98
AT00003556,A054,2025-01-08,9.0,8.92,540,535.0,0,0,0,0.991
AT00003557,A054,2025-01-09,9.0,8.87,540,532.0,0,0,0,0.985
AT00003558,A054,2025-01-10,9.0,8.98,540,539.0,0,0,0,0.998
AT00003559,A054,2025-01-13,9.0,8.92,540,535.0,0,0,2,0.991
AT00003560,A054,2025-01-14,9.0,8.9,540,534.0,0,0,0,0.989
AT00003561,A054,2025-01-15,9.0,8.9,540,534.0,0,0,5,0.989
AT00003562,A054,2025-01-16,9.0,8.85,540,531.0,0,0,0,0.983
AT00003563,A054,2025-01-17,9.0,8.97,540,538.0,0,0,0,0.996
AT00003564,A054,2025-01-18,9.0,8.78,540,527.0,0,0,0,0.976
AT00003565,A054,2025-01-20,9.0,8.93,540,536.0,0,0,0,0.993
AT00003566,A054,2025-01-21,9.0,8.85,540,531.0,0,0,0,0.983
AT00003567,A054,2025-01-22,9.0,8.87,540,532.0,0,0,0,0.985
AT00003568,A054,2025-01-23,9.0,8.87,540,532.0,0,0,0,0.985
AT00003569,A054,2025-01-24,9.0,8.7,540,522.0,0,0,0,0.967
AT00003570,A054,2025-01-26,9.0,8.85,540,531.0,0,0,0,0.983
AT00003571,A054,2025-01-27,9.0,8.92,540,535.0,0,0,0,0.991
AT00003572,A054,2025-01-28,9.0,0.0,540,0.0,1,0,540,0.0
AT00003573,A054,2025-01-29,9.0,8.87,540,532.0,0,0,0,0.985
AT00003574,A054,2025-01-30,9.0,8.92,540,535.0,0,0,0,0.991
AT00003575,A054,2025-01-31,9.0,8.87,540,532.0,0,0,0,0.985
AT00003576,A054,2025-02-01,9.0,8.9,540,534.0,0,0,0,0.989
AT00003577,A054,2025-02-02,9.0,8.72,540,523.0,0,0,15,0.969
AT00003578,A054,2025-02-03,9.0,8.92,540,535.0,0,0,0,0.991
AT00003579,A054,2025-02-04,9.0,8.9,540,534.0,0,0,0,0.989
AT00003580,A054,2025-02-05,9.0,8.78,540,527.0,0,0,0,0.976
AT00003581,A054,2025-02-07,9.0,8.9,540,534.0,0,0,0,0.989
AT00003582,A054,2025-02-08,9.0,8.85,540,531.0,0,0,3,0.983
AT00003583,A054,2025-02-09,9.0,8.68,540,521.0,0,0,0,0.965
AT00003584,A054,2025-02-10,9.0,8.9,540,534.0,0,0,0,0.989
AT00003585,A054,2025-02-11,9.0,8.78,540,527.0,0,10,0,0.976
AT00003586,A054,2025-02-12,9.0,8.87,540,532.0,0,0,0,0.985
AT00003587,A054,2025-02-13,9.0,8.7,540,522.0,0,10,0,0.967
AT00003588,A054,2025-02-14,9.0,8.4,540,504.0,0,0,30,0.933
AT00003589,A054,2025-02-17,9.0,8.88,540,533.0,0,0,0,0.987
AT00003590,A054,2025-02-18,9.0,7.97,540,478.0,0,30,30,0.885
AT00003591,A054,2025-02-19,9.0,8.95,540,537.0,0,0,0,0.994
AT00003592,A054,2025-02-20,9.0,8.52,540,511.0,0,5,0,0.946
AT00003593,A054,2025-02-21,9.0,8.77,540,526.0,0,0,0,0.974
AT00003594,A054,2025-02-22,9.0,8.87,540,532.0,0,0,0,0.985
AT00003595,A054,2025-02-24,9.0,8.75,540,525.0,0,5,0,0.972
AT00003596,A054,2025-02-25,9.0,8.82,540,529.0,0,0,0,0.98
AT00003597,A054,2025-02-26,9.0,8.7,540,522.0,0,5,0,0.967
AT00003598,A054,2025-02-27,9.0,8.93,540,536.0,0,0,0,0.993
AT00003599,A054,2025-02-28,9.0,8.87,540,532.0,0,0,0,0.985
AT00003600,A054,2025-03-02,9.0,8.9,540,534.0,0,0,0,0.989
AT00003601,A054,2025-03-03,9.0,8.87,540,532.0,0,0,0,0.985
AT00003602,A054,2025-03-04,9.0,8.92,540,535.0,0,5,0,0.991
AT00003603,A054,2025-03-05,9.0,8.92,540,535.0,0,0,0,0.991
AT00003604,A054,2025-03-06,9.0,8.95,540,537.0,0,0,0,0.994
AT00003605,A054,2025-03-07,9.0,8.92,540,535.0,0,0,0,0.991
AT00003606,A054,2025-03-10,9.0,8.78,540,527.0,0,0,0,0.976
AT00003607,A054,2025-03-11,9.0,8.63,540,518.0,0,0,15,0.959
AT00003608,A054,2025-03-12,9.0,8.73,540,524.0,0,10,0,0.97
AT00003609,A054,2025-03-13,9.0,8.95,540,537.0,0,0,0,0.994
AT00003610,A054,2025-03-14,9.0,0.0,540,0.0,1,0,540,0.0
AT00003611,A054,2025-03-16,9.0,8.75,540,525.0,0,0,0,0.972
AT00003612,A054,2025-03-17,9.0,8.75,540,525.0,0,15,0,0.972
AT00003613,A054,2025-03-18,9.0,8.82,540,529.0,0,0,10,0.98
AT00003614,A054,2025-03-19,9.0,8.72,540,523.0,0,10,0,0.969
AT00003615,A054,2025-03-20,9.0,8.75,540,525.0,0,0,0,0.972
AT00003616,A054,2025-03-21,9.0,8.95,540,537.0,0,0,0,0.994
AT00003617,A054,2025-03-25,9.0,8.8,540,528.0,0,0,10,0.978
AT00003618,A054,2025-03-26,9.0,8.95,540,537.0,0,0,0,0.994
AT00003619,A054,2025-03-27,9.0,9.0,540,540.0,0,0,0,1.0
AT00003620,A054,2025-03-28,9.0,8.82,540,529.0,0,0,0,0.98
AT00003621,A054,2025-03-31,9.0,8.87,540,532.0,0,0,0,0.985
AT00003622,A055,2025-01-02,9.0,8.8,540,528.0,0,0,0,0.978
AT00003623,A055,2025-01-03,9.0,8.87,540,532.0,0,0,0,0.985
AT00003624,A055,2025-01-05,9.0,8.42,540,505.0,0,30,0,0.935
AT00003625,A055,2025-01-06,9.0,9.0,540,540.0,0,0,0,1.0
AT00003626,A055,2025-01-07,9.0,8.78,540,527.0,0,0,0,0.976
AT00003627,A055,2025-01-08,9.0,8.9,540,534.0,0,0,0,0.989
AT00003628,A055,2025-01-09,9.0,8.85,540,531.0,0,0,0,0.983
AT00003629,A055,2025-01-10,9.0,8.77,540,526.0,0,0,0,0.974
AT00003630,A055,2025-01-13,9.0,8.87,540,532.0,0,0,0,0.985
AT00003631,A055,2025-01-14,9.0,8.87,540,532.0,0,0,0,0.985
AT00003632,A055,2025-01-15,9.0,8.87,540,532.0,0,0,0,0.985
AT00003633,A055,2025-01-16,9.0,8.75,540,525.0,0,0,0,0.972
AT00003634,A055,2025-01-17,9.0,8.78,540,527.0,0,0,0,0.976
AT00003635,A055,2025-01-20,9.0,8.97,540,538.0,0,0,0,0.996
AT00003636,A055,2025-01-21,9.0,8.98,540,539.0,0,0,0,0.998
AT00003637,A055,2025-01-22,9.0,8.97,540,538.0,0,0,0,0.996
AT00003638,A055,2025-01-23,9.0,8.9,540,534.0,0,0,0,0.989
AT00003639,A055,2025-01-24,9.0,8.77,540,526.0,0,0,0,0.974
AT00003640,A055,2025-01-26,9.0,8.67,540,520.0,0,5,0,0.963
AT00003641,A055,2025-01-27,9.0,8.93,540,536.0,0,0,0,0.993
AT00003642,A055,2025-01-28,9.0,8.95,540,537.0,0,0,0,0.994
AT00003643,A055,2025-01-29,9.0,8.97,540,538.0,0,0,0,0.996
AT00003644,A055,2025-01-30,9.0,8.9,540,534.0,0,0,0,0.989
AT00003645,A055,2025-01-31,9.0,8.53,540,512.0,0,15,0,0.948
AT00003646,A055,2025-02-03,9.0,8.27,540,496.0,0,10,30,0.919
AT00003647,A055,2025-02-04,9.0,8.82,540,529.0,0,0,5,0.98
AT00003648,A055,2025-02-05,9.0,8.9,540,534.0,0,0,0,0.989
AT00003649,A055,2025-02-06,9.0,8.88,540,533.0,0,0,0,0.987
AT00003650,A055,2025-02-07,9.0,8.9,540,534.0,0,0,0,0.989
AT00003651,A055,2025-02-08,9.0,8.92,540,535.0,0,0,0,0.991
AT00003652,A055,2025-02-10,9.0,8.9,540,534.0,0,0,0,0.989
AT00003653,A055,2025-02-11,9.0,8.87,540,532.0,0,0,0,0.985
AT00003654,A055,2025-02-12,9.0,8.82,540,529.0,0,0,0,0.98
AT00003655,A055,2025-02-13,9.0,8.73,540,524.0,0,0,1,0.97
AT00003656,A055,2025-02-14,9.0,8.85,540,531.0,0,0,0,0.983
AT00003657,A055,2025-02-15,9.0,8.85,540,531.0,0,0,0,0.983
AT00003658,A055,2025-02-17,9.0,8.67,540,520.0,0,0,15,0.963
AT00003659,A055,2025-02-18,9.0,8.88,540,533.0,0,0,0,0.987
AT00003660,A055,2025-02-19,9.0,8.45,540,507.0,0,30,0,0.939
AT00003661,A055,2025-02-20,9.0,8.67,540,520.0,0,0,15,0.963
AT00003662,A055,2025-02-21,9.0,8.85,540,531.0,0,0,0,0.983
AT00003663,A055,2025-02-23,9.0,8.95,540,537.0,0,0,0,0.994
AT00003664,A055,2025-02-24,9.0,8.88,540,533.0,0,0,0,0.987
AT00003665,A055,2025-02-25,9.0,8.8,540,528.0,0,0,0,0.978
AT00003666,A055,2025-02-26,9.0,8.78,540,527.0,0,0,0,0.976
AT00003667,A055,2025-02-27,9.0,8.78,540,527.0,0,5,0,0.976
AT00003668,A055,2025-02-28,9.0,8.95,540,537.0,0,0,0,0.994
AT00003669,A055,2025-03-02,9.0,8.93,540,536.0,0,0,0,0.993
AT00003670,A055,2025-03-03,9.0,8.88,540,533.0,0,0,0,0.987
AT00003671,A055,2025-03-04,9.0,8.93,540,536.0,0,0,0,0.993
AT00003672,A055,2025-03-05,9.0,8.58,540,515.0,0,10,10,0.954
AT00003673,A055,2025-03-06,9.0,8.75,540,525.0,0,0,0,0.972
AT00003674,A055,2025-03-07,9.0,8.8,540,528.0,0,0,0,0.978
AT00003675,A055,2025-03-09,9.0,8.98,540,539.0,0,0,0,0.998
AT00003676,A055,2025-03-10,9.0,8.92,540,535.0,0,0,0,0.991
AT00003677,A055,2025-03-11,9.0,8.78,540,527.0,0,5,0,0.976
AT00003678,A055,2025-03-12,9.0,8.83,540,530.0,0,0,0,0.981
AT00003679,A055,2025-03-13,9.0,0.0,540,0.0,1,0,540,0.0
AT00003680,A055,2025-03-14,9.0,0.0,540,0.0,1,0,540,0.0
AT00003681,A055,2025-03-17,9.0,8.83,540,530.0,0,0,5,0.981
AT00003682,A055,2025-03-18,9.0,8.63,540,518.0,0,15,0,0.959
AT00003683,A055,2025-03-19,9.0,8.82,540,529.0,0,0,0,0.98
AT00003684,A055,2025-03-20,9.0,8.8,540,528.0,0,0,0,0.978
AT00003685,A055,2025-03-21,9.0,8.78,540,527.0,0,5,0,0.976
AT00003686,A055,2025-03-24,9.0,8.7,540,522.0,0,5,0,0.967
AT00003687,A055,2025-03-25,9.0,8.93,540,536.0,0,0,0,0.993
AT00003688,A055,2025-03-26,9.0,8.8,540,528.0,0,0,0,0.978
AT00003689,A055,2025-03-27,9.0,8.88,540,533.0,0,0,0,0.987
AT00003690,A055,2025-03-28,9.0,8.85,540,531.0,0,5,0,0.983
AT00003691,A055,2025-03-31,9.0,8.72,540,523.0,0,5,5,0.969
AT00003692,A056,2025-01-01,9.0,8.97,540,538.0,0,0,0,0.996
AT00003693,A056,2025-01-02,9.0,8.73,540,524.0,0,0,10,0.97
AT00003694,A056,2025-01-03,9.0,8.93,540,536.0,0,0,0,0.993
AT00003695,A056,2025-01-06,9.0,8.92,540,535.0,0,0,0,0.991
AT00003696,A056,2025-01-07,9.0,8.68,540,521.0,0,10,0,0.965
AT00003697,A056,2025-01-08,9.0,8.73,540,524.0,0,10,0,0.97
AT00003698,A056,2025-01-09,9.0,8.98,540,539.0,0,0,0,0.998
AT00003699,A056,2025-01-10,9.0,8.8,540,528.0,0,5,0,0.978
AT00003700,A056,2025-01-13,9.0,0.0,540,0.0,1,0,540,0.0
AT00003701,A056,2025-01-14,9.0,8.87,540,532.0,0,0,5,0.985
AT00003702,A056,2025-01-15,9.0,8.83,540,530.0,0,0,0,0.981
AT00003703,A056,2025-01-16,9.0,8.88,540,533.0,0,0,0,0.987
AT00003704,A056,2025-01-17,9.0,8.92,540,535.0,0,0,0,0.991
AT00003705,A056,2025-01-18,9.0,8.9,540,534.0,0,0,0,0.989
AT00003706,A056,2025-01-20,9.0,8.82,540,529.0,0,0,0,0.98
AT00003707,A056,2025-01-21,9.0,8.62,540,517.0,0,10,5,0.957
AT00003708,A056,2025-01-22,9.0,8.95,540,537.0,0,0,0,0.994
AT00003709,A056,2025-01-23,9.0,8.97,540,538.0,0,0,0,0.996
AT00003710,A056,2025-01-24,9.0,8.95,540,537.0,0,0,0,0.994
AT00003711,A056,2025-01-25,9.0,8.88,540,533.0,0,0,0,0.987
AT00003712,A056,2025-01-27,9.0,8.83,540,530.0,0,0,0,0.981
AT00003713,A056,2025-01-28,9.0,8.97,540,538.0,0,0,0,0.996
AT00003714,A056,2025-01-29,9.0,8.8,540,528.0,0,0,0,0.978
AT00003715,A056,2025-01-30,9.0,8.4,540,504.0,0,30,0,0.933
AT00003716,A056,2025-01-31,9.0,8.78,540,527.0,0,0,0,0.976
AT00003717,A056,2025-02-02,9.0,8.73,540,524.0,0,0,0,0.97
AT00003718,A056,2025-02-03,9.0,8.8,540,528.0,0,5,0,0.978
AT00003719,A056,2025-02-04,9.0,8.83,540,530.0,0,0,0,0.981
AT00003720,A056,2025-02-05,9.0,8.88,540,533.0,0,0,0,0.987
AT00003721,A056,2025-02-06,9.0,8.93,540,536.0,0,0,0,0.993
AT00003722,A056,2025-02-07,9.0,8.88,540,533.0,0,0,3,0.987
AT00003723,A056,2025-02-08,9.0,8.82,540,529.0,0,0,0,0.98
AT00003724,A056,2025-02-10,9.0,8.92,540,535.0,0,0,0,0.991
AT00003725,A056,2025-02-12,9.0,8.73,540,524.0,0,0,15,0.97
AT00003726,A056,2025-02-13,9.0,8.52,540,511.0,0,15,5,0.946
AT00003727,A056,2025-02-14,9.0,8.75,540,525.0,0,10,0,0.972
AT00003728,A056,2025-02-17,9.0,8.45,540,507.0,0,30,0,0.939
AT00003729,A056,2025-02-18,9.0,8.77,540,526.0,0,5,0,0.974
AT00003730,A056,2025-02-19,9.0,8.78,540,527.0,0,10,0,0.976
AT00003731,A056,2025-02-20,9.0,8.75,540,525.0,0,0,0,0.972
AT00003732,A056,2025-02-21,9.0,8.9,540,534.0,0,0,0,0.989
AT00003733,A056,2025-02-22,9.0,8.97,540,538.0,0,0,0,0.996
AT00003734,A056,2025-02-24,9.0,8.92,540,535.0,0,0,0,0.991
AT00003735,A056,2025-02-25,9.0,8.77,540,526.0,0,0,10,0.974
AT00003736,A056,2025-02-26,9.0,8.93,540,536.0,0,0,0,0.993
AT00003737,A056,2025-02-27,9.0,8.88,540,533.0,0,0,0,0.987
AT00003738,A056,2025-02-28,9.0,8.75,540,525.0,0,10,0,0.972
AT00003739,A056,2025-03-03,9.0,8.92,540,535.0,0,0,0,0.991
AT00003740,A056,2025-03-04,9.0,8.8,540,528.0,0,0,0,0.978
AT00003741,A056,2025-03-05,9.0,8.92,540,535.0,0,0,0,0.991
AT00003742,A056,2025-03-06,9.0,8.17,540,490.0,0,30,15,0.907
AT00003743,A056,2025-03-07,9.0,8.97,540,538.0,0,0,0,0.996
AT00003744,A056,2025-03-10,9.0,8.92,540,535.0,0,0,0,0.991
AT00003745,A056,2025-03-11,9.0,8.93,540,536.0,0,0,0,0.993
AT00003746,A056,2025-03-12,9.0,8.68,540,521.0,0,10,0,0.965
AT00003747,A056,2025-03-13,9.0,8.98,540,539.0,0,0,0,0.998
AT00003748,A056,2025-03-14,9.0,8.77,540,526.0,0,0,0,0.974
AT00003749,A056,2025-03-16,9.0,8.8,540,528.0,0,0,0,0.978
AT00003750,A056,2025-03-17,9.0,8.72,540,523.0,0,0,10,0.969
AT00003751,A056,2025-03-18,9.0,8.87,540,532.0,0,0,0,0.985
AT00003752,A056,2025-03-19,9.0,8.9,540,534.0,0,0,0,0.989
AT00003753,A056,2025-03-20,9.0,8.92,540,535.0,0,0,0,0.991
AT00003754,A056,2025-03-21,9.0,8.7,540,522.0,0,10,0,0.967
AT00003755,A056,2025-03-24,9.0,8.67,540,520.0,0,15,0,0.963
AT00003756,A056,2025-03-25,9.0,8.77,540,526.0,0,0,0,0.974
AT00003757,A056,2025-03-26,9.0,8.92,540,535.0,0,0,0,0.991
AT00003758,A056,2025-03-27,9.0,8.38,540,503.0,0,0,30,0.931
AT00003759,A056,2025-03-28,9.0,8.88,540,533.0,0,0,0,0.987
AT00003760,A056,2025-03-31,9.0,8.87,540,532.0,0,0,0,0.985
AT00003761,A057,2025-01-02,9.0,8.87,540,532.0,0,0,0,0.985
AT00003762,A057,2025-01-03,9.0,8.73,540,524.0,0,0,5,0.97
AT00003763,A057,2025-01-06,9.0,8.93,540,536.0,0,0,0,0.993
AT00003764,A057,2025-01-07,9.0,8.95,540,537.0,0,0,0,0.994
AT00003765,A057,2025-01-08,9.0,8.85,540,531.0,0,0,0,0.983
AT00003766,A057,2025-01-09,9.0,8.42,540,505.0,0,0,30,0.935
AT00003767,A057,2025-01-10,9.0,8.88,540,533.0,0,0,0,0.987
AT00003768,A057,2025-01-13,9.0,8.72,540,523.0,0,0,0,0.969
AT00003769,A057,2025-01-14,9.0,8.85,540,531.0,0,0,0,0.983
AT00003770,A057,2025-01-15,9.0,8.87,540,532.0,0,0,0,0.985
AT00003771,A057,2025-01-16,9.0,8.82,540,529.0,0,0,0,0.98
AT00003772,A057,2025-01-17,9.0,8.9,540,534.0,0,0,0,0.989
AT00003773,A057,2025-01-18,9.0,8.87,540,532.0,0,0,0,0.985
AT00003774,A057,2025-01-20,9.0,8.88,540,533.0,0,0,0,0.987
AT00003775,A057,2025-01-21,9.0,8.95,540,537.0,0,0,0,0.994
AT00003776,A057,2025-01-22,9.0,8.9,540,534.0,0,0,0,0.989
AT00003777,A057,2025-01-23,9.0,8.63,540,518.0,0,10,0,0.959
AT00003778,A057,2025-01-24,9.0,8.93,540,536.0,0,0,0,0.993
AT00003779,A057,2025-01-27,9.0,8.83,540,530.0,0,0,0,0.981
AT00003780,A057,2025-01-28,9.0,8.9,540,534.0,0,0,0,0.989
AT00003781,A057,2025-01-29,9.0,0.0,540,0.0,1,0,540,0.0
AT00003782,A057,2025-01-30,9.0,8.75,540,525.0,0,0,10,0.972
AT00003783,A057,2025-01-31,9.0,8.87,540,532.0,0,0,0,0.985
AT00003784,A057,2025-02-03,9.0,9.0,540,540.0,0,0,0,1.0
AT00003785,A057,2025-02-04,9.0,8.77,540,526.0,0,0,5,0.974
AT00003786,A057,2025-02-05,9.0,8.87,540,532.0,0,0,0,0.985
AT00003787,A057,2025-02-06,9.0,8.8,540,528.0,0,0,0,0.978
AT00003788,A057,2025-02-07,9.0,8.98,540,539.0,0,0,0,0.998
AT00003789,A057,2025-02-10,9.0,8.9,540,534.0,0,0,5,0.989
AT00003790,A057,2025-02-11,9.0,8.77,540,526.0,0,0,0,0.974
AT00003791,A057,2025-02-12,9.0,8.92,540,535.0,0,0,0,0.991
AT00003792,A057,2025-02-13,9.0,8.8,540,528.0,0,0,0,0.978
AT00003793,A057,2025-02-14,9.0,8.95,540,537.0,0,0,0,0.994
AT00003794,A057,2025-02-17,9.0,0.0,540,0.0,1,0,540,0.0
AT00003795,A057,2025-02-18,9.0,8.88,540,533.0,0,0,0,0.987
AT00003796,A057,2025-02-20,9.0,8.87,540,532.0,0,0,0,0.985
AT00003797,A057,2025-02-21,9.0,8.92,540,535.0,0,0,0,0.991
AT00003798,A057,2025-02-24,9.0,8.48,540,509.0,0,0,15,0.943
AT00003799,A057,2025-02-25,9.0,8.87,540,532.0,0,0,0,0.985
AT00003800,A057,2025-02-26,9.0,8.95,540,537.0,0,0,0,0.994
AT00003801,A057,2025-02-27,9.0,8.42,540,505.0,0,0,30,0.935
AT00003802,A057,2025-02-28,9.0,8.57,540,514.0,0,15,0,0.952
AT00003803,A057,2025-03-02,9.0,8.87,540,532.0,0,0,2,0.985
AT00003804,A057,2025-03-03,9.0,8.9,540,534.0,0,0,0,0.989
AT00003805,A057,2025-03-04,9.0,8.92,540,535.0,0,0,0,0.991
AT00003806,A057,2025-03-05,9.0,8.87,540,532.0,0,0,0,0.985
AT00003807,A057,2025-03-06,9.0,8.98,540,539.0,0,0,0,0.998
AT00003808,A057,2025-03-07,9.0,0.0,540,0.0,1,0,540,0.0
AT00003809,A057,2025-03-10,9.0,8.9,540,534.0,0,0,0,0.989
AT00003810,A057,2025-03-11,9.0,8.85,540,531.0,0,0,0,0.983
AT00003811,A057,2025-03-12,9.0,8.93,540,536.0,0,0,0,0.993
AT00003812,A057,2025-03-13,9.0,8.95,540,537.0,0,0,0,0.994
AT00003813,A057,2025-03-14,9.0,8.9,540,534.0,0,0,0,0.989
AT00003814,A057,2025-03-17,9.0,8.85,540,531.0,0,0,0,0.983
AT00003815,A057,2025-03-18,9.0,8.88,540,533.0,0,0,0,0.987
AT00003816,A057,2025-03-19,9.0,8.47,540,508.0,0,15,10,0.941
AT00003817,A057,2025-03-20,9.0,8.88,540,533.0,0,0,0,0.987
AT00003818,A057,2025-03-21,9.0,8.85,540,531.0,0,0,0,0.983
AT00003819,A057,2025-03-24,9.0,8.72,540,523.0,0,5,0,0.969
AT00003820,A057,2025-03-25,9.0,9.0,540,540.0,0,0,0,1.0
AT00003821,A057,2025-03-26,9.0,8.93,540,536.0,0,0,0,0.993
AT00003822,A057,2025-03-27,9.0,8.77,540,526.0,0,0,0,0.974
AT00003823,A057,2025-03-28,9.0,8.9,540,534.0,0,0,0,0.989
AT00003824,A057,2025-03-31,9.0,8.93,540,536.0,0,0,0,0.993
AT00003825,A058,2025-01-01,9.0,8.97,540,538.0,0,0,0,0.996
AT00003826,A058,2025-01-02,9.0,8.97,540,538.0,0,0,0,0.996
AT00003827,A058,2025-01-03,9.0,8.93,540,536.0,0,0,0,0.993
AT00003828,A058,2025-01-06,9.0,8.92,540,535.0,0,0,0,0.991
AT00003829,A058,2025-01-07,9.0,8.88,540,533.0,0,0,0,0.987
AT00003830,A058,2025-01-08,9.0,8.83,540,530.0,0,0,0,0.981
AT00003831,A058,2025-01-09,9.0,8.95,540,537.0,0,0,0,0.994
AT00003832,A058,2025-01-10,9.0,8.78,540,527.0,0,0,0,0.976
AT00003833,A058,2025-01-13,9.0,8.85,540,531.0,0,0,0,0.983
AT00003834,A058,2025-01-14,9.0,8.83,540,530.0,0,0,0,0.981
AT00003835,A058,2025-01-15,9.0,8.78,540,527.0,0,0,0,0.976
AT00003836,A058,2025-01-16,9.0,0.0,540,0.0,1,0,540,0.0
AT00003837,A058,2025-01-17,9.0,8.8,540,528.0,0,0,0,0.978
AT00003838,A058,2025-01-20,9.0,8.88,540,533.0,0,0,0,0.987
AT00003839,A058,2025-01-21,9.0,0.0,540,0.0,1,0,540,0.0
AT00003840,A058,2025-01-23,9.0,8.82,540,529.0,0,5,0,0.98
AT00003841,A058,2025-01-24,9.0,8.78,540,527.0,0,0,0,0.976
AT00003842,A058,2025-01-27,9.0,8.85,540,531.0,0,0,0,0.983
AT00003843,A058,2025-01-28,9.0,8.87,540,532.0,0,0,0,0.985
AT00003844,A058,2025-01-29,9.0,8.83,540,530.0,0,0,0,0.981
AT00003845,A058,2025-01-30,9.0,8.82,540,529.0,0,10,0,0.98
AT00003846,A058,2025-02-03,9.0,8.68,540,521.0,0,0,15,0.965
AT00003847,A058,2025-02-04,9.0,8.62,540,517.0,0,0,0,0.957
AT00003848,A058,2025-02-05,9.0,8.75,540,525.0,0,0,0,0.972
AT00003849,A058,2025-02-06,9.0,8.83,540,530.0,0,0,0,0.981
AT00003850,A058,2025-02-07,9.0,8.85,540,531.0,0,0,0,0.983
AT00003851,A058,2025-02-10,9.0,8.93,540,536.0,0,0,0,0.993
AT00003852,A058,2025-02-11,9.0,8.92,540,535.0,0,0,0,0.991
AT00003853,A058,2025-02-12,9.0,8.97,540,538.0,0,0,0,0.996
AT00003854,A058,2025-02-13,9.0,8.67,540,520.0,0,0,10,0.963
AT00003855,A058,2025-02-14,9.0,8.82,540,529.0,0,0,0,0.98
AT00003856,A058,2025-02-15,9.0,8.82,540,529.0,0,0,0,0.98
AT00003857,A058,2025-02-17,9.0,8.88,540,533.0,0,0,0,0.987
AT00003858,A058,2025-02-18,9.0,8.83,540,530.0,0,0,0,0.981
AT00003859,A058,2025-02-19,9.0,8.8,540,528.0,0,0,0,0.978
AT00003860,A058,2025-02-20,9.0,0.0,540,0.0,1,0,540,0.0
AT00003861,A058,2025-02-21,9.0,8.98,540,539.0,0,0,0,0.998
AT00003862,A058,2025-02-23,9.0,8.82,540,529.0,0,0,5,0.98
AT00003863,A058,2025-02-24,9.0,8.75,540,525.0,0,0,3,0.972
AT00003864,A058,2025-02-25,9.0,8.72,540,523.0,0,0,5,0.969
AT00003865,A058,2025-02-26,9.0,8.87,540,532.0,0,0,0,0.985
AT00003866,A058,2025-02-27,9.0,8.83,540,530.0,0,0,5,0.981
AT00003867,A058,2025-02-28,9.0,8.2,540,492.0,0,5,30,0.911
AT00003868,A058,2025-03-02,9.0,8.8,540,528.0,0,0,0,0.978
AT00003869,A058,2025-03-03,9.0,8.72,540,523.0,0,0,10,0.969
AT00003870,A058,2025-03-04,9.0,8.83,540,530.0,0,0,0,0.981
AT00003871,A058,2025-03-05,9.0,8.58,540,515.0,0,0,15,0.954
AT00003872,A058,2025-03-06,9.0,8.82,540,529.0,0,0,0,0.98
AT00003873,A058,2025-03-07,9.0,8.82,540,529.0,0,0,0,0.98
AT00003874,A058,2025-03-10,9.0,8.88,540,533.0,0,0,0,0.987
AT00003875,A058,2025-03-12,9.0,8.75,540,525.0,0,0,0,0.972
AT00003876,A058,2025-03-13,9.0,8.77,540,526.0,0,5,0,0.974
AT00003877,A058,2025-03-14,9.0,0.0,540,0.0,1,0,540,0.0
AT00003878,A058,2025-03-17,9.0,8.92,540,535.0,0,0,0,0.991
AT00003879,A058,2025-03-18,9.0,8.97,540,538.0,0,0,0,0.996
AT00003880,A058,2025-03-19,9.0,8.75,540,525.0,0,0,0,0.972
AT00003881,A058,2025-03-20,9.0,8.98,540,539.0,0,0,0,0.998
AT00003882,A058,2025-03-21,9.0,8.63,540,518.0,0,0,15,0.959
AT00003883,A058,2025-03-22,9.0,8.82,540,529.0,0,5,0,0.98
AT00003884,A058,2025-03-24,9.0,8.83,540,530.0,0,0,0,0.981
AT00003885,A058,2025-03-25,9.0,8.92,540,535.0,0,0,0,0.991
AT00003886,A058,2025-03-26,9.0,8.97,540,538.0,0,0,0,0.996
AT00003887,A058,2025-03-27,9.0,8.88,540,533.0,0,0,0,0.987
AT00003888,A058,2025-03-28,9.0,8.9,540,534.0,0,0,0,0.989
AT00003889,A058,2025-03-31,9.0,8.93,540,536.0,0,0,0,0.993
AT00003890,A059,2025-01-01,9.0,8.97,540,538.0,0,0,0,0.996
AT00003891,A059,2025-01-02,9.0,8.72,540,523.0,0,0,0,0.969
AT00003892,A059,2025-01-03,9.0,8.87,540,532.0,0,0,0,0.985
AT00003893,A059,2025-01-05,9.0,8.93,540,536.0,0,0,0,0.993
AT00003894,A059,2025-01-06,9.0,8.87,540,532.0,0,0,6,0.985
AT00003895,A059,2025-01-07,9.0,9.0,540,540.0,0,0,0,1.0
AT00003896,A059,2025-01-08,9.0,8.45,540,507.0,0,0,30,0.939
AT00003897,A059,2025-01-09,9.0,8.98,540,539.0,0,0,0,0.998
AT00003898,A059,2025-01-10,9.0,8.78,540,527.0,0,0,5,0.976
AT00003899,A059,2025-01-11,9.0,8.98,540,539.0,0,0,0,0.998
AT00003900,A059,2025-01-13,9.0,9.0,540,540.0,0,0,0,1.0
AT00003901,A059,2025-01-14,9.0,9.0,540,540.0,0,0,0,1.0
AT00003902,A059,2025-01-15,9.0,0.0,540,0.0,1,0,540,0.0
AT00003903,A059,2025-01-16,9.0,8.87,540,532.0,0,0,0,0.985
AT00003904,A059,2025-01-17,9.0,8.82,540,529.0,0,0,0,0.98
AT00003905,A059,2025-01-19,9.0,8.77,540,526.0,0,0,0,0.974
AT00003906,A059,2025-01-20,9.0,0.0,540,0.0,1,0,540,0.0
AT00003907,A059,2025-01-21,9.0,8.75,540,525.0,0,5,0,0.972
AT00003908,A059,2025-01-22,9.0,8.62,540,517.0,0,5,10,0.957
AT00003909,A059,2025-01-23,9.0,8.85,540,531.0,0,0,0,0.983
AT00003910,A059,2025-01-24,9.0,8.72,540,523.0,0,0,10,0.969
AT00003911,A059,2025-01-27,9.0,8.9,540,534.0,0,0,0,0.989
AT00003912,A059,2025-01-28,9.0,8.88,540,533.0,0,0,0,0.987
AT00003913,A059,2025-01-29,9.0,8.97,540,538.0,0,0,0,0.996
AT00003914,A059,2025-01-30,9.0,8.78,540,527.0,0,0,0,0.976
AT00003915,A059,2025-01-31,9.0,8.8,540,528.0,0,0,0,0.978
AT00003916,A059,2025-02-03,9.0,8.88,540,533.0,0,0,0,0.987
AT00003917,A059,2025-02-04,9.0,0.0,540,0.0,1,0,540,0.0
AT00003918,A059,2025-02-05,9.0,8.63,540,518.0,0,15,0,0.959
AT00003919,A059,2025-02-06,9.0,0.0,540,0.0,1,0,540,0.0
AT00003920,A059,2025-02-07,9.0,8.85,540,531.0,0,0,0,0.983
AT00003921,A059,2025-02-10,9.0,8.68,540,521.0,0,0,15,0.965
AT00003922,A059,2025-02-11,9.0,8.5,540,510.0,0,15,0,0.944
AT00003923,A059,2025-02-13,9.0,8.92,540,535.0,0,0,0,0.991
AT00003924,A059,2025-02-14,9.0,8.82,540,529.0,0,0,0,0.98
AT00003925,A059,2025-02-17,9.0,8.9,540,534.0,0,0,0,0.989
AT00003926,A059,2025-02-18,9.0,0.0,540,0.0,1,0,540,0.0
AT00003927,A059,2025-02-19,9.0,8.78,540,527.0,0,10,0,0.976
AT00003928,A059,2025-02-20,9.0,8.85,540,531.0,0,0,0,0.983
AT00003929,A059,2025-02-21,9.0,8.78,540,527.0,0,10,0,0.976
AT00003930,A059,2025-02-24,9.0,8.87,540,532.0,0,0,0,0.985
AT00003931,A059,2025-02-25,9.0,8.95,540,537.0,0,0,0,0.994
AT00003932,A059,2025-02-26,9.0,8.9,540,534.0,0,0,0,0.989
AT00003933,A059,2025-02-27,9.0,8.87,540,532.0,0,0,0,0.985
AT00003934,A059,2025-02-28,9.0,8.82,540,529.0,0,0,0,0.98
AT00003935,A059,2025-03-01,9.0,8.88,540,533.0,0,0,0,0.987
AT00003936,A059,2025-03-03,9.0,8.4,540,504.0,0,30,0,0.933
AT00003937,A059,2025-03-04,9.0,8.85,540,531.0,0,5,0,0.983
AT00003938,A059,2025-03-05,9.0,8.83,540,530.0,0,5,0,0.981
AT00003939,A059,2025-03-06,9.0,8.37,540,502.0,0,15,0,0.93
AT00003940,A059,2025-03-07,9.0,8.62,540,517.0,0,0,15,0.957
AT00003941,A059,2025-03-08,9.0,8.87,540,532.0,0,5,1,0.985
AT00003942,A059,2025-03-10,9.0,8.92,540,535.0,0,0,0,0.991
AT00003943,A059,2025-03-11,9.0,8.85,540,531.0,0,0,0,0.983
AT00003944,A059,2025-03-12,9.0,8.82,540,529.0,0,0,0,0.98
AT00003945,A059,2025-03-13,9.0,8.88,540,533.0,0,0,0,0.987
AT00003946,A059,2025-03-14,9.0,8.92,540,535.0,0,0,0,0.991
AT00003947,A059,2025-03-16,9.0,8.8,540,528.0,0,0,5,0.978
AT00003948,A059,2025-03-17,9.0,9.0,540,540.0,0,0,0,1.0
AT00003949,A059,2025-03-18,9.0,8.85,540,531.0,0,0,0,0.983
AT00003950,A059,2025-03-19,9.0,8.78,540,527.0,0,0,0,0.976
AT00003951,A059,2025-03-20,9.0,8.87,540,532.0,0,0,0,0.985
AT00003952,A059,2025-03-21,9.0,8.92,540,535.0,0,0,0,0.991
AT00003953,A059,2025-03-24,9.0,8.5,540,510.0,0,0,10,0.944
AT00003954,A059,2025-03-25,9.0,8.93,540,536.0,0,0,0,0.993
AT00003955,A059,2025-03-26,9.0,8.97,540,538.0,0,0,0,0.996
AT00003956,A059,2025-03-27,9.0,8.8,540,528.0,0,10,0,0.978
AT00003957,A059,2025-03-28,9.0,8.98,540,539.0,0,0,0,0.998
AT00003958,A059,2025-03-29,9.0,8.85,540,531.0,0,0,0,0.983
AT00003959,A059,2025-03-31,9.0,8.98,540,539.0,0,0,0,0.998
AT00003960,A060,2025-01-01,9.0,8.9,540,534.0,0,0,0,0.989
AT00003961,A060,2025-01-02,9.0,8.73,540,524.0,0,0,0,0.97
AT00003962,A060,2025-01-03,9.0,8.97,540,538.0,0,0,0,0.996
AT00003963,A060,2025-01-06,9.0,8.88,540,533.0,0,0,0,0.987
AT00003964,A060,2025-01-07,9.0,8.9,540,534.0,0,0,0,0.989
AT00003965,A060,2025-01-08,9.0,8.92,540,535.0,0,0,0,0.991
AT00003966,A060,2025-01-09,9.0,8.75,540,525.0,0,10,0,0.972
AT00003967,A060,2025-01-10,9.0,8.33,540,500.0,0,15,10,0.926
AT00003968,A060,2025-01-13,9.0,8.85,540,531.0,0,0,0,0.983
AT00003969,A060,2025-01-14,9.0,8.83,540,530.0,0,0,0,0.981
AT00003970,A060,2025-01-15,9.0,8.65,540,519.0,0,0,10,0.961
AT00003971,A060,2025-01-16,9.0,8.7,540,522.0,0,0,5,0.967
AT00003972,A060,2025-01-17,9.0,8.88,540,533.0,0,0,0,0.987
AT00003973,A060,2025-01-20,9.0,8.87,540,532.0,0,0,0,0.985
AT00003974,A060,2025-01-22,9.0,8.77,540,526.0,0,0,0,0.974
AT00003975,A060,2025-01-23,9.0,8.77,540,526.0,0,5,0,0.974
AT00003976,A060,2025-01-24,9.0,8.9,540,534.0,0,0,0,0.989
AT00003977,A060,2025-01-25,9.0,8.87,540,532.0,0,0,0,0.985
AT00003978,A060,2025-01-27,9.0,8.8,540,528.0,0,5,0,0.978
AT00003979,A060,2025-01-28,9.0,8.88,540,533.0,0,0,0,0.987
AT00003980,A060,2025-01-29,9.0,8.45,540,507.0,0,0,30,0.939
AT00003981,A060,2025-01-30,9.0,8.97,540,538.0,0,0,0,0.996
AT00003982,A060,2025-01-31,9.0,8.85,540,531.0,0,0,0,0.983
AT00003983,A060,2025-02-01,9.0,8.87,540,532.0,0,0,0,0.985
AT00003984,A060,2025-02-03,9.0,8.75,540,525.0,0,0,0,0.972
AT00003985,A060,2025-02-04,9.0,8.7,540,522.0,0,0,10,0.967
AT00003986,A060,2025-02-05,9.0,8.78,540,527.0,0,0,0,0.976
AT00003987,A060,2025-02-06,9.0,8.7,540,522.0,0,5,0,0.967
AT00003988,A060,2025-02-07,9.0,8.37,540,502.0,0,30,0,0.93
AT00003989,A060,2025-02-10,9.0,8.95,540,537.0,0,0,0,0.994
AT00003990,A060,2025-02-11,9.0,8.93,540,536.0,0,0,0,0.993
AT00003991,A060,2025-02-12,9.0,8.9,540,534.0,0,0,0,0.989
AT00003992,A060,2025-02-13,9.0,8.88,540,533.0,0,0,0,0.987
AT00003993,A060,2025-02-14,9.0,8.85,540,531.0,0,0,0,0.983
AT00003994,A060,2025-02-15,9.0,8.88,540,533.0,0,0,0,0.987
AT00003995,A060,2025-02-17,9.0,8.72,540,523.0,0,5,0,0.969
AT00003996,A060,2025-02-18,9.0,8.82,540,529.0,0,0,0,0.98
AT00003997,A060,2025-02-19,9.0,8.85,540,531.0,0,0,0,0.983
AT00003998,A060,2025-02-20,9.0,8.88,540,533.0,0,0,0,0.987
AT00003999,A060,2025-02-21,9.0,8.92,540,535.0,0,0,0,0.991
AT00004000,A060,2025-02-23,9.0,8.82,540,529.0,0,0,0,0.98
AT00004001,A060,2025-02-24,9.0,8.87,540,532.0,0,0,5,0.985
AT00004002,A060,2025-02-25,9.0,8.78,540,527.0,0,0,0,0.976
AT00004003,A060,2025-02-26,9.0,8.93,540,536.0,0,0,0,0.993
AT00004004,A060,2025-02-27,9.0,8.8,540,528.0,0,0,0,0.978
AT00004005,A060,2025-02-28,9.0,8.3,540,498.0,0,30,0,0.922
AT00004006,A060,2025-03-03,9.0,8.85,540,531.0,0,0,0,0.983
AT00004007,A060,2025-03-04,9.0,8.68,540,521.0,0,10,0,0.965
AT00004008,A060,2025-03-05,9.0,0.0,540,0.0,1,0,540,0.0
AT00004009,A060,2025-03-06,9.0,8.88,540,533.0,0,0,0,0.987
AT00004010,A060,2025-03-07,9.0,8.9,540,534.0,0,0,0,0.989
AT00004011,A060,2025-03-10,9.0,8.37,540,502.0,0,5,30,0.93
AT00004012,A060,2025-03-11,9.0,8.6,540,516.0,0,10,5,0.956
AT00004013,A060,2025-03-12,9.0,8.83,540,530.0,0,0,0,0.981
AT00004014,A060,2025-03-13,9.0,8.93,540,536.0,0,0,0,0.993
AT00004015,A060,2025-03-14,9.0,8.38,540,503.0,0,30,0,0.931
AT00004016,A060,2025-03-18,9.0,8.87,540,532.0,0,0,0,0.985
AT00004017,A060,2025-03-19,9.0,8.67,540,520.0,0,0,0,0.963
AT00004018,A060,2025-03-20,9.0,8.83,540,530.0,0,0,0,0.981
AT00004019,A060,2025-03-21,9.0,8.93,540,536.0,0,0,0,0.993
AT00004020,A060,2025-03-24,9.0,8.77,540,526.0,0,5,0,0.974
AT00004021,A060,2025-03-25,9.0,8.8,540,528.0,0,0,0,0.978
AT00004022,A060,2025-03-26,9.0,8.9,540,534.0,0,0,0,0.989
AT00004023,A060,2025-03-27,9.0,8.82,540,529.0,0,0,0,0.98
AT00004024,A060,2025-03-28,9.0,8.88,540,533.0,0,0,0,0.987
AT00004025,A060,2025-03-31,9.0,8.87,540,532.0,0,5,0,0.985
AT00004026,A061,2025-01-01,9.0,8.88,540,533.0,0,0,0,0.987
AT00004027,A061,2025-01-02,9.0,8.98,540,539.0,0,0,0,0.998
AT00004028,A061,2025-01-03,9.0,8.83,540,530.0,0,0,0,0.981
AT00004029,A061,2025-01-04,9.0,8.88,540,533.0,0,0,0,0.987
AT00004030,A061,2025-01-06,9.0,8.88,540,533.0,0,0,0,0.987
AT00004031,A061,2025-01-07,9.0,8.68,540,521.0,0,10,0,0.965
AT00004032,A061,2025-01-08,9.0,8.88,540,533.0,0,0,0,0.987
AT00004033,A061,2025-01-09,9.0,8.73,540,524.0,0,0,10,0.97
AT00004034,A061,2025-01-10,9.0,0.0,540,0.0,1,0,540,0.0
AT00004035,A061,2025-01-13,9.0,8.92,540,535.0,0,0,0,0.991
AT00004036,A061,2025-01-14,9.0,8.95,540,537.0,0,0,0,0.994
AT00004037,A061,2025-01-15,9.0,8.93,540,536.0,0,0,0,0.993
AT00004038,A061,2025-01-16,9.0,8.8,540,528.0,0,0,0,0.978
AT00004039,A061,2025-01-17,9.0,8.77,540,526.0,0,10,0,0.974
AT00004040,A061,2025-01-21,9.0,8.93,540,536.0,0,0,0,0.993
AT00004041,A061,2025-01-22,9.0,8.97,540,538.0,0,0,0,0.996
AT00004042,A061,2025-01-23,9.0,0.0,540,0.0,1,0,540,0.0
AT00004043,A061,2025-01-24,9.0,8.78,540,527.0,0,5,0,0.976
AT00004044,A061,2025-01-27,9.0,8.85,540,531.0,0,0,0,0.983
AT00004045,A061,2025-01-28,9.0,7.88,540,473.0,0,30,30,0.876
AT00004046,A061,2025-01-29,9.0,8.75,540,525.0,0,0,10,0.972
AT00004047,A061,2025-01-30,9.0,0.0,540,0.0,1,0,540,0.0
AT00004048,A061,2025-01-31,9.0,8.88,540,533.0,0,0,0,0.987
AT00004049,A061,2025-02-03,9.0,8.73,540,524.0,0,0,0,0.97
AT00004050,A061,2025-02-04,9.0,8.4,540,504.0,0,0,30,0.933
AT00004051,A061,2025-02-05,9.0,8.85,540,531.0,0,0,0,0.983
AT00004052,A061,2025-02-06,9.0,8.8,540,528.0,0,0,0,0.978
AT00004053,A061,2025-02-07,9.0,8.92,540,535.0,0,0,0,0.991
AT00004054,A061,2025-02-10,9.0,8.8,540,528.0,0,0,0,0.978
AT00004055,A061,2025-02-11,9.0,8.82,540,529.0,0,0,0,0.98
AT00004056,A061,2025-02-12,9.0,8.92,540,535.0,0,0,5,0.991
AT00004057,A061,2025-02-13,9.0,8.83,540,530.0,0,0,0,0.981
AT00004058,A061,2025-02-14,9.0,8.35,540,501.0,0,30,0,0.928
AT00004059,A061,2025-02-17,9.0,8.9,540,534.0,0,0,0,0.989
AT00004060,A061,2025-02-18,9.0,8.88,540,533.0,0,0,0,0.987
AT00004061,A061,2025-02-19,9.0,8.92,540,535.0,0,0,0,0.991
AT00004062,A061,2025-02-20,9.0,8.77,540,526.0,0,0,5,0.974
AT00004063,A061,2025-02-21,9.0,8.82,540,529.0,0,0,0,0.98
AT00004064,A061,2025-02-24,9.0,8.95,540,537.0,0,0,0,0.994
AT00004065,A061,2025-02-25,9.0,8.8,540,528.0,0,0,0,0.978
AT00004066,A061,2025-02-26,9.0,8.85,540,531.0,0,0,0,0.983
AT00004067,A061,2025-02-27,9.0,8.88,540,533.0,0,0,0,0.987
AT00004068,A061,2025-02-28,9.0,8.33,540,500.0,0,0,30,0.926
AT00004069,A061,2025-03-03,9.0,8.85,540,531.0,0,0,0,0.983
AT00004070,A061,2025-03-04,9.0,8.37,540,502.0,0,0,30,0.93
AT00004071,A061,2025-03-05,9.0,8.78,540,527.0,0,5,0,0.976
AT00004072,A061,2025-03-06,9.0,8.63,540,518.0,0,0,5,0.959
AT00004073,A061,2025-03-07,9.0,8.9,540,534.0,0,0,0,0.989
AT00004074,A061,2025-03-09,9.0,8.97,540,538.0,0,0,0,0.996
AT00004075,A061,2025-03-10,9.0,8.93,540,536.0,0,0,0,0.993
AT00004076,A061,2025-03-11,9.0,8.87,540,532.0,0,0,1,0.985
AT00004077,A061,2025-03-12,9.0,8.85,540,531.0,0,0,0,0.983
AT00004078,A061,2025-03-13,9.0,8.78,540,527.0,0,10,0,0.976
AT00004079,A061,2025-03-14,9.0,8.9,540,534.0,0,0,0,0.989
AT00004080,A061,2025-03-16,9.0,8.93,540,536.0,0,0,1,0.993
AT00004081,A061,2025-03-17,9.0,8.92,540,535.0,0,0,0,0.991
AT00004082,A061,2025-03-18,9.0,8.93,540,536.0,0,0,0,0.993
AT00004083,A061,2025-03-19,9.0,8.93,540,536.0,0,0,0,0.993
AT00004084,A061,2025-03-20,9.0,8.95,540,537.0,0,0,0,0.994
AT00004085,A061,2025-03-21,9.0,8.67,540,520.0,0,0,5,0.963
AT00004086,A061,2025-03-24,9.0,8.83,540,530.0,0,0,0,0.981
AT00004087,A061,2025-03-25,9.0,8.87,540,532.0,0,0,0,0.985
AT00004088,A061,2025-03-26,9.0,8.85,540,531.0,0,0,0,0.983
AT00004089,A061,2025-03-27,9.0,0.0,540,0.0,1,0,540,0.0
AT00004090,A061,2025-03-28,9.0,8.77,540,526.0,0,0,0,0.974
AT00004091,A061,2025-03-31,9.0,8.82,540,529.0,0,0,0,0.98
AT00004092,A062,2025-01-01,9.0,8.85,540,531.0,0,0,0,0.983
AT00004093,A062,2025-01-02,9.0,0.0,540,0.0,1,0,540,0.0
AT00004094,A062,2025-01-03,9.0,8.97,540,538.0,0,0,0,0.996
AT00004095,A062,2025-01-06,9.0,8.83,540,530.0,0,0,0,0.981
AT00004096,A062,2025-01-07,9.0,8.98,540,539.0,0,0,0,0.998
AT00004097,A062,2025-01-08,9.0,8.82,540,529.0,0,0,0,0.98
AT00004098,A062,2025-01-09,9.0,8.87,540,532.0,0,0,0,0.985
AT00004099,A062,2025-01-10,9.0,8.95,540,537.0,0,0,0,0.994
AT00004100,A062,2025-01-13,9.0,8.82,540,529.0,0,0,0,0.98
AT00004101,A062,2025-01-14,9.0,8.95,540,537.0,0,0,0,0.994
AT00004102,A062,2025-01-15,9.0,8.77,540,526.0,0,0,0,0.974
AT00004103,A062,2025-01-16,9.0,8.82,540,529.0,0,0,1,0.98
AT00004104,A062,2025-01-17,9.0,8.93,540,536.0,0,0,0,0.993
AT00004105,A062,2025-01-18,9.0,8.97,540,538.0,0,0,0,0.996
AT00004106,A062,2025-01-20,9.0,8.92,540,535.0,0,0,0,0.991
AT00004107,A062,2025-01-21,9.0,8.72,540,523.0,0,0,0,0.969
AT00004108,A062,2025-01-22,9.0,8.77,540,526.0,0,0,0,0.974
AT00004109,A062,2025-01-23,9.0,8.88,540,533.0,0,0,0,0.987
AT00004110,A062,2025-01-24,9.0,8.97,540,538.0,0,0,0,0.996
AT00004111,A062,2025-01-26,9.0,8.77,540,526.0,0,0,0,0.974
AT00004112,A062,2025-01-27,9.0,8.92,540,535.0,0,0,0,0.991
AT00004113,A062,2025-01-28,9.0,8.8,540,528.0,0,0,0,0.978
AT00004114,A062,2025-01-29,9.0,8.82,540,529.0,0,0,0,0.98
AT00004115,A062,2025-01-30,9.0,8.87,540,532.0,0,0,0,0.985
AT00004116,A062,2025-01-31,9.0,8.98,540,539.0,0,0,0,0.998
AT00004117,A062,2025-02-03,9.0,8.95,540,537.0,0,0,0,0.994
AT00004118,A062,2025-02-04,9.0,8.82,540,529.0,0,0,0,0.98
AT00004119,A062,2025-02-05,9.0,8.98,540,539.0,0,0,0,0.998
AT00004120,A062,2025-02-06,9.0,8.87,540,532.0,0,0,0,0.985
AT00004121,A062,2025-02-07,9.0,8.72,540,523.0,0,10,0,0.969
AT00004122,A062,2025-02-10,9.0,8.9,540,534.0,0,0,0,0.989
AT00004123,A062,2025-02-11,9.0,8.87,540,532.0,0,0,0,0.985
AT00004124,A062,2025-02-12,9.0,0.0,540,0.0,1,0,540,0.0
AT00004125,A062,2025-02-13,9.0,0.0,540,0.0,1,0,540,0.0
AT00004126,A062,2025-02-14,9.0,8.78,540,527.0,0,0,0,0.976
AT00004127,A062,2025-02-16,9.0,8.95,540,537.0,0,0,0,0.994
AT00004128,A062,2025-02-17,9.0,8.92,540,535.0,0,0,0,0.991
AT00004129,A062,2025-02-18,9.0,8.8,540,528.0,0,5,0,0.978
AT00004130,A062,2025-02-19,9.0,8.45,540,507.0,0,30,0,0.939
AT00004131,A062,2025-02-20,9.0,8.82,540,529.0,0,0,0,0.98
AT00004132,A062,2025-02-21,9.0,8.97,540,538.0,0,0,0,0.996
AT00004133,A062,2025-02-23,9.0,8.87,540,532.0,0,0,0,0.985
AT00004134,A062,2025-02-24,9.0,8.8,540,528.0,0,0,0,0.978
AT00004135,A062,2025-02-25,9.0,8.82,540,529.0,0,0,0,0.98
AT00004136,A062,2025-02-26,9.0,8.85,540,531.0,0,5,0,0.983
AT00004137,A062,2025-02-27,9.0,8.53,540,512.0,0,0,15,0.948
AT00004138,A062,2025-02-28,9.0,8.95,540,537.0,0,0,0,0.994
AT00004139,A062,2025-03-03,9.0,8.83,540,530.0,0,0,0,0.981
AT00004140,A062,2025-03-05,9.0,8.68,540,521.0,0,0,10,0.965
AT00004141,A062,2025-03-06,9.0,8.98,540,539.0,0,0,0,0.998
AT00004142,A062,2025-03-07,9.0,8.88,540,533.0,0,0,0,0.987
AT00004143,A062,2025-03-10,9.0,8.93,540,536.0,0,0,0,0.993
AT00004144,A062,2025-03-11,9.0,0.0,540,0.0,1,0,540,0.0
AT00004145,A062,2025-03-12,9.0,8.93,540,536.0,0,0,0,0.993
AT00004146,A062,2025-03-13,9.0,8.87,540,532.0,0,0,0,0.985
AT00004147,A062,2025-03-14,9.0,8.43,540,506.0,0,0,30,0.937
AT00004148,A062,2025-03-16,9.0,8.88,540,533.0,0,0,0,0.987
AT00004149,A062,2025-03-18,9.0,8.8,540,528.0,0,0,0,0.978
AT00004150,A062,2025-03-19,9.0,8.42,540,505.0,0,0,30,0.935
AT00004151,A062,2025-03-20,9.0,8.95,540,537.0,0,0,0,0.994
AT00004152,A062,2025-03-21,9.0,8.87,540,532.0,0,0,0,0.985
AT00004153,A062,2025-03-24,9.0,8.8,540,528.0,0,5,0,0.978
AT00004154,A062,2025-03-25,9.0,8.8,540,528.0,0,0,5,0.978
AT00004155,A062,2025-03-26,9.0,8.75,540,525.0,0,10,0,0.972
AT00004156,A062,2025-03-28,9.0,8.8,540,528.0,0,0,0,0.978
AT00004157,A062,2025-03-29,9.0,8.82,540,529.0,0,0,0,0.98
AT00004158,A062,2025-03-30,9.0,8.83,540,530.0,0,0,0,0.981
AT00004159,A062,2025-03-31,9.0,8.65,540,519.0,0,5,0,0.961
AT00004160,A063,2025-01-01,9.0,8.95,540,537.0,0,0,0,0.994
AT00004161,A063,2025-01-03,9.0,8.63,540,518.0,0,0,10,0.959
AT00004162,A063,2025-01-04,9.0,8.68,540,521.0,0,0,5,0.965
AT00004163,A063,2025-01-05,9.0,8.83,540,530.0,0,0,0,0.981
AT00004164,A063,2025-01-06,9.0,8.68,540,521.0,0,10,0,0.965
AT00004165,A063,2025-01-08,9.0,8.93,540,536.0,0,0,0,0.993
AT00004166,A063,2025-01-09,9.0,8.58,540,515.0,0,0,10,0.954
AT00004167,A063,2025-01-10,9.0,8.93,540,536.0,0,0,0,0.993
AT00004168,A063,2025-01-13,9.0,8.88,540,533.0,0,0,0,0.987
AT00004169,A063,2025-01-14,9.0,8.85,540,531.0,0,0,0,0.983
AT00004170,A063,2025-01-15,9.0,8.78,540,527.0,0,0,0,0.976
AT00004171,A063,2025-01-16,9.0,0.0,540,0.0,1,0,540,0.0
AT00004172,A063,2025-01-17,9.0,8.68,540,521.0,0,0,0,0.965
AT00004173,A063,2025-01-20,9.0,8.92,540,535.0,0,0,0,0.991
AT00004174,A063,2025-01-21,9.0,0.0,540,0.0,1,0,540,0.0
AT00004175,A063,2025-01-22,9.0,8.85,540,531.0,0,0,0,0.983
AT00004176,A063,2025-01-23,9.0,8.35,540,501.0,0,0,30,0.928
AT00004177,A063,2025-01-24,9.0,8.83,540,530.0,0,0,0,0.981
AT00004178,A063,2025-01-25,9.0,8.85,540,531.0,0,0,0,0.983
AT00004179,A063,2025-01-27,9.0,8.92,540,535.0,0,0,0,0.991
AT00004180,A063,2025-01-28,9.0,8.8,540,528.0,0,0,0,0.978
AT00004181,A063,2025-01-29,9.0,8.93,540,536.0,0,0,0,0.993
AT00004182,A063,2025-01-30,9.0,8.85,540,531.0,0,0,5,0.983
AT00004183,A063,2025-01-31,9.0,8.92,540,535.0,0,0,0,0.991
AT00004184,A063,2025-02-02,9.0,8.77,540,526.0,0,0,5,0.974
AT00004185,A063,2025-02-03,9.0,8.7,540,522.0,0,5,0,0.967
AT00004186,A063,2025-02-04,9.0,8.82,540,529.0,0,5,0,0.98
AT00004187,A063,2025-02-06,9.0,8.98,540,539.0,0,0,0,0.998
AT00004188,A063,2025-02-07,9.0,0.0,540,0.0,1,0,540,0.0
AT00004189,A063,2025-02-09,9.0,8.78,540,527.0,0,0,0,0.976
AT00004190,A063,2025-02-10,9.0,8.83,540,530.0,0,0,0,0.981
AT00004191,A063,2025-02-11,9.0,8.37,540,502.0,0,30,0,0.93
AT00004192,A063,2025-02-12,9.0,8.73,540,524.0,0,0,10,0.97
AT00004193,A063,2025-02-13,9.0,8.82,540,529.0,0,0,0,0.98
AT00004194,A063,2025-02-14,9.0,8.75,540,525.0,0,5,1,0.972
AT00004195,A063,2025-02-17,9.0,8.85,540,531.0,0,0,0,0.983
AT00004196,A063,2025-02-18,9.0,8.87,540,532.0,0,5,0,0.985
AT00004197,A063,2025-02-19,9.0,8.92,540,535.0,0,0,0,0.991
AT00004198,A063,2025-02-21,9.0,8.83,540,530.0,0,0,0,0.981
AT00004199,A063,2025-02-24,9.0,8.8,540,528.0,0,0,0,0.978
AT00004200,A063,2025-02-25,9.0,8.93,540,536.0,0,0,0,0.993
AT00004201,A063,2025-02-26,9.0,8.95,540,537.0,0,0,0,0.994
AT00004202,A063,2025-02-27,9.0,8.88,540,533.0,0,0,0,0.987
AT00004203,A063,2025-02-28,9.0,8.72,540,523.0,0,0,0,0.969
AT00004204,A063,2025-03-03,9.0,8.82,540,529.0,0,0,0,0.98
AT00004205,A063,2025-03-04,9.0,8.95,540,537.0,0,0,0,0.994
AT00004206,A063,2025-03-05,9.0,8.68,540,521.0,0,0,15,0.965
AT00004207,A063,2025-03-06,9.0,8.78,540,527.0,0,0,0,0.976
AT00004208,A063,2025-03-07,9.0,8.93,540,536.0,0,0,0,0.993
AT00004209,A063,2025-03-10,9.0,8.92,540,535.0,0,0,0,0.991
AT00004210,A063,2025-03-11,9.0,8.93,540,536.0,0,0,0,0.993
AT00004211,A063,2025-03-12,9.0,8.7,540,522.0,0,10,0,0.967
AT00004212,A063,2025-03-13,9.0,8.8,540,528.0,0,0,0,0.978
AT00004213,A063,2025-03-14,9.0,8.85,540,531.0,0,0,0,0.983
AT00004214,A063,2025-03-17,9.0,8.42,540,505.0,0,30,0,0.935
AT00004215,A063,2025-03-18,9.0,8.87,540,532.0,0,0,0,0.985
AT00004216,A063,2025-03-19,9.0,8.93,540,536.0,0,0,0,0.993
AT00004217,A063,2025-03-20,9.0,8.9,540,534.0,0,0,0,0.989
AT00004218,A063,2025-03-21,9.0,8.83,540,530.0,0,0,0,0.981
AT00004219,A063,2025-03-24,9.0,8.9,540,534.0,0,0,0,0.989
AT00004220,A063,2025-03-25,9.0,8.78,540,527.0,0,0,5,0.976
AT00004221,A063,2025-03-26,9.0,8.9,540,534.0,0,0,0,0.989
AT00004222,A063,2025-03-27,9.0,8.58,540,515.0,0,10,0,0.954
AT00004223,A063,2025-03-28,9.0,8.92,540,535.0,0,0,0,0.991
AT00004224,A063,2025-03-30,9.0,8.9,540,534.0,0,0,0,0.989
AT00004225,A063,2025-03-31,9.0,8.75,540,525.0,0,0,0,0.972
AT00004226,A064,2025-01-01,9.0,8.8,540,528.0,0,0,0,0.978
AT00004227,A064,2025-01-02,9.0,8.87,540,532.0,0,0,0,0.985
AT00004228,A064,2025-01-03,9.0,8.95,540,537.0,0,0,0,0.994
AT00004229,A064,2025-01-06,9.0,8.65,540,519.0,0,15,0,0.961
AT00004230,A064,2025-01-07,9.0,8.85,540,531.0,0,0,0,0.983
AT00004231,A064,2025-01-08,9.0,8.37,540,502.0,0,30,0,0.93
AT00004232,A064,2025-01-09,9.0,8.7,540,522.0,0,15,0,0.967
AT00004233,A064,2025-01-10,9.0,8.8,540,528.0,0,0,0,0.978
AT00004234,A064,2025-01-12,9.0,8.88,540,533.0,0,0,0,0.987
AT00004235,A064,2025-01-14,9.0,8.9,540,534.0,0,0,0,0.989
AT00004236,A064,2025-01-15,9.0,8.93,540,536.0,0,0,0,0.993
AT00004237,A064,2025-01-16,9.0,8.7,540,522.0,0,5,0,0.967
AT00004238,A064,2025-01-17,9.0,8.75,540,525.0,0,0,0,0.972
AT00004239,A064,2025-01-18,9.0,8.87,540,532.0,0,0,0,0.985
AT00004240,A064,2025-01-20,9.0,8.85,540,531.0,0,0,0,0.983
AT00004241,A064,2025-01-21,9.0,8.62,540,517.0,0,10,0,0.957
AT00004242,A064,2025-01-22,9.0,8.88,540,533.0,0,0,0,0.987
AT00004243,A064,2025-01-23,9.0,8.83,540,530.0,0,0,0,0.981
AT00004244,A064,2025-01-24,9.0,8.7,540,522.0,0,10,0,0.967
AT00004245,A064,2025-01-27,9.0,0.0,540,0.0,1,0,540,0.0
AT00004246,A064,2025-01-28,9.0,8.85,540,531.0,0,0,0,0.983
AT00004247,A064,2025-01-29,9.0,8.97,540,538.0,0,0,0,0.996
AT00004248,A064,2025-01-30,9.0,8.9,540,534.0,0,0,0,0.989
AT00004249,A064,2025-01-31,9.0,8.9,540,534.0,0,0,0,0.989
AT00004250,A064,2025-02-02,9.0,8.77,540,526.0,0,5,0,0.974
AT00004251,A064,2025-02-03,9.0,8.82,540,529.0,0,0,0,0.98
AT00004252,A064,2025-02-04,9.0,8.75,540,525.0,0,10,0,0.972
AT00004253,A064,2025-02-05,9.0,8.77,540,526.0,0,0,0,0.974
AT00004254,A064,2025-02-06,9.0,8.83,540,530.0,0,0,0,0.981
AT00004255,A064,2025-02-07,9.0,8.72,540,523.0,0,0,0,0.969
AT00004256,A064,2025-02-10,9.0,8.33,540,500.0,0,0,30,0.926
AT00004257,A064,2025-02-11,9.0,8.88,540,533.0,0,0,0,0.987
AT00004258,A064,2025-02-12,9.0,8.82,540,529.0,0,0,0,0.98
AT00004259,A064,2025-02-13,9.0,8.97,540,538.0,0,0,0,0.996
AT00004260,A064,2025-02-14,9.0,8.88,540,533.0,0,0,0,0.987
AT00004261,A064,2025-02-17,9.0,8.85,540,531.0,0,0,0,0.983
AT00004262,A064,2025-02-18,9.0,8.92,540,535.0,0,0,0,0.991
AT00004263,A064,2025-02-19,9.0,9.0,540,540.0,0,0,0,1.0
AT00004264,A064,2025-02-20,9.0,8.77,540,526.0,0,5,0,0.974
AT00004265,A064,2025-02-21,9.0,8.87,540,532.0,0,0,0,0.985
AT00004266,A064,2025-02-24,9.0,8.92,540,535.0,0,0,0,0.991
AT00004267,A064,2025-02-25,9.0,8.92,540,535.0,0,0,0,0.991
AT00004268,A064,2025-02-26,9.0,8.97,540,538.0,0,0,0,0.996
AT00004269,A064,2025-02-27,9.0,8.78,540,527.0,0,0,0,0.976
AT00004270,A064,2025-02-28,9.0,8.88,540,533.0,0,0,0,0.987
AT00004271,A064,2025-03-02,9.0,8.75,540,525.0,0,0,0,0.972
AT00004272,A064,2025-03-03,9.0,8.95,540,537.0,0,0,0,0.994
AT00004273,A064,2025-03-04,9.0,8.9,540,534.0,0,0,0,0.989
AT00004274,A064,2025-03-05,9.0,8.22,540,493.0,0,5,30,0.913
AT00004275,A064,2025-03-06,9.0,8.93,540,536.0,0,0,0,0.993
AT00004276,A064,2025-03-07,9.0,8.83,540,530.0,0,0,0,0.981
AT00004277,A064,2025-03-10,9.0,8.73,540,524.0,0,15,0,0.97
AT00004278,A064,2025-03-11,9.0,8.85,540,531.0,0,0,0,0.983
AT00004279,A064,2025-03-12,9.0,8.87,540,532.0,0,0,0,0.985
AT00004280,A064,2025-03-13,9.0,8.83,540,530.0,0,0,0,0.981
AT00004281,A064,2025-03-14,9.0,7.93,540,476.0,0,30,30,0.881
AT00004282,A064,2025-03-17,9.0,8.37,540,502.0,0,0,30,0.93
AT00004283,A064,2025-03-18,9.0,8.73,540,524.0,0,0,0,0.97
AT00004284,A064,2025-03-19,9.0,8.78,540,527.0,0,5,0,0.976
AT00004285,A064,2025-03-20,9.0,8.85,540,531.0,0,0,0,0.983
AT00004286,A064,2025-03-21,9.0,8.85,540,531.0,0,0,0,0.983
AT00004287,A064,2025-03-24,9.0,8.82,540,529.0,0,0,0,0.98
AT00004288,A064,2025-03-25,9.0,8.82,540,529.0,0,5,0,0.98
AT00004289,A064,2025-03-26,9.0,8.9,540,534.0,0,0,0,0.989
AT00004290,A064,2025-03-27,9.0,8.83,540,530.0,0,0,0,0.981
AT00004291,A064,2025-03-28,9.0,8.57,540,514.0,0,15,0,0.952
AT00004292,A064,2025-03-29,9.0,8.93,540,536.0,0,0,0,0.993
AT00004293,A064,2025-03-31,9.0,8.8,540,528.0,0,5,0,0.978
AT00004294,A065,2025-01-01,9.0,8.92,540,535.0,0,0,0,0.991
AT00004295,A065,2025-01-02,9.0,8.07,540,484.0,0,30,15,0.896
AT00004296,A065,2025-01-03,9.0,8.95,540,537.0,0,0,0,0.994
AT00004297,A065,2025-01-06,9.0,8.65,540,519.0,0,15,0,0.961
AT00004298,A065,2025-01-07,9.0,8.88,540,533.0,0,0,0,0.987
AT00004299,A065,2025-01-08,9.0,8.8,540,528.0,0,0,0,0.978
AT00004300,A065,2025-01-09,9.0,8.97,540,538.0,0,0,0,0.996
AT00004301,A065,2025-01-10,9.0,8.7,540,522.0,0,0,15,0.967
AT00004302,A065,2025-01-13,9.0,8.8,540,528.0,0,0,0,0.978
AT00004303,A065,2025-01-14,9.0,8.95,540,537.0,0,0,0,0.994
AT00004304,A065,2025-01-15,9.0,0.0,540,0.0,1,0,540,0.0
AT00004305,A065,2025-01-16,9.0,8.93,540,536.0,0,0,0,0.993
AT00004306,A065,2025-01-17,9.0,8.93,540,536.0,0,0,0,0.993
AT00004307,A065,2025-01-20,9.0,8.95,540,537.0,0,0,0,0.994
AT00004308,A065,2025-01-21,9.0,8.88,540,533.0,0,0,0,0.987
AT00004309,A065,2025-01-22,9.0,0.0,540,0.0,1,0,540,0.0
AT00004310,A065,2025-01-24,9.0,8.85,540,531.0,0,0,0,0.983
AT00004311,A065,2025-01-27,9.0,8.85,540,531.0,0,0,0,0.983
AT00004312,A065,2025-01-28,9.0,8.9,540,534.0,0,0,1,0.989
AT00004313,A065,2025-01-29,9.0,8.8,540,528.0,0,0,0,0.978
AT00004314,A065,2025-01-30,9.0,8.65,540,519.0,0,0,15,0.961
AT00004315,A065,2025-01-31,9.0,8.87,540,532.0,0,0,0,0.985
AT00004316,A065,2025-02-03,9.0,8.85,540,531.0,0,5,0,0.983
AT00004317,A065,2025-02-04,9.0,8.78,540,527.0,0,0,0,0.976
AT00004318,A065,2025-02-05,9.0,8.67,540,520.0,0,0,5,0.963
AT00004319,A065,2025-02-06,9.0,8.88,540,533.0,0,0,0,0.987
AT00004320,A065,2025-02-07,9.0,8.82,540,529.0,0,0,10,0.98
AT00004321,A065,2025-02-10,9.0,8.95,540,537.0,0,0,0,0.994
AT00004322,A065,2025-02-11,9.0,8.9,540,534.0,0,0,0,0.989
AT00004323,A065,2025-02-12,9.0,8.78,540,527.0,0,5,0,0.976
AT00004324,A065,2025-02-13,9.0,8.97,540,538.0,0,0,0,0.996
AT00004325,A065,2025-02-14,9.0,8.88,540,533.0,0,0,0,0.987
AT00004326,A065,2025-02-17,9.0,0.0,540,0.0,1,0,540,0.0
AT00004327,A065,2025-02-18,9.0,8.88,540,533.0,0,0,0,0.987
AT00004328,A065,2025-02-19,9.0,9.0,540,540.0,0,0,0,1.0
AT00004329,A065,2025-02-20,9.0,9.0,540,540.0,0,0,0,1.0
AT00004330,A065,2025-02-21,9.0,8.67,540,520.0,0,10,0,0.963
AT00004331,A065,2025-02-24,9.0,8.77,540,526.0,0,5,0,0.974
AT00004332,A065,2025-02-25,9.0,0.0,540,0.0,1,0,540,0.0
AT00004333,A065,2025-02-26,9.0,8.9,540,534.0,0,0,0,0.989
AT00004334,A065,2025-02-27,9.0,8.82,540,529.0,0,0,0,0.98
AT00004335,A065,2025-02-28,9.0,8.8,540,528.0,0,0,0,0.978
AT00004336,A065,2025-03-02,9.0,8.75,540,525.0,0,10,0,0.972
AT00004337,A065,2025-03-03,9.0,8.93,540,536.0,0,0,0,0.993
AT00004338,A065,2025-03-04,9.0,8.93,540,536.0,0,0,0,0.993
AT00004339,A065,2025-03-05,9.0,8.78,540,527.0,0,5,0,0.976
AT00004340,A065,2025-03-06,9.0,8.87,540,532.0,0,0,0,0.985
AT00004341,A065,2025-03-07,9.0,8.85,540,531.0,0,0,2,0.983
AT00004342,A065,2025-03-08,9.0,8.85,540,531.0,0,0,0,0.983
AT00004343,A065,2025-03-10,9.0,8.9,540,534.0,0,0,0,0.989
AT00004344,A065,2025-03-11,9.0,8.93,540,536.0,0,0,0,0.993
AT00004345,A065,2025-03-12,9.0,8.45,540,507.0,0,0,15,0.939
AT00004346,A065,2025-03-13,9.0,8.82,540,529.0,0,0,0,0.98
AT00004347,A065,2025-03-14,9.0,8.78,540,527.0,0,0,0,0.976
AT00004348,A065,2025-03-17,9.0,8.83,540,530.0,0,0,5,0.981
AT00004349,A065,2025-03-18,9.0,8.83,540,530.0,0,0,0,0.981
AT00004350,A065,2025-03-19,9.0,8.88,540,533.0,0,0,0,0.987
AT00004351,A065,2025-03-20,9.0,0.0,540,0.0,1,0,540,0.0
AT00004352,A065,2025-03-21,9.0,8.87,540,532.0,0,0,0,0.985
AT00004353,A065,2025-03-24,9.0,8.52,540,511.0,0,15,0,0.946
AT00004354,A065,2025-03-25,9.0,0.0,540,0.0,1,0,540,0.0
AT00004355,A065,2025-03-26,9.0,8.85,540,531.0,0,0,0,0.983
AT00004356,A065,2025-03-27,9.0,8.65,540,519.0,0,0,10,0.961
AT00004357,A065,2025-03-28,9.0,8.88,540,533.0,0,0,0,0.987
AT00004358,A065,2025-03-31,9.0,9.0,540,540.0,0,0,0,1.0
AT00004359,A066,2025-01-01,9.0,8.8,540,528.0,0,0,0,0.978
AT00004360,A066,2025-01-02,9.0,8.82,540,529.0,0,0,1,0.98
AT00004361,A066,2025-01-03,9.0,8.83,540,530.0,0,0,0,0.981
AT00004362,A066,2025-01-06,9.0,8.9,540,534.0,0,0,0,0.989
AT00004363,A066,2025-01-07,9.0,8.92,540,535.0,0,0,0,0.991
AT00004364,A066,2025-01-08,9.0,8.85,540,531.0,0,0,0,0.983
AT00004365,A066,2025-01-09,9.0,8.82,540,529.0,0,0,10,0.98
AT00004366,A066,2025-01-10,9.0,8.87,540,532.0,0,0,0,0.985
AT00004367,A066,2025-01-13,9.0,8.77,540,526.0,0,10,0,0.974
AT00004368,A066,2025-01-14,9.0,8.65,540,519.0,0,15,0,0.961
AT00004369,A066,2025-01-15,9.0,8.73,540,524.0,0,0,10,0.97
AT00004370,A066,2025-01-16,9.0,8.83,540,530.0,0,0,0,0.981
AT00004371,A066,2025-01-17,9.0,8.98,540,539.0,0,0,0,0.998
AT00004372,A066,2025-01-20,9.0,8.83,540,530.0,0,0,0,0.981
AT00004373,A066,2025-01-21,9.0,8.9,540,534.0,0,0,0,0.989
AT00004374,A066,2025-01-22,9.0,8.78,540,527.0,0,0,0,0.976
AT00004375,A066,2025-01-23,9.0,8.85,540,531.0,0,0,0,0.983
AT00004376,A066,2025-01-24,9.0,8.65,540,519.0,0,5,0,0.961
AT00004377,A066,2025-01-27,9.0,8.73,540,524.0,0,0,0,0.97
AT00004378,A066,2025-01-28,9.0,8.88,540,533.0,0,0,0,0.987
AT00004379,A066,2025-01-29,9.0,8.42,540,505.0,0,30,0,0.935
AT00004380,A066,2025-01-30,9.0,8.75,540,525.0,0,0,5,0.972
AT00004381,A066,2025-01-31,9.0,8.88,540,533.0,0,0,0,0.987
AT00004382,A066,2025-02-03,9.0,8.92,540,535.0,0,0,0,0.991
AT00004383,A066,2025-02-04,9.0,8.87,540,532.0,0,0,0,0.985
AT00004384,A066,2025-02-05,9.0,8.98,540,539.0,0,0,0,0.998
AT00004385,A066,2025-02-06,9.0,8.83,540,530.0,0,0,0,0.981
AT00004386,A066,2025-02-07,9.0,8.58,540,515.0,0,15,0,0.954
AT00004387,A066,2025-02-10,9.0,8.8,540,528.0,0,0,0,0.978
AT00004388,A066,2025-02-11,9.0,8.87,540,532.0,0,0,0,0.985
AT00004389,A066,2025-02-12,9.0,8.87,540,532.0,0,0,0,0.985
AT00004390,A066,2025-02-13,9.0,0.0,540,0.0,1,0,540,0.0
AT00004391,A066,2025-02-14,9.0,8.77,540,526.0,0,5,0,0.974
AT00004392,A066,2025-02-17,9.0,0.0,540,0.0,1,0,540,0.0
AT00004393,A066,2025-02-18,9.0,8.77,540,526.0,0,0,0,0.974
AT00004394,A066,2025-02-19,9.0,8.92,540,535.0,0,0,0,0.991
AT00004395,A066,2025-02-20,9.0,8.37,540,502.0,0,0,30,0.93
AT00004396,A066,2025-02-21,9.0,8.95,540,537.0,0,0,0,0.994
AT00004397,A066,2025-02-24,9.0,8.82,540,529.0,0,0,0,0.98
AT00004398,A066,2025-02-25,9.0,8.75,540,525.0,0,0,0,0.972
AT00004399,A066,2025-02-26,9.0,8.8,540,528.0,0,0,0,0.978
AT00004400,A066,2025-02-27,9.0,8.87,540,532.0,0,0,0,0.985
AT00004401,A066,2025-02-28,9.0,8.92,540,535.0,0,0,0,0.991
AT00004402,A066,2025-03-03,9.0,8.92,540,535.0,0,0,1,0.991
AT00004403,A066,2025-03-04,9.0,8.9,540,534.0,0,0,5,0.989
AT00004404,A066,2025-03-05,9.0,8.78,540,527.0,0,5,0,0.976
AT00004405,A066,2025-03-06,9.0,8.28,540,497.0,0,5,30,0.92
AT00004406,A066,2025-03-07,9.0,8.9,540,534.0,0,0,0,0.989
AT00004407,A066,2025-03-10,9.0,8.93,540,536.0,0,0,0,0.993
AT00004408,A066,2025-03-11,9.0,8.78,540,527.0,0,0,0,0.976
AT00004409,A066,2025-03-12,9.0,8.7,540,522.0,0,5,0,0.967
AT00004410,A066,2025-03-13,9.0,8.8,540,528.0,0,0,0,0.978
AT00004411,A066,2025-03-14,9.0,8.8,540,528.0,0,0,0,0.978
AT00004412,A066,2025-03-17,9.0,8.9,540,534.0,0,0,0,0.989
AT00004413,A066,2025-03-18,9.0,8.75,540,525.0,0,0,5,0.972
AT00004414,A066,2025-03-19,9.0,8.97,540,538.0,0,0,0,0.996
AT00004415,A066,2025-03-20,9.0,8.82,540,529.0,0,0,0,0.98
AT00004416,A066,2025-03-21,9.0,8.8,540,528.0,0,5,0,0.978
AT00004417,A066,2025-03-23,9.0,8.92,540,535.0,0,0,0,0.991
AT00004418,A066,2025-03-24,9.0,8.85,540,531.0,0,5,0,0.983
AT00004419,A066,2025-03-25,9.0,0.0,540,0.0,1,0,540,0.0
AT00004420,A066,2025-03-26,9.0,8.88,540,533.0,0,0,0,0.987
AT00004421,A066,2025-03-27,9.0,8.78,540,527.0,0,0,5,0.976
AT00004422,A066,2025-03-28,9.0,8.82,540,529.0,0,0,0,0.98
AT00004423,A066,2025-03-31,9.0,8.88,540,533.0,0,0,0,0.987
AT00004424,A067,2025-01-01,9.0,8.78,540,527.0,0,0,0,0.976
AT00004425,A067,2025-01-02,9.0,0.0,540,0.0,1,0,540,0.0
AT00004426,A067,2025-01-03,9.0,8.82,540,529.0,0,0,5,0.98
AT00004427,A067,2025-01-06,9.0,8.9,540,534.0,0,0,0,0.989
AT00004428,A067,2025-01-07,9.0,8.93,540,536.0,0,0,0,0.993
AT00004429,A067,2025-01-08,9.0,8.87,540,532.0,0,0,0,0.985
AT00004430,A067,2025-01-09,9.0,8.83,540,530.0,0,0,0,0.981
AT00004431,A067,2025-01-10,9.0,8.85,540,531.0,0,0,0,0.983
AT00004432,A067,2025-01-13,9.0,8.9,540,534.0,0,0,0,0.989
AT00004433,A067,2025-01-14,9.0,8.97,540,538.0,0,0,0,0.996
AT00004434,A067,2025-01-15,9.0,8.83,540,530.0,0,0,0,0.981
AT00004435,A067,2025-01-16,9.0,8.83,540,530.0,0,0,0,0.981
AT00004436,A067,2025-01-17,9.0,8.37,540,502.0,0,0,30,0.93
AT00004437,A067,2025-01-20,9.0,8.72,540,523.0,0,10,0,0.969
AT00004438,A067,2025-01-21,9.0,8.83,540,530.0,0,0,0,0.981
AT00004439,A067,2025-01-22,9.0,8.8,540,528.0,0,0,5,0.978
AT00004440,A067,2025-01-23,9.0,8.75,540,525.0,0,0,0,0.972
AT00004441,A067,2025-01-24,9.0,8.98,540,539.0,0,0,0,0.998
AT00004442,A067,2025-01-27,9.0,8.47,540,508.0,0,30,0,0.941
AT00004443,A067,2025-01-28,9.0,8.55,540,513.0,0,0,15,0.95
AT00004444,A067,2025-01-29,9.0,8.95,540,537.0,0,0,0,0.994
AT00004445,A067,2025-01-30,9.0,8.95,540,537.0,0,0,0,0.994
AT00004446,A067,2025-01-31,9.0,8.87,540,532.0,0,0,0,0.985
AT00004447,A067,2025-02-03,9.0,8.82,540,529.0,0,0,0,0.98
AT00004448,A067,2025-02-04,9.0,8.88,540,533.0,0,0,0,0.987
AT00004449,A067,2025-02-05,9.0,8.93,540,536.0,0,0,0,0.993
AT00004450,A067,2025-02-06,9.0,8.93,540,536.0,0,0,0,0.993
AT00004451,A067,2025-02-07,9.0,8.88,540,533.0,0,0,0,0.987
AT00004452,A067,2025-02-10,9.0,8.82,540,529.0,0,0,0,0.98
AT00004453,A067,2025-02-11,9.0,8.87,540,532.0,0,0,0,0.985
AT00004454,A067,2025-02-12,9.0,8.63,540,518.0,0,15,0,0.959
AT00004455,A067,2025-02-13,9.0,8.93,540,536.0,0,0,0,0.993
AT00004456,A067,2025-02-14,9.0,8.68,540,521.0,0,10,5,0.965
AT00004457,A067,2025-02-15,9.0,8.92,540,535.0,0,0,0,0.991
AT00004458,A067,2025-02-17,9.0,8.97,540,538.0,0,0,0,0.996
AT00004459,A067,2025-02-18,9.0,8.85,540,531.0,0,0,0,0.983
AT00004460,A067,2025-02-19,9.0,8.83,540,530.0,0,0,0,0.981
AT00004461,A067,2025-02-20,9.0,8.85,540,531.0,0,0,0,0.983
AT00004462,A067,2025-02-21,9.0,8.8,540,528.0,0,0,0,0.978
AT00004463,A067,2025-02-24,9.0,8.85,540,531.0,0,0,0,0.983
AT00004464,A067,2025-02-25,9.0,8.95,540,537.0,0,0,0,0.994
AT00004465,A067,2025-02-26,9.0,7.85,540,471.0,0,30,30,0.872
AT00004466,A067,2025-02-27,9.0,8.9,540,534.0,0,0,0,0.989
AT00004467,A067,2025-02-28,9.0,8.68,540,521.0,0,0,15,0.965
AT00004468,A067,2025-03-03,9.0,8.92,540,535.0,0,0,0,0.991
AT00004469,A067,2025-03-04,9.0,8.87,540,532.0,0,0,0,0.985
AT00004470,A067,2025-03-05,9.0,8.92,540,535.0,0,0,0,0.991
AT00004471,A067,2025-03-06,9.0,8.93,540,536.0,0,0,0,0.993
AT00004472,A067,2025-03-07,9.0,8.93,540,536.0,0,0,0,0.993
AT00004473,A067,2025-03-08,9.0,8.78,540,527.0,0,10,0,0.976
AT00004474,A067,2025-03-10,9.0,8.7,540,522.0,0,10,0,0.967
AT00004475,A067,2025-03-11,9.0,8.7,540,522.0,0,15,0,0.967
AT00004476,A067,2025-03-12,9.0,8.88,540,533.0,0,0,0,0.987
AT00004477,A067,2025-03-13,9.0,8.72,540,523.0,0,10,0,0.969
AT00004478,A067,2025-03-14,9.0,8.93,540,536.0,0,0,0,0.993
AT00004479,A067,2025-03-16,9.0,8.45,540,507.0,0,0,30,0.939
AT00004480,A067,2025-03-17,9.0,8.67,540,520.0,0,0,10,0.963
AT00004481,A067,2025-03-18,9.0,8.82,540,529.0,0,10,0,0.98
AT00004482,A067,2025-03-19,9.0,8.77,540,526.0,0,0,0,0.974
AT00004483,A067,2025-03-20,9.0,8.8,540,528.0,0,0,5,0.978
AT00004484,A067,2025-03-21,9.0,8.9,540,534.0,0,0,0,0.989
AT00004485,A067,2025-03-24,9.0,8.87,540,532.0,0,0,0,0.985
AT00004486,A067,2025-03-25,9.0,8.97,540,538.0,0,0,0,0.996
AT00004487,A067,2025-03-26,9.0,8.63,540,518.0,0,0,10,0.959
AT00004488,A067,2025-03-27,9.0,8.82,540,529.0,0,0,0,0.98
AT00004489,A067,2025-03-28,9.0,8.9,540,534.0,0,0,1,0.989
AT00004490,A067,2025-03-29,9.0,8.82,540,529.0,0,0,10,0.98
AT00004491,A067,2025-03-31,9.0,8.87,540,532.0,0,0,0,0.985
AT00004492,A068,2025-01-01,9.0,8.85,540,531.0,0,0,0,0.983
AT00004493,A068,2025-01-02,9.0,8.93,540,536.0,0,0,0,0.993
AT00004494,A068,2025-01-03,9.0,8.77,540,526.0,0,0,0,0.974
AT00004495,A068,2025-01-05,9.0,8.95,540,537.0,0,0,0,0.994
AT00004496,A068,2025-01-06,9.0,8.62,540,517.0,0,15,0,0.957
AT00004497,A068,2025-01-07,9.0,8.9,540,534.0,0,0,0,0.989
AT00004498,A068,2025-01-08,9.0,0.0,540,0.0,1,0,540,0.0
AT00004499,A068,2025-01-09,9.0,8.85,540,531.0,0,0,0,0.983
AT00004500,A068,2025-01-10,9.0,8.87,540,532.0,0,0,0,0.985
AT00004501,A068,2025-01-11,9.0,8.92,540,535.0,0,0,0,0.991
AT00004502,A068,2025-01-13,9.0,8.82,540,529.0,0,0,0,0.98
AT00004503,A068,2025-01-14,9.0,8.37,540,502.0,0,0,30,0.93
AT00004504,A068,2025-01-15,9.0,0.0,540,0.0,1,0,540,0.0
AT00004505,A068,2025-01-16,9.0,8.73,540,524.0,0,0,0,0.97
AT00004506,A068,2025-01-17,9.0,8.87,540,532.0,0,0,0,0.985
AT00004507,A068,2025-01-21,9.0,8.85,540,531.0,0,0,0,0.983
AT00004508,A068,2025-01-22,9.0,8.92,540,535.0,0,0,0,0.991
AT00004509,A068,2025-01-23,9.0,8.87,540,532.0,0,0,0,0.985
AT00004510,A068,2025-01-24,9.0,8.82,540,529.0,0,0,0,0.98
AT00004511,A068,2025-01-27,9.0,8.85,540,531.0,0,0,0,0.983
AT00004512,A068,2025-01-28,9.0,8.87,540,532.0,0,0,0,0.985
AT00004513,A068,2025-01-29,9.0,8.8,540,528.0,0,0,0,0.978
AT00004514,A068,2025-01-30,9.0,8.9,540,534.0,0,0,0,0.989
AT00004515,A068,2025-01-31,9.0,8.92,540,535.0,0,0,0,0.991
AT00004516,A068,2025-02-03,9.0,8.85,540,531.0,0,0,0,0.983
AT00004517,A068,2025-02-04,9.0,8.87,540,532.0,0,0,0,0.985
AT00004518,A068,2025-02-05,9.0,8.72,540,523.0,0,10,0,0.969
AT00004519,A068,2025-02-06,9.0,8.98,540,539.0,0,0,0,0.998
AT00004520,A068,2025-02-08,9.0,8.8,540,528.0,0,0,0,0.978
AT00004521,A068,2025-02-10,9.0,8.85,540,531.0,0,0,0,0.983
AT00004522,A068,2025-02-11,9.0,8.83,540,530.0,0,0,0,0.981
AT00004523,A068,2025-02-12,9.0,8.75,540,525.0,0,0,0,0.972
AT00004524,A068,2025-02-13,9.0,8.93,540,536.0,0,0,0,0.993
AT00004525,A068,2025-02-14,9.0,8.83,540,530.0,0,0,0,0.981
AT00004526,A068,2025-02-17,9.0,8.93,540,536.0,0,0,0,0.993
AT00004527,A068,2025-02-18,9.0,8.85,540,531.0,0,5,0,0.983
AT00004528,A068,2025-02-19,9.0,8.85,540,531.0,0,0,0,0.983
AT00004529,A068,2025-02-21,9.0,8.62,540,517.0,0,0,0,0.957
AT00004530,A068,2025-02-24,9.0,8.87,540,532.0,0,0,0,0.985
AT00004531,A068,2025-02-25,9.0,8.88,540,533.0,0,0,0,0.987
AT00004532,A068,2025-02-26,9.0,8.45,540,507.0,0,30,0,0.939
AT00004533,A068,2025-02-27,9.0,8.83,540,530.0,0,0,0,0.981
AT00004534,A068,2025-02-28,9.0,8.92,540,535.0,0,0,0,0.991
AT00004535,A068,2025-03-01,9.0,8.82,540,529.0,0,0,5,0.98
AT00004536,A068,2025-03-04,9.0,8.77,540,526.0,0,0,0,0.974
AT00004537,A068,2025-03-05,9.0,8.9,540,534.0,0,0,0,0.989
AT00004538,A068,2025-03-06,9.0,8.85,540,531.0,0,0,0,0.983
AT00004539,A068,2025-03-08,9.0,8.9,540,534.0,0,0,0,0.989
AT00004540,A068,2025-03-09,9.0,8.92,540,535.0,0,0,0,0.991
AT00004541,A068,2025-03-10,9.0,8.92,540,535.0,0,0,0,0.991
AT00004542,A068,2025-03-11,9.0,8.67,540,520.0,0,0,15,0.963
AT00004543,A068,2025-03-12,9.0,8.73,540,524.0,0,0,0,0.97
AT00004544,A068,2025-03-13,9.0,8.8,540,528.0,0,0,0,0.978
AT00004545,A068,2025-03-14,9.0,8.95,540,537.0,0,0,0,0.994
AT00004546,A068,2025-03-17,9.0,8.87,540,532.0,0,0,0,0.985
AT00004547,A068,2025-03-18,9.0,8.83,540,530.0,0,0,0,0.981
AT00004548,A068,2025-03-19,9.0,8.88,540,533.0,0,0,0,0.987
AT00004549,A068,2025-03-20,9.0,8.75,540,525.0,0,10,1,0.972
AT00004550,A068,2025-03-21,9.0,8.9,540,534.0,0,0,0,0.989
AT00004551,A068,2025-03-24,9.0,8.78,540,527.0,0,0,0,0.976
AT00004552,A068,2025-03-25,9.0,8.88,540,533.0,0,0,0,0.987
AT00004553,A068,2025-03-26,9.0,8.92,540,535.0,0,0,0,0.991
AT00004554,A068,2025-03-27,9.0,8.38,540,503.0,0,0,30,0.931
AT00004555,A068,2025-03-28,9.0,8.82,540,529.0,0,0,0,0.98
AT00004556,A068,2025-03-30,9.0,8.82,540,529.0,0,0,0,0.98
AT00004557,A068,2025-03-31,9.0,8.92,540,535.0,0,0,0,0.991
AT00004558,A069,2025-01-01,9.0,8.88,540,533.0,0,0,0,0.987
AT00004559,A069,2025-01-02,9.0,8.88,540,533.0,0,0,0,0.987
AT00004560,A069,2025-01-03,9.0,8.73,540,524.0,0,0,0,0.97
AT00004561,A069,2025-01-05,9.0,8.92,540,535.0,0,0,0,0.991
AT00004562,A069,2025-01-06,9.0,8.67,540,520.0,0,0,15,0.963
AT00004563,A069,2025-01-07,9.0,8.83,540,530.0,0,0,0,0.981
AT00004564,A069,2025-01-08,9.0,8.82,540,529.0,0,0,0,0.98
AT00004565,A069,2025-01-09,9.0,8.8,540,528.0,0,0,10,0.978
AT00004566,A069,2025-01-10,9.0,8.92,540,535.0,0,0,0,0.991
AT00004567,A069,2025-01-13,9.0,8.98,540,539.0,0,0,0,0.998
AT00004568,A069,2025-01-14,9.0,8.83,540,530.0,0,5,0,0.981
AT00004569,A069,2025-01-15,9.0,8.73,540,524.0,0,0,5,0.97
AT00004570,A069,2025-01-16,9.0,8.87,540,532.0,0,0,1,0.985
AT00004571,A069,2025-01-17,9.0,8.87,540,532.0,0,0,0,0.985
AT00004572,A069,2025-01-18,9.0,8.95,540,537.0,0,0,0,0.994
AT00004573,A069,2025-01-20,9.0,8.5,540,510.0,0,15,3,0.944
AT00004574,A069,2025-01-21,9.0,8.87,540,532.0,0,0,0,0.985
AT00004575,A069,2025-01-22,9.0,8.78,540,527.0,0,0,0,0.976
AT00004576,A069,2025-01-23,9.0,8.7,540,522.0,0,0,15,0.967
AT00004577,A069,2025-01-24,9.0,8.93,540,536.0,0,0,0,0.993
AT00004578,A069,2025-01-27,9.0,8.77,540,526.0,0,0,1,0.974
AT00004579,A069,2025-01-28,9.0,8.73,540,524.0,0,0,0,0.97
AT00004580,A069,2025-01-29,9.0,8.92,540,535.0,0,0,0,0.991
AT00004581,A069,2025-01-30,9.0,8.78,540,527.0,0,0,0,0.976
AT00004582,A069,2025-01-31,9.0,8.87,540,532.0,0,5,0,0.985
AT00004583,A069,2025-02-01,9.0,8.88,540,533.0,0,0,0,0.987
AT00004584,A069,2025-02-03,9.0,8.88,540,533.0,0,0,0,0.987
AT00004585,A069,2025-02-04,9.0,0.0,540,0.0,1,0,540,0.0
AT00004586,A069,2025-02-05,9.0,8.97,540,538.0,0,0,0,0.996
AT00004587,A069,2025-02-06,9.0,8.95,540,537.0,0,0,0,0.994
AT00004588,A069,2025-02-07,9.0,8.9,540,534.0,0,0,0,0.989
AT00004589,A069,2025-02-08,9.0,8.78,540,527.0,0,0,0,0.976
AT00004590,A069,2025-02-10,9.0,8.72,540,523.0,0,0,10,0.969
AT00004591,A069,2025-02-11,9.0,8.82,540,529.0,0,0,0,0.98
AT00004592,A069,2025-02-12,9.0,8.93,540,536.0,0,0,0,0.993
AT00004593,A069,2025-02-13,9.0,8.73,540,524.0,0,0,15,0.97
AT00004594,A069,2025-02-14,9.0,8.92,540,535.0,0,0,0,0.991
AT00004595,A069,2025-02-17,9.0,8.73,540,524.0,0,0,0,0.97
AT00004596,A069,2025-02-18,9.0,8.87,540,532.0,0,0,0,0.985
AT00004597,A069,2025-02-19,9.0,8.9,540,534.0,0,0,0,0.989
AT00004598,A069,2025-02-20,9.0,8.97,540,538.0,0,0,0,0.996
AT00004599,A069,2025-02-21,9.0,8.82,540,529.0,0,0,0,0.98
AT00004600,A069,2025-02-23,9.0,8.33,540,500.0,0,30,0,0.926
AT00004601,A069,2025-02-24,9.0,0.0,540,0.0,1,0,540,0.0
AT00004602,A069,2025-02-25,9.0,8.9,540,534.0,0,0,0,0.989
AT00004603,A069,2025-02-26,9.0,0.0,540,0.0,1,0,540,0.0
AT00004604,A069,2025-02-27,9.0,8.98,540,539.0,0,0,0,0.998
AT00004605,A069,2025-02-28,9.0,8.88,540,533.0,0,0,0,0.987
AT00004606,A069,2025-03-03,9.0,8.82,540,529.0,0,0,0,0.98
AT00004607,A069,2025-03-04,9.0,8.88,540,533.0,0,0,0,0.987
AT00004608,A069,2025-03-05,9.0,8.78,540,527.0,0,0,0,0.976
AT00004609,A069,2025-03-06,9.0,8.92,540,535.0,0,0,0,0.991
AT00004610,A069,2025-03-07,9.0,8.82,540,529.0,0,0,0,0.98
AT00004611,A069,2025-03-10,9.0,8.9,540,534.0,0,0,5,0.989
AT00004612,A069,2025-03-11,9.0,8.92,540,535.0,0,0,0,0.991
AT00004613,A069,2025-03-12,9.0,8.93,540,536.0,0,0,0,0.993
AT00004614,A069,2025-03-13,9.0,8.97,540,538.0,0,0,0,0.996
AT00004615,A069,2025-03-14,9.0,8.87,540,532.0,0,0,0,0.985
AT00004616,A069,2025-03-15,9.0,8.8,540,528.0,0,0,0,0.978
AT00004617,A069,2025-03-17,9.0,8.83,540,530.0,0,0,0,0.981
AT00004618,A069,2025-03-18,9.0,8.4,540,504.0,0,30,0,0.933
AT00004619,A069,2025-03-19,9.0,8.83,540,530.0,0,0,0,0.981
AT00004620,A069,2025-03-20,9.0,8.95,540,537.0,0,0,0,0.994
AT00004621,A069,2025-03-21,9.0,8.77,540,526.0,0,0,10,0.974
AT00004622,A069,2025-03-24,9.0,8.7,540,522.0,0,0,10,0.967
AT00004623,A069,2025-03-25,9.0,8.85,540,531.0,0,0,0,0.983
AT00004624,A069,2025-03-26,9.0,8.92,540,535.0,0,0,0,0.991
AT00004625,A069,2025-03-27,9.0,8.8,540,528.0,0,10,0,0.978
AT00004626,A069,2025-03-28,9.0,8.83,540,530.0,0,0,0,0.981
AT00004627,A069,2025-03-31,9.0,0.0,540,0.0,1,0,540,0.0
AT00004628,A070,2025-01-01,9.0,8.92,540,535.0,0,0,0,0.991
AT00004629,A070,2025-01-02,9.0,8.87,540,532.0,0,0,0,0.985
AT00004630,A070,2025-01-03,9.0,8.9,540,534.0,0,0,1,0.989
AT00004631,A070,2025-01-06,9.0,8.85,540,531.0,0,0,0,0.983
AT00004632,A070,2025-01-07,9.0,8.98,540,539.0,0,0,0,0.998
AT00004633,A070,2025-01-08,9.0,8.85,540,531.0,0,0,0,0.983
AT00004634,A070,2025-01-09,9.0,8.7,540,522.0,0,0,0,0.967
AT00004635,A070,2025-01-10,9.0,8.88,540,533.0,0,0,0,0.987
AT00004636,A070,2025-01-13,9.0,8.95,540,537.0,0,0,0,0.994
AT00004637,A070,2025-01-14,9.0,8.88,540,533.0,0,0,0,0.987
AT00004638,A070,2025-01-15,9.0,8.82,540,529.0,0,0,0,0.98
AT00004639,A070,2025-01-16,9.0,8.77,540,526.0,0,5,0,0.974
AT00004640,A070,2025-01-17,9.0,8.82,540,529.0,0,0,5,0.98
AT00004641,A070,2025-01-20,9.0,8.8,540,528.0,0,0,0,0.978
AT00004642,A070,2025-01-21,9.0,8.45,540,507.0,0,0,30,0.939
AT00004643,A070,2025-01-22,9.0,8.92,540,535.0,0,0,0,0.991
AT00004644,A070,2025-01-23,9.0,8.7,540,522.0,0,0,2,0.967
AT00004645,A070,2025-01-24,9.0,8.83,540,530.0,0,0,0,0.981
AT00004646,A070,2025-01-27,9.0,8.85,540,531.0,0,0,0,0.983
AT00004647,A070,2025-01-28,9.0,0.0,540,0.0,1,0,540,0.0
AT00004648,A070,2025-01-29,9.0,8.82,540,529.0,0,0,0,0.98
AT00004649,A070,2025-01-31,9.0,8.87,540,532.0,0,0,0,0.985
AT00004650,A070,2025-02-01,9.0,8.87,540,532.0,0,0,0,0.985
AT00004651,A070,2025-02-03,9.0,8.92,540,535.0,0,0,0,0.991
AT00004652,A070,2025-02-04,9.0,8.85,540,531.0,0,0,5,0.983
AT00004653,A070,2025-02-05,9.0,8.93,540,536.0,0,0,0,0.993
AT00004654,A070,2025-02-06,9.0,8.82,540,529.0,0,0,0,0.98
AT00004655,A070,2025-02-07,9.0,8.83,540,530.0,0,0,0,0.981
AT00004656,A070,2025-02-09,9.0,8.9,540,534.0,0,0,0,0.989
AT00004657,A070,2025-02-10,9.0,0.0,540,0.0,1,0,540,0.0
AT00004658,A070,2025-02-11,9.0,8.82,540,529.0,0,0,0,0.98
AT00004659,A070,2025-02-12,9.0,8.9,540,534.0,0,0,0,0.989
AT00004660,A070,2025-02-13,9.0,8.72,540,523.0,0,0,0,0.969
AT00004661,A070,2025-02-14,9.0,8.97,540,538.0,0,0,0,0.996
AT00004662,A070,2025-02-17,9.0,8.8,540,528.0,0,0,0,0.978
AT00004663,A070,2025-02-18,9.0,8.92,540,535.0,0,0,0,0.991
AT00004664,A070,2025-02-19,9.0,8.92,540,535.0,0,0,0,0.991
AT00004665,A070,2025-02-20,9.0,8.85,540,531.0,0,0,0,0.983
AT00004666,A070,2025-02-21,9.0,8.85,540,531.0,0,0,0,0.983
AT00004667,A070,2025-02-23,9.0,8.83,540,530.0,0,0,0,0.981
AT00004668,A070,2025-02-24,9.0,8.65,540,519.0,0,15,0,0.961
AT00004669,A070,2025-02-25,9.0,8.63,540,518.0,0,10,0,0.959
AT00004670,A070,2025-02-26,9.0,8.82,540,529.0,0,0,0,0.98
AT00004671,A070,2025-02-27,9.0,8.33,540,500.0,0,10,15,0.926
AT00004672,A070,2025-02-28,9.0,8.83,540,530.0,0,5,0,0.981
AT00004673,A070,2025-03-02,9.0,8.85,540,531.0,0,0,0,0.983
AT00004674,A070,2025-03-03,9.0,8.98,540,539.0,0,0,0,0.998
AT00004675,A070,2025-03-04,9.0,8.77,540,526.0,0,0,0,0.974
AT00004676,A070,2025-03-05,9.0,8.98,540,539.0,0,0,0,0.998
AT00004677,A070,2025-03-06,9.0,8.87,540,532.0,0,0,0,0.985
AT00004678,A070,2025-03-07,9.0,8.82,540,529.0,0,0,0,0.98
AT00004679,A070,2025-03-10,9.0,8.83,540,530.0,0,0,0,0.981
AT00004680,A070,2025-03-11,9.0,8.75,540,525.0,0,10,0,0.972
AT00004681,A070,2025-03-12,9.0,8.87,540,532.0,0,0,0,0.985
AT00004682,A070,2025-03-13,9.0,8.88,540,533.0,0,0,0,0.987
AT00004683,A070,2025-03-14,9.0,8.82,540,529.0,0,0,0,0.98
AT00004684,A070,2025-03-15,9.0,8.9,540,534.0,0,0,0,0.989
AT00004685,A070,2025-03-17,9.0,8.95,540,537.0,0,0,0,0.994
AT00004686,A070,2025-03-18,9.0,8.92,540,535.0,0,0,0,0.991
AT00004687,A070,2025-03-19,9.0,8.78,540,527.0,0,0,0,0.976
AT00004688,A070,2025-03-20,9.0,8.7,540,522.0,0,0,0,0.967
AT00004689,A070,2025-03-21,9.0,8.87,540,532.0,0,0,0,0.985
AT00004690,A070,2025-03-25,9.0,8.83,540,530.0,0,0,0,0.981
AT00004691,A070,2025-03-26,9.0,8.85,540,531.0,0,0,0,0.983
AT00004692,A070,2025-03-27,9.0,8.88,540,533.0,0,0,0,0.987
AT00004693,A070,2025-03-28,9.0,0.0,540,0.0,1,0,540,0.0
AT00004694,A070,2025-03-31,9.0,8.83,540,530.0,0,0,0,0.981
AT00004695,A071,2025-01-01,9.0,8.87,540,532.0,0,0,0,0.985
AT00004696,A071,2025-01-02,9.0,8.82,540,529.0,0,0,0,0.98
AT00004697,A071,2025-01-03,9.0,8.87,540,532.0,0,0,0,0.985
AT00004698,A071,2025-01-06,9.0,8.73,540,524.0,0,0,0,0.97
AT00004699,A071,2025-01-07,9.0,8.87,540,532.0,0,0,0,0.985
AT00004700,A071,2025-01-08,9.0,8.58,540,515.0,0,15,1,0.954
AT00004701,A071,2025-01-09,9.0,8.95,540,537.0,0,0,0,0.994
AT00004702,A071,2025-01-10,9.0,8.78,540,527.0,0,10,0,0.976
AT00004703,A071,2025-01-13,9.0,8.88,540,533.0,0,0,0,0.987
AT00004704,A071,2025-01-14,9.0,8.9,540,534.0,0,0,0,0.989
AT00004705,A071,2025-01-15,9.0,8.78,540,527.0,0,0,5,0.976
AT00004706,A071,2025-01-16,9.0,8.9,540,534.0,0,0,0,0.989
AT00004707,A071,2025-01-17,9.0,8.9,540,534.0,0,0,5,0.989
AT00004708,A071,2025-01-20,9.0,8.72,540,523.0,0,0,0,0.969
AT00004709,A071,2025-01-21,9.0,0.0,540,0.0,1,0,540,0.0
AT00004710,A071,2025-01-22,9.0,8.73,540,524.0,0,0,0,0.97
AT00004711,A071,2025-01-23,9.0,8.92,540,535.0,0,0,0,0.991
AT00004712,A071,2025-01-24,9.0,8.9,540,534.0,0,0,0,0.989
AT00004713,A071,2025-01-26,9.0,8.87,540,532.0,0,0,0,0.985
AT00004714,A071,2025-01-27,9.0,8.55,540,513.0,0,15,0,0.95
AT00004715,A071,2025-01-28,9.0,8.78,540,527.0,0,0,0,0.976
AT00004716,A071,2025-01-29,9.0,8.95,540,537.0,0,0,0,0.994
AT00004717,A071,2025-01-30,9.0,8.53,540,512.0,0,0,15,0.948
AT00004718,A071,2025-01-31,9.0,8.93,540,536.0,0,0,0,0.993
AT00004719,A071,2025-02-03,9.0,8.75,540,525.0,0,10,1,0.972
AT00004720,A071,2025-02-04,9.0,8.98,540,539.0,0,0,0,0.998
AT00004721,A071,2025-02-05,9.0,8.53,540,512.0,0,15,0,0.948
AT00004722,A071,2025-02-06,9.0,8.92,540,535.0,0,0,0,0.991
AT00004723,A071,2025-02-07,9.0,8.75,540,525.0,0,10,0,0.972
AT00004724,A071,2025-02-10,9.0,8.92,540,535.0,0,0,0,0.991
AT00004725,A071,2025-02-11,9.0,8.73,540,524.0,0,0,10,0.97
AT00004726,A071,2025-02-12,9.0,8.87,540,532.0,0,0,5,0.985
AT00004727,A071,2025-02-13,9.0,8.9,540,534.0,0,0,0,0.989
AT00004728,A071,2025-02-14,9.0,8.77,540,526.0,0,0,0,0.974
AT00004729,A071,2025-02-17,9.0,8.92,540,535.0,0,0,0,0.991
AT00004730,A071,2025-02-18,9.0,8.83,540,530.0,0,0,0,0.981
AT00004731,A071,2025-02-19,9.0,8.93,540,536.0,0,0,0,0.993
AT00004732,A071,2025-02-20,9.0,8.83,540,530.0,0,0,5,0.981
AT00004733,A071,2025-02-21,9.0,8.85,540,531.0,0,0,0,0.983
AT00004734,A071,2025-02-24,9.0,8.97,540,538.0,0,0,0,0.996
AT00004735,A071,2025-02-25,9.0,8.87,540,532.0,0,0,0,0.985
AT00004736,A071,2025-02-26,9.0,8.98,540,539.0,0,0,0,0.998
AT00004737,A071,2025-02-27,9.0,8.88,540,533.0,0,0,0,0.987
AT00004738,A071,2025-02-28,9.0,8.57,540,514.0,0,0,15,0.952
AT00004739,A071,2025-03-01,9.0,8.47,540,508.0,0,15,15,0.941
AT00004740,A071,2025-03-03,9.0,8.73,540,524.0,0,10,0,0.97
AT00004741,A071,2025-03-05,9.0,8.85,540,531.0,0,0,0,0.983
AT00004742,A071,2025-03-06,9.0,0.0,540,0.0,1,0,540,0.0
AT00004743,A071,2025-03-07,9.0,8.92,540,535.0,0,0,0,0.991
AT00004744,A071,2025-03-10,9.0,8.83,540,530.0,0,0,0,0.981
AT00004745,A071,2025-03-11,9.0,8.87,540,532.0,0,0,0,0.985
AT00004746,A071,2025-03-12,9.0,8.9,540,534.0,0,0,0,0.989
AT00004747,A071,2025-03-13,9.0,8.93,540,536.0,0,0,0,0.993
AT00004748,A071,2025-03-14,9.0,0.0,540,0.0,1,0,540,0.0
AT00004749,A071,2025-03-15,9.0,8.9,540,534.0,0,0,0,0.989
AT00004750,A071,2025-03-19,9.0,8.92,540,535.0,0,0,0,0.991
AT00004751,A071,2025-03-20,9.0,8.92,540,535.0,0,0,0,0.991
AT00004752,A071,2025-03-21,9.0,8.68,540,521.0,0,0,10,0.965
AT00004753,A071,2025-03-24,9.0,8.28,540,497.0,0,15,15,0.92
AT00004754,A071,2025-03-25,9.0,8.85,540,531.0,0,0,0,0.983
AT00004755,A071,2025-03-26,9.0,8.72,540,523.0,0,0,5,0.969
AT00004756,A071,2025-03-27,9.0,8.42,540,505.0,0,0,30,0.935
AT00004757,A071,2025-03-28,9.0,8.92,540,535.0,0,0,0,0.991
AT00004758,A072,2025-01-01,9.0,8.9,540,534.0,0,0,0,0.989
AT00004759,A072,2025-01-02,9.0,8.85,540,531.0,0,0,0,0.983
AT00004760,A072,2025-01-03,9.0,8.98,540,539.0,0,0,0,0.998
AT00004761,A072,2025-01-06,9.0,8.85,540,531.0,0,0,0,0.983
AT00004762,A072,2025-01-07,9.0,8.33,540,500.0,0,0,30,0.926
AT00004763,A072,2025-01-08,9.0,8.95,540,537.0,0,0,0,0.994
AT00004764,A072,2025-01-09,9.0,8.75,540,525.0,0,10,0,0.972
AT00004765,A072,2025-01-10,9.0,8.53,540,512.0,0,15,10,0.948
AT00004766,A072,2025-01-13,9.0,0.0,540,0.0,1,0,540,0.0
AT00004767,A072,2025-01-14,9.0,8.37,540,502.0,0,0,30,0.93
AT00004768,A072,2025-01-15,9.0,8.88,540,533.0,0,0,0,0.987
AT00004769,A072,2025-01-16,9.0,8.92,540,535.0,0,0,0,0.991
AT00004770,A072,2025-01-17,9.0,8.93,540,536.0,0,0,0,0.993
AT00004771,A072,2025-01-18,9.0,8.95,540,537.0,0,0,0,0.994
AT00004772,A072,2025-01-20,9.0,8.8,540,528.0,0,0,0,0.978
AT00004773,A072,2025-01-21,9.0,8.85,540,531.0,0,0,0,0.983
AT00004774,A072,2025-01-22,9.0,8.9,540,534.0,0,0,0,0.989
AT00004775,A072,2025-01-23,9.0,8.77,540,526.0,0,0,10,0.974
AT00004776,A072,2025-01-24,9.0,8.73,540,524.0,0,0,0,0.97
AT00004777,A072,2025-01-29,9.0,8.8,540,528.0,0,5,0,0.978
AT00004778,A072,2025-01-30,9.0,8.7,540,522.0,0,0,10,0.967
AT00004779,A072,2025-01-31,9.0,8.93,540,536.0,0,0,0,0.993
AT00004780,A072,2025-02-01,9.0,8.9,540,534.0,0,0,0,0.989
AT00004781,A072,2025-02-03,9.0,8.87,540,532.0,0,0,0,0.985
AT00004782,A072,2025-02-05,9.0,8.88,540,533.0,0,0,0,0.987
AT00004783,A072,2025-02-06,9.0,8.9,540,534.0,0,0,0,0.989
AT00004784,A072,2025-02-07,9.0,8.85,540,531.0,0,0,0,0.983
AT00004785,A072,2025-02-09,9.0,8.97,540,538.0,0,0,0,0.996
AT00004786,A072,2025-02-10,9.0,8.93,540,536.0,0,0,0,0.993
AT00004787,A072,2025-02-11,9.0,8.93,540,536.0,0,0,0,0.993
AT00004788,A072,2025-02-12,9.0,8.83,540,530.0,0,5,0,0.981
AT00004789,A072,2025-02-13,9.0,8.93,540,536.0,0,0,0,0.993
AT00004790,A072,2025-02-14,9.0,8.67,540,520.0,0,10,0,0.963
AT00004791,A072,2025-02-17,9.0,8.95,540,537.0,0,0,0,0.994
AT00004792,A072,2025-02-18,9.0,8.87,540,532.0,0,0,3,0.985
AT00004793,A072,2025-02-19,9.0,8.68,540,521.0,0,0,10,0.965
AT00004794,A072,2025-02-20,9.0,8.67,540,520.0,0,0,0,0.963
AT00004795,A072,2025-02-21,9.0,8.92,540,535.0,0,0,0,0.991
AT00004796,A072,2025-02-24,9.0,8.92,540,535.0,0,0,0,0.991
AT00004797,A072,2025-02-25,9.0,8.88,540,533.0,0,0,0,0.987
AT00004798,A072,2025-02-26,9.0,8.68,540,521.0,0,0,5,0.965
AT00004799,A072,2025-02-27,9.0,8.92,540,535.0,0,0,0,0.991
AT00004800,A072,2025-02-28,9.0,8.9,540,534.0,0,0,0,0.989
AT00004801,A072,2025-03-03,9.0,8.8,540,528.0,0,0,5,0.978
AT00004802,A072,2025-03-04,9.0,8.85,540,531.0,0,0,0,0.983
AT00004803,A072,2025-03-05,9.0,8.88,540,533.0,0,0,0,0.987
AT00004804,A072,2025-03-06,9.0,8.9,540,534.0,0,0,0,0.989
AT00004805,A072,2025-03-07,9.0,8.92,540,535.0,0,0,0,0.991
AT00004806,A072,2025-03-09,9.0,8.75,540,525.0,0,0,0,0.972
AT00004807,A072,2025-03-10,9.0,8.85,540,531.0,0,0,0,0.983
AT00004808,A072,2025-03-11,9.0,8.82,540,529.0,0,0,0,0.98
AT00004809,A072,2025-03-13,9.0,8.72,540,523.0,0,5,0,0.969
AT00004810,A072,2025-03-14,9.0,8.98,540,539.0,0,0,0,0.998
AT00004811,A072,2025-03-17,9.0,8.9,540,534.0,0,0,0,0.989
AT00004812,A072,2025-03-18,9.0,8.78,540,527.0,0,0,10,0.976
AT00004813,A072,2025-03-19,9.0,8.8,540,528.0,0,0,0,0.978
AT00004814,A072,2025-03-20,9.0,8.82,540,529.0,0,0,0,0.98
AT00004815,A072,2025-03-21,9.0,8.83,540,530.0,0,0,0,0.981
AT00004816,A072,2025-03-23,9.0,8.72,540,523.0,0,10,5,0.969
AT00004817,A072,2025-03-24,9.0,8.47,540,508.0,0,15,10,0.941
AT00004818,A072,2025-03-25,9.0,8.92,540,535.0,0,0,0,0.991
AT00004819,A072,2025-03-26,9.0,8.87,540,532.0,0,0,5,0.985
AT00004820,A072,2025-03-27,9.0,8.78,540,527.0,0,0,0,0.976
AT00004821,A072,2025-03-31,9.0,8.87,540,532.0,0,0,0,0.985
AT00004822,A073,2025-01-01,9.0,8.87,540,532.0,0,0,0,0.985
AT00004823,A073,2025-01-02,9.0,8.85,540,531.0,0,0,0,0.983
AT00004824,A073,2025-01-03,9.0,0.0,540,0.0,1,0,540,0.0
AT00004825,A073,2025-01-06,9.0,8.67,540,520.0,0,0,0,0.963
AT00004826,A073,2025-01-07,9.0,8.83,540,530.0,0,0,2,0.981
AT00004827,A073,2025-01-08,9.0,8.9,540,534.0,0,0,0,0.989
AT00004828,A073,2025-01-09,9.0,8.85,540,531.0,0,0,0,0.983
AT00004829,A073,2025-01-10,9.0,8.92,540,535.0,0,0,0,0.991
AT00004830,A073,2025-01-11,9.0,8.78,540,527.0,0,0,0,0.976
AT00004831,A073,2025-01-13,9.0,8.87,540,532.0,0,0,0,0.985
AT00004832,A073,2025-01-14,9.0,8.83,540,530.0,0,0,0,0.981
AT00004833,A073,2025-01-15,9.0,8.83,540,530.0,0,0,0,0.981
AT00004834,A073,2025-01-16,9.0,8.88,540,533.0,0,0,0,0.987
AT00004835,A073,2025-01-17,9.0,8.9,540,534.0,0,0,0,0.989
AT00004836,A073,2025-01-20,9.0,8.93,540,536.0,0,0,0,0.993
AT00004837,A073,2025-01-21,9.0,8.77,540,526.0,0,0,0,0.974
AT00004838,A073,2025-01-22,9.0,0.0,540,0.0,1,0,540,0.0
AT00004839,A073,2025-01-23,9.0,8.85,540,531.0,0,0,0,0.983
AT00004840,A073,2025-01-24,9.0,8.92,540,535.0,0,0,0,0.991
AT00004841,A073,2025-01-27,9.0,8.78,540,527.0,0,0,0,0.976
AT00004842,A073,2025-01-28,9.0,8.98,540,539.0,0,0,0,0.998
AT00004843,A073,2025-01-29,9.0,8.72,540,523.0,0,15,0,0.969
AT00004844,A073,2025-01-30,9.0,8.67,540,520.0,0,0,0,0.963
AT00004845,A073,2025-01-31,9.0,8.33,540,500.0,0,0,30,0.926
AT00004846,A073,2025-02-03,9.0,8.7,540,522.0,0,0,0,0.967
AT00004847,A073,2025-02-04,9.0,8.65,540,519.0,0,0,15,0.961
AT00004848,A073,2025-02-05,9.0,8.9,540,534.0,0,0,0,0.989
AT00004849,A073,2025-02-06,9.0,8.97,540,538.0,0,0,0,0.996
AT00004850,A073,2025-02-07,9.0,0.0,540,0.0,1,0,540,0.0
AT00004851,A073,2025-02-10,9.0,8.9,540,534.0,0,0,0,0.989
AT00004852,A073,2025-02-11,9.0,8.92,540,535.0,0,0,0,0.991
AT00004853,A073,2025-02-12,9.0,8.92,540,535.0,0,0,0,0.991
AT00004854,A073,2025-02-13,9.0,8.75,540,525.0,0,0,0,0.972
AT00004855,A073,2025-02-14,9.0,8.95,540,537.0,0,0,0,0.994
AT00004856,A073,2025-02-17,9.0,8.97,540,538.0,0,0,0,0.996
AT00004857,A073,2025-02-18,9.0,8.95,540,537.0,0,0,0,0.994
AT00004858,A073,2025-02-19,9.0,0.0,540,0.0,1,0,540,0.0
AT00004859,A073,2025-02-20,9.0,8.87,540,532.0,0,0,0,0.985
AT00004860,A073,2025-02-21,9.0,8.9,540,534.0,0,0,0,0.989
AT00004861,A073,2025-02-24,9.0,8.93,540,536.0,0,0,2,0.993
AT00004862,A073,2025-02-25,9.0,8.95,540,537.0,0,0,0,0.994
AT00004863,A073,2025-02-26,9.0,8.93,540,536.0,0,0,0,0.993
AT00004864,A073,2025-02-27,9.0,8.77,540,526.0,0,0,0,0.974
AT00004865,A073,2025-02-28,9.0,0.0,540,0.0,1,0,540,0.0
AT00004866,A073,2025-03-03,9.0,8.6,540,516.0,0,10,0,0.956
AT00004867,A073,2025-03-04,9.0,8.77,540,526.0,0,0,0,0.974
AT00004868,A073,2025-03-05,9.0,8.75,540,525.0,0,5,0,0.972
AT00004869,A073,2025-03-06,9.0,8.83,540,530.0,0,10,0,0.981
AT00004870,A073,2025-03-07,9.0,8.8,540,528.0,0,0,0,0.978
AT00004871,A073,2025-03-10,9.0,8.9,540,534.0,0,0,0,0.989
AT00004872,A073,2025-03-11,9.0,8.97,540,538.0,0,0,0,0.996
AT00004873,A073,2025-03-12,9.0,8.87,540,532.0,0,0,0,0.985
AT00004874,A073,2025-03-13,9.0,0.0,540,0.0,1,0,540,0.0
AT00004875,A073,2025-03-14,9.0,8.82,540,529.0,0,0,0,0.98
AT00004876,A073,2025-03-15,9.0,8.77,540,526.0,0,0,10,0.974
AT00004877,A073,2025-03-17,9.0,8.85,540,531.0,0,0,0,0.983
AT00004878,A073,2025-03-18,9.0,8.82,540,529.0,0,0,0,0.98
AT00004879,A073,2025-03-19,9.0,0.0,540,0.0,1,0,540,0.0
AT00004880,A073,2025-03-21,9.0,8.85,540,531.0,0,0,0,0.983
AT00004881,A073,2025-03-24,9.0,8.82,540,529.0,0,0,0,0.98
AT00004882,A073,2025-03-25,9.0,8.8,540,528.0,0,0,0,0.978
AT00004883,A073,2025-03-26,9.0,8.87,540,532.0,0,0,0,0.985
AT00004884,A073,2025-03-27,9.0,8.87,540,532.0,0,0,0,0.985
AT00004885,A073,2025-03-28,9.0,8.92,540,535.0,0,0,0,0.991
AT00004886,A073,2025-03-31,9.0,8.38,540,503.0,0,15,15,0.931
AT00004887,A074,2025-01-01,9.0,8.88,540,533.0,0,0,0,0.987
AT00004888,A074,2025-01-02,9.0,8.93,540,536.0,0,0,0,0.993
AT00004889,A074,2025-01-03,9.0,8.85,540,531.0,0,0,0,0.983
AT00004890,A074,2025-01-06,9.0,8.77,540,526.0,0,0,0,0.974
AT00004891,A074,2025-01-07,9.0,8.33,540,500.0,0,0,30,0.926
AT00004892,A074,2025-01-08,9.0,8.8,540,528.0,0,0,0,0.978
AT00004893,A074,2025-01-09,9.0,8.82,540,529.0,0,0,5,0.98
AT00004894,A074,2025-01-10,9.0,8.83,540,530.0,0,0,0,0.981
AT00004895,A074,2025-01-12,9.0,8.72,540,523.0,0,10,0,0.969
AT00004896,A074,2025-01-13,9.0,8.93,540,536.0,0,0,0,0.993
AT00004897,A074,2025-01-14,9.0,0.0,540,0.0,1,0,540,0.0
AT00004898,A074,2025-01-15,9.0,8.78,540,527.0,0,0,0,0.976
AT00004899,A074,2025-01-16,9.0,0.0,540,0.0,1,0,540,0.0
AT00004900,A074,2025-01-17,9.0,8.9,540,534.0,0,0,5,0.989
AT00004901,A074,2025-01-18,9.0,8.57,540,514.0,0,15,0,0.952
AT00004902,A074,2025-01-20,9.0,8.58,540,515.0,0,15,0,0.954
AT00004903,A074,2025-01-21,9.0,8.8,540,528.0,0,0,0,0.978
AT00004904,A074,2025-01-22,9.0,8.72,540,523.0,0,5,0,0.969
AT00004905,A074,2025-01-23,9.0,8.83,540,530.0,0,0,0,0.981
AT00004906,A074,2025-01-24,9.0,8.73,540,524.0,0,0,0,0.97
AT00004907,A074,2025-01-27,9.0,8.82,540,529.0,0,0,0,0.98
AT00004908,A074,2025-01-28,9.0,8.77,540,526.0,0,0,0,0.974
AT00004909,A074,2025-01-29,9.0,8.97,540,538.0,0,0,0,0.996
AT00004910,A074,2025-01-30,9.0,8.83,540,530.0,0,0,0,0.981
AT00004911,A074,2025-01-31,9.0,8.88,540,533.0,0,0,0,0.987
AT00004912,A074,2025-02-03,9.0,8.7,540,522.0,0,5,0,0.967
AT00004913,A074,2025-02-04,9.0,8.87,540,532.0,0,0,0,0.985
AT00004914,A074,2025-02-05,9.0,8.72,540,523.0,0,0,0,0.969
AT00004915,A074,2025-02-06,9.0,8.83,540,530.0,0,0,0,0.981
AT00004916,A074,2025-02-07,9.0,8.88,540,533.0,0,0,0,0.987
AT00004917,A074,2025-02-08,9.0,8.8,540,528.0,0,0,0,0.978
AT00004918,A074,2025-02-09,9.0,8.92,540,535.0,0,0,0,0.991
AT00004919,A074,2025-02-10,9.0,8.9,540,534.0,0,0,0,0.989
AT00004920,A074,2025-02-11,9.0,8.82,540,529.0,0,0,0,0.98
AT00004921,A074,2025-02-12,9.0,0.0,540,0.0,1,0,540,0.0
AT00004922,A074,2025-02-13,9.0,8.92,540,535.0,0,0,0,0.991
AT00004923,A074,2025-02-14,9.0,8.63,540,518.0,0,0,15,0.959
AT00004924,A074,2025-02-16,9.0,8.75,540,525.0,0,0,0,0.972
AT00004925,A074,2025-02-17,9.0,8.7,540,522.0,0,0,15,0.967
AT00004926,A074,2025-02-18,9.0,8.73,540,524.0,0,0,10,0.97
AT00004927,A074,2025-02-19,9.0,8.87,540,532.0,0,0,0,0.985
AT00004928,A074,2025-02-20,9.0,8.9,540,534.0,0,0,0,0.989
AT00004929,A074,2025-02-21,9.0,8.93,540,536.0,0,0,0,0.993
AT00004930,A074,2025-02-24,9.0,8.8,540,528.0,0,0,0,0.978
AT00004931,A074,2025-02-25,9.0,9.0,540,540.0,0,0,0,1.0
AT00004932,A074,2025-02-26,9.0,8.8,540,528.0,0,5,0,0.978
AT00004933,A074,2025-02-27,9.0,8.92,540,535.0,0,0,0,0.991
AT00004934,A074,2025-02-28,9.0,8.38,540,503.0,0,0,30,0.931
AT00004935,A074,2025-03-03,9.0,8.87,540,532.0,0,0,0,0.985
AT00004936,A074,2025-03-04,9.0,8.82,540,529.0,0,0,10,0.98
AT00004937,A074,2025-03-05,9.0,8.87,540,532.0,0,0,0,0.985
AT00004938,A074,2025-03-06,9.0,0.0,540,0.0,1,0,540,0.0
AT00004939,A074,2025-03-07,9.0,8.77,540,526.0,0,5,0,0.974
AT00004940,A074,2025-03-10,9.0,8.82,540,529.0,0,10,0,0.98
AT00004941,A074,2025-03-11,9.0,8.95,540,537.0,0,0,0,0.994
AT00004942,A074,2025-03-12,9.0,8.97,540,538.0,0,0,0,0.996
AT00004943,A074,2025-03-13,9.0,8.8,540,528.0,0,0,0,0.978
AT00004944,A074,2025-03-14,9.0,8.83,540,530.0,0,0,0,0.981
AT00004945,A074,2025-03-16,9.0,8.9,540,534.0,0,0,0,0.989
AT00004946,A074,2025-03-17,9.0,8.87,540,532.0,0,0,0,0.985
AT00004947,A074,2025-03-18,9.0,8.88,540,533.0,0,0,0,0.987
AT00004948,A074,2025-03-20,9.0,8.92,540,535.0,0,0,0,0.991
AT00004949,A074,2025-03-21,9.0,8.88,540,533.0,0,0,0,0.987
AT00004950,A074,2025-03-23,9.0,8.78,540,527.0,0,0,0,0.976
AT00004951,A074,2025-03-24,9.0,8.83,540,530.0,0,0,0,0.981
AT00004952,A074,2025-03-25,9.0,8.47,540,508.0,0,0,30,0.941
AT00004953,A074,2025-03-26,9.0,8.58,540,515.0,0,10,0,0.954
AT00004954,A074,2025-03-27,9.0,8.43,540,506.0,0,15,10,0.937
AT00004955,A074,2025-03-28,9.0,8.73,540,524.0,0,0,5,0.97
AT00004956,A074,2025-03-31,9.0,8.85,540,531.0,0,0,0,0.983
AT00004957,A075,2025-01-01,9.0,8.88,540,533.0,0,0,0,0.987
AT00004958,A075,2025-01-02,9.0,8.87,540,532.0,0,0,0,0.985
AT00004959,A075,2025-01-03,9.0,8.78,540,527.0,0,0,0,0.976
AT00004960,A075,2025-01-06,9.0,8.8,540,528.0,0,0,0,0.978
AT00004961,A075,2025-01-07,9.0,8.68,540,521.0,0,0,15,0.965
AT00004962,A075,2025-01-08,9.0,8.75,540,525.0,0,0,10,0.972
AT00004963,A075,2025-01-09,9.0,8.83,540,530.0,0,0,0,0.981
AT00004964,A075,2025-01-10,9.0,8.87,540,532.0,0,0,0,0.985
AT00004965,A075,2025-01-13,9.0,8.58,540,515.0,0,0,15,0.954
AT00004966,A075,2025-01-14,9.0,8.95,540,537.0,0,0,0,0.994
AT00004967,A075,2025-01-15,9.0,8.95,540,537.0,0,0,0,0.994
AT00004968,A075,2025-01-16,9.0,8.85,540,531.0,0,0,0,0.983
AT00004969,A075,2025-01-17,9.0,8.92,540,535.0,0,0,0,0.991
AT00004970,A075,2025-01-18,9.0,8.63,540,518.0,0,10,0,0.959
AT00004971,A075,2025-01-20,9.0,8.92,540,535.0,0,0,0,0.991
AT00004972,A075,2025-01-21,9.0,8.83,540,530.0,0,0,0,0.981
AT00004973,A075,2025-01-22,9.0,8.93,540,536.0,0,0,0,0.993
AT00004974,A075,2025-01-23,9.0,8.57,540,514.0,0,10,0,0.952
AT00004975,A075,2025-01-25,9.0,8.83,540,530.0,0,0,0,0.981
AT00004976,A075,2025-01-26,9.0,8.85,540,531.0,0,0,0,0.983
AT00004977,A075,2025-01-27,9.0,8.87,540,532.0,0,0,0,0.985
AT00004978,A075,2025-01-28,9.0,8.82,540,529.0,0,0,0,0.98
AT00004979,A075,2025-01-29,9.0,8.78,540,527.0,0,0,0,0.976
AT00004980,A075,2025-01-30,9.0,8.85,540,531.0,0,5,0,0.983
AT00004981,A075,2025-01-31,9.0,8.85,540,531.0,0,0,0,0.983
AT00004982,A075,2025-02-03,9.0,8.88,540,533.0,0,0,0,0.987
AT00004983,A075,2025-02-04,9.0,8.73,540,524.0,0,10,0,0.97
AT00004984,A075,2025-02-05,9.0,8.78,540,527.0,0,10,0,0.976
AT00004985,A075,2025-02-06,9.0,8.78,540,527.0,0,0,0,0.976
AT00004986,A075,2025-02-07,9.0,8.92,540,535.0,0,0,0,0.991
AT00004987,A075,2025-02-08,9.0,8.85,540,531.0,0,0,0,0.983
AT00004988,A075,2025-02-10,9.0,8.75,540,525.0,0,5,0,0.972
AT00004989,A075,2025-02-11,9.0,8.83,540,530.0,0,0,0,0.981
AT00004990,A075,2025-02-12,9.0,8.77,540,526.0,0,5,0,0.974
AT00004991,A075,2025-02-13,9.0,8.95,540,537.0,0,0,0,0.994
AT00004992,A075,2025-02-14,9.0,8.93,540,536.0,0,0,0,0.993
AT00004993,A075,2025-02-17,9.0,8.85,540,531.0,0,0,0,0.983
AT00004994,A075,2025-02-18,9.0,8.98,540,539.0,0,0,0,0.998
AT00004995,A075,2025-02-19,9.0,8.88,540,533.0,0,0,0,0.987
AT00004996,A075,2025-02-20,9.0,8.93,540,536.0,0,0,0,0.993
AT00004997,A075,2025-02-21,9.0,8.93,540,536.0,0,0,0,0.993
AT00004998,A075,2025-02-24,9.0,8.85,540,531.0,0,0,0,0.983
AT00004999,A075,2025-02-25,9.0,8.98,540,539.0,0,0,0,0.998
AT00005000,A075,2025-02-27,9.0,0.0,540,0.0,1,0,540,0.0
AT00005001,A075,2025-02-28,9.0,8.83,540,530.0,0,10,0,0.981
AT00005002,A075,2025-03-01,9.0,8.58,540,515.0,0,0,10,0.954
AT00005003,A075,2025-03-03,9.0,8.67,540,520.0,0,0,10,0.963
AT00005004,A075,2025-03-04,9.0,8.87,540,532.0,0,0,5,0.985
AT00005005,A075,2025-03-05,9.0,8.87,540,532.0,0,5,0,0.985
AT00005006,A075,2025-03-06,9.0,8.87,540,532.0,0,0,0,0.985
AT00005007,A075,2025-03-10,9.0,8.8,540,528.0,0,0,0,0.978
AT00005008,A075,2025-03-11,9.0,0.0,540,0.0,1,0,540,0.0
AT00005009,A075,2025-03-12,9.0,8.87,540,532.0,0,0,0,0.985
AT00005010,A075,2025-03-13,9.0,8.95,540,537.0,0,0,0,0.994
AT00005011,A075,2025-03-14,9.0,8.58,540,515.0,0,10,0,0.954
AT00005012,A075,2025-03-17,9.0,8.87,540,532.0,0,0,0,0.985
AT00005013,A075,2025-03-18,9.0,8.8,540,528.0,0,0,2,0.978
AT00005014,A075,2025-03-19,9.0,8.73,540,524.0,0,0,10,0.97
AT00005015,A075,2025-03-20,9.0,8.9,540,534.0,0,0,0,0.989
AT00005016,A075,2025-03-21,9.0,8.85,540,531.0,0,0,0,0.983
AT00005017,A075,2025-03-24,9.0,9.0,540,540.0,0,0,0,1.0
AT00005018,A075,2025-03-25,9.0,8.92,540,535.0,0,0,0,0.991
AT00005019,A075,2025-03-26,9.0,8.9,540,534.0,0,0,0,0.989
AT00005020,A075,2025-03-27,9.0,8.67,540,520.0,0,10,0,0.963
AT00005021,A075,2025-03-28,9.0,8.77,540,526.0,0,0,0,0.974
AT00005022,A075,2025-03-31,9.0,8.42,540,505.0,0,0,30,0.935
