qa_id,call_id,master_agent_id,review_date,qa_score,compliance_score,empathy_score,documentation_score,qa_pass_flag
Q00000001,C00005736,A006,2025-02-25,85.4,80.3,86.1,81.7,1
Q00000002,C00041052,A038,2025-02-01,80.4,76.9,87.2,70.9,1
Q00000003,C00040812,A038,2025-01-16,78.8,82.7,73.5,82.1,0
Q00000004,C00057118,A053,2025-02-18,88.8,88.7,94.7,84.8,1
Q00000005,C00043838,A040,2025-02-26,82.7,85.9,89.2,77.0,1
Q00000006,C00013180,A013,2025-02-01,91.9,95.2,98.6,83.8,1
Q00000007,C00019026,A019,2025-01-30,90.4,88.6,86.9,89.7,1
Q00000008,C00079730,A074,2025-01-10,97.2,93.4,96.3,91.9,1
Q00000009,C00046830,A043,2025-03-01,75.7,83.2,68.3,70.0,0
Q00000010,C00067859,A063,2025-03-22,84.6,91.0,93.1,72.0,1
Q00000011,C00044547,A041,2025-02-09,83.8,80.6,80.0,100.0,1
Q00000012,C00049494,A046,2025-02-07,92.8,87.5,88.6,93.9,1
Q00000013,C00025470,A024,2025-03-05,95.9,94.0,97.6,95.7,1
Q00000014,C00010352,A010,2025-02-24,99.5,99.2,100.0,98.9,1
Q00000015,C00016555,A016,2025-03-16,80.4,79.5,84.2,75.9,1
Q00000016,C00032586,A031,2025-01-17,89.9,93.6,96.5,83.4,1
Q00000017,C00047447,A044,2025-01-17,93.2,87.6,86.1,91.7,1
Q00000018,C00046921,A043,2025-02-27,69.7,57.2,75.1,70.5,0
Q00000019,C00005454,A006,2025-01-31,79.3,69.8,86.1,74.1,0
Q00000020,C00080141,A074,2025-02-05,92.7,98.7,88.6,83.8,1
Q00000021,C00063163,A059,2025-02-22,92.8,94.5,85.5,93.5,1
Q00000022,C00038490,A036,2025-01-12,88.1,85.1,87.8,100.0,1
Q00000023,C00045360,A042,2025-01-27,90.3,84.4,84.9,90.3,1
Q00000024,C00024339,A023,2025-03-02,89.8,92.9,87.9,92.9,1
Q00000025,C00032777,A031,2025-02-01,82.0,84.9,84.0,78.6,1
Q00000026,C00031168,A029,2025-03-02,88.5,87.1,91.0,75.4,1
Q00000027,C00060944,A057,2025-02-18,95.8,94.2,100.0,84.2,1
Q00000028,C00002624,A003,2025-02-19,91.6,100.0,86.8,92.6,1
Q00000029,C00072250,A067,2025-03-18,81.1,84.7,74.5,75.6,1
Q00000030,C00044256,A041,2025-01-09,80.5,83.9,70.9,89.0,1
Q00000031,C00077821,A072,2025-02-17,87.2,80.8,89.8,74.3,1
Q00000032,C00038223,A035,2025-03-25,81.1,85.8,75.6,66.7,1
Q00000033,C00016801,A017,2025-01-03,76.8,80.7,69.9,81.8,0
Q00000034,C00022271,A022,2025-01-11,85.7,83.6,87.5,82.7,1
Q00000035,C00045580,A042,2025-02-21,93.1,94.7,97.5,86.6,1
Q00000036,C00061150,A057,2025-03-11,86.4,79.8,84.4,87.9,1
Q00000037,C00030726,A029,2025-01-20,89.6,98.7,88.0,90.7,1
Q00000038,C00006248,A007,2025-01-12,89.5,93.6,93.2,85.0,1
Q00000039,C00073217,A068,2025-03-01,86.6,82.6,83.4,90.8,1
Q00000040,C00063212,A059,2025-03-01,89.5,96.3,86.3,93.9,1
Q00000041,C00024953,A024,2025-01-13,94.6,87.7,97.5,97.1,1
Q00000042,C00019152,A019,2025-02-07,85.7,89.9,81.2,91.1,1
Q00000043,C00034302,A032,2025-02-10,82.7,79.9,87.6,74.7,1
Q00000044,C00004654,A005,2025-02-18,91.0,92.7,80.6,94.4,1
Q00000045,C00055723,A052,2025-01-18,97.4,94.4,99.8,100.0,1
Q00000046,C00078585,A073,2025-01-11,86.2,90.0,78.0,79.5,1
Q00000047,C00076225,A071,2025-01-21,90.5,91.8,97.0,85.7,1
Q00000048,C00031888,A030,2025-02-08,73.9,77.4,84.7,77.1,0
Q00000049,C00059030,A055,2025-02-21,83.1,81.0,75.0,81.8,1
Q00000050,C00079713,A074,2025-01-08,82.7,90.4,87.5,88.4,1
Q00000051,C00043064,A039,2025-03-24,72.4,67.9,66.2,69.7,0
Q00000052,C00071329,A066,2025-03-16,85.6,79.8,93.6,83.0,1
Q00000053,C00042956,A039,2025-03-13,100.0,100.0,100.0,100.0,1
Q00000054,C00000675,A001,2025-03-08,89.9,86.9,88.6,89.8,1
Q00000055,C00033177,A031,2025-02-24,92.2,88.0,93.3,80.1,1
Q00000056,C00069448,A064,2025-04-08,88.6,87.9,92.3,86.5,1
Q00000057,C00055350,A051,2025-03-14,92.9,92.7,96.0,91.3,1
Q00000058,C00052944,A049,2025-03-14,81.7,80.8,73.0,86.8,1
Q00000059,C00022544,A022,2025-01-23,85.6,88.4,72.7,85.8,1
Q00000060,C00079201,A073,2025-03-01,96.7,85.2,96.6,90.6,1
Q00000061,C00006449,A007,2025-01-24,89.3,96.3,83.3,85.7,1
Q00000062,C00074886,A070,2025-01-19,76.2,69.1,82.8,81.8,0
Q00000063,C00076050,A071,2025-01-11,84.2,75.7,88.7,68.6,1
Q00000064,C00077661,A072,2025-02-08,90.0,81.1,83.6,88.7,1
Q00000065,C00071302,A066,2025-03-16,88.0,87.6,91.6,87.1,1
Q00000066,C00050675,A047,2025-02-25,75.0,77.4,73.1,78.7,0
Q00000067,C00062290,A058,2025-03-12,87.7,91.7,89.1,84.9,1
Q00000068,C00002133,A003,2025-01-23,80.6,86.5,81.1,68.7,1
Q00000069,C00076357,A071,2025-02-02,94.1,89.2,96.5,94.2,1
Q00000070,C00043896,A040,2025-03-06,91.1,89.7,100.0,92.1,1
Q00000071,C00063075,A059,2025-02-09,86.0,91.5,78.6,83.6,1
Q00000072,C00064012,A060,2025-01-31,91.7,85.2,100.0,90.6,1
Q00000073,C00006426,A007,2025-01-23,88.8,98.0,94.6,83.0,1
Q00000074,C00032605,A031,2025-01-20,90.2,83.0,87.9,88.0,1
Q00000075,C00034148,A032,2025-01-31,75.5,75.6,72.9,79.0,0
Q00000076,C00044832,A041,2025-03-11,88.3,88.0,78.4,92.4,1
Q00000077,C00020553,A020,2025-03-09,81.8,81.1,82.2,83.0,1
Q00000078,C00081620,A075,2025-02-07,89.0,87.3,81.4,96.1,1
Q00000079,C00030739,A029,2025-01-23,72.7,70.6,71.1,74.1,0
Q00000080,C00017237,A017,2025-02-14,82.1,85.8,73.9,76.6,1
Q00000081,C00063498,A059,2025-03-27,89.8,88.2,93.7,88.5,1
Q00000082,C00051344,A048,2025-01-30,72.2,68.0,71.5,71.7,0
Q00000083,C00029222,A027,2025-03-22,93.9,96.8,84.9,94.7,1
Q00000084,C00039275,A036,2025-03-07,83.7,86.0,73.4,75.2,1
Q00000085,C00081175,A075,2025-01-10,81.4,74.5,84.9,85.5,0
Q00000086,C00000629,A001,2025-03-05,91.6,90.8,79.2,93.4,1
Q00000087,C00063960,A060,2025-01-30,80.2,92.6,72.4,76.7,1
Q00000088,C00009207,A009,2025-02-19,90.6,96.1,85.2,95.7,1
Q00000089,C00050382,A047,2025-01-29,83.9,84.2,86.7,91.1,1
Q00000090,C00023918,A023,2025-01-27,92.9,94.7,89.8,94.4,1
Q00000091,C00043366,A040,2025-01-08,79.8,69.2,83.7,71.6,0
Q00000092,C00052053,A049,2025-01-13,73.3,71.9,79.4,89.1,0
Q00000093,C00065342,A061,2025-02-22,86.8,85.9,79.8,80.8,1
Q00000094,C00069048,A064,2025-03-13,83.7,83.0,78.8,69.5,1
Q00000095,C00052129,A049,2025-01-21,87.2,82.3,82.8,84.0,1
Q00000096,C00065495,A061,2025-03-05,83.8,84.4,90.9,72.9,1
Q00000097,C00080529,A074,2025-03-06,72.4,70.6,76.7,85.5,0
Q00000098,C00030180,A028,2025-03-04,75.8,77.4,81.3,81.7,0
Q00000099,C00078221,A072,2025-03-18,100.0,96.2,97.8,94.4,1
Q00000100,C00038456,A036,2025-01-10,83.0,81.1,77.6,73.9,1
Q00000101,C00024857,A023,2025-04-03,86.9,89.2,85.9,94.0,1
Q00000102,C00073728,A068,2025-03-31,89.9,86.7,88.1,77.9,1
Q00000103,C00055588,A052,2025-01-12,86.2,83.4,68.6,77.4,1
Q00000104,C00072864,A068,2025-01-30,80.1,74.6,92.2,67.4,0
Q00000105,C00040125,A037,2025-02-19,82.3,85.6,90.5,100.0,1
Q00000106,C00069588,A065,2025-01-17,79.5,72.3,78.9,73.4,0
Q00000107,C00041217,A038,2025-02-15,91.9,100.0,93.0,84.6,1
Q00000108,C00061166,A057,2025-03-09,84.7,87.8,85.7,81.7,1
Q00000109,C00031811,A030,2025-02-02,77.0,81.6,77.6,70.0,0
Q00000110,C00044304,A041,2025-01-22,86.4,81.6,84.8,90.8,1
Q00000111,C00032766,A031,2025-01-28,100.0,99.5,99.4,100.0,1
Q00000112,C00001155,A002,2025-01-15,93.0,88.8,98.3,86.0,1
Q00000113,C00059691,A056,2025-01-21,86.9,82.1,81.3,85.7,1
Q00000114,C00068820,A064,2025-02-19,86.2,85.4,87.2,91.3,1
Q00000115,C00078249,A072,2025-03-15,85.8,81.5,83.8,90.3,1
Q00000116,C00070257,A065,2025-03-31,81.7,71.6,76.8,80.4,0
Q00000117,C00065563,A061,2025-03-08,85.2,83.6,83.3,86.8,1
Q00000118,C00013885,A014,2025-01-19,86.2,94.7,71.8,95.3,1
Q00000119,C00049011,A045,2025-03-21,85.7,89.4,86.9,84.6,1
Q00000120,C00036017,A034,2025-01-09,91.2,88.4,88.4,79.4,1
Q00000121,C00047149,A043,2025-03-19,81.7,83.1,81.2,81.3,1
Q00000122,C00074890,A070,2025-01-13,87.7,84.9,84.1,81.9,1
Q00000123,C00055173,A051,2025-03-05,92.2,96.7,93.4,81.9,1
Q00000124,C00033121,A031,2025-02-23,83.5,78.3,87.0,79.9,1
Q00000125,C00057113,A053,2025-02-17,86.8,92.1,94.0,92.7,1
Q00000126,C00024294,A023,2025-02-24,82.7,84.8,89.3,100.0,1
Q00000127,C00046837,A043,2025-03-02,90.4,96.0,88.6,90.0,1
Q00000128,C00044706,A041,2025-02-25,82.5,75.8,89.2,64.5,1
Q00000129,C00012054,A012,2025-01-10,80.0,82.6,84.1,69.2,1
Q00000130,C00044535,A041,2025-02-04,92.3,100.0,100.0,96.2,1
Q00000131,C00027403,A026,2025-02-18,91.5,87.9,90.6,92.6,1
Q00000132,C00063788,A060,2025-01-22,88.1,86.6,82.3,93.5,1
Q00000133,C00033571,A031,2025-03-28,73.9,87.1,69.1,69.9,0
Q00000134,C00001247,A002,2025-01-26,98.7,85.8,100.0,98.3,1
Q00000135,C00077115,A071,2025-04-01,98.2,100.0,100.0,89.5,1
Q00000136,C00075233,A070,2025-02-13,81.9,84.0,73.0,78.0,1
Q00000137,C00039740,A037,2025-01-18,88.4,79.5,100.0,81.9,1
Q00000138,C00063606,A059,2025-04-06,85.7,83.2,98.3,76.6,1
Q00000139,C00035377,A033,2025-02-07,86.6,76.8,72.8,88.0,1
Q00000140,C00051192,A048,2025-01-14,79.8,79.4,84.6,81.7,0
Q00000141,C00062872,A059,2025-01-22,91.5,89.6,98.4,95.1,1
Q00000142,C00080992,A074,2025-04-06,93.8,87.8,99.3,94.1,1
Q00000143,C00024343,A023,2025-02-26,94.6,95.0,95.0,95.9,1
Q00000144,C00039837,A037,2025-01-26,87.1,99.8,87.0,91.0,1
Q00000145,C00029183,A027,2025-03-23,88.0,85.3,90.4,81.5,1
Q00000146,C00035349,A033,2025-02-07,82.6,82.6,85.1,84.3,1
Q00000147,C00072430,A067,2025-04-02,90.7,87.8,95.9,91.6,1
Q00000148,C00076282,A071,2025-01-28,85.3,86.0,79.7,82.7,1
Q00000149,C00064894,A060,2025-04-05,73.7,66.5,69.4,84.3,0
Q00000150,C00029761,A028,2025-01-25,80.1,82.6,79.9,73.0,1
Q00000151,C00021480,A021,2025-02-17,99.5,95.8,92.3,98.9,1
Q00000152,C00067683,A063,2025-03-04,87.8,88.6,96.5,93.5,1
Q00000153,C00050453,A047,2025-02-04,87.7,81.3,84.4,79.0,1
Q00000154,C00052716,A049,2025-03-02,81.3,80.5,88.2,83.6,1
Q00000155,C00020453,A020,2025-03-04,85.2,91.4,79.9,92.3,1
Q00000156,C00032088,A030,2025-03-01,87.7,85.7,89.6,97.3,1
Q00000157,C00076816,A071,2025-03-07,97.1,95.6,97.5,86.2,1
Q00000158,C00048888,A045,2025-03-08,84.5,87.5,73.6,79.5,1
Q00000159,C00039120,A036,2025-03-04,84.8,78.8,87.9,88.9,1
Q00000160,C00079652,A073,2025-04-04,87.1,85.4,93.8,92.8,1
Q00000161,C00017031,A017,2025-01-25,89.6,84.8,95.5,100.0,1
Q00000162,C00013854,A014,2025-01-09,87.5,81.1,90.4,83.1,1
Q00000163,C00045416,A042,2025-02-04,89.9,87.4,76.5,91.2,1
Q00000164,C00036879,A034,2025-03-15,79.5,83.9,79.6,85.5,0
Q00000165,C00006433,A007,2025-01-22,100.0,100.0,100.0,100.0,1
Q00000166,C00038348,A035,2025-03-30,77.3,77.7,81.6,69.4,0
Q00000167,C00064322,A060,2025-02-16,89.6,90.7,89.9,81.0,1
Q00000168,C00033534,A031,2025-03-19,85.5,87.1,84.7,87.0,1
Q00000169,C00001816,A002,2025-03-23,78.2,79.6,76.1,72.0,0
Q00000170,C00046167,A043,2025-01-07,88.2,97.8,100.0,100.0,1
Q00000171,C00039672,A037,2025-01-08,74.9,76.6,81.6,82.7,0
Q00000172,C00060823,A057,2025-02-01,86.2,91.8,82.2,93.1,1
Q00000173,C00024698,A023,2025-03-26,84.9,79.1,92.2,88.7,1
Q00000174,C00000420,A001,2025-02-09,97.2,92.2,95.4,94.9,1
Q00000175,C00034445,A032,2025-02-19,84.8,82.0,74.8,99.5,1
Q00000176,C00037981,A035,2025-03-14,80.6,80.6,81.8,75.2,1
Q00000177,C00044781,A041,2025-03-05,88.2,88.8,99.0,94.4,1
Q00000178,C00062716,A059,2025-01-10,82.7,79.0,87.0,76.8,1
Q00000179,C00010592,A010,2025-03-11,86.1,83.9,83.4,81.3,1
Q00000180,C00010943,A011,2025-01-06,69.7,66.6,64.7,72.1,0
Q00000181,C00045560,A042,2025-02-18,87.4,85.6,87.1,85.2,1
Q00000182,C00057119,A053,2025-02-13,89.5,94.2,86.7,94.0,1
Q00000183,C00025507,A024,2025-03-09,90.6,96.8,86.7,86.7,1
Q00000184,C00058463,A054,2025-03-29,87.0,85.7,76.4,81.3,1
Q00000185,C00064999,A061,2025-01-08,100.0,97.1,97.2,91.9,1
Q00000186,C00053441,A050,2025-01-18,84.6,87.6,89.0,77.6,1
Q00000187,C00031527,A030,2025-01-11,80.3,73.8,92.3,83.2,0
Q00000188,C00041126,A038,2025-02-10,82.0,79.0,77.1,88.4,1
Q00000189,C00060878,A057,2025-02-08,86.3,87.1,95.0,84.1,1
Q00000190,C00068645,A064,2025-02-12,87.0,94.9,89.3,95.1,1
Q00000191,C00034016,A032,2025-01-25,94.6,97.7,86.2,94.3,1
Q00000192,C00075430,A070,2025-02-28,88.2,87.5,95.1,83.5,1
Q00000193,C00061022,A057,2025-02-22,95.2,89.6,97.7,98.5,1
Q00000194,C00053402,A050,2025-01-14,95.3,86.9,90.9,99.9,1
Q00000195,C00053962,A050,2025-02-19,85.6,80.6,81.3,81.6,1
Q00000196,C00077263,A072,2025-01-11,91.9,95.1,86.6,90.2,1
Q00000197,C00065177,A061,2025-02-05,88.5,90.4,93.6,89.5,1
Q00000198,C00030732,A029,2025-01-19,88.0,84.0,93.7,98.5,1
Q00000199,C00018417,A018,2025-03-07,86.5,90.2,84.4,99.0,1
Q00000200,C00032440,A031,2025-01-06,93.9,84.0,95.3,87.4,1
Q00000201,C00070646,A066,2025-01-31,89.7,98.0,88.9,89.1,1
Q00000202,C00041632,A038,2025-03-18,85.3,81.2,77.9,93.5,1
Q00000203,C00026946,A026,2025-01-11,88.9,100.0,92.7,85.8,1
Q00000204,C00002946,A003,2025-03-14,94.9,100.0,91.5,100.0,1
Q00000205,C00021680,A021,2025-02-27,82.2,75.0,81.3,80.3,1
Q00000206,C00009725,A010,2025-01-14,87.8,85.7,85.0,93.8,1
Q00000207,C00079439,A073,2025-03-14,90.4,85.7,86.9,99.0,1
Q00000208,C00016039,A016,2025-02-12,84.5,87.3,78.4,83.7,1
Q00000209,C00024911,A024,2025-01-04,86.6,88.3,86.7,91.4,1
Q00000210,C00036032,A034,2025-01-15,91.8,95.3,82.9,86.4,1
Q00000211,C00064665,A060,2025-03-20,80.7,83.0,82.1,87.4,1
Q00000212,C00036386,A034,2025-02-11,86.2,81.3,73.1,87.0,1
Q00000213,C00023432,A022,2025-03-22,82.6,71.6,86.2,72.4,0
Q00000214,C00072538,A068,2025-01-12,94.5,98.2,88.7,97.1,1
Q00000215,C00007642,A008,2025-01-15,90.4,80.5,98.3,87.4,1
Q00000216,C00031383,A029,2025-03-28,88.1,87.6,77.4,88.8,1
Q00000217,C00015441,A015,2025-03-26,82.0,84.6,85.0,75.8,1
Q00000218,C00030800,A029,2025-01-25,90.2,89.1,93.4,95.0,1
Q00000219,C00077377,A072,2025-01-21,87.9,91.8,81.5,95.5,1
Q00000220,C00020171,A020,2025-02-08,92.8,94.4,96.7,88.6,1
Q00000221,C00071984,A067,2025-02-21,76.5,77.6,81.2,78.7,0
Q00000222,C00015624,A016,2025-01-16,98.1,100.0,95.9,100.0,1
Q00000223,C00077357,A072,2025-01-11,83.5,87.4,94.4,82.2,1
Q00000224,C00026576,A025,2025-03-20,83.2,85.3,80.1,81.7,1
Q00000225,C00013950,A014,2025-01-29,83.5,76.8,87.8,78.7,1
Q00000226,C00059658,A056,2025-01-22,82.3,78.6,80.3,88.0,1
Q00000227,C00035326,A033,2025-01-29,85.9,78.7,84.0,86.8,1
Q00000228,C00063649,A060,2025-01-07,84.1,76.3,84.6,72.7,1
Q00000229,C00006709,A007,2025-02-08,73.1,81.0,81.7,73.5,0
Q00000230,C00026194,A025,2025-02-15,84.1,84.8,86.5,75.1,1
Q00000231,C00069623,A065,2025-01-29,87.5,86.3,81.1,86.4,1
Q00000232,C00053440,A050,2025-01-10,81.7,83.9,85.4,90.3,1
Q00000233,C00041567,A038,2025-03-12,84.8,86.7,85.4,79.3,1
Q00000234,C00024590,A023,2025-03-14,93.9,99.1,91.1,93.0,1
Q00000235,C00043281,A039,2025-04-01,66.3,67.6,75.5,60.8,0
Q00000236,C00064477,A060,2025-03-06,93.0,86.7,97.0,100.0,1
Q00000237,C00043093,A039,2025-03-27,87.6,80.8,99.5,84.7,1
Q00000238,C00082158,A075,2025-03-21,88.0,83.5,86.8,100.0,1
Q00000239,C00065763,A061,2025-03-26,87.6,87.8,81.6,87.5,1
Q00000240,C00026414,A025,2025-03-11,100.0,99.0,88.2,100.0,1
Q00000241,C00004780,A005,2025-03-01,79.4,78.9,72.7,65.5,0
Q00000242,C00080976,A074,2025-03-31,79.3,76.8,80.0,74.4,0
Q00000243,C00006007,A006,2025-03-27,84.7,87.1,89.0,91.8,1
Q00000244,C00034656,A032,2025-03-13,85.2,80.4,90.1,96.5,1
Q00000245,C00024736,A023,2025-03-24,84.1,86.5,92.3,86.4,1
Q00000246,C00069630,A065,2025-01-24,87.0,85.7,93.6,77.5,1
Q00000247,C00003305,A004,2025-01-09,85.0,82.8,90.0,90.9,1
Q00000248,C00028350,A027,2025-01-21,89.4,90.8,87.1,97.2,1
Q00000249,C00017250,A017,2025-02-18,87.9,89.2,97.5,88.5,1
Q00000250,C00025998,A025,2025-01-29,92.2,88.3,90.1,99.3,1
Q00000251,C00002311,A003,2025-01-29,74.0,78.1,82.0,81.7,0
Q00000252,C00003739,A004,2025-02-27,78.8,86.2,76.3,80.5,0
Q00000253,C00019927,A020,2025-01-21,85.2,89.7,91.6,87.5,1
Q00000254,C00012425,A012,2025-02-23,92.7,80.8,100.0,100.0,1
Q00000255,C00064616,A060,2025-03-16,92.0,91.8,95.7,87.5,1
Q00000256,C00023935,A023,2025-01-28,92.6,96.7,84.7,81.7,1
Q00000257,C00073269,A068,2025-03-02,86.7,85.7,87.7,86.2,1
Q00000258,C00019459,A019,2025-03-01,90.1,90.9,95.5,89.3,1
Q00000259,C00059017,A055,2025-02-20,85.4,86.9,81.4,89.0,1
Q00000260,C00068948,A064,2025-03-04,81.9,76.5,88.0,86.2,1
Q00000261,C00056297,A052,2025-02-28,92.1,86.9,97.3,84.7,1
Q00000262,C00076865,A071,2025-03-09,88.4,80.5,81.9,99.1,1
Q00000263,C00051393,A048,2025-02-04,88.2,92.1,85.9,82.4,1
Q00000264,C00024964,A024,2025-01-16,88.4,91.7,90.5,88.6,1
Q00000265,C00006782,A007,2025-02-14,86.9,92.8,97.2,85.6,1
Q00000266,C00050794,A047,2025-03-16,77.7,77.4,77.0,75.7,0
Q00000267,C00052906,A049,2025-03-12,86.5,88.6,87.5,94.2,1
Q00000268,C00055825,A052,2025-01-28,94.0,100.0,85.0,100.0,1
Q00000269,C00067478,A063,2025-02-18,86.1,86.0,90.1,74.2,1
Q00000270,C00030719,A029,2025-01-16,90.1,78.4,78.4,92.2,1
Q00000271,C00031222,A029,2025-03-09,73.9,69.8,67.4,77.3,0
Q00000272,C00045562,A042,2025-02-16,72.2,74.8,60.4,72.2,0
Q00000273,C00019981,A020,2025-01-24,80.7,79.3,81.3,77.2,1
Q00000274,C00042816,A039,2025-03-12,80.4,80.3,86.5,71.4,1
Q00000275,C00021589,A021,2025-02-26,94.7,100.0,90.2,98.7,1
Q00000276,C00016538,A016,2025-03-21,77.1,68.5,79.5,80.0,0
Q00000277,C00031384,A029,2025-03-21,84.9,90.6,89.1,90.8,1
Q00000278,C00002402,A003,2025-01-30,78.2,75.5,80.4,76.2,0
Q00000279,C00072511,A068,2025-01-09,88.1,84.5,84.5,82.9,1
Q00000280,C00037913,A035,2025-03-08,92.8,91.5,96.1,97.0,1
Q00000281,C00043258,A039,2025-04-02,99.2,100.0,100.0,100.0,1
Q00000282,C00040016,A037,2025-02-11,87.4,81.7,85.3,93.1,1
Q00000283,C00006085,A006,2025-03-25,94.4,95.9,84.2,90.1,1
Q00000284,C00079455,A073,2025-03-15,100.0,98.3,100.0,100.0,1
Q00000285,C00031330,A029,2025-03-21,90.0,72.9,93.4,81.4,0
Q00000286,C00047913,A044,2025-03-06,93.2,94.1,89.2,88.0,1
Q00000287,C00012692,A012,2025-03-11,89.0,81.4,88.7,96.1,1
Q00000288,C00073508,A068,2025-03-21,88.0,86.4,82.3,90.7,1
Q00000289,C00017968,A018,2025-01-19,87.5,87.9,95.2,88.7,1
Q00000290,C00027623,A026,2025-03-07,90.8,94.4,95.4,86.7,1
Q00000291,C00019766,A019,2025-04-03,93.0,82.6,95.3,100.0,1
Q00000292,C00045536,A042,2025-02-16,86.6,89.2,86.1,81.9,1
Q00000293,C00054224,A050,2025-03-13,90.5,99.9,92.0,99.6,1
Q00000294,C00054563,A050,2025-04-06,83.9,83.4,81.0,84.8,1
Q00000295,C00059792,A056,2025-02-01,87.8,87.6,84.1,89.3,1
Q00000296,C00059366,A055,2025-03-19,83.9,78.4,84.9,88.6,1
Q00000297,C00004587,A005,2025-02-10,87.1,86.3,92.8,98.9,1
Q00000298,C00003807,A004,2025-03-07,84.1,79.6,91.2,80.8,1
Q00000299,C00043072,A039,2025-03-26,87.0,84.3,80.9,89.8,1
Q00000300,C00024259,A023,2025-02-22,85.9,86.4,87.5,97.8,1
Q00000301,C00011978,A012,2025-01-10,84.9,87.4,85.9,80.3,1
Q00000302,C00005053,A005,2025-03-28,94.3,92.5,97.5,97.9,1
Q00000303,C00007041,A007,2025-03-11,88.1,86.0,92.4,90.7,1
Q00000304,C00007835,A008,2025-01-26,85.9,87.8,84.0,90.6,1
Q00000305,C00042751,A039,2025-03-07,87.9,89.7,87.8,96.7,1
Q00000306,C00009775,A010,2025-01-16,92.8,100.0,86.5,81.5,1
Q00000307,C00007516,A008,2025-01-04,79.1,85.8,66.6,83.0,0
Q00000308,C00028428,A027,2025-01-27,86.5,90.6,92.8,92.5,1
Q00000309,C00030896,A029,2025-02-09,74.2,67.5,84.1,70.8,0
Q00000310,C00029336,A027,2025-03-31,75.5,75.9,77.4,67.9,0
Q00000311,C00073130,A068,2025-02-18,83.0,72.4,84.5,75.2,0
Q00000312,C00005070,A005,2025-03-26,88.9,90.3,77.9,91.0,1
Q00000313,C00038055,A035,2025-03-12,91.6,95.8,80.6,98.0,1
Q00000314,C00049749,A046,2025-03-03,88.9,92.8,100.0,83.7,1
Q00000315,C00076087,A071,2025-01-13,75.9,70.8,72.6,75.1,0
Q00000316,C00041056,A038,2025-02-04,91.3,100.0,97.0,84.3,1
Q00000317,C00055450,A051,2025-04-02,86.1,81.4,91.7,79.7,1
Q00000318,C00062307,A058,2025-03-08,85.2,85.0,90.5,77.4,1
Q00000319,C00070992,A066,2025-02-27,85.5,90.3,75.7,68.8,1
Q00000320,C00069053,A064,2025-03-14,73.6,76.3,74.5,78.1,0
Q00000321,C00021339,A021,2025-02-09,84.3,83.3,82.7,82.0,1
Q00000322,C00044045,A040,2025-03-19,81.1,88.3,81.4,74.4,1
Q00000323,C00018573,A018,2025-03-20,98.7,100.0,86.6,100.0,1
Q00000324,C00033197,A031,2025-02-24,79.8,79.9,85.0,78.1,0
Q00000325,C00014051,A014,2025-02-08,77.9,83.9,75.9,76.1,0
Q00000326,C00041866,A038,2025-03-27,79.4,75.6,81.4,84.9,0
Q00000327,C00008399,A008,2025-03-03,88.3,86.9,90.5,84.0,1
Q00000328,C00044820,A041,2025-03-02,88.4,82.4,85.4,85.0,1
Q00000329,C00004388,A005,2025-01-29,73.2,80.8,77.8,69.8,0
Q00000330,C00017383,A017,2025-02-25,88.7,80.4,87.9,88.1,1
Q00000331,C00060353,A056,2025-03-19,74.3,80.5,73.8,85.6,0
Q00000332,C00009888,A010,2025-01-23,91.0,88.9,88.3,97.8,1
Q00000333,C00065250,A061,2025-02-11,96.7,94.1,89.6,89.8,1
Q00000334,C00041474,A038,2025-03-03,65.4,71.3,68.6,72.4,0
Q00000335,C00046059,A042,2025-04-03,96.9,98.8,90.7,85.0,1
Q00000336,C00052448,A049,2025-02-10,81.2,79.4,76.3,85.4,1
Q00000337,C00053036,A049,2025-03-18,83.1,85.1,73.9,81.2,1
Q00000338,C00050899,A047,2025-03-23,82.8,77.9,75.6,82.3,1
Q00000339,C00038606,A036,2025-01-19,90.5,92.8,91.6,86.2,1
Q00000340,C00034285,A032,2025-02-07,100.0,100.0,100.0,97.2,1
Q00000341,C00067687,A063,2025-03-10,81.4,85.9,84.9,77.0,1
Q00000342,C00070161,A065,2025-03-16,92.1,92.7,97.2,90.7,1
Q00000343,C00042474,A039,2025-02-11,95.0,92.9,95.9,91.4,1
Q00000344,C00012726,A012,2025-03-21,84.2,82.5,85.3,81.2,1
Q00000345,C00010707,A010,2025-03-22,75.3,69.1,83.6,78.4,0
Q00000346,C00038610,A036,2025-01-21,75.8,78.9,68.5,69.1,0
Q00000347,C00057648,A054,2025-01-15,89.4,94.6,89.4,88.4,1
Q00000348,C00071322,A066,2025-03-14,75.8,68.8,79.5,63.4,0
Q00000349,C00042436,A039,2025-02-10,74.0,74.5,77.0,68.2,0
Q00000350,C00011763,A011,2025-03-23,80.9,75.9,80.8,83.3,1
Q00000351,C00044072,A040,2025-03-21,86.5,94.4,83.1,92.8,1
Q00000352,C00050428,A047,2025-02-03,79.4,63.7,84.0,64.2,0
Q00000353,C00070983,A066,2025-02-22,86.4,86.4,83.0,89.2,1
Q00000354,C00027955,A026,2025-03-26,79.1,82.7,68.6,89.4,0
Q00000355,C00058084,A054,2025-02-16,79.0,70.7,71.4,73.7,0
Q00000356,C00014488,A014,2025-03-25,78.4,76.7,86.6,77.1,0
Q00000357,C00080931,A074,2025-03-31,97.7,100.0,91.2,88.4,1
Q00000358,C00026320,A025,2025-02-24,83.6,74.8,89.2,84.5,0
Q00000359,C00068151,A064,2025-01-09,96.5,98.2,95.2,98.1,1
Q00000360,C00040385,A037,2025-03-24,79.5,75.3,76.9,73.0,0
Q00000361,C00036340,A034,2025-02-07,84.3,83.7,81.7,87.6,1
Q00000362,C00064677,A060,2025-03-19,81.6,80.5,82.1,76.9,1
Q00000363,C00047731,A044,2025-02-12,74.3,76.3,67.6,80.2,0
Q00000364,C00052404,A049,2025-02-08,78.0,79.4,87.3,70.3,0
Q00000365,C00001386,A002,2025-02-09,86.4,89.3,88.7,91.7,1
Q00000366,C00024665,A023,2025-03-18,79.7,79.2,78.8,80.7,0
Q00000367,C00075342,A070,2025-02-16,83.9,83.7,74.4,93.8,1
Q00000368,C00079770,A074,2025-01-17,100.0,100.0,100.0,100.0,1
Q00000369,C00040395,A037,2025-03-22,91.8,98.8,93.5,86.4,1
Q00000370,C00069113,A064,2025-03-13,86.7,92.6,83.0,70.3,1
Q00000371,C00008936,A009,2025-01-24,100.0,100.0,93.4,100.0,1
Q00000372,C00060982,A057,2025-02-17,82.5,71.9,75.3,76.9,0
Q00000373,C00056408,A052,2025-03-12,90.6,89.3,98.3,91.5,1
Q00000374,C00063158,A059,2025-02-27,97.5,98.2,90.2,100.0,1
Q00000375,C00058427,A054,2025-03-26,90.1,93.7,84.4,84.9,1
Q00000376,C00046934,A043,2025-03-02,96.8,91.3,100.0,98.3,1
Q00000377,C00023294,A022,2025-03-23,93.0,89.2,86.9,90.9,1
Q00000378,C00053134,A049,2025-03-27,80.9,77.3,71.4,82.8,1
Q00000379,C00010868,A010,2025-04-04,85.2,80.0,83.6,86.3,1
Q00000380,C00074059,A069,2025-01-29,74.9,77.5,75.1,72.5,0
Q00000381,C00012552,A012,2025-02-28,96.0,99.8,94.4,100.0,1
Q00000382,C00002438,A003,2025-02-10,72.9,63.6,70.2,71.3,0
Q00000383,C00073571,A068,2025-03-27,89.3,89.7,100.0,97.0,1
Q00000384,C00008151,A008,2025-02-15,77.1,72.6,67.9,86.9,0
Q00000385,C00068429,A064,2025-01-27,93.0,93.4,81.7,100.0,1
Q00000386,C00041323,A038,2025-02-26,86.6,83.6,87.0,88.3,1
Q00000387,C00011501,A011,2025-03-01,84.0,80.1,88.4,98.4,1
Q00000388,C00023298,A022,2025-03-21,91.2,88.3,95.3,99.9,1
Q00000389,C00045258,A042,2025-01-22,88.9,89.5,92.6,85.0,1
Q00000390,C00037726,A035,2025-02-22,79.7,78.1,88.3,89.6,0
Q00000391,C00056207,A052,2025-03-02,92.0,90.3,90.4,83.4,1
Q00000392,C00010711,A010,2025-03-22,84.0,86.5,70.8,88.4,1
Q00000393,C00005765,A006,2025-02-28,80.0,75.0,90.6,81.1,0
Q00000394,C00026678,A025,2025-03-29,87.3,89.1,83.9,86.6,1
Q00000395,C00057848,A054,2025-01-27,84.9,84.4,79.8,85.8,1
Q00000396,C00008410,A008,2025-03-06,95.1,83.4,91.4,100.0,1
Q00000397,C00071789,A067,2025-02-01,99.1,95.1,100.0,100.0,1
Q00000398,C00013442,A013,2025-03-04,80.5,82.7,71.5,82.1,1
Q00000399,C00073684,A068,2025-03-30,80.9,74.8,88.6,89.1,0
Q00000400,C00055565,A052,2025-01-09,97.2,97.1,87.8,90.0,1
Q00000401,C00049063,A045,2025-03-21,85.4,88.7,80.8,87.2,1
Q00000402,C00014505,A014,2025-03-23,96.0,97.0,93.1,88.5,1
Q00000403,C00063994,A060,2025-02-03,91.9,94.2,100.0,92.6,1
Q00000404,C00036759,A034,2025-03-11,75.0,70.3,79.5,72.1,0
Q00000405,C00002495,A003,2025-02-07,76.0,72.9,66.7,73.9,0
Q00000406,C00013213,A013,2025-02-09,77.9,78.8,78.5,85.9,0
Q00000407,C00014535,A014,2025-03-24,82.8,82.1,75.9,89.9,1
Q00000408,C00065077,A061,2025-01-18,98.8,100.0,99.9,95.4,1
Q00000409,C00006749,A007,2025-02-15,89.1,89.4,93.9,70.9,1
Q00000410,C00054537,A050,2025-03-31,76.7,78.4,82.5,65.4,0
Q00000411,C00034856,A032,2025-03-24,77.1,84.1,66.1,87.1,0
Q00000412,C00065245,A061,2025-02-12,85.4,86.6,77.9,81.9,1
Q00000413,C00028073,A026,2025-04-01,75.3,77.6,70.8,79.7,0
Q00000414,C00000324,A001,2025-02-02,80.5,77.9,70.8,76.5,1
Q00000415,C00032091,A030,2025-03-05,80.9,81.0,74.3,79.4,1
Q00000416,C00057999,A054,2025-02-17,70.0,65.5,75.2,60.9,0
Q00000417,C00076244,A071,2025-01-22,80.2,78.5,81.2,72.1,1
Q00000418,C00072463,A067,2025-04-04,90.0,90.8,87.8,89.1,1
Q00000419,C00058737,A055,2025-01-19,94.2,92.8,88.9,98.2,1
Q00000420,C00038877,A036,2025-02-09,84.8,90.7,89.8,79.8,1
Q00000421,C00056041,A052,2025-02-17,88.9,91.4,85.4,91.1,1
Q00000422,C00052669,A049,2025-02-23,83.4,78.1,87.6,91.2,1
Q00000423,C00003260,A004,2025-01-04,76.0,87.2,80.8,56.9,0
Q00000424,C00024411,A023,2025-03-05,77.7,83.2,81.6,89.0,0
Q00000425,C00006878,A007,2025-02-21,86.9,86.5,83.0,91.1,1
Q00000426,C00020001,A020,2025-01-23,83.1,90.8,83.8,89.4,1
Q00000427,C00026450,A025,2025-03-07,91.5,95.5,84.8,91.2,1
Q00000428,C00028809,A027,2025-02-27,79.0,81.7,75.7,70.4,0
Q00000429,C00050851,A047,2025-03-21,87.7,95.2,90.4,86.9,1
Q00000430,C00068020,A063,2025-03-28,89.4,84.9,76.4,86.9,1
Q00000431,C00027226,A026,2025-01-31,84.7,83.8,93.1,81.9,1
Q00000432,C00037451,A035,2025-01-30,84.4,86.5,88.6,68.2,1
Q00000433,C00050664,A047,2025-03-04,72.6,68.5,67.9,82.9,0
Q00000434,C00054273,A050,2025-03-15,76.6,78.8,71.0,70.5,0
Q00000435,C00071429,A066,2025-03-27,86.5,88.4,90.2,91.0,1
Q00000436,C00009204,A009,2025-02-15,86.4,95.3,94.9,85.7,1
Q00000437,C00048221,A044,2025-04-04,96.4,100.0,98.2,100.0,1
Q00000438,C00081393,A075,2025-01-24,86.7,82.1,74.0,95.4,1
Q00000439,C00044331,A041,2025-01-21,97.8,95.1,86.9,98.6,1
Q00000440,C00016436,A016,2025-03-08,91.3,91.1,95.7,96.0,1
Q00000441,C00009259,A009,2025-02-20,82.5,86.1,79.7,78.8,1
Q00000442,C00043107,A039,2025-03-27,87.9,84.5,83.7,82.8,1
Q00000443,C00015852,A016,2025-01-28,89.7,78.5,86.1,83.7,1
Q00000444,C00007877,A008,2025-01-29,70.5,69.3,81.4,80.5,0
Q00000445,C00000690,A001,2025-03-14,82.4,81.6,85.6,76.0,1
Q00000446,C00023176,A022,2025-03-12,74.2,65.0,69.5,72.1,0
Q00000447,C00073102,A068,2025-02-17,76.4,70.0,73.7,84.2,0
Q00000448,C00004991,A005,2025-03-23,75.5,71.9,82.6,71.9,0
Q00000449,C00000374,A001,2025-02-09,93.3,80.8,94.9,94.2,1
Q00000450,C00029175,A027,2025-03-15,83.4,92.7,71.6,85.3,1
Q00000451,C00077650,A072,2025-02-04,94.0,86.3,100.0,97.9,1
Q00000452,C00010931,A011,2025-01-03,77.8,81.7,80.6,68.8,0
Q00000453,C00005159,A005,2025-04-07,79.7,80.7,83.2,78.2,0
Q00000454,C00017083,A017,2025-01-30,85.0,84.0,85.2,77.1,1
Q00000455,C00059309,A055,2025-03-12,86.2,82.7,80.2,100.0,1
Q00000456,C00061709,A058,2025-01-31,91.8,97.0,89.2,76.2,1
Q00000457,C00030527,A028,2025-03-26,92.0,97.4,90.5,81.4,1
Q00000458,C00077264,A072,2025-01-07,88.1,92.8,80.2,88.8,1
Q00000459,C00008249,A008,2025-02-21,76.5,70.7,74.9,71.1,0
Q00000460,C00008515,A008,2025-03-09,74.4,70.7,79.1,69.9,0
Q00000461,C00070758,A066,2025-02-07,93.7,93.0,92.1,87.9,1
Q00000462,C00029661,A028,2025-01-25,92.7,97.2,90.5,86.6,1
Q00000463,C00033243,A031,2025-03-02,86.3,81.3,87.4,86.1,1
Q00000464,C00077796,A072,2025-02-16,93.8,88.6,85.5,84.4,1
Q00000465,C00014489,A014,2025-03-23,88.6,93.8,88.6,87.2,1
Q00000466,C00070116,A065,2025-03-13,81.3,73.2,83.9,76.3,0
Q00000467,C00014442,A014,2025-03-15,90.8,98.7,95.4,95.6,1
Q00000468,C00038648,A036,2025-01-21,79.4,77.1,61.5,68.9,0
Q00000469,C00045782,A042,2025-03-12,90.9,91.2,100.0,89.3,1
Q00000470,C00054524,A050,2025-04-04,85.6,86.5,77.9,86.1,1
Q00000471,C00007684,A008,2025-01-19,97.1,99.9,97.6,100.0,1
Q00000472,C00018916,A019,2025-01-19,77.1,75.0,77.2,85.0,0
Q00000473,C00005861,A006,2025-03-13,86.3,81.7,75.5,82.4,1
Q00000474,C00053925,A050,2025-02-20,89.5,85.1,82.9,96.8,1
Q00000475,C00071995,A067,2025-02-20,91.0,88.7,95.0,93.7,1
Q00000476,C00077939,A072,2025-02-23,77.3,77.0,83.9,78.6,0
Q00000477,C00044989,A041,2025-03-22,85.4,80.5,93.9,89.5,1
Q00000478,C00076476,A071,2025-02-11,77.9,77.8,78.0,82.5,0
Q00000479,C00045549,A042,2025-02-19,82.5,87.3,81.6,80.8,1
Q00000480,C00001425,A002,2025-02-11,80.5,86.2,82.6,78.3,1
Q00000481,C00025360,A024,2025-02-24,93.1,94.8,83.6,97.5,1
Q00000482,C00058455,A054,2025-03-30,94.2,98.3,92.9,91.8,1
Q00000483,C00056530,A052,2025-03-22,79.6,73.8,93.0,86.7,0
Q00000484,C00015845,A016,2025-01-27,75.2,80.5,71.2,78.6,0
Q00000485,C00064016,A060,2025-02-05,89.8,86.3,100.0,97.9,1
Q00000486,C00039957,A037,2025-02-05,87.0,83.8,73.9,92.4,1
Q00000487,C00001033,A002,2025-01-11,86.3,95.0,86.8,97.6,1
Q00000488,C00019475,A019,2025-03-11,94.6,97.6,94.6,96.2,1
Q00000489,C00023024,A022,2025-02-23,100.0,99.4,95.1,100.0,1
Q00000490,C00037876,A035,2025-03-02,84.2,77.3,74.5,81.4,1
Q00000491,C00048939,A045,2025-03-16,85.5,83.0,84.9,80.7,1
Q00000492,C00070697,A066,2025-01-30,100.0,100.0,99.4,96.0,1
Q00000493,C00061864,A058,2025-02-11,89.6,91.2,85.8,93.2,1
Q00000494,C00005158,A005,2025-04-04,77.2,76.9,91.3,86.0,0
Q00000495,C00047011,A043,2025-03-11,94.9,91.9,91.5,100.0,1
Q00000496,C00079303,A073,2025-03-11,78.0,75.7,75.5,75.2,0
Q00000497,C00011986,A012,2025-01-08,88.6,90.0,89.2,90.0,1
Q00000498,C00005833,A006,2025-03-09,76.7,80.9,68.4,70.4,0
Q00000499,C00033662,A031,2025-04-04,86.3,91.9,100.0,90.0,1
Q00000500,C00067309,A063,2025-02-06,88.1,85.1,90.5,89.7,1
Q00000501,C00054667,A051,2025-01-13,100.0,100.0,100.0,87.8,1
Q00000502,C00040544,A037,2025-04-03,96.1,95.8,100.0,100.0,1
Q00000503,C00081012,A074,2025-04-05,86.6,76.9,85.8,99.5,1
Q00000504,C00053738,A050,2025-02-04,87.3,95.2,88.0,78.6,1
Q00000505,C00021337,A021,2025-02-14,91.2,93.4,85.8,92.9,1
Q00000506,C00076226,A071,2025-01-25,73.6,72.9,70.3,63.6,0
Q00000507,C00066666,A062,2025-03-28,85.7,93.8,88.1,92.4,1
Q00000508,C00030419,A028,2025-03-18,73.9,71.8,75.4,77.3,0
Q00000509,C00077519,A072,2025-01-25,88.9,80.0,93.6,85.9,1
Q00000510,C00046235,A043,2025-01-12,93.0,89.1,96.6,97.3,1
Q00000511,C00028057,A026,2025-04-02,79.5,80.7,74.3,70.1,0
Q00000512,C00047381,A044,2025-01-10,81.8,89.8,74.3,71.4,1
Q00000513,C00036497,A034,2025-02-20,84.2,83.6,82.0,82.6,1
Q00000514,C00076288,A071,2025-01-24,93.7,96.4,93.5,100.0,1
Q00000515,C00001843,A002,2025-03-19,88.4,87.1,81.5,91.3,1
Q00000516,C00016934,A017,2025-01-17,79.4,80.6,74.8,74.1,0
Q00000517,C00032821,A031,2025-02-03,90.6,88.9,100.0,81.1,1
Q00000518,C00037661,A035,2025-02-18,93.4,89.1,81.5,93.6,1
Q00000519,C00055645,A052,2025-01-14,88.5,85.1,95.3,74.6,1
Q00000520,C00070033,A065,2025-03-10,85.4,85.5,84.6,88.9,1
Q00000521,C00038741,A036,2025-02-04,78.6,76.1,85.0,82.6,0
Q00000522,C00029644,A028,2025-01-20,87.6,85.9,79.5,89.3,1
Q00000523,C00074020,A069,2025-01-25,86.8,82.5,87.9,90.2,1
Q00000524,C00001698,A002,2025-03-11,76.5,73.6,79.1,67.7,0
Q00000525,C00043108,A039,2025-03-20,72.6,74.3,76.0,88.1,0
Q00000526,C00033105,A031,2025-02-23,79.8,82.0,82.4,78.1,0
Q00000527,C00020744,A020,2025-04-02,81.7,81.8,77.3,86.1,1
Q00000528,C00013803,A014,2025-01-05,91.2,89.2,89.5,99.3,1
Q00000529,C00000872,A001,2025-03-25,91.3,96.5,87.4,92.8,1
Q00000530,C00027523,A026,2025-02-25,81.2,86.7,80.9,91.1,1
Q00000531,C00056140,A052,2025-02-25,97.8,99.7,86.7,82.5,1
Q00000532,C00000379,A001,2025-02-07,94.2,96.8,94.6,93.8,1
Q00000533,C00055147,A051,2025-02-21,91.7,93.2,94.7,88.2,1
Q00000534,C00041512,A038,2025-03-05,97.1,100.0,98.8,92.8,1
Q00000535,C00013814,A014,2025-01-05,100.0,96.0,100.0,94.3,1
Q00000536,C00018152,A018,2025-02-12,86.8,86.8,70.8,94.0,1
Q00000537,C00020213,A020,2025-02-07,90.6,97.8,81.5,87.8,1
Q00000538,C00064729,A060,2025-03-22,86.2,86.6,77.2,85.7,1
Q00000539,C00022101,A021,2025-04-01,89.0,88.5,82.3,100.0,1
Q00000540,C00061550,A058,2025-01-16,84.2,85.0,83.0,89.7,1
Q00000541,C00017081,A017,2025-01-30,93.2,86.7,88.5,100.0,1
Q00000542,C00022800,A022,2025-02-15,81.5,78.7,91.8,67.3,1
Q00000543,C00043430,A040,2025-01-21,96.0,97.5,93.7,100.0,1
Q00000544,C00072452,A067,2025-04-01,76.5,78.9,74.2,80.0,0
Q00000545,C00062545,A058,2025-03-24,90.6,85.5,84.1,100.0,1
Q00000546,C00052963,A049,2025-03-17,95.4,100.0,94.9,100.0,1
Q00000547,C00001218,A002,2025-01-22,78.7,73.6,78.8,83.4,0
Q00000548,C00057452,A053,2025-03-25,80.8,67.0,88.9,79.2,0
Q00000549,C00073271,A068,2025-02-27,89.4,90.4,88.6,77.5,1
Q00000550,C00037393,A035,2025-01-27,89.2,91.5,95.6,87.4,1
Q00000551,C00047978,A044,2025-03-08,78.4,85.0,90.0,73.6,0
Q00000552,C00011201,A011,2025-02-04,92.0,91.2,90.1,81.5,1
Q00000553,C00029625,A028,2025-01-18,81.4,77.9,92.5,86.9,1
Q00000554,C00067584,A063,2025-03-05,90.0,94.2,99.0,88.8,1
Q00000555,C00017285,A017,2025-02-22,89.3,84.9,89.4,87.4,1
Q00000556,C00064507,A060,2025-03-04,92.0,97.2,88.5,85.9,1
Q00000557,C00000442,A001,2025-02-12,87.6,95.0,88.3,78.6,1
Q00000558,C00060170,A056,2025-03-05,83.9,75.9,89.3,78.4,1
Q00000559,C00007330,A007,2025-03-30,78.1,73.9,71.5,96.9,0
Q00000560,C00067167,A063,2025-02-05,98.8,100.0,100.0,100.0,1
Q00000561,C00058091,A054,2025-02-19,87.0,84.2,88.5,92.3,1
Q00000562,C00054043,A050,2025-02-28,99.3,100.0,92.1,88.5,1
Q00000563,C00051588,A048,2025-02-27,88.7,86.5,97.6,97.7,1
Q00000564,C00008855,A009,2025-01-12,73.5,78.5,72.8,65.8,0
Q00000565,C00006482,A007,2025-01-30,99.9,100.0,94.7,100.0,1
Q00000566,C00048661,A045,2025-02-20,87.7,90.8,88.0,81.3,1
Q00000567,C00054366,A050,2025-03-17,85.1,78.8,83.4,66.2,1
Q00000568,C00004560,A005,2025-02-14,88.4,94.8,85.0,81.2,1
Q00000569,C00078060,A072,2025-03-02,89.8,86.8,84.4,98.6,1
Q00000570,C00062374,A058,2025-03-18,81.1,74.7,73.0,80.7,0
Q00000571,C00009203,A009,2025-02-17,81.8,79.6,82.0,80.7,1
Q00000572,C00025173,A024,2025-02-09,66.0,60.7,65.7,61.3,0
Q00000573,C00028367,A027,2025-01-25,87.0,77.3,77.4,80.0,1
Q00000574,C00003222,A003,2025-04-01,89.0,85.6,85.9,94.3,1
Q00000575,C00020446,A020,2025-02-28,95.1,94.1,100.0,100.0,1
Q00000576,C00012635,A012,2025-03-13,99.0,91.0,96.4,97.7,1
Q00000577,C00031837,A030,2025-02-07,100.0,100.0,98.9,99.7,1
Q00000578,C00024607,A023,2025-03-13,83.3,73.8,87.1,84.7,0
Q00000579,C00038633,A036,2025-01-26,97.2,100.0,91.6,100.0,1
Q00000580,C00050298,A047,2025-01-27,93.6,96.1,93.9,100.0,1
Q00000581,C00068933,A064,2025-03-04,91.6,96.0,89.1,88.5,1
Q00000582,C00070726,A066,2025-01-31,69.2,66.1,71.6,71.8,0
Q00000583,C00021398,A021,2025-02-17,86.0,92.2,88.4,83.1,1
Q00000584,C00023963,A023,2025-01-28,88.7,86.2,100.0,95.0,1
Q00000585,C00033590,A031,2025-03-27,88.0,90.4,88.4,82.9,1
Q00000586,C00041326,A038,2025-02-19,73.1,67.8,67.2,66.7,0
Q00000587,C00012524,A012,2025-03-05,84.7,94.7,81.5,77.2,1
Q00000588,C00006650,A007,2025-02-12,90.5,88.0,92.7,99.0,1
Q00000589,C00001200,A002,2025-01-23,84.1,83.0,83.4,91.7,1
Q00000590,C00076902,A071,2025-03-09,91.5,87.8,89.2,88.0,1
Q00000591,C00025632,A024,2025-03-19,92.5,83.1,96.9,97.7,1
Q00000592,C00017527,A017,2025-03-15,88.8,85.4,89.2,85.0,1
Q00000593,C00057387,A053,2025-03-20,75.5,77.7,74.2,74.2,0
Q00000594,C00016523,A016,2025-03-17,80.2,77.8,76.6,77.6,1
Q00000595,C00079368,A073,2025-03-11,77.8,76.6,85.5,70.2,0
Q00000596,C00057469,A053,2025-03-25,81.1,79.8,70.0,79.5,1
Q00000597,C00036108,A034,2025-01-17,93.1,93.4,99.4,95.1,1
Q00000598,C00022393,A022,2025-01-17,75.3,72.5,81.2,73.7,0
Q00000599,C00049124,A045,2025-03-28,87.3,92.8,89.5,89.7,1
Q00000600,C00016085,A016,2025-02-08,82.6,66.6,76.1,68.5,0
Q00000601,C00014011,A014,2025-02-01,84.7,91.2,89.3,98.2,1
Q00000602,C00018630,A018,2025-03-27,97.3,97.5,95.2,100.0,1
Q00000603,C00019829,A020,2025-01-09,90.3,95.0,87.7,91.5,1
Q00000604,C00038313,A035,2025-03-30,82.0,88.8,88.8,94.1,1
Q00000605,C00080292,A074,2025-02-18,100.0,97.5,100.0,100.0,1
Q00000606,C00081899,A075,2025-03-02,74.4,70.6,71.5,76.3,0
Q00000607,C00060508,A056,2025-04-06,90.2,80.8,88.3,86.1,1
Q00000608,C00010464,A010,2025-02-28,90.6,93.9,82.3,88.4,1
Q00000609,C00006763,A007,2025-02-15,86.5,74.8,89.3,75.1,0
Q00000610,C00077282,A072,2025-01-08,83.9,77.0,86.7,89.6,1
Q00000611,C00026865,A026,2025-01-11,91.4,96.1,82.7,92.9,1
Q00000612,C00030171,A028,2025-03-07,92.0,89.5,90.6,88.4,1
Q00000613,C00035796,A033,2025-03-22,85.3,78.8,82.2,81.6,1
Q00000614,C00041271,A038,2025-02-21,78.3,76.2,72.1,85.6,0
Q00000615,C00080576,A074,2025-03-05,83.8,93.6,93.5,84.6,1
Q00000616,C00079524,A073,2025-03-24,82.5,81.5,89.1,85.8,1
Q00000617,C00066745,A062,2025-03-30,82.3,82.2,84.2,90.9,1
Q00000618,C00063022,A059,2025-02-08,87.0,90.8,88.1,100.0,1
Q00000619,C00045035,A041,2025-03-28,84.5,80.7,83.5,90.8,1
Q00000620,C00041333,A038,2025-02-23,78.0,78.0,72.0,85.4,0
Q00000621,C00048412,A045,2025-01-22,84.6,89.0,82.8,83.7,1
Q00000622,C00035625,A033,2025-03-01,86.9,77.5,100.0,93.7,1
Q00000623,C00027345,A026,2025-02-13,83.2,81.2,75.7,84.8,1
Q00000624,C00076240,A071,2025-01-24,89.6,94.4,91.8,90.1,1
Q00000625,C00068506,A064,2025-02-05,82.4,96.0,77.8,82.4,1
Q00000626,C00069842,A065,2025-02-17,77.3,85.3,83.8,86.7,0
Q00000627,C00068206,A064,2025-01-10,97.6,96.1,97.5,93.3,1
Q00000628,C00003032,A003,2025-03-23,76.5,67.5,81.0,78.3,0
Q00000629,C00020441,A020,2025-03-05,86.6,83.5,79.0,81.4,1
Q00000630,C00013160,A013,2025-01-31,79.5,78.8,74.8,88.5,0
Q00000631,C00062726,A059,2025-01-11,81.5,86.2,84.5,83.4,1
Q00000632,C00017299,A017,2025-02-19,80.6,81.5,86.5,64.2,1
Q00000633,C00039228,A036,2025-03-04,72.3,74.6,78.3,80.4,0
Q00000634,C00036285,A034,2025-01-29,79.7,72.0,81.5,79.4,0
Q00000635,C00043381,A040,2025-01-09,85.4,76.9,83.9,89.0,1
Q00000636,C00067616,A063,2025-03-07,83.0,86.3,83.7,79.4,1
Q00000637,C00054557,A050,2025-04-01,90.7,91.4,83.9,90.9,1
Q00000638,C00051910,A048,2025-04-01,75.6,82.5,72.2,79.5,0
Q00000639,C00036338,A034,2025-02-06,78.4,77.8,79.4,78.5,0
Q00000640,C00049370,A046,2025-01-22,96.4,100.0,100.0,97.6,1
Q00000641,C00040957,A038,2025-01-28,90.4,89.5,84.8,90.3,1
Q00000642,C00006272,A007,2025-01-16,87.1,86.2,99.1,88.5,1
Q00000643,C00042995,A039,2025-03-17,95.4,95.6,89.4,94.5,1
Q00000644,C00078994,A073,2025-02-12,95.4,100.0,100.0,93.5,1
Q00000645,C00067935,A063,2025-03-27,83.9,82.9,80.8,87.9,1
Q00000646,C00024434,A023,2025-03-07,92.2,98.0,96.7,87.4,1
Q00000647,C00017201,A017,2025-02-11,77.2,74.8,73.9,80.2,0
Q00000648,C00033292,A031,2025-02-28,85.6,81.8,88.6,96.3,1
Q00000649,C00006040,A006,2025-03-22,86.1,84.8,90.5,90.3,1
Q00000650,C00028651,A027,2025-02-15,90.5,86.7,74.5,95.9,1
Q00000651,C00053197,A049,2025-04-04,83.7,88.6,79.6,80.2,1
Q00000652,C00058527,A054,2025-04-02,76.3,83.0,64.5,74.3,0
Q00000653,C00046338,A043,2025-01-19,81.0,75.4,79.6,81.4,1
Q00000654,C00069915,A065,2025-02-22,94.0,93.1,78.0,90.7,1
Q00000655,C00044204,A040,2025-04-01,75.0,70.4,75.8,86.5,0
Q00000656,C00003309,A004,2025-01-08,85.4,86.3,81.8,82.7,1
Q00000657,C00018497,A018,2025-03-09,93.9,95.1,100.0,92.1,1
Q00000658,C00058659,A055,2025-01-18,82.3,76.6,72.5,71.7,1
Q00000659,C00035442,A033,2025-02-13,84.9,79.9,80.1,84.8,1
Q00000660,C00074310,A069,2025-02-17,87.3,87.5,94.5,88.9,1
Q00000661,C00044165,A040,2025-04-04,84.7,83.0,82.6,87.2,1
Q00000662,C00002876,A003,2025-03-14,70.1,73.5,67.3,68.2,0
Q00000663,C00003301,A004,2025-01-09,71.3,66.7,69.0,57.3,0
Q00000664,C00065933,A062,2025-01-17,86.5,87.1,88.8,91.5,1
Q00000665,C00023812,A023,2025-01-22,81.6,78.6,79.7,81.7,1
Q00000666,C00070716,A066,2025-01-29,83.8,80.5,82.3,97.8,1
Q00000667,C00050779,A047,2025-03-15,79.6,77.5,70.7,81.6,0
Q00000668,C00070553,A066,2025-01-25,96.2,94.0,100.0,90.9,1
Q00000669,C00035428,A033,2025-02-12,88.4,85.3,87.5,88.6,1
Q00000670,C00019528,A019,2025-03-13,84.3,85.9,83.3,88.0,1
Q00000671,C00011825,A011,2025-03-25,87.4,89.8,78.8,83.6,1
Q00000672,C00067226,A063,2025-02-06,74.4,76.1,73.1,72.9,0
Q00000673,C00074696,A069,2025-03-30,88.9,89.3,85.1,84.5,1
Q00000674,C00025988,A025,2025-01-30,91.0,94.6,95.3,91.8,1
Q00000675,C00050029,A046,2025-04-02,88.1,91.3,88.3,88.3,1
Q00000676,C00065512,A061,2025-03-06,88.1,85.6,90.2,88.5,1
Q00000677,C00022929,A022,2025-02-19,91.8,89.6,90.6,100.0,1
Q00000678,C00016262,A016,2025-02-28,86.0,81.3,87.4,94.4,1
Q00000679,C00067120,A063,2025-01-25,74.2,71.0,85.9,82.1,0
Q00000680,C00041415,A038,2025-02-24,97.0,92.6,92.4,97.4,1
Q00000681,C00067313,A063,2025-02-12,83.0,85.7,80.5,68.5,1
Q00000682,C00008816,A009,2025-01-10,85.0,93.4,80.5,82.8,1
Q00000683,C00045136,A042,2025-01-08,87.0,84.6,88.3,88.3,1
Q00000684,C00008366,A008,2025-03-07,79.4,82.8,75.7,90.1,0
Q00000685,C00006668,A007,2025-02-13,94.2,87.0,96.9,99.9,1
Q00000686,C00058789,A055,2025-01-31,83.5,77.1,81.9,81.1,1
Q00000687,C00006294,A007,2025-01-17,100.0,92.2,100.0,100.0,1
Q00000688,C00047243,A043,2025-03-31,96.9,98.6,97.9,93.1,1
Q00000689,C00039353,A036,2025-03-14,94.2,99.9,92.9,91.7,1
Q00000690,C00002475,A003,2025-02-14,97.8,100.0,97.3,100.0,1
Q00000691,C00065475,A061,2025-03-06,100.0,97.8,94.5,100.0,1
Q00000692,C00007731,A008,2025-01-22,81.0,85.7,82.8,77.7,1
Q00000693,C00047445,A044,2025-01-23,71.6,73.4,79.1,75.7,0
Q00000694,C00079151,A073,2025-02-26,78.5,75.9,80.7,85.1,0
Q00000695,C00042514,A039,2025-02-17,76.0,64.4,73.8,83.9,0
Q00000696,C00050648,A047,2025-03-01,88.9,91.4,80.6,90.4,1
Q00000697,C00001901,A002,2025-03-28,84.2,80.1,89.5,87.8,1
Q00000698,C00077046,A071,2025-03-21,83.0,81.8,80.7,84.7,1
Q00000699,C00073232,A068,2025-02-25,93.3,93.6,94.3,97.8,1
Q00000700,C00079074,A073,2025-02-17,86.7,92.1,82.9,93.9,1
Q00000701,C00044448,A041,2025-02-04,79.2,81.5,66.7,82.5,0
Q00000702,C00036039,A034,2025-01-09,83.5,84.0,85.4,75.6,1
Q00000703,C00079270,A073,2025-03-12,85.2,92.0,86.5,79.5,1
Q00000704,C00013151,A013,2025-02-06,83.9,84.9,71.5,75.9,1
Q00000705,C00019316,A019,2025-02-18,82.8,77.1,65.0,87.8,1
Q00000706,C00036065,A034,2025-01-11,88.7,92.9,78.6,95.9,1
Q00000707,C00057861,A054,2025-01-29,76.0,77.3,76.0,80.7,0
Q00000708,C00082180,A075,2025-03-23,95.9,100.0,98.8,97.1,1
Q00000709,C00030074,A028,2025-03-01,100.0,100.0,95.5,99.2,1
Q00000710,C00009684,A010,2025-01-06,94.4,92.1,93.8,100.0,1
Q00000711,C00070287,A065,2025-04-01,81.1,81.2,85.3,81.3,1
Q00000712,C00063063,A059,2025-02-15,85.4,83.5,86.4,85.4,1
Q00000713,C00069165,A064,2025-03-19,79.3,78.5,76.8,77.7,0
Q00000714,C00075214,A070,2025-02-06,94.1,90.5,97.4,100.0,1
Q00000715,C00001367,A002,2025-02-05,87.5,90.8,79.3,97.7,1
Q00000716,C00041184,A038,2025-02-10,82.4,85.0,81.2,76.7,1
Q00000717,C00062848,A059,2025-01-19,85.1,81.5,92.4,83.9,1
Q00000718,C00040458,A037,2025-03-28,77.6,77.0,74.2,69.5,0
Q00000719,C00009938,A010,2025-01-19,95.4,89.4,94.7,91.8,1
Q00000720,C00068715,A064,2025-02-13,80.9,79.2,71.1,81.7,1
Q00000721,C00051717,A048,2025-03-11,85.8,90.2,84.2,85.5,1
Q00000722,C00041394,A038,2025-02-23,85.9,85.3,74.7,87.3,1
Q00000723,C00070563,A066,2025-01-25,80.6,93.9,86.3,77.5,1
Q00000724,C00023314,A022,2025-03-22,84.8,86.1,81.6,76.7,1
Q00000725,C00009823,A010,2025-01-16,85.0,81.6,74.3,70.9,1
Q00000726,C00022676,A022,2025-02-01,88.3,88.8,89.2,93.6,1
Q00000727,C00073694,A068,2025-04-04,87.6,86.9,93.8,84.9,1
Q00000728,C00059833,A056,2025-02-06,85.3,93.4,92.2,83.3,1
Q00000729,C00043686,A040,2025-02-12,90.8,90.3,89.6,96.6,1
Q00000730,C00061572,A058,2025-01-11,87.5,87.8,72.4,93.5,1
Q00000731,C00062609,A058,2025-04-01,84.1,84.8,91.7,96.3,1
Q00000732,C00019067,A019,2025-01-27,75.4,78.7,82.4,74.4,0
Q00000733,C00077923,A072,2025-02-26,88.1,81.3,80.3,82.0,1
Q00000734,C00040711,A038,2025-01-10,87.2,79.9,91.3,89.0,1
Q00000735,C00017245,A017,2025-02-16,70.6,76.9,67.0,75.3,0
Q00000736,C00028892,A027,2025-03-05,91.1,90.3,84.6,100.0,1
Q00000737,C00002969,A003,2025-03-22,87.3,86.9,91.1,92.0,1
Q00000738,C00064950,A061,2025-01-08,89.4,93.2,90.3,98.9,1
Q00000739,C00073064,A068,2025-02-19,85.7,86.4,83.2,77.9,1
Q00000740,C00015680,A016,2025-01-20,77.3,74.0,80.5,78.8,0
Q00000741,C00055302,A051,2025-03-13,86.8,87.6,90.7,96.6,1
Q00000742,C00030521,A028,2025-04-01,86.3,83.3,86.4,83.6,1
Q00000743,C00045700,A042,2025-03-03,84.0,85.4,93.2,88.8,1
Q00000744,C00059199,A055,2025-02-28,85.5,85.7,87.9,84.8,1
Q00000745,C00025637,A024,2025-03-26,85.0,88.6,89.3,100.0,1
Q00000746,C00058894,A055,2025-01-31,80.1,77.9,76.7,80.0,1
Q00000747,C00070852,A066,2025-02-09,95.0,95.0,92.3,95.3,1
Q00000748,C00063004,A059,2025-01-31,93.5,100.0,98.4,91.2,1
Q00000749,C00018339,A018,2025-02-23,87.7,84.5,97.7,89.9,1
Q00000750,C00065324,A061,2025-02-20,71.6,67.8,80.5,78.4,0
Q00000751,C00017931,A018,2025-01-15,87.6,82.3,77.6,77.9,1
Q00000752,C00012107,A012,2025-01-20,84.0,88.3,87.6,88.0,1
Q00000753,C00067349,A063,2025-02-09,91.2,89.2,98.2,91.8,1
Q00000754,C00061386,A057,2025-03-30,87.7,90.3,82.2,84.9,1
Q00000755,C00020067,A020,2025-01-28,96.4,95.0,99.2,93.2,1
Q00000756,C00055275,A051,2025-03-09,92.8,83.7,93.6,100.0,1
Q00000757,C00068687,A064,2025-02-12,94.7,88.3,97.6,90.1,1
Q00000758,C00008226,A008,2025-02-21,86.2,87.8,85.4,84.8,1
Q00000759,C00038167,A035,2025-03-26,79.7,85.7,87.3,67.9,0
Q00000760,C00027455,A026,2025-02-19,93.8,96.3,90.1,90.9,1
Q00000761,C00066644,A062,2025-03-25,88.6,86.9,80.2,92.4,1
Q00000762,C00066007,A062,2025-01-20,81.8,89.8,80.6,76.9,1
Q00000763,C00059201,A055,2025-03-06,89.0,92.5,94.4,93.2,1
Q00000764,C00049900,A046,2025-03-16,92.3,87.0,97.7,89.2,1
Q00000765,C00037864,A035,2025-02-28,100.0,96.0,100.0,92.7,1
Q00000766,C00049333,A046,2025-01-17,74.2,80.3,66.7,76.2,0
Q00000767,C00066145,A062,2025-02-05,82.3,85.9,77.4,68.7,1
Q00000768,C00065195,A061,2025-02-07,98.0,95.4,92.7,100.0,1
Q00000769,C00054872,A051,2025-02-02,74.2,70.8,85.4,82.2,0
Q00000770,C00030486,A028,2025-03-27,73.1,72.9,68.1,63.7,0
Q00000771,C00040934,A038,2025-01-25,80.7,81.5,77.5,74.6,1
Q00000772,C00056237,A052,2025-03-03,89.7,88.0,92.5,100.0,1
Q00000773,C00004892,A005,2025-03-12,87.5,93.3,88.5,80.5,1
Q00000774,C00080735,A074,2025-03-17,92.5,89.0,97.2,76.4,1
Q00000775,C00079954,A074,2025-01-27,100.0,100.0,98.5,96.8,1
Q00000776,C00044275,A041,2025-01-10,95.3,100.0,98.4,85.4,1
Q00000777,C00013077,A013,2025-01-25,83.4,75.2,75.4,78.8,1
Q00000778,C00051241,A048,2025-01-26,83.0,78.7,85.7,85.2,1
Q00000779,C00041981,A039,2025-01-07,88.1,86.3,79.9,89.5,1
Q00000780,C00016052,A016,2025-02-08,87.9,88.7,86.2,85.3,1
Q00000781,C00016195,A016,2025-02-24,83.8,89.0,80.3,95.4,1
Q00000782,C00056840,A053,2025-01-23,88.1,89.4,88.9,94.7,1
Q00000783,C00078306,A072,2025-03-25,88.6,92.6,89.9,92.6,1
Q00000784,C00030418,A028,2025-03-20,72.8,61.6,77.6,67.9,0
Q00000785,C00014528,A014,2025-03-23,80.4,87.7,81.8,79.7,1
Q00000786,C00009581,A009,2025-03-31,80.9,77.1,79.0,76.2,1
Q00000787,C00035021,A032,2025-04-01,90.6,80.6,80.6,89.2,1
Q00000788,C00014645,A015,2025-01-10,99.1,98.0,83.4,95.8,1
Q00000789,C00050499,A047,2025-02-06,86.2,86.1,91.4,72.5,1
Q00000790,C00057351,A053,2025-03-12,83.7,91.6,77.2,70.5,1
Q00000791,C00050187,A047,2025-01-17,87.9,87.2,87.5,87.9,1
Q00000792,C00035333,A033,2025-02-03,82.6,78.1,87.9,76.6,1
Q00000793,C00000128,A001,2025-01-14,86.4,88.6,87.9,94.4,1
Q00000794,C00040357,A037,2025-03-16,86.8,86.9,78.7,79.9,1
Q00000795,C00037938,A035,2025-03-11,92.5,85.8,100.0,90.3,1
Q00000796,C00062557,A058,2025-03-29,82.4,82.2,78.2,85.6,1
Q00000797,C00010050,A010,2025-02-03,94.2,92.0,89.7,87.9,1
Q00000798,C00039605,A036,2025-03-31,87.0,96.8,95.0,79.8,1
Q00000799,C00079003,A073,2025-02-15,87.7,94.4,87.3,89.0,1
Q00000800,C00046801,A043,2025-02-21,86.1,92.4,75.7,100.0,1
Q00000801,C00024785,A023,2025-03-29,72.6,79.0,69.8,58.3,0
Q00000802,C00055683,A052,2025-01-18,91.4,94.8,87.0,100.0,1
Q00000803,C00038235,A035,2025-03-29,82.4,85.5,75.8,82.5,1
Q00000804,C00006579,A007,2025-01-31,98.2,94.0,92.3,94.7,1
Q00000805,C00003279,A004,2025-01-10,91.9,90.8,92.3,84.0,1
Q00000806,C00064638,A060,2025-03-17,92.0,87.9,95.9,90.4,1
Q00000807,C00069937,A065,2025-02-25,86.6,84.1,88.9,80.3,1
Q00000808,C00042141,A039,2025-01-18,89.0,84.4,96.8,79.1,1
Q00000809,C00072123,A067,2025-03-01,86.7,85.8,88.6,85.8,1
Q00000810,C00037594,A035,2025-02-07,89.2,90.8,91.8,73.8,1
Q00000811,C00054375,A050,2025-03-25,89.6,86.9,100.0,83.2,1
Q00000812,C00052232,A049,2025-01-28,81.5,78.9,83.5,76.3,1
Q00000813,C00023750,A023,2025-01-22,83.9,84.5,84.4,90.6,1
Q00000814,C00057285,A053,2025-03-02,85.8,89.8,83.0,91.6,1
Q00000815,C00011505,A011,2025-02-23,91.4,84.3,96.2,85.1,1
Q00000816,C00054729,A051,2025-01-16,71.1,64.7,64.2,73.0,0
Q00000817,C00070963,A066,2025-02-23,86.5,87.3,76.5,93.6,1
Q00000818,C00013841,A014,2025-01-13,83.6,93.0,80.1,77.3,1
Q00000819,C00050474,A047,2025-02-05,86.8,92.2,79.3,87.9,1
Q00000820,C00030051,A028,2025-02-19,76.9,83.0,82.6,75.7,0
Q00000821,C00001966,A003,2025-01-02,73.1,77.3,80.2,79.9,0
Q00000822,C00073368,A068,2025-03-14,85.3,87.3,88.7,87.5,1
Q00000823,C00051591,A048,2025-02-26,96.5,89.2,95.9,93.0,1
Q00000824,C00031397,A029,2025-03-26,84.0,92.4,70.1,80.7,1
Q00000825,C00013952,A014,2025-01-28,92.1,89.8,89.1,91.8,1
Q00000826,C00010573,A010,2025-03-08,83.8,89.9,75.0,79.7,1
Q00000827,C00060276,A056,2025-03-18,75.3,85.9,79.0,61.2,0
Q00000828,C00080921,A074,2025-04-01,85.3,85.3,92.4,82.1,1
Q00000829,C00057724,A054,2025-01-18,84.2,89.4,85.1,84.0,1
Q00000830,C00071982,A067,2025-02-14,96.4,98.3,97.9,92.8,1
Q00000831,C00015355,A015,2025-03-21,83.2,90.5,91.9,81.5,1
Q00000832,C00056967,A053,2025-01-30,82.9,82.0,90.0,89.3,1
Q00000833,C00048442,A045,2025-01-24,92.5,100.0,95.8,84.4,1
Q00000834,C00059765,A056,2025-01-23,80.9,76.4,92.4,76.9,1
Q00000835,C00052614,A049,2025-02-20,94.5,88.8,96.9,100.0,1
Q00000836,C00043029,A039,2025-03-19,92.6,94.9,95.2,97.9,1
Q00000837,C00059391,A055,2025-03-21,88.7,96.6,90.3,82.8,1
Q00000838,C00046668,A043,2025-02-15,92.6,91.7,100.0,89.3,1
Q00000839,C00001407,A002,2025-02-11,83.9,81.5,79.3,69.4,1
Q00000840,C00004403,A005,2025-01-29,85.9,80.5,87.3,80.9,1
Q00000841,C00024636,A023,2025-03-20,87.5,87.9,98.7,98.4,1
Q00000842,C00065918,A062,2025-01-13,98.0,100.0,100.0,100.0,1
Q00000843,C00015718,A016,2025-01-23,90.9,97.7,93.4,88.7,1
Q00000844,C00040336,A037,2025-03-14,88.4,92.1,89.5,65.3,1
Q00000845,C00066265,A062,2025-02-15,89.8,84.9,97.8,86.5,1
Q00000846,C00005954,A006,2025-03-18,70.3,73.5,77.3,77.0,0
Q00000847,C00054932,A051,2025-02-07,78.5,78.8,76.5,74.5,0
Q00000848,C00002246,A003,2025-01-29,81.8,83.4,81.8,75.2,1
Q00000849,C00071237,A066,2025-03-16,88.2,86.6,96.7,81.4,1
Q00000850,C00053279,A050,2025-01-10,76.0,74.1,66.6,79.9,0
Q00000851,C00036097,A034,2025-01-21,81.8,84.2,83.5,77.1,1
Q00000852,C00045447,A042,2025-02-03,82.0,83.8,73.8,85.5,1
Q00000853,C00002443,A003,2025-02-10,92.6,100.0,84.6,89.6,1
Q00000854,C00005327,A006,2025-01-17,74.4,74.4,70.4,67.3,0
Q00000855,C00007292,A007,2025-03-24,91.7,100.0,91.2,93.4,1
Q00000856,C00065269,A061,2025-02-15,81.5,82.6,82.4,76.9,1
Q00000857,C00054383,A050,2025-03-25,82.6,81.7,89.0,87.1,1
Q00000858,C00008093,A008,2025-02-12,87.9,90.1,84.5,80.4,1
Q00000859,C00032061,A030,2025-03-05,91.5,82.5,78.0,89.9,1
Q00000860,C00040266,A037,2025-03-07,86.8,84.5,85.3,73.1,1
Q00000861,C00017932,A018,2025-01-18,80.3,73.4,69.6,89.8,0
Q00000862,C00058475,A054,2025-04-01,69.2,68.9,70.1,59.7,0
Q00000863,C00014050,A014,2025-02-05,76.3,72.2,79.7,75.2,0
Q00000864,C00069809,A065,2025-02-08,80.2,84.7,76.2,88.1,1
Q00000865,C00005511,A006,2025-02-05,80.4,84.6,91.3,86.1,1
Q00000866,C00037578,A035,2025-02-11,87.3,86.5,87.9,81.4,1
Q00000867,C00065222,A061,2025-02-11,92.9,92.1,94.2,100.0,1
Q00000868,C00073285,A068,2025-03-06,84.4,84.0,81.4,78.0,1
Q00000869,C00078524,A073,2025-01-10,92.1,93.0,91.7,78.8,1
Q00000870,C00079167,A073,2025-02-24,82.8,78.5,83.9,88.5,1
Q00000871,C00003608,A004,2025-02-14,80.8,79.8,83.1,78.4,1
Q00000872,C00028046,A026,2025-03-30,77.1,72.4,81.2,84.1,0
Q00000873,C00058322,A054,2025-03-07,92.5,88.0,90.9,96.0,1
Q00000874,C00078435,A072,2025-04-02,97.4,98.1,93.6,100.0,1
Q00000875,C00053433,A050,2025-01-14,95.2,97.0,100.0,100.0,1
Q00000876,C00041772,A038,2025-03-19,79.0,75.7,85.6,73.1,0
Q00000877,C00033773,A032,2025-01-04,80.6,77.2,78.0,87.1,1
Q00000878,C00057069,A053,2025-02-12,71.2,72.7,65.9,67.2,0
Q00000879,C00044597,A041,2025-02-10,100.0,96.2,100.0,100.0,1
Q00000880,C00053810,A050,2025-02-15,99.8,98.7,100.0,97.7,1
Q00000881,C00031291,A029,2025-03-22,85.0,80.3,81.3,78.3,1
Q00000882,C00001286,A002,2025-01-25,92.9,92.9,90.2,90.6,1
Q00000883,C00057146,A053,2025-02-15,76.0,74.8,77.5,81.5,0
Q00000884,C00031019,A029,2025-02-17,95.2,100.0,97.1,92.4,1
Q00000885,C00030047,A028,2025-02-21,94.9,94.7,87.0,95.8,1
Q00000886,C00048213,A044,2025-04-06,77.0,83.5,78.6,71.1,0
Q00000887,C00056012,A052,2025-02-09,84.4,87.8,92.3,79.4,1
Q00000888,C00038501,A036,2025-01-14,88.0,85.8,95.6,79.8,1
Q00000889,C00057280,A053,2025-03-04,84.7,87.2,76.9,89.3,1
Q00000890,C00072608,A068,2025-01-13,85.5,86.5,82.5,87.6,1
Q00000891,C00078305,A072,2025-03-23,86.8,76.1,95.6,100.0,1
Q00000892,C00049732,A046,2025-02-27,75.4,68.8,80.1,77.1,0
Q00000893,C00033019,A031,2025-02-15,90.1,88.7,84.1,93.6,1
Q00000894,C00078626,A073,2025-01-16,76.2,89.6,75.2,71.9,0
Q00000895,C00006265,A007,2025-01-10,100.0,100.0,100.0,100.0,1
Q00000896,C00011996,A012,2025-01-12,95.1,100.0,91.6,93.3,1
Q00000897,C00005996,A006,2025-03-26,68.5,71.9,67.0,69.0,0
Q00000898,C00003657,A004,2025-02-18,93.9,90.8,99.2,85.1,1
Q00000899,C00072582,A068,2025-01-14,100.0,100.0,100.0,100.0,1
Q00000900,C00041968,A039,2025-01-08,73.3,64.1,71.0,74.9,0
Q00000901,C00056924,A053,2025-01-30,85.0,90.1,82.5,66.6,1
Q00000902,C00063215,A059,2025-03-04,87.3,86.9,79.3,77.5,1
Q00000903,C00065146,A061,2025-01-30,83.5,88.3,77.8,87.7,1
Q00000904,C00077003,A071,2025-03-16,82.5,88.1,89.6,86.9,1
Q00000905,C00033536,A031,2025-03-24,86.2,85.4,86.0,73.1,1
Q00000906,C00064235,A060,2025-02-18,95.4,88.5,100.0,100.0,1
Q00000907,C00051452,A048,2025-02-15,89.2,94.6,91.0,87.3,1
Q00000908,C00043326,A040,2025-01-06,82.5,82.2,76.2,70.1,1
Q00000909,C00001326,A002,2025-01-28,75.1,79.8,64.7,74.7,0
Q00000910,C00036027,A034,2025-01-12,89.6,80.6,92.2,84.4,1
Q00000911,C00011551,A011,2025-03-01,98.8,100.0,96.0,99.6,1
Q00000912,C00043650,A040,2025-02-03,87.9,91.2,86.9,88.8,1
Q00000913,C00072920,A068,2025-02-07,79.9,79.5,88.4,85.9,0
Q00000914,C00013601,A013,2025-03-13,92.8,96.0,88.0,92.2,1
Q00000915,C00017536,A017,2025-03-13,73.8,74.7,74.0,68.1,0
Q00000916,C00060485,A056,2025-04-05,89.3,85.8,88.6,95.3,1
Q00000917,C00056138,A052,2025-02-21,80.9,89.6,87.7,85.0,1
Q00000918,C00031639,A030,2025-01-23,95.1,92.2,100.0,100.0,1
Q00000919,C00054056,A050,2025-03-05,90.2,85.3,94.7,84.5,1
Q00000920,C00006725,A007,2025-02-11,83.2,77.6,81.6,88.8,1
Q00000921,C00079256,A073,2025-03-08,89.7,92.4,92.1,94.1,1
Q00000922,C00037441,A035,2025-01-31,93.8,100.0,90.9,100.0,1
Q00000923,C00011500,A011,2025-02-28,73.9,67.9,75.2,75.8,0
Q00000924,C00061007,A057,2025-02-25,94.4,92.5,96.0,97.9,1
Q00000925,C00039954,A037,2025-02-05,89.0,88.2,89.6,88.7,1
Q00000926,C00080005,A074,2025-01-26,82.1,76.3,77.1,74.3,1
Q00000927,C00025708,A024,2025-03-31,88.4,86.1,84.7,96.1,1
Q00000928,C00047505,A044,2025-01-23,89.5,92.3,92.6,74.8,1
Q00000929,C00061989,A058,2025-02-23,88.7,90.6,83.9,91.4,1
Q00000930,C00073962,A069,2025-01-23,83.3,73.5,84.9,91.0,0
Q00000931,C00004879,A005,2025-03-10,97.4,100.0,92.8,93.7,1
Q00000932,C00071098,A066,2025-03-04,91.5,100.0,89.1,83.9,1
Q00000933,C00016809,A017,2025-01-03,75.0,84.2,72.0,78.1,0
Q00000934,C00000279,A001,2025-01-28,99.8,100.0,94.0,96.7,1
Q00000935,C00020750,A020,2025-04-03,87.5,88.6,84.7,83.2,1
Q00000936,C00013880,A014,2025-01-10,87.2,88.0,84.0,90.1,1
Q00000937,C00038113,A035,2025-03-13,80.6,80.2,80.4,77.7,1
Q00000938,C00014970,A015,2025-02-07,97.5,88.2,95.2,100.0,1
Q00000939,C00064659,A060,2025-03-14,96.7,82.4,92.7,100.0,1
Q00000940,C00014500,A014,2025-03-27,81.7,79.0,76.3,80.3,1
Q00000941,C00045851,A042,2025-03-20,80.9,84.5,91.1,78.4,1
Q00000942,C00070840,A066,2025-02-12,91.3,95.7,83.4,91.6,1
Q00000943,C00064101,A060,2025-02-10,85.3,78.0,84.6,73.5,1
Q00000944,C00057664,A054,2025-01-11,83.3,89.0,90.8,84.7,1
Q00000945,C00027757,A026,2025-03-14,94.5,92.7,87.6,86.4,1
Q00000946,C00039918,A037,2025-01-29,77.3,79.0,77.6,73.1,0
Q00000947,C00049589,A046,2025-02-16,73.4,74.4,64.1,77.1,0
Q00000948,C00002232,A003,2025-01-19,92.9,100.0,87.1,93.6,1
Q00000949,C00054748,A051,2025-01-21,95.7,90.3,91.1,100.0,1
Q00000950,C00007653,A008,2025-01-22,83.8,90.9,77.1,89.4,1
Q00000951,C00078247,A072,2025-03-17,73.6,81.3,79.8,79.8,0
Q00000952,C00051938,A048,2025-04-03,90.3,91.6,88.7,96.4,1
Q00000953,C00036713,A034,2025-02-28,78.6,78.2,81.5,77.0,0
Q00000954,C00033407,A031,2025-03-13,85.3,88.2,89.6,95.5,1
Q00000955,C00002972,A003,2025-03-18,84.4,78.0,86.1,78.5,1
Q00000956,C00078852,A073,2025-02-04,76.5,84.3,83.4,62.9,0
Q00000957,C00005634,A006,2025-02-17,76.8,75.7,72.6,73.5,0
Q00000958,C00012987,A013,2025-01-15,66.0,73.0,58.6,56.7,0
Q00000959,C00058440,A054,2025-03-26,77.5,83.0,74.4,75.4,0
Q00000960,C00071206,A066,2025-03-06,85.3,83.7,78.1,90.3,1
Q00000961,C00053691,A050,2025-02-02,95.1,100.0,97.0,96.8,1
Q00000962,C00046552,A043,2025-02-04,94.8,93.9,89.4,82.9,1
Q00000963,C00028273,A027,2025-01-17,84.7,76.9,85.5,87.2,1
Q00000964,C00079122,A073,2025-02-22,78.6,81.7,88.7,76.6,0
Q00000965,C00029875,A028,2025-02-08,96.3,91.4,92.0,98.4,1
Q00000966,C00067927,A063,2025-03-26,86.1,88.8,86.8,88.3,1
Q00000967,C00065857,A062,2025-01-10,99.2,93.2,100.0,96.5,1
Q00000968,C00019610,A019,2025-03-19,96.7,100.0,90.4,88.5,1
Q00000969,C00065112,A061,2025-01-25,87.1,89.2,88.9,80.4,1
Q00000970,C00039459,A036,2025-03-22,91.2,93.6,97.6,100.0,1
Q00000971,C00078317,A072,2025-03-27,96.8,100.0,98.8,96.5,1
Q00000972,C00028989,A027,2025-03-11,83.1,77.4,92.2,78.4,1
Q00000973,C00020102,A020,2025-02-01,84.1,85.2,79.6,92.6,1
Q00000974,C00057622,A054,2025-01-09,79.3,79.2,75.9,66.0,0
Q00000975,C00016354,A016,2025-03-04,81.0,83.9,84.1,84.4,1
Q00000976,C00002686,A003,2025-03-02,98.6,100.0,86.3,96.4,1
Q00000977,C00045289,A042,2025-01-20,74.7,68.9,84.4,83.7,0
Q00000978,C00000663,A001,2025-03-07,92.8,85.7,95.0,82.0,1
Q00000979,C00008379,A008,2025-02-27,91.6,89.9,99.2,100.0,1
Q00000980,C00066136,A062,2025-02-03,89.7,86.8,97.0,87.6,1
Q00000981,C00066640,A062,2025-03-22,100.0,100.0,100.0,98.9,1
Q00000982,C00031083,A029,2025-02-25,81.8,91.0,78.1,86.5,1
Q00000983,C00035461,A033,2025-02-12,97.7,96.1,100.0,89.7,1
Q00000984,C00060458,A056,2025-03-27,83.6,83.9,86.2,80.1,1
Q00000985,C00020357,A020,2025-02-23,84.8,85.5,83.5,74.1,1
Q00000986,C00040854,A038,2025-01-20,78.6,77.8,75.3,80.0,0
Q00000987,C00060723,A057,2025-01-24,90.7,84.3,97.8,93.4,1
Q00000988,C00002186,A003,2025-01-20,73.3,76.3,78.1,75.4,0
Q00000989,C00041721,A038,2025-03-17,79.1,84.0,83.5,63.2,0
Q00000990,C00037226,A035,2025-01-13,84.2,90.7,89.8,81.0,1
Q00000991,C00015579,A016,2025-01-12,98.2,95.9,95.1,100.0,1
Q00000992,C00008257,A008,2025-02-20,89.6,81.1,80.7,80.6,1
Q00000993,C00008190,A008,2025-02-21,88.4,76.1,84.0,100.0,1
Q00000994,C00050680,A047,2025-03-06,85.3,79.3,85.4,95.5,1
Q00000995,C00029132,A027,2025-03-17,100.0,100.0,99.7,93.8,1
Q00000996,C00037780,A035,2025-02-27,90.9,91.6,91.3,100.0,1
Q00000997,C00042782,A039,2025-03-02,80.9,75.3,83.6,91.2,1
Q00000998,C00029369,A027,2025-03-31,83.9,87.9,91.2,88.8,1
Q00000999,C00058714,A055,2025-01-24,84.1,85.5,85.2,84.6,1
Q00001000,C00053599,A050,2025-01-26,79.3,69.1,87.7,88.2,0
Q00001001,C00037779,A035,2025-03-01,85.7,77.2,94.1,95.5,1
Q00001002,C00055725,A052,2025-01-17,77.7,77.4,74.5,68.8,0
Q00001003,C00057081,A053,2025-02-12,91.5,97.3,97.6,94.5,1
Q00001004,C00075867,A070,2025-03-25,81.9,72.6,77.3,88.8,0
Q00001005,C00046651,A043,2025-02-12,91.2,86.4,88.4,86.9,1
Q00001006,C00058837,A055,2025-02-04,78.7,81.2,97.2,86.3,0
Q00001007,C00013941,A014,2025-01-22,90.8,86.7,92.1,95.4,1
Q00001008,C00047509,A044,2025-01-25,96.3,92.5,92.8,93.8,1
Q00001009,C00033278,A031,2025-03-06,87.7,80.6,87.9,85.5,1
Q00001010,C00053685,A050,2025-01-31,85.6,85.1,84.9,87.2,1
Q00001011,C00077539,A072,2025-01-27,90.0,91.3,90.7,84.9,1
Q00001012,C00008778,A008,2025-04-02,79.5,81.7,75.6,73.3,0
Q00001013,C00079528,A073,2025-03-22,93.8,95.3,97.8,100.0,1
Q00001014,C00045550,A042,2025-02-12,79.4,78.8,82.4,79.3,0
Q00001015,C00048679,A045,2025-02-15,92.1,100.0,92.1,86.6,1
Q00001016,C00043379,A040,2025-01-11,85.5,86.7,98.8,79.6,1
Q00001017,C00051961,A049,2025-01-07,82.2,89.0,84.1,93.5,1
Q00001018,C00030941,A029,2025-02-11,89.3,92.2,90.7,94.0,1
Q00001019,C00041892,A038,2025-03-27,93.6,92.8,95.2,92.7,1
Q00001020,C00075465,A070,2025-03-02,84.8,83.6,85.9,87.1,1
Q00001021,C00070378,A066,2025-01-06,83.7,76.7,74.3,83.2,1
Q00001022,C00054496,A050,2025-04-01,88.1,91.4,87.3,87.7,1
Q00001023,C00035462,A033,2025-02-15,93.0,93.6,85.5,97.4,1
Q00001024,C00051598,A048,2025-03-05,93.3,91.5,97.1,100.0,1
Q00001025,C00047893,A044,2025-03-04,82.7,88.3,85.1,85.2,1
Q00001026,C00041765,A038,2025-03-18,89.5,92.0,84.7,84.4,1
Q00001027,C00078120,A072,2025-03-12,82.6,84.1,75.8,94.3,1
Q00001028,C00047240,A043,2025-03-25,85.2,77.1,82.2,89.6,1
Q00001029,C00038953,A036,2025-02-18,96.1,92.5,100.0,93.4,1
Q00001030,C00069100,A064,2025-03-16,86.7,96.8,88.5,87.3,1
Q00001031,C00024639,A023,2025-03-17,78.7,83.2,79.6,81.8,0
Q00001032,C00001390,A002,2025-02-05,90.7,90.7,94.7,100.0,1
Q00001033,C00008765,A008,2025-04-04,88.7,93.0,72.7,87.1,1
Q00001034,C00048801,A045,2025-02-26,89.3,86.4,87.2,84.2,1
Q00001035,C00004897,A005,2025-03-09,81.1,76.7,79.0,83.8,1
Q00001036,C00059975,A056,2025-02-15,80.9,71.9,70.8,87.3,0
Q00001037,C00061232,A057,2025-03-14,79.8,75.8,84.9,83.9,0
Q00001038,C00048740,A045,2025-02-26,97.0,92.3,99.3,89.3,1
Q00001039,C00070142,A065,2025-03-18,84.8,81.4,92.5,85.8,1
Q00001040,C00025462,A024,2025-03-05,94.3,92.7,92.2,91.7,1
Q00001041,C00047707,A044,2025-02-17,94.8,91.1,92.2,100.0,1
Q00001042,C00010263,A010,2025-02-19,90.4,93.6,77.6,84.6,1
Q00001043,C00049371,A046,2025-01-28,68.5,75.4,71.2,64.0,0
Q00001044,C00079533,A073,2025-03-22,86.9,90.8,81.6,75.6,1
Q00001045,C00075324,A070,2025-02-17,85.1,84.9,78.0,73.8,1
Q00001046,C00049959,A046,2025-03-26,81.2,80.2,83.7,79.4,1
Q00001047,C00019031,A019,2025-01-24,84.6,89.7,86.6,89.6,1
Q00001048,C00017841,A018,2025-01-09,79.8,73.6,79.4,82.8,0
Q00001049,C00026567,A025,2025-03-20,82.9,75.7,76.1,84.6,1
Q00001050,C00031503,A030,2025-01-07,78.6,83.5,85.2,71.0,0
Q00001051,C00052032,A049,2025-01-16,91.2,86.2,91.0,93.3,1
Q00001052,C00009737,A010,2025-01-13,81.1,73.1,83.7,88.2,0
Q00001053,C00036352,A034,2025-02-10,72.7,72.8,69.4,76.4,0
Q00001054,C00063485,A059,2025-03-22,82.5,81.7,80.4,88.9,1
Q00001055,C00073622,A068,2025-03-23,85.2,77.4,86.4,80.9,1
Q00001056,C00014922,A015,2025-01-31,66.4,66.6,67.0,63.0,0
Q00001057,C00063830,A060,2025-01-21,78.0,79.7,84.1,75.3,0
Q00001058,C00034116,A032,2025-02-03,79.4,79.2,72.9,75.7,0
Q00001059,C00078893,A073,2025-02-02,74.6,75.4,77.5,74.9,0
Q00001060,C00029689,A028,2025-01-22,87.5,92.1,79.0,92.5,1
Q00001061,C00031145,A029,2025-03-08,82.2,86.7,91.1,78.2,1
Q00001062,C00006555,A007,2025-02-04,98.5,100.0,96.9,96.3,1
Q00001063,C00006341,A007,2025-01-22,94.0,89.6,85.3,83.5,1
Q00001064,C00043993,A040,2025-03-19,99.9,96.6,99.5,100.0,1
Q00001065,C00018108,A018,2025-01-30,85.2,87.6,85.0,82.8,1
Q00001066,C00059854,A056,2025-02-02,75.3,84.7,80.0,72.9,0
Q00001067,C00047096,A043,2025-03-22,83.5,84.8,78.7,88.5,1
Q00001068,C00031960,A030,2025-02-15,88.6,80.6,96.1,95.4,1
Q00001069,C00077941,A072,2025-02-26,93.7,96.6,100.0,94.2,1
Q00001070,C00048435,A045,2025-01-25,86.1,85.6,80.0,91.3,1
Q00001071,C00064637,A060,2025-03-14,95.6,98.5,100.0,100.0,1
Q00001072,C00003822,A004,2025-02-28,96.2,94.7,92.8,95.6,1
Q00001073,C00055466,A051,2025-04-04,85.8,87.5,84.0,88.2,1
Q00001074,C00076094,A071,2025-01-13,83.5,85.0,74.6,74.2,1
Q00001075,C00027482,A026,2025-02-25,79.3,74.9,79.2,81.7,0
Q00001076,C00049115,A045,2025-03-30,91.3,98.8,92.5,87.8,1
Q00001077,C00006335,A007,2025-01-18,84.5,79.1,83.4,79.2,1
Q00001078,C00056749,A053,2025-01-07,69.2,69.2,59.6,62.8,0
Q00001079,C00065527,A061,2025-03-11,83.8,76.0,82.8,100.0,1
Q00001080,C00030052,A028,2025-02-21,96.0,100.0,96.3,90.5,1
Q00001081,C00009619,A009,2025-03-31,83.7,79.0,90.9,88.9,1
Q00001082,C00021012,A021,2025-01-21,93.8,97.0,94.4,95.1,1
Q00001083,C00042980,A039,2025-03-17,73.1,72.2,71.9,86.1,0
Q00001084,C00020309,A020,2025-02-24,84.9,79.8,85.2,91.3,1
Q00001085,C00066710,A062,2025-03-30,90.1,89.0,90.9,92.5,1
Q00001086,C00074123,A069,2025-02-05,83.1,85.8,77.9,80.9,1
Q00001087,C00047348,A044,2025-01-10,72.6,68.6,73.5,78.9,0
Q00001088,C00001732,A002,2025-03-19,95.5,89.6,100.0,100.0,1
Q00001089,C00019430,A019,2025-02-27,90.5,86.9,90.8,92.3,1
Q00001090,C00036235,A034,2025-01-26,88.1,89.7,91.3,82.1,1
Q00001091,C00059062,A055,2025-02-17,88.3,89.7,86.9,100.0,1
Q00001092,C00002189,A003,2025-01-25,83.2,91.5,74.5,82.1,1
Q00001093,C00074450,A069,2025-03-07,80.7,88.9,74.8,73.6,1
Q00001094,C00071149,A066,2025-03-07,89.1,89.4,77.2,96.0,1
Q00001095,C00013434,A013,2025-03-01,80.9,88.8,83.7,83.5,1
Q00001096,C00071382,A066,2025-03-22,81.1,76.8,81.5,75.7,1
Q00001097,C00004233,A005,2025-01-08,76.3,71.8,83.2,76.1,0
Q00001098,C00006703,A007,2025-02-11,87.2,80.4,85.3,90.4,1
Q00001099,C00058782,A055,2025-01-31,89.5,88.8,82.0,100.0,1
Q00001100,C00045585,A042,2025-02-19,82.8,81.1,84.4,76.8,1
Q00001101,C00037716,A035,2025-02-20,81.1,76.7,80.0,74.7,1
Q00001102,C00058664,A055,2025-01-21,83.9,81.2,84.1,91.5,1
Q00001103,C00079386,A073,2025-03-12,83.2,78.2,76.7,84.9,1
Q00001104,C00007169,A007,2025-03-21,87.4,86.8,88.7,80.3,1
Q00001105,C00006145,A006,2025-04-08,74.6,77.0,73.5,76.1,0
Q00001106,C00045499,A042,2025-02-14,71.2,70.2,78.4,76.2,0
Q00001107,C00031734,A030,2025-01-30,83.5,85.4,90.5,79.3,1
Q00001108,C00016867,A017,2025-01-12,96.6,88.7,94.5,99.9,1
Q00001109,C00040862,A038,2025-01-17,98.2,98.1,99.2,100.0,1
Q00001110,C00023122,A022,2025-03-02,81.2,80.0,81.2,84.9,1
Q00001111,C00038753,A036,2025-02-06,93.9,93.8,100.0,89.9,1
Q00001112,C00063811,A060,2025-01-19,87.5,92.4,98.0,90.6,1
Q00001113,C00058042,A054,2025-02-19,81.6,71.0,76.4,78.1,0
Q00001114,C00068664,A064,2025-02-13,84.4,85.4,100.0,81.9,1
Q00001115,C00051229,A048,2025-01-25,76.5,74.5,69.3,74.7,0
Q00001116,C00040685,A038,2025-01-10,100.0,100.0,100.0,100.0,1
Q00001117,C00067829,A063,2025-03-16,85.2,82.7,83.8,85.2,1
Q00001118,C00052304,A049,2025-01-29,85.4,83.4,85.6,84.0,1
Q00001119,C00080365,A074,2025-02-22,92.6,92.5,92.7,100.0,1
Q00001120,C00020356,A020,2025-02-25,85.8,100.0,90.1,84.8,1
Q00001121,C00064975,A061,2025-01-06,80.8,85.6,78.8,74.7,1
Q00001122,C00068180,A064,2025-01-10,85.9,87.4,88.7,93.0,1
Q00001123,C00072329,A067,2025-03-26,87.7,92.6,89.4,84.4,1
Q00001124,C00000789,A001,2025-03-17,86.8,86.8,90.2,85.8,1
Q00001125,C00042440,A039,2025-02-12,72.9,72.8,83.7,73.0,0
Q00001126,C00077184,A071,2025-04-06,79.8,74.0,83.1,74.3,0
Q00001127,C00056303,A052,2025-03-04,79.5,79.5,75.3,80.1,0
Q00001128,C00029910,A028,2025-02-09,90.2,87.2,94.4,92.6,1
Q00001129,C00038841,A036,2025-02-09,79.2,83.9,82.2,69.5,0
Q00001130,C00074658,A069,2025-03-27,79.4,75.5,75.3,71.8,0
Q00001131,C00013798,A014,2025-01-09,72.4,81.5,71.0,74.7,0
Q00001132,C00051817,A048,2025-03-22,97.6,94.5,100.0,100.0,1
Q00001133,C00076711,A071,2025-02-28,80.8,75.3,85.3,88.3,1
Q00001134,C00068326,A064,2025-01-20,85.9,82.0,78.1,94.5,1
Q00001135,C00036185,A034,2025-01-25,85.6,93.1,85.8,80.9,1
Q00001136,C00039462,A036,2025-03-20,85.9,87.4,80.3,79.9,1
Q00001137,C00020232,A020,2025-02-15,82.7,81.3,92.2,82.3,1
Q00001138,C00016911,A017,2025-01-20,85.2,89.0,85.3,82.6,1
Q00001139,C00013725,A013,2025-04-02,84.8,96.3,80.6,91.3,1
Q00001140,C00081336,A075,2025-01-23,97.7,100.0,90.9,83.9,1
Q00001141,C00007221,A007,2025-03-23,86.0,82.5,95.1,91.2,1
Q00001142,C00018671,A018,2025-03-28,85.1,87.3,88.2,81.7,1
Q00001143,C00019422,A019,2025-02-26,84.8,77.9,88.5,89.5,1
Q00001144,C00077761,A072,2025-02-15,88.2,89.1,88.3,93.9,1
Q00001145,C00066122,A062,2025-02-05,94.8,100.0,87.9,99.8,1
Q00001146,C00036909,A034,2025-03-20,89.2,76.8,93.6,89.9,1
Q00001147,C00079210,A073,2025-03-06,100.0,100.0,100.0,100.0,1
Q00001148,C00054756,A051,2025-01-18,92.8,86.4,88.8,91.0,1
Q00001149,C00035982,A034,2025-01-07,83.1,82.7,86.7,87.1,1
Q00001150,C00022345,A022,2025-01-09,73.4,68.1,75.8,75.4,0
Q00001151,C00067012,A063,2025-01-17,92.4,90.3,96.2,86.0,1
Q00001152,C00039684,A037,2025-01-10,89.1,85.4,79.9,71.5,1
Q00001153,C00021037,A021,2025-01-24,81.2,75.8,81.6,82.1,1
Q00001154,C00065488,A061,2025-03-05,97.9,100.0,91.6,100.0,1
Q00001155,C00065046,A061,2025-01-20,97.3,92.3,100.0,99.3,1
Q00001156,C00062923,A059,2025-01-25,100.0,100.0,100.0,100.0,1
Q00001157,C00080366,A074,2025-02-17,100.0,100.0,97.8,100.0,1
Q00001158,C00041381,A038,2025-02-26,81.9,81.6,68.3,80.3,1
Q00001159,C00015863,A016,2025-01-30,95.9,97.0,88.3,89.0,1
Q00001160,C00052014,A049,2025-01-08,87.1,86.8,91.1,99.8,1
Q00001161,C00015667,A016,2025-01-22,89.4,96.2,97.4,92.4,1
Q00001162,C00000479,A001,2025-02-21,88.0,80.3,89.5,85.4,1
Q00001163,C00037766,A035,2025-02-27,86.3,90.2,81.5,84.8,1
Q00001164,C00030224,A028,2025-03-13,84.6,81.3,83.7,83.8,1
Q00001165,C00010217,A010,2025-02-13,88.9,90.1,89.0,96.2,1
Q00001166,C00079677,A074,2025-01-08,85.8,87.5,91.3,88.7,1
Q00001167,C00065566,A061,2025-03-15,77.6,72.4,80.6,84.1,0
Q00001168,C00072877,A068,2025-01-30,94.4,98.2,100.0,96.4,1
Q00001169,C00081506,A075,2025-02-01,83.2,95.3,70.6,71.3,1
Q00001170,C00075439,A070,2025-02-26,80.6,78.3,83.8,84.8,1
Q00001171,C00002816,A003,2025-03-04,76.4,82.1,87.7,80.1,0
Q00001172,C00053262,A050,2025-01-04,95.3,100.0,100.0,99.9,1
Q00001173,C00046447,A043,2025-01-31,74.5,77.9,69.2,69.8,0
Q00001174,C00067842,A063,2025-03-17,85.4,84.9,77.2,86.0,1
Q00001175,C00023495,A022,2025-03-29,86.5,84.4,86.3,76.6,1
Q00001176,C00026916,A026,2025-01-11,86.8,94.6,96.0,84.1,1
Q00001177,C00064565,A060,2025-03-12,89.5,87.3,89.2,82.9,1
Q00001178,C00044833,A041,2025-03-05,88.4,95.1,97.8,95.7,1
Q00001179,C00019186,A019,2025-02-04,98.5,99.7,92.2,94.4,1
Q00001180,C00039665,A037,2025-01-05,100.0,98.1,100.0,100.0,1
Q00001181,C00020283,A020,2025-02-22,72.8,72.3,71.2,70.6,0
Q00001182,C00057627,A054,2025-01-04,89.8,90.8,93.3,95.0,1
Q00001183,C00024865,A023,2025-04-03,100.0,100.0,100.0,96.2,1
Q00001184,C00052787,A049,2025-03-05,85.3,90.0,94.3,83.5,1
Q00001185,C00031535,A030,2025-01-11,90.0,93.8,84.1,84.4,1
Q00001186,C00026648,A025,2025-03-27,91.0,90.9,95.4,97.3,1
Q00001187,C00066286,A062,2025-02-19,99.7,96.8,100.0,99.2,1
Q00001188,C00046032,A042,2025-03-28,79.5,82.4,78.5,74.2,0
Q00001189,C00039257,A036,2025-03-11,84.3,82.1,85.9,88.5,1
Q00001190,C00037885,A035,2025-03-01,91.0,90.2,94.9,99.8,1
Q00001191,C00081090,A075,2025-01-09,88.5,91.5,92.6,81.7,1
Q00001192,C00022958,A022,2025-02-20,79.6,76.2,68.2,89.9,0
Q00001193,C00052431,A049,2025-02-06,87.7,87.1,85.8,81.4,1
Q00001194,C00006813,A007,2025-02-17,91.6,98.1,93.7,100.0,1
Q00001195,C00066738,A062,2025-04-06,83.1,80.6,91.9,83.7,1
Q00001196,C00024992,A024,2025-01-20,89.7,90.8,88.1,97.0,1
Q00001197,C00075856,A070,2025-03-26,80.3,76.5,83.7,75.7,1
Q00001198,C00047380,A044,2025-01-17,89.8,95.4,89.6,88.4,1
Q00001199,C00073489,A068,2025-03-13,82.5,92.6,79.5,81.5,1
Q00001200,C00075820,A070,2025-03-22,86.8,81.8,80.7,91.8,1
Q00001201,C00027853,A026,2025-03-24,84.0,84.6,78.8,81.0,1
Q00001202,C00051771,A048,2025-03-14,87.3,88.1,78.6,94.3,1
Q00001203,C00019489,A019,2025-03-10,87.8,89.2,78.6,91.3,1
Q00001204,C00008290,A008,2025-02-22,69.1,79.2,70.8,76.5,0
Q00001205,C00050608,A047,2025-02-20,83.9,73.7,80.0,84.0,0
Q00001206,C00039925,A037,2025-02-04,87.3,90.1,80.1,89.2,1
Q00001207,C00068849,A064,2025-02-24,87.3,95.1,79.8,83.5,1
Q00001208,C00049106,A045,2025-04-02,86.1,92.7,94.3,89.9,1
Q00001209,C00017227,A017,2025-02-13,86.1,82.3,94.9,98.7,1
Q00001210,C00038707,A036,2025-01-25,83.8,82.3,82.4,91.3,1
Q00001211,C00039695,A037,2025-01-07,85.1,81.3,84.3,79.0,1
Q00001212,C00047020,A043,2025-03-18,87.4,85.1,92.9,89.1,1
Q00001213,C00028323,A027,2025-01-24,90.1,92.7,91.2,86.5,1
Q00001214,C00023401,A022,2025-03-21,93.7,96.8,95.3,99.7,1
Q00001215,C00018539,A018,2025-03-16,87.0,82.7,78.3,90.5,1
Q00001216,C00078962,A073,2025-02-12,71.3,68.6,70.7,59.2,0
Q00001217,C00067724,A063,2025-03-08,100.0,100.0,100.0,93.3,1
Q00001218,C00044963,A041,2025-03-20,87.7,81.6,84.7,95.6,1
Q00001219,C00042054,A039,2025-01-15,83.7,79.6,77.0,80.0,1
Q00001220,C00029965,A028,2025-02-17,84.2,86.6,98.9,74.1,1
Q00001221,C00060378,A056,2025-03-26,92.1,87.7,95.7,83.9,1
Q00001222,C00040661,A038,2025-01-13,79.3,79.5,82.8,77.7,0
Q00001223,C00047003,A043,2025-03-13,85.8,85.2,84.3,91.6,1
Q00001224,C00011536,A011,2025-02-27,83.3,77.8,77.7,68.2,1
Q00001225,C00042122,A039,2025-01-18,78.9,80.4,76.0,85.7,0
Q00001226,C00030831,A029,2025-01-29,81.8,74.0,77.7,91.0,0
Q00001227,C00014758,A015,2025-01-17,91.5,79.4,95.4,82.1,1
Q00001228,C00059989,A056,2025-02-17,75.9,77.4,82.3,73.5,0
Q00001229,C00026230,A025,2025-02-22,94.7,93.9,92.1,100.0,1
Q00001230,C00006917,A007,2025-02-26,81.9,85.8,89.8,83.8,1
Q00001231,C00024408,A023,2025-03-06,92.9,89.0,86.7,100.0,1
Q00001232,C00047349,A044,2025-01-10,86.0,85.8,90.1,91.9,1
Q00001233,C00044435,A041,2025-01-26,90.0,90.7,88.4,90.0,1
Q00001234,C00075423,A070,2025-02-26,94.5,98.3,97.8,100.0,1
Q00001235,C00052842,A049,2025-03-10,89.4,83.2,82.7,80.3,1
Q00001236,C00008884,A009,2025-01-11,86.5,86.1,86.2,79.8,1
Q00001237,C00080143,A074,2025-02-09,100.0,94.8,100.0,99.4,1
Q00001238,C00022161,A021,2025-03-30,88.5,86.9,87.9,90.7,1
Q00001239,C00013822,A014,2025-01-11,95.3,97.7,98.1,94.9,1
Q00001240,C00014819,A015,2025-01-26,93.9,95.1,100.0,80.2,1
Q00001241,C00019859,A020,2025-01-08,83.1,77.9,79.2,76.0,1
Q00001242,C00062339,A058,2025-03-08,79.3,84.9,84.3,86.6,0
Q00001243,C00012264,A012,2025-02-02,91.0,93.7,91.4,82.1,1
Q00001244,C00041916,A038,2025-04-03,81.4,81.5,85.7,79.7,1
Q00001245,C00071390,A066,2025-03-26,77.2,81.4,77.6,79.9,0
Q00001246,C00064373,A060,2025-02-26,99.4,100.0,100.0,98.6,1
Q00001247,C00054234,A050,2025-03-10,87.9,98.5,89.2,93.8,1
Q00001248,C00007954,A008,2025-02-06,65.3,64.8,66.3,68.2,0
Q00001249,C00047857,A044,2025-02-22,86.7,81.5,82.9,87.7,1
Q00001250,C00068303,A064,2025-01-20,84.2,84.5,89.7,90.4,1
Q00001251,C00036617,A034,2025-02-22,90.9,93.2,88.3,91.8,1
Q00001252,C00067959,A063,2025-03-29,92.4,92.2,89.6,100.0,1
Q00001253,C00019065,A019,2025-01-25,91.3,97.9,89.8,100.0,1
Q00001254,C00014738,A015,2025-01-12,75.7,78.1,77.8,69.0,0
Q00001255,C00073750,A068,2025-04-01,92.3,89.8,95.4,92.9,1
Q00001256,C00006673,A007,2025-02-12,76.1,74.5,75.3,82.1,0
Q00001257,C00048033,A044,2025-03-17,91.3,85.1,95.4,99.1,1
Q00001258,C00016420,A016,2025-03-05,80.5,78.3,83.8,87.0,1
Q00001259,C00053899,A050,2025-02-21,69.4,66.9,65.8,67.3,0
Q00001260,C00062211,A058,2025-03-04,77.1,80.4,65.2,75.9,0
Q00001261,C00049297,A046,2025-01-18,76.7,74.8,73.1,89.0,0
Q00001262,C00018839,A019,2025-01-07,88.8,83.0,73.2,92.7,1
Q00001263,C00077380,A072,2025-01-19,84.1,87.2,85.4,97.0,1
Q00001264,C00079630,A073,2025-04-04,90.1,97.2,83.8,100.0,1
Q00001265,C00058567,A055,2025-01-13,94.2,98.8,100.0,85.1,1
Q00001266,C00062336,A058,2025-03-10,97.2,98.0,95.5,100.0,1
Q00001267,C00039056,A036,2025-02-28,85.4,86.3,86.3,84.6,1
Q00001268,C00041175,A038,2025-02-09,77.9,74.8,75.1,75.5,0
Q00001269,C00078240,A072,2025-03-19,93.7,91.5,92.6,92.2,1
Q00001270,C00072104,A067,2025-02-26,73.6,70.1,79.0,75.3,0
Q00001271,C00072429,A067,2025-03-29,89.3,95.6,89.8,77.2,1
Q00001272,C00045519,A042,2025-02-07,100.0,100.0,100.0,100.0,1
Q00001273,C00037374,A035,2025-01-29,83.5,81.4,88.9,92.9,1
Q00001274,C00060530,A057,2025-01-10,93.4,93.8,89.3,100.0,1
Q00001275,C00067091,A063,2025-01-27,82.6,81.6,87.5,90.7,1
Q00001276,C00055311,A051,2025-03-10,90.0,92.2,97.2,87.8,1
Q00001277,C00067572,A063,2025-02-25,86.9,85.8,89.4,94.9,1
Q00001278,C00017465,A017,2025-03-08,84.3,81.9,83.0,81.4,1
Q00001279,C00021838,A021,2025-03-09,83.1,91.0,78.6,74.5,1
Q00001280,C00063934,A060,2025-01-30,95.0,97.4,98.2,94.8,1
Q00001281,C00011942,A012,2025-01-08,93.5,96.6,100.0,93.4,1
Q00001282,C00019549,A019,2025-03-16,82.6,80.6,82.4,73.6,1
Q00001283,C00073779,A069,2025-01-06,91.2,96.6,92.6,88.2,1
Q00001284,C00043134,A039,2025-03-27,88.3,93.8,76.8,92.0,1
Q00001285,C00029051,A027,2025-03-15,92.1,92.7,100.0,85.5,1
Q00001286,C00005982,A006,2025-03-22,89.3,96.2,85.6,98.4,1
Q00001287,C00062830,A059,2025-01-13,91.0,94.9,89.1,94.5,1
Q00001288,C00075116,A070,2025-02-01,99.9,93.0,100.0,94.7,1
Q00001289,C00032433,A031,2025-01-05,87.6,92.7,86.6,97.4,1
Q00001290,C00009929,A010,2025-01-22,89.7,90.9,91.3,95.5,1
Q00001291,C00021745,A021,2025-03-01,90.3,86.8,87.1,83.8,1
Q00001292,C00016431,A016,2025-03-08,82.5,75.9,83.1,86.8,1
Q00001293,C00049126,A045,2025-04-01,82.5,86.4,93.7,82.1,1
Q00001294,C00044123,A040,2025-04-01,78.4,71.2,78.8,81.4,0
Q00001295,C00046387,A043,2025-01-23,93.2,98.3,100.0,90.7,1
Q00001296,C00062603,A058,2025-03-28,94.0,89.7,96.2,92.9,1
Q00001297,C00048421,A045,2025-01-23,75.3,79.1,71.7,69.8,0
Q00001298,C00006925,A007,2025-03-02,84.0,85.4,78.9,77.3,1
Q00001299,C00070173,A065,2025-03-18,87.7,82.7,76.8,94.7,1
Q00001300,C00010239,A010,2025-02-16,97.8,97.3,100.0,100.0,1
Q00001301,C00041198,A038,2025-02-09,85.7,80.0,87.4,89.7,1
Q00001302,C00070735,A066,2025-02-03,92.3,100.0,93.7,97.6,1
Q00001303,C00052158,A049,2025-01-22,84.3,86.2,84.3,82.5,1
Q00001304,C00000980,A001,2025-04-03,78.3,84.8,80.8,82.1,0
Q00001305,C00048078,A044,2025-03-24,91.8,88.0,91.1,95.8,1
Q00001306,C00011703,A011,2025-03-16,77.2,75.9,70.0,75.4,0
Q00001307,C00065978,A062,2025-01-17,84.9,88.1,79.2,93.4,1
Q00001308,C00021035,A021,2025-01-23,92.2,92.4,95.5,97.9,1
Q00001309,C00067930,A063,2025-03-23,74.0,74.0,76.2,81.6,0
Q00001310,C00032671,A031,2025-01-20,80.6,77.6,85.4,81.6,1
Q00001311,C00022584,A022,2025-02-02,100.0,100.0,100.0,100.0,1
Q00001312,C00030457,A028,2025-03-29,79.6,73.1,83.8,68.9,0
Q00001313,C00042271,A039,2025-02-01,92.8,89.1,100.0,96.5,1
Q00001314,C00015058,A015,2025-02-15,81.3,82.3,80.2,83.8,1
Q00001315,C00063019,A059,2025-02-08,75.3,77.3,91.0,75.3,0
Q00001316,C00030863,A029,2025-01-30,96.5,100.0,92.9,97.6,1
Q00001317,C00003621,A004,2025-02-07,78.2,79.3,75.3,72.9,0
Q00001318,C00074285,A069,2025-02-17,96.1,100.0,94.6,100.0,1
Q00001319,C00053709,A050,2025-02-08,83.9,75.7,84.3,81.1,1
Q00001320,C00044747,A041,2025-02-25,87.8,89.9,84.6,100.0,1
Q00001321,C00068737,A064,2025-02-14,92.8,88.5,99.1,99.2,1
Q00001322,C00081153,A075,2025-01-16,89.3,95.7,81.0,83.4,1
Q00001323,C00057117,A053,2025-02-18,82.5,83.7,75.1,81.4,1
Q00001324,C00032709,A031,2025-01-26,89.8,92.0,92.1,89.1,1
Q00001325,C00020229,A020,2025-02-08,87.3,87.2,99.6,88.5,1
Q00001326,C00022476,A022,2025-01-19,79.7,70.2,81.3,82.4,0
Q00001327,C00081638,A075,2025-02-14,90.3,82.9,91.9,87.4,1
Q00001328,C00012585,A012,2025-03-03,88.4,83.8,98.9,96.4,1
Q00001329,C00004941,A005,2025-03-14,92.8,96.5,83.6,96.8,1
Q00001330,C00069127,A064,2025-03-16,96.8,98.8,100.0,98.4,1
Q00001331,C00048562,A045,2025-02-10,93.9,96.0,96.4,94.7,1
Q00001332,C00058518,A054,2025-04-09,83.4,87.1,86.2,91.4,1
Q00001333,C00077839,A072,2025-02-19,80.5,77.9,81.4,71.4,1
Q00001334,C00003270,A004,2025-01-04,74.5,73.4,76.1,71.7,0
Q00001335,C00061809,A058,2025-02-05,77.3,76.5,87.4,71.9,0
Q00001336,C00020392,A020,2025-02-25,89.9,88.5,88.1,100.0,1
Q00001337,C00033645,A031,2025-03-28,71.6,72.8,58.9,75.3,0
Q00001338,C00046893,A043,2025-03-02,94.9,92.5,100.0,100.0,1
Q00001339,C00012848,A012,2025-04-01,90.4,95.7,94.9,96.5,1
Q00001340,C00054466,A050,2025-03-24,94.8,89.8,97.8,93.0,1
Q00001341,C00044601,A041,2025-02-15,87.2,86.8,88.3,77.4,1
Q00001342,C00041389,A038,2025-02-23,78.1,87.3,76.9,76.2,0
Q00001343,C00059653,A056,2025-01-22,94.7,99.1,86.9,93.3,1
Q00001344,C00028333,A027,2025-01-18,81.9,78.5,80.2,87.8,1
Q00001345,C00012581,A012,2025-03-06,97.1,100.0,100.0,100.0,1
Q00001346,C00015193,A015,2025-02-26,70.2,73.1,73.9,71.9,0
Q00001347,C00059809,A056,2025-02-03,93.4,93.9,95.0,94.8,1
Q00001348,C00075279,A070,2025-02-18,99.9,100.0,97.3,100.0,1
Q00001349,C00074921,A070,2025-01-18,84.9,91.1,87.8,80.1,1
Q00001350,C00066114,A062,2025-01-30,78.2,78.6,79.9,78.8,0
Q00001351,C00060326,A056,2025-03-23,77.9,77.6,75.5,70.0,0
Q00001352,C00004570,A005,2025-02-14,78.5,83.0,90.7,80.5,0
Q00001353,C00043471,A040,2025-01-25,77.7,85.0,78.8,69.9,0
Q00001354,C00022819,A022,2025-02-16,85.6,83.9,74.9,84.1,1
Q00001355,C00011142,A011,2025-01-23,95.5,95.7,100.0,90.3,1
Q00001356,C00079433,A073,2025-03-16,86.5,80.7,89.8,84.6,1
Q00001357,C00052651,A049,2025-02-24,100.0,99.0,96.2,100.0,1
Q00001358,C00024873,A024,2025-01-06,93.2,99.0,91.5,100.0,1
Q00001359,C00028552,A027,2025-02-11,82.2,78.6,74.6,79.6,1
Q00001360,C00074326,A069,2025-02-21,87.6,84.9,86.2,86.6,1
Q00001361,C00032219,A030,2025-03-13,87.5,83.0,75.1,100.0,1
Q00001362,C00008823,A009,2025-01-11,81.6,91.1,67.9,89.4,1
Q00001363,C00004017,A004,2025-03-22,82.1,80.8,81.1,71.3,1
Q00001364,C00063760,A060,2025-01-12,82.9,84.4,73.0,97.3,1
Q00001365,C00079136,A073,2025-02-26,98.2,100.0,100.0,100.0,1
Q00001366,C00065163,A061,2025-02-02,85.3,93.2,74.3,91.2,1
Q00001367,C00061760,A058,2025-02-03,87.9,94.5,80.5,90.3,1
Q00001368,C00003701,A004,2025-02-24,78.0,82.9,71.7,86.1,0
Q00001369,C00012470,A012,2025-02-23,82.6,76.0,75.7,82.2,1
Q00001370,C00045281,A042,2025-01-19,91.8,92.4,100.0,91.8,1
Q00001371,C00031376,A029,2025-03-25,89.4,92.2,91.9,91.2,1
Q00001372,C00082268,A075,2025-03-28,91.2,98.1,86.2,87.3,1
Q00001373,C00052039,A049,2025-01-09,83.0,78.9,86.2,88.5,1
Q00001374,C00055224,A051,2025-03-08,81.8,83.4,81.6,79.5,1
Q00001375,C00070048,A065,2025-03-14,89.1,96.4,85.7,87.7,1
Q00001376,C00045424,A042,2025-01-31,96.6,93.2,92.8,100.0,1
Q00001377,C00030431,A028,2025-03-20,88.5,84.4,89.2,76.7,1
Q00001378,C00022982,A022,2025-02-24,80.6,83.8,73.7,80.4,1
Q00001379,C00003588,A004,2025-02-04,91.3,91.8,88.1,98.2,1
Q00001380,C00051614,A048,2025-03-04,95.4,91.5,100.0,97.0,1
Q00001381,C00043038,A039,2025-03-17,80.3,80.0,84.2,88.6,1
Q00001382,C00010830,A010,2025-03-27,82.3,83.0,86.6,89.0,1
Q00001383,C00039598,A036,2025-03-31,90.2,88.6,89.4,97.9,1
Q00001384,C00077152,A071,2025-03-28,78.5,71.6,87.4,75.2,0
Q00001385,C00029445,A028,2025-01-05,80.0,76.2,81.5,71.4,1
Q00001386,C00049162,A045,2025-04-05,89.3,88.3,86.8,86.7,1
Q00001387,C00038667,A036,2025-01-28,90.5,92.3,82.4,81.9,1
Q00001388,C00073821,A069,2025-01-11,94.2,100.0,95.3,100.0,1
Q00001389,C00029722,A028,2025-01-25,84.4,85.5,73.5,99.1,1
Q00001390,C00016956,A017,2025-01-19,86.2,95.2,94.1,87.1,1
Q00001391,C00064591,A060,2025-03-12,88.7,96.9,98.5,88.5,1
Q00001392,C00021085,A021,2025-01-22,83.4,90.7,82.7,100.0,1
Q00001393,C00061877,A058,2025-02-07,70.9,61.5,67.9,64.7,0
Q00001394,C00016171,A016,2025-02-22,83.6,84.5,95.7,92.0,1
Q00001395,C00024164,A023,2025-02-16,83.2,79.1,83.3,100.0,1
Q00001396,C00079808,A074,2025-01-12,100.0,98.6,100.0,100.0,1
Q00001397,C00080974,A074,2025-03-30,86.3,76.9,86.8,90.7,1
Q00001398,C00069637,A065,2025-01-30,90.2,94.6,99.7,85.3,1
Q00001399,C00063047,A059,2025-02-06,86.1,82.6,88.2,84.9,1
Q00001400,C00065291,A061,2025-02-20,93.2,82.7,90.5,84.2,1
Q00001401,C00005767,A006,2025-03-03,99.6,100.0,92.2,93.8,1
Q00001402,C00035687,A033,2025-03-07,82.2,75.2,75.4,69.8,1
Q00001403,C00037144,A035,2025-01-05,87.3,78.8,95.2,95.6,1
Q00001404,C00030623,A029,2025-01-08,93.0,100.0,93.7,93.1,1
Q00001405,C00010418,A010,2025-02-26,81.9,86.7,84.1,82.4,1
Q00001406,C00067274,A063,2025-02-05,100.0,100.0,100.0,91.4,1
Q00001407,C00021581,A021,2025-02-21,88.7,86.9,84.1,95.1,1
Q00001408,C00016829,A017,2025-01-07,92.1,91.5,91.3,100.0,1
Q00001409,C00062375,A058,2025-03-16,90.3,89.7,87.7,86.4,1
Q00001410,C00043364,A040,2025-01-16,69.3,73.0,69.1,63.9,0
Q00001411,C00032460,A031,2025-01-11,86.3,86.9,89.3,83.6,1
Q00001412,C00077610,A072,2025-02-08,88.4,82.1,97.9,89.1,1
Q00001413,C00025235,A024,2025-02-10,86.2,89.0,76.7,90.6,1
Q00001414,C00074804,A070,2025-01-12,85.6,87.8,82.9,79.3,1
Q00001415,C00060141,A056,2025-03-03,86.3,84.8,93.9,69.7,1
Q00001416,C00046139,A043,2025-01-05,86.5,92.0,79.1,95.2,1
Q00001417,C00073037,A068,2025-02-18,91.0,96.1,88.5,91.5,1
Q00001418,C00048016,A044,2025-03-17,84.7,86.4,92.6,82.7,1
Q00001419,C00039629,A036,2025-04-04,83.2,82.6,88.5,97.0,1
Q00001420,C00070564,A066,2025-01-25,78.4,79.5,76.6,64.9,0
Q00001421,C00047052,A043,2025-03-14,97.7,100.0,96.9,99.2,1
Q00001422,C00072477,A068,2025-01-06,93.0,93.8,96.0,82.6,1
Q00001423,C00021660,A021,2025-03-04,100.0,100.0,100.0,100.0,1
Q00001424,C00072845,A068,2025-01-29,89.7,89.2,90.2,82.4,1
Q00001425,C00053212,A049,2025-04-02,95.4,95.3,100.0,94.6,1
Q00001426,C00035581,A033,2025-02-27,85.6,97.8,90.4,90.0,1
Q00001427,C00036851,A034,2025-03-19,70.0,72.7,72.5,93.0,0
Q00001428,C00060046,A056,2025-02-23,91.2,96.6,81.4,96.7,1
Q00001429,C00012945,A013,2025-01-11,82.6,81.5,85.0,71.3,1
Q00001430,C00055869,A052,2025-02-03,85.4,92.0,86.6,99.7,1
Q00001431,C00000582,A001,2025-03-05,78.0,73.1,70.6,84.3,0
Q00001432,C00002087,A003,2025-01-14,78.6,78.0,75.3,80.2,0
Q00001433,C00052081,A049,2025-01-17,82.9,87.4,88.1,71.7,1
Q00001434,C00074725,A069,2025-03-29,85.8,84.0,82.5,85.1,1
Q00001435,C00016530,A016,2025-03-14,87.0,84.5,96.3,87.4,1
Q00001436,C00027920,A026,2025-03-28,78.2,77.8,74.3,84.5,0
Q00001437,C00069380,A064,2025-04-04,83.8,84.0,80.3,79.7,1
Q00001438,C00023792,A023,2025-01-18,97.0,100.0,100.0,96.1,1
Q00001439,C00049538,A046,2025-02-09,89.5,94.1,95.9,90.3,1
Q00001440,C00057007,A053,2025-02-03,89.8,89.2,87.4,70.2,1
Q00001441,C00030659,A029,2025-01-14,78.0,75.6,80.2,70.8,0
Q00001442,C00063759,A060,2025-01-18,84.9,88.5,81.6,87.9,1
Q00001443,C00004249,A005,2025-01-13,84.6,84.1,83.9,75.6,1
Q00001444,C00059529,A055,2025-04-06,79.9,82.9,75.6,87.4,0
Q00001445,C00081979,A075,2025-03-09,95.4,100.0,90.8,97.0,1
Q00001446,C00044669,A041,2025-02-16,85.9,86.4,84.7,87.3,1
Q00001447,C00074792,A070,2025-01-04,81.1,80.6,89.1,84.6,1
Q00001448,C00021443,A021,2025-02-13,92.6,93.1,100.0,99.4,1
Q00001449,C00010086,A010,2025-01-31,87.9,86.1,89.3,88.9,1
Q00001450,C00080824,A074,2025-03-24,91.3,91.8,96.3,79.9,1
Q00001451,C00045329,A042,2025-01-25,94.0,93.6,91.7,96.4,1
Q00001452,C00023340,A022,2025-03-22,98.7,100.0,96.3,94.1,1
Q00001453,C00002531,A003,2025-02-17,83.4,81.3,79.5,83.2,1
Q00001454,C00053674,A050,2025-01-31,84.7,85.9,88.7,84.2,1
Q00001455,C00007218,A007,2025-03-19,86.4,82.4,92.5,77.8,1
Q00001456,C00002894,A003,2025-03-16,87.9,96.5,89.6,80.9,1
Q00001457,C00024626,A023,2025-03-21,81.7,83.5,78.0,94.0,1
Q00001458,C00075595,A070,2025-03-05,84.1,85.9,83.9,93.5,1
Q00001459,C00025161,A024,2025-02-02,88.4,88.8,78.7,92.4,1
Q00001460,C00045864,A042,2025-03-20,90.0,90.6,93.5,100.0,1
Q00001461,C00015356,A015,2025-03-19,87.6,84.1,87.2,81.0,1
Q00001462,C00074002,A069,2025-01-22,78.9,74.2,96.8,78.4,0
Q00001463,C00043537,A040,2025-01-27,89.3,95.1,98.8,74.5,1
Q00001464,C00004423,A005,2025-02-02,88.8,77.0,94.3,80.9,1
Q00001465,C00068102,A064,2025-01-10,79.9,79.5,77.7,88.2,0
Q00001466,C00022914,A022,2025-02-18,82.9,77.6,81.3,87.7,1
Q00001467,C00077575,A072,2025-02-06,95.7,96.0,99.9,88.3,1
Q00001468,C00075995,A071,2025-01-04,80.1,80.8,77.6,76.0,1
Q00001469,C00040257,A037,2025-03-10,88.0,85.3,88.8,87.8,1
Q00001470,C00023740,A023,2025-01-15,83.4,84.6,86.3,80.5,1
Q00001471,C00002902,A003,2025-03-12,85.1,88.8,86.5,77.2,1
Q00001472,C00057112,A053,2025-02-11,73.0,70.6,70.6,69.2,0
Q00001473,C00074827,A070,2025-01-12,82.6,81.8,78.2,90.3,1
Q00001474,C00075359,A070,2025-02-16,88.7,83.2,75.3,83.9,1
Q00001475,C00018631,A018,2025-03-25,93.8,100.0,95.1,83.0,1
Q00001476,C00079968,A074,2025-01-22,87.9,93.3,86.0,87.9,1
Q00001477,C00022253,A022,2025-01-05,88.3,90.2,88.1,93.5,1
Q00001478,C00037446,A035,2025-01-25,100.0,98.6,99.3,100.0,1
Q00001479,C00063013,A059,2025-01-31,76.0,67.5,69.6,75.1,0
Q00001480,C00013711,A013,2025-03-30,84.5,82.9,89.3,74.7,1
Q00001481,C00032301,A030,2025-03-25,85.7,79.6,89.6,88.8,1
Q00001482,C00054104,A050,2025-03-06,87.5,100.0,91.9,100.0,1
Q00001483,C00008953,A009,2025-01-23,70.8,64.9,68.1,67.1,0
Q00001484,C00037409,A035,2025-01-28,86.2,86.4,87.0,90.4,1
Q00001485,C00074203,A069,2025-02-08,94.3,93.6,99.9,90.6,1
Q00001486,C00038518,A036,2025-01-12,89.7,88.0,95.8,90.7,1
Q00001487,C00074905,A070,2025-01-20,81.6,80.4,86.7,69.8,1
Q00001488,C00025753,A024,2025-04-09,85.5,87.9,88.3,80.1,1
Q00001489,C00066551,A062,2025-03-11,77.1,81.8,84.9,82.1,0
Q00001490,C00005056,A005,2025-03-22,85.9,80.1,93.9,76.7,1
Q00001491,C00051322,A048,2025-01-31,78.8,71.0,84.5,79.3,0
Q00001492,C00037398,A035,2025-01-30,81.8,80.6,89.1,82.2,1
Q00001493,C00069054,A064,2025-03-08,81.5,83.3,87.3,95.1,1
Q00001494,C00003118,A003,2025-03-26,89.2,100.0,86.2,92.4,1
Q00001495,C00080031,A074,2025-02-02,79.6,72.3,90.1,81.8,0
Q00001496,C00061980,A058,2025-02-22,79.2,79.4,74.6,74.1,0
Q00001497,C00036801,A034,2025-03-12,81.3,78.3,81.9,76.4,1
Q00001498,C00035966,A034,2025-01-08,91.9,97.6,96.4,91.6,1
Q00001499,C00007863,A008,2025-02-02,85.1,87.7,79.6,84.1,1
Q00001500,C00061467,A058,2025-01-09,89.5,96.8,98.1,89.6,1
Q00001501,C00012457,A012,2025-02-27,78.5,94.3,74.3,83.7,0
Q00001502,C00062160,A058,2025-03-06,76.3,75.3,64.6,85.6,0
Q00001503,C00078991,A073,2025-02-11,96.1,92.6,99.6,95.1,1
Q00001504,C00017321,A017,2025-02-24,83.9,80.7,79.2,89.0,1
Q00001505,C00034204,A032,2025-02-02,83.0,90.6,91.1,75.7,1
Q00001506,C00013405,A013,2025-03-02,88.9,86.7,85.3,92.0,1
Q00001507,C00033816,A032,2025-01-09,96.4,98.0,100.0,84.8,1
Q00001508,C00045893,A042,2025-03-18,100.0,100.0,100.0,100.0,1
Q00001509,C00057359,A053,2025-03-15,74.9,65.9,72.8,68.6,0
Q00001510,C00057759,A054,2025-01-20,94.0,92.4,100.0,98.3,1
Q00001511,C00063623,A060,2025-01-07,88.6,91.3,86.1,96.5,1
Q00001512,C00014967,A015,2025-01-31,96.5,97.2,96.9,97.5,1
Q00001513,C00060322,A056,2025-03-19,87.9,89.5,85.6,85.8,1
Q00001514,C00067251,A063,2025-02-06,90.5,96.8,90.2,86.2,1
Q00001515,C00049687,A046,2025-03-03,68.9,73.5,72.5,70.2,0
Q00001516,C00066546,A062,2025-03-11,90.6,91.1,91.5,91.0,1
Q00001517,C00052470,A049,2025-02-07,88.3,91.6,87.7,91.1,1
Q00001518,C00010090,A010,2025-02-01,85.5,83.3,91.9,86.8,1
Q00001519,C00074332,A069,2025-02-21,83.3,81.3,74.1,91.9,1
Q00001520,C00072613,A068,2025-01-13,86.2,83.5,91.6,94.0,1
Q00001521,C00002122,A003,2025-01-19,90.2,89.2,83.8,87.1,1
Q00001522,C00050081,A046,2025-04-06,95.5,87.7,96.4,94.6,1
Q00001523,C00076508,A071,2025-02-12,83.4,85.0,80.3,69.9,1
Q00001524,C00023769,A023,2025-01-17,85.1,89.6,91.8,93.0,1
Q00001525,C00044702,A041,2025-02-24,89.6,84.3,85.8,91.4,1
Q00001526,C00072218,A067,2025-03-15,92.9,94.2,96.1,86.4,1
Q00001527,C00004636,A005,2025-02-19,80.8,78.2,88.2,85.2,1
Q00001528,C00050993,A047,2025-03-26,83.9,88.3,83.5,85.0,1
Q00001529,C00003768,A004,2025-03-01,90.7,93.2,98.7,86.1,1
Q00001530,C00051477,A048,2025-02-18,76.1,69.2,77.9,69.6,0
Q00001531,C00051687,A048,2025-03-11,78.3,80.1,63.3,70.9,0
Q00001532,C00014370,A014,2025-03-11,84.9,83.4,71.9,82.7,1
Q00001533,C00015613,A016,2025-01-15,99.1,100.0,99.6,98.8,1
Q00001534,C00071077,A066,2025-02-27,87.9,84.8,91.2,86.8,1
Q00001535,C00040556,A037,2025-04-04,82.7,78.4,84.5,84.2,1
Q00001536,C00076391,A071,2025-01-31,86.9,91.0,87.2,77.7,1
Q00001537,C00065466,A061,2025-03-06,80.9,92.6,73.5,72.9,1
Q00001538,C00011127,A011,2025-01-23,85.7,80.0,89.2,95.8,1
Q00001539,C00070380,A066,2025-01-09,88.8,87.1,91.6,89.2,1
Q00001540,C00057831,A054,2025-01-26,74.3,79.5,76.3,79.5,0
Q00001541,C00046986,A043,2025-03-13,91.6,84.0,98.2,89.3,1
Q00001542,C00069984,A065,2025-03-08,83.6,65.8,85.5,75.9,0
Q00001543,C00081947,A075,2025-03-05,81.9,80.5,87.7,86.5,1
Q00001544,C00064739,A060,2025-03-24,88.2,84.6,87.1,92.0,1
Q00001545,C00061694,A058,2025-01-25,87.6,91.6,80.8,95.9,1
Q00001546,C00017606,A017,2025-03-23,74.0,69.6,71.4,80.1,0
Q00001547,C00000702,A001,2025-03-08,79.8,75.2,93.7,97.7,0
Q00001548,C00018388,A018,2025-03-05,90.5,91.7,85.6,100.0,1
Q00001549,C00071779,A067,2025-01-28,81.4,75.0,83.8,89.9,0
Q00001550,C00024824,A023,2025-04-03,90.2,89.8,91.3,87.1,1
Q00001551,C00038858,A036,2025-02-08,73.2,71.5,60.8,70.3,0
Q00001552,C00018784,A018,2025-04-09,87.9,89.3,86.1,86.0,1
Q00001553,C00073733,A068,2025-04-04,100.0,96.9,98.2,83.4,1
Q00001554,C00018332,A018,2025-02-21,75.9,74.5,74.7,80.8,0
Q00001555,C00031014,A029,2025-02-22,77.7,76.7,71.5,80.1,0
Q00001556,C00032886,A031,2025-02-08,91.5,88.9,91.0,82.6,1
Q00001557,C00060128,A056,2025-03-01,92.2,90.4,83.1,83.2,1
Q00001558,C00006701,A007,2025-02-11,90.1,95.1,89.2,88.4,1
Q00001559,C00064599,A060,2025-03-08,91.8,81.7,81.5,84.9,1
Q00001560,C00053260,A049,2025-04-06,76.7,78.2,74.3,77.0,0
Q00001561,C00057523,A053,2025-03-30,83.3,87.8,86.3,95.1,1
Q00001562,C00043196,A039,2025-03-30,93.6,96.7,90.9,90.2,1
Q00001563,C00003936,A004,2025-03-13,96.8,97.6,100.0,91.8,1
Q00001564,C00042519,A039,2025-02-14,88.0,90.4,85.3,92.9,1
Q00001565,C00049864,A046,2025-03-20,92.4,100.0,84.8,87.1,1
Q00001566,C00008070,A008,2025-02-08,85.2,81.2,79.7,85.5,1
Q00001567,C00078309,A072,2025-03-19,86.9,93.9,90.9,87.1,1
Q00001568,C00079476,A073,2025-03-18,86.5,88.6,83.7,86.2,1
Q00001569,C00067210,A063,2025-02-01,91.6,87.7,95.9,80.6,1
Q00001570,C00046701,A043,2025-02-16,95.1,100.0,98.2,85.9,1
Q00001571,C00011519,A011,2025-02-27,96.9,94.3,97.7,100.0,1
Q00001572,C00057557,A053,2025-03-28,95.6,96.4,92.4,73.3,1
Q00001573,C00007267,A007,2025-03-20,78.1,70.3,83.8,71.2,0
Q00001574,C00003343,A004,2025-01-14,88.6,90.9,88.2,100.0,1
Q00001575,C00073008,A068,2025-02-12,88.8,95.7,86.7,72.9,1
Q00001576,C00002450,A003,2025-02-09,85.7,82.7,81.9,71.8,1
Q00001577,C00035827,A033,2025-03-25,87.0,82.8,85.6,86.6,1
Q00001578,C00023973,A023,2025-02-05,80.6,77.3,84.0,88.7,1
Q00001579,C00007614,A008,2025-01-16,86.8,86.6,86.3,79.8,1
Q00001580,C00005848,A006,2025-03-12,86.3,87.9,88.9,86.1,1
Q00001581,C00030924,A029,2025-02-14,91.7,100.0,90.0,86.5,1
Q00001582,C00058061,A054,2025-02-14,81.1,70.7,84.7,74.8,0
Q00001583,C00036226,A034,2025-01-23,89.6,85.3,91.7,80.1,1
Q00001584,C00014965,A015,2025-02-06,88.0,88.5,84.9,72.4,1
Q00001585,C00008465,A008,2025-03-09,93.8,92.5,96.9,92.1,1
Q00001586,C00027888,A026,2025-03-19,84.3,82.0,74.3,78.0,1
Q00001587,C00017589,A017,2025-03-18,92.5,99.8,88.8,83.9,1
Q00001588,C00074769,A070,2025-01-04,85.6,88.3,77.7,87.3,1
Q00001589,C00032461,A031,2025-01-11,77.4,68.2,82.6,70.5,0
Q00001590,C00070816,A066,2025-02-06,88.7,91.2,88.8,88.9,1
Q00001591,C00063133,A059,2025-02-21,87.3,89.9,94.5,89.7,1
Q00001592,C00001292,A002,2025-01-29,84.4,84.7,75.5,77.2,1
Q00001593,C00015551,A016,2025-01-06,82.4,78.2,92.7,81.1,1
Q00001594,C00006185,A007,2025-01-08,96.0,83.9,100.0,100.0,1
Q00001595,C00012154,A012,2025-01-25,84.8,86.5,97.2,98.7,1
Q00001596,C00008446,A008,2025-03-07,85.6,87.2,94.4,92.8,1
Q00001597,C00052248,A049,2025-01-27,89.8,86.1,92.9,95.8,1
Q00001598,C00069424,A064,2025-04-07,98.3,100.0,100.0,100.0,1
Q00001599,C00004364,A005,2025-01-27,74.9,75.4,78.3,78.2,0
Q00001600,C00081005,A074,2025-03-30,90.8,86.1,87.5,88.9,1
Q00001601,C00055131,A051,2025-02-20,75.9,68.1,78.7,77.3,0
Q00001602,C00013338,A013,2025-02-24,84.2,88.4,82.7,81.5,1
Q00001603,C00054686,A051,2025-01-09,98.2,95.3,100.0,100.0,1
Q00001604,C00003223,A003,2025-04-08,78.4,79.1,85.7,76.2,0
Q00001605,C00012485,A012,2025-02-25,88.8,86.9,100.0,90.5,1
Q00001606,C00011600,A011,2025-03-10,83.2,84.0,74.1,79.3,1
Q00001607,C00001967,A003,2025-01-04,68.6,74.5,65.4,58.3,0
Q00001608,C00036889,A034,2025-03-20,83.3,79.1,78.8,83.8,1
Q00001609,C00046497,A043,2025-02-05,80.8,82.9,80.7,64.6,1
Q00001610,C00042494,A039,2025-02-13,83.8,92.1,84.8,70.2,1
Q00001611,C00071582,A067,2025-01-09,84.4,91.6,88.5,81.3,1
Q00001612,C00065092,A061,2025-01-25,84.6,83.6,73.7,90.1,1
Q00001613,C00043797,A040,2025-02-22,84.7,85.3,82.6,86.3,1
Q00001614,C00057134,A053,2025-02-17,86.3,88.4,87.2,87.7,1
Q00001615,C00059633,A056,2025-01-13,87.8,88.6,80.7,70.8,1
Q00001616,C00014983,A015,2025-02-03,83.2,87.0,81.9,86.2,1
Q00001617,C00045117,A042,2025-01-08,81.4,88.1,79.8,85.6,1
Q00001618,C00016456,A016,2025-03-13,86.6,86.3,85.5,84.1,1
Q00001619,C00062578,A058,2025-03-29,87.4,88.3,95.0,77.7,1
Q00001620,C00072026,A067,2025-02-21,89.4,98.2,90.9,96.2,1
Q00001621,C00018897,A019,2025-01-18,91.8,88.5,87.3,96.2,1
Q00001622,C00054807,A051,2025-01-19,95.0,87.0,96.6,100.0,1
Q00001623,C00026107,A025,2025-02-09,89.6,97.5,97.3,84.6,1
Q00001624,C00016175,A016,2025-02-16,93.1,91.1,86.8,95.3,1
Q00001625,C00082222,A075,2025-03-27,95.7,94.3,100.0,85.5,1
Q00001626,C00043964,A040,2025-03-12,78.9,73.2,81.3,87.9,0
Q00001627,C00046120,A043,2025-01-09,93.3,84.6,90.0,91.1,1
Q00001628,C00078077,A072,2025-03-07,75.5,84.9,80.9,78.6,0
Q00001629,C00034139,A032,2025-01-29,69.3,71.1,60.3,70.1,0
Q00001630,C00008933,A009,2025-01-24,86.3,80.4,82.7,86.4,1
Q00001631,C00077625,A072,2025-02-02,93.3,95.2,96.5,90.2,1
Q00001632,C00051158,A048,2025-01-15,86.9,83.2,96.4,80.6,1
Q00001633,C00061615,A058,2025-01-23,90.4,85.7,95.8,98.0,1
Q00001634,C00007950,A008,2025-02-07,87.1,88.3,80.2,93.4,1
Q00001635,C00022172,A021,2025-04-03,92.9,92.1,86.7,94.3,1
Q00001636,C00067954,A063,2025-03-30,77.1,78.5,77.4,82.9,0
Q00001637,C00005271,A006,2025-01-11,85.8,87.0,87.2,75.7,1
Q00001638,C00050592,A047,2025-02-24,78.2,70.6,81.3,83.3,0
Q00001639,C00000380,A001,2025-02-12,93.2,95.9,87.1,94.1,1
Q00001640,C00030549,A028,2025-04-04,92.5,95.0,100.0,82.6,1
Q00001641,C00057562,A053,2025-04-01,84.2,82.1,91.1,87.1,1
Q00001642,C00048058,A044,2025-03-14,96.0,100.0,92.3,95.3,1
Q00001643,C00055577,A052,2025-01-08,94.0,97.3,92.7,100.0,1
Q00001644,C00032891,A031,2025-02-10,82.0,79.8,91.5,80.3,1
Q00001645,C00014349,A014,2025-03-14,80.9,71.2,78.3,80.0,0
Q00001646,C00026281,A025,2025-02-22,89.5,87.0,94.2,100.0,1
Q00001647,C00048342,A045,2025-01-13,89.3,83.0,88.3,90.2,1
Q00001648,C00052060,A049,2025-01-17,77.6,73.8,65.9,76.1,0
Q00001649,C00035793,A033,2025-03-17,88.8,94.5,98.2,73.8,1
Q00001650,C00024849,A023,2025-04-01,100.0,100.0,100.0,100.0,1
Q00001651,C00009031,A009,2025-01-27,93.8,95.6,97.1,95.7,1
Q00001652,C00003310,A004,2025-01-17,94.6,94.4,95.3,100.0,1
Q00001653,C00081498,A075,2025-02-01,84.5,93.5,86.8,92.3,1
Q00001654,C00035806,A033,2025-03-24,83.8,88.5,83.4,86.2,1
Q00001655,C00009159,A009,2025-02-14,78.9,79.4,75.5,86.8,0
Q00001656,C00017487,A017,2025-03-13,86.4,88.1,87.3,83.8,1
Q00001657,C00034183,A032,2025-02-01,84.1,78.1,96.6,89.7,1
Q00001658,C00056786,A053,2025-01-19,72.4,71.1,77.7,77.5,0
Q00001659,C00082271,A075,2025-04-03,79.1,86.0,74.6,79.0,0
Q00001660,C00038463,A036,2025-01-07,81.9,82.4,90.8,75.1,1
Q00001661,C00051800,A048,2025-03-25,80.0,82.8,93.6,83.4,1
Q00001662,C00020834,A021,2025-01-11,91.2,92.2,93.8,82.4,1
Q00001663,C00081448,A075,2025-01-30,100.0,100.0,100.0,100.0,1
Q00001664,C00077670,A072,2025-02-06,100.0,98.1,100.0,96.1,1
Q00001665,C00064698,A060,2025-03-20,94.4,95.8,97.5,91.4,1
Q00001666,C00007201,A007,2025-03-20,83.3,86.4,80.1,78.5,1
Q00001667,C00046406,A043,2025-01-24,92.4,90.3,96.2,98.8,1
Q00001668,C00009052,A009,2025-02-02,80.4,84.0,84.3,87.2,1
Q00001669,C00077547,A072,2025-01-25,89.2,95.0,91.4,97.3,1
Q00001670,C00029055,A027,2025-03-16,85.1,85.0,89.7,76.3,1
Q00001671,C00036513,A034,2025-02-22,100.0,100.0,96.4,100.0,1
Q00001672,C00004155,A004,2025-04-01,90.4,82.6,96.6,87.6,1
Q00001673,C00024729,A023,2025-03-29,81.7,89.7,89.7,82.1,1
Q00001674,C00049147,A045,2025-04-01,100.0,100.0,96.7,98.7,1
Q00001675,C00005555,A006,2025-02-07,87.9,93.2,96.6,98.0,1
Q00001676,C00000956,A001,2025-03-30,94.2,96.6,98.2,100.0,1
Q00001677,C00065982,A062,2025-01-19,70.8,72.8,63.0,69.3,0
Q00001678,C00066956,A063,2025-01-15,77.8,72.4,70.7,79.5,0
Q00001679,C00038615,A036,2025-01-25,86.6,78.3,75.8,87.6,1
Q00001680,C00030537,A028,2025-03-31,95.0,85.3,89.3,94.2,1
Q00001681,C00060724,A057,2025-01-25,91.5,89.6,100.0,97.0,1
Q00001682,C00017264,A017,2025-02-17,74.3,72.0,69.8,77.6,0
Q00001683,C00039864,A037,2025-01-24,92.1,98.0,97.2,83.8,1
Q00001684,C00081630,A075,2025-02-10,92.5,100.0,92.0,92.2,1
Q00001685,C00050049,A046,2025-03-27,85.9,90.8,74.3,83.9,1
Q00001686,C00041201,A038,2025-02-14,91.7,88.7,100.0,88.5,1
Q00001687,C00019142,A019,2025-02-06,93.9,93.1,92.5,91.5,1
Q00001688,C00025529,A024,2025-03-09,72.6,70.1,75.1,75.4,0
Q00001689,C00028480,A027,2025-01-30,79.3,78.2,78.0,88.7,0
Q00001690,C00077992,A072,2025-03-04,83.8,80.8,95.9,81.0,1
Q00001691,C00051009,A047,2025-03-26,73.1,73.0,73.3,55.3,0
Q00001692,C00027382,A026,2025-02-19,90.5,92.7,87.8,91.1,1
Q00001693,C00027751,A026,2025-03-13,74.2,70.4,73.7,73.7,0
Q00001694,C00081001,A074,2025-04-06,85.5,86.4,80.5,93.9,1
Q00001695,C00035533,A033,2025-02-17,77.7,77.5,87.5,86.4,0
Q00001696,C00056488,A052,2025-03-19,84.5,83.2,80.9,83.7,1
Q00001697,C00018989,A019,2025-01-21,71.1,67.0,81.2,65.0,0
Q00001698,C00019305,A019,2025-02-16,87.3,79.1,95.3,86.0,1
Q00001699,C00073006,A068,2025-02-12,82.1,85.5,75.6,91.9,1
Q00001700,C00049664,A046,2025-02-28,90.8,84.0,88.0,93.5,1
Q00001701,C00034194,A032,2025-02-09,87.0,86.9,86.5,89.0,1
Q00001702,C00081574,A075,2025-02-09,87.1,83.8,81.0,93.0,1
Q00001703,C00037608,A035,2025-02-12,84.7,80.3,85.8,85.2,1
Q00001704,C00000653,A001,2025-03-07,85.9,84.4,92.0,90.3,1
Q00001705,C00078739,A073,2025-01-19,86.5,90.0,88.0,91.2,1
Q00001706,C00056125,A052,2025-02-21,88.9,90.7,100.0,83.6,1
Q00001707,C00037606,A035,2025-02-12,72.3,78.2,68.7,70.2,0
Q00001708,C00039540,A036,2025-03-29,86.5,87.8,94.8,82.8,1
Q00001709,C00038532,A036,2025-01-11,72.1,68.1,66.6,66.2,0
Q00001710,C00063110,A059,2025-02-17,94.4,85.4,100.0,91.7,1
Q00001711,C00049741,A046,2025-03-02,99.8,96.8,97.6,92.5,1
Q00001712,C00023806,A023,2025-01-26,87.7,90.3,79.6,95.4,1
Q00001713,C00045989,A042,2025-03-30,99.7,100.0,100.0,94.4,1
Q00001714,C00026530,A025,2025-03-14,83.2,86.6,82.4,89.1,1
Q00001715,C00020035,A020,2025-01-28,98.6,100.0,100.0,91.6,1
Q00001716,C00002055,A003,2025-01-08,82.6,85.1,83.0,75.8,1
Q00001717,C00066185,A062,2025-02-08,90.7,90.8,96.6,89.8,1
Q00001718,C00080056,A074,2025-01-29,93.1,94.7,81.0,92.1,1
Q00001719,C00007364,A007,2025-03-30,83.6,83.6,87.1,74.2,1
Q00001720,C00012066,A012,2025-01-13,92.6,89.4,83.7,100.0,1
Q00001721,C00060726,A057,2025-01-22,91.8,95.9,87.3,81.5,1
Q00001722,C00076577,A071,2025-02-13,85.6,85.9,79.3,76.5,1
Q00001723,C00043429,A040,2025-01-22,82.4,82.0,87.2,70.4,1
Q00001724,C00078310,A072,2025-03-27,88.5,92.1,90.0,77.3,1
Q00001725,C00051678,A048,2025-03-07,93.8,83.3,97.5,100.0,1
Q00001726,C00013239,A013,2025-02-15,86.9,91.5,92.6,96.3,1
Q00001727,C00049137,A045,2025-04-01,89.1,92.9,92.7,98.9,1
Q00001728,C00057401,A053,2025-03-19,100.0,100.0,93.2,93.6,1
Q00001729,C00005071,A005,2025-03-29,88.5,81.8,83.9,85.5,1
Q00001730,C00027689,A026,2025-03-07,93.7,94.5,95.1,100.0,1
Q00001731,C00064623,A060,2025-03-11,89.3,80.7,84.1,79.7,1
Q00001732,C00033274,A031,2025-02-28,97.3,99.9,100.0,100.0,1
Q00001733,C00043995,A040,2025-03-12,85.6,89.2,88.1,83.1,1
Q00001734,C00061578,A058,2025-01-14,76.0,85.8,74.2,59.5,0
Q00001735,C00010760,A010,2025-03-20,88.9,84.9,94.3,88.2,1
Q00001736,C00055129,A051,2025-02-20,85.2,88.3,86.8,88.2,1
Q00001737,C00065807,A061,2025-03-28,85.8,89.3,85.9,86.3,1
Q00001738,C00028149,A027,2025-01-08,90.3,93.0,89.0,96.0,1
Q00001739,C00040035,A037,2025-02-12,97.3,100.0,85.8,100.0,1
Q00001740,C00007896,A008,2025-02-05,77.9,74.0,76.0,75.1,0
Q00001741,C00035301,A033,2025-02-01,81.4,80.1,85.1,77.7,1
Q00001742,C00017150,A017,2025-02-10,68.5,66.4,59.4,53.1,0
Q00001743,C00069944,A065,2025-02-23,82.1,86.7,79.6,86.4,1
Q00001744,C00023375,A022,2025-03-20,92.6,90.1,89.6,100.0,1
Q00001745,C00031410,A029,2025-03-24,83.9,83.2,93.3,90.0,1
Q00001746,C00052593,A049,2025-02-23,90.1,88.6,97.5,91.7,1
Q00001747,C00019839,A020,2025-01-07,89.2,85.9,94.4,87.6,1
Q00001748,C00045765,A042,2025-03-07,82.6,86.6,77.9,68.9,1
Q00001749,C00004736,A005,2025-02-23,78.7,78.7,70.2,65.1,0
Q00001750,C00072273,A067,2025-03-18,90.4,73.7,100.0,93.2,0
Q00001751,C00017765,A018,2025-01-03,84.7,91.9,79.0,90.6,1
Q00001752,C00034922,A032,2025-03-21,90.6,100.0,92.9,93.6,1
Q00001753,C00077530,A072,2025-01-27,90.7,99.4,99.5,87.6,1
Q00001754,C00033947,A032,2025-01-15,89.7,94.7,84.7,100.0,1
Q00001755,C00007163,A007,2025-03-16,82.6,78.3,88.7,82.2,1
Q00001756,C00008616,A008,2025-03-20,89.4,84.2,93.7,84.0,1
Q00001757,C00074904,A070,2025-01-20,93.3,91.6,95.6,100.0,1
Q00001758,C00069549,A065,2025-01-19,82.7,87.2,83.2,85.3,1
Q00001759,C00003271,A004,2025-01-06,98.2,100.0,92.3,95.1,1
Q00001760,C00024606,A023,2025-03-14,89.6,95.9,91.4,95.1,1
Q00001761,C00023152,A022,2025-03-08,100.0,100.0,97.8,100.0,1
Q00001762,C00028212,A027,2025-01-12,92.8,96.0,91.4,88.8,1
Q00001763,C00025249,A024,2025-02-08,94.6,100.0,95.8,92.4,1
Q00001764,C00064318,A060,2025-02-21,90.3,95.6,91.4,88.8,1
Q00001765,C00012504,A012,2025-02-23,83.1,83.5,91.8,89.9,1
Q00001766,C00014305,A014,2025-03-09,90.7,86.2,81.8,88.8,1
Q00001767,C00057964,A054,2025-02-11,82.5,80.2,85.9,75.5,1
Q00001768,C00004493,A005,2025-01-30,91.6,92.9,87.9,76.6,1
Q00001769,C00074679,A069,2025-03-28,78.5,78.8,79.4,80.0,0
Q00001770,C00060780,A057,2025-01-31,85.5,85.0,94.8,92.4,1
Q00001771,C00026494,A025,2025-03-12,91.5,88.7,99.9,91.0,1
Q00001772,C00001639,A002,2025-03-02,92.5,85.7,89.7,92.2,1
Q00001773,C00059092,A055,2025-02-20,94.2,93.7,86.8,89.9,1
Q00001774,C00074506,A069,2025-03-16,95.6,86.0,94.2,84.9,1
Q00001775,C00042665,A039,2025-02-24,75.2,81.7,62.9,77.7,0
Q00001776,C00072406,A067,2025-03-27,89.3,88.6,85.4,97.4,1
Q00001777,C00004671,A005,2025-02-22,84.5,91.7,83.1,85.0,1
Q00001778,C00018513,A018,2025-03-09,83.4,91.0,88.9,83.9,1
Q00001779,C00082096,A075,2025-03-16,91.6,96.0,95.3,92.5,1
Q00001780,C00070712,A066,2025-01-30,84.9,87.7,77.8,91.1,1
Q00001781,C00015674,A016,2025-01-15,93.8,96.6,100.0,92.4,1
Q00001782,C00013392,A013,2025-02-26,78.3,74.1,78.5,62.1,0
Q00001783,C00007432,A007,2025-03-31,94.8,92.8,91.3,82.4,1
Q00001784,C00040393,A037,2025-03-22,86.0,86.4,82.9,96.8,1
Q00001785,C00058865,A055,2025-02-05,78.4,73.6,83.6,71.2,0
Q00001786,C00013702,A013,2025-03-23,88.1,88.5,81.2,90.8,1
Q00001787,C00011583,A011,2025-03-09,81.8,76.5,84.1,85.9,1
Q00001788,C00044075,A040,2025-03-27,92.1,88.3,96.7,90.5,1
Q00001789,C00082258,A075,2025-03-27,86.2,86.7,86.7,90.2,1
Q00001790,C00027663,A026,2025-03-05,83.1,81.0,87.1,74.3,1
Q00001791,C00026809,A026,2025-01-11,86.4,85.8,87.5,81.4,1
Q00001792,C00041819,A038,2025-03-20,94.7,88.8,87.0,92.7,1
Q00001793,C00024063,A023,2025-02-05,100.0,98.7,100.0,100.0,1
Q00001794,C00023414,A022,2025-03-23,84.7,89.6,80.4,86.7,1
Q00001795,C00035296,A033,2025-01-28,83.9,78.6,76.0,82.4,1
Q00001796,C00067566,A063,2025-02-23,83.2,79.9,76.6,68.7,1
Q00001797,C00016399,A016,2025-03-06,85.6,79.6,85.6,90.3,1
Q00001798,C00069547,A065,2025-01-11,81.5,77.5,85.7,85.4,1
Q00001799,C00079982,A074,2025-01-24,81.8,80.9,76.7,81.7,1
Q00001800,C00047217,A043,2025-03-22,92.3,98.2,94.3,99.0,1
Q00001801,C00025846,A025,2025-01-14,87.9,86.7,89.1,83.6,1
Q00001802,C00056534,A052,2025-03-25,90.8,92.7,83.0,95.6,1
Q00001803,C00070138,A065,2025-03-12,90.0,87.4,85.9,89.4,1
Q00001804,C00055766,A052,2025-01-25,92.7,100.0,93.5,97.7,1
Q00001805,C00071460,A066,2025-03-25,82.1,75.4,91.6,81.7,1
Q00001806,C00029954,A028,2025-02-17,88.1,90.9,76.5,85.0,1
Q00001807,C00046929,A043,2025-03-03,97.5,96.2,96.9,100.0,1
Q00001808,C00050488,A047,2025-02-11,87.3,86.5,86.9,91.8,1
Q00001809,C00040162,A037,2025-02-24,92.2,96.3,95.2,100.0,1
Q00001810,C00056300,A052,2025-03-01,94.5,96.4,100.0,97.0,1
Q00001811,C00060285,A056,2025-03-14,82.8,84.4,80.6,87.0,1
Q00001812,C00010611,A010,2025-03-13,92.7,89.9,92.3,95.8,1
Q00001813,C00043982,A040,2025-03-18,87.8,86.2,82.7,98.0,1
Q00001814,C00041083,A038,2025-02-08,73.5,77.1,74.0,64.9,0
Q00001815,C00047622,A044,2025-02-11,93.9,97.7,94.1,82.7,1
Q00001816,C00014698,A015,2025-01-08,92.0,82.5,91.0,92.0,1
Q00001817,C00028741,A027,2025-02-21,87.0,85.9,82.0,78.8,1
Q00001818,C00052672,A049,2025-02-28,87.5,80.9,91.2,93.9,1
Q00001819,C00023723,A023,2025-01-22,88.9,93.7,95.1,87.8,1
Q00001820,C00017517,A017,2025-03-08,90.6,91.6,92.3,90.0,1
Q00001821,C00058030,A054,2025-02-11,74.3,78.5,76.9,74.7,0
Q00001822,C00075159,A070,2025-02-09,88.4,88.3,87.5,91.9,1
Q00001823,C00073840,A069,2025-01-13,97.6,98.9,100.0,98.8,1
Q00001824,C00073145,A068,2025-02-15,88.5,90.0,80.9,87.4,1
Q00001825,C00000958,A001,2025-04-01,76.5,72.9,80.3,90.3,0
Q00001826,C00072562,A068,2025-01-14,82.3,82.2,86.0,82.3,1
Q00001827,C00079591,A073,2025-03-30,81.2,85.2,80.6,87.4,1
Q00001828,C00074145,A069,2025-02-10,87.8,91.0,92.4,94.9,1
Q00001829,C00067487,A063,2025-02-21,91.1,90.6,89.0,79.8,1
Q00001830,C00020714,A020,2025-03-29,84.1,79.9,81.4,80.4,1
Q00001831,C00030632,A029,2025-01-09,92.7,86.6,99.4,100.0,1
Q00001832,C00050222,A047,2025-01-14,80.7,89.8,84.1,85.4,1
Q00001833,C00019910,A020,2025-01-22,80.8,82.6,87.4,70.8,1
Q00001834,C00072311,A067,2025-03-24,80.5,74.3,79.7,81.9,0
Q00001835,C00060268,A056,2025-03-08,82.2,72.9,85.3,95.2,0
Q00001836,C00080134,A074,2025-02-03,86.2,75.2,83.6,89.4,1
Q00001837,C00015102,A015,2025-02-14,88.8,90.6,86.1,77.3,1
Q00001838,C00061501,A058,2025-01-13,64.0,63.2,65.0,68.5,0
Q00001839,C00012065,A012,2025-01-11,91.0,98.3,93.6,93.4,1
Q00001840,C00033011,A031,2025-02-19,86.9,88.4,91.9,82.1,1
Q00001841,C00038005,A035,2025-03-16,83.7,89.8,67.9,84.9,1
Q00001842,C00052770,A049,2025-02-28,97.5,87.5,95.9,87.3,1
Q00001843,C00036301,A034,2025-02-03,85.4,85.7,78.4,87.7,1
Q00001844,C00080243,A074,2025-02-15,87.3,90.1,94.3,90.5,1
Q00001845,C00043922,A040,2025-03-08,90.9,100.0,100.0,90.7,1
Q00001846,C00001520,A002,2025-02-25,89.0,89.0,92.2,89.5,1
Q00001847,C00037832,A035,2025-03-03,91.2,94.8,86.9,79.7,1
Q00001848,C00078722,A073,2025-01-22,85.3,79.0,81.9,82.8,1
Q00001849,C00080953,A074,2025-03-31,92.6,93.7,91.7,96.0,1
Q00001850,C00061316,A057,2025-03-26,92.9,88.7,100.0,82.9,1
Q00001851,C00062528,A058,2025-03-26,71.5,76.6,69.5,73.1,0
Q00001852,C00063121,A059,2025-02-21,92.9,96.2,88.5,96.7,1
Q00001853,C00015604,A016,2025-01-11,88.9,100.0,91.4,89.9,1
Q00001854,C00035837,A033,2025-03-21,84.9,86.2,92.0,71.8,1
Q00001855,C00031610,A030,2025-01-15,91.6,88.3,83.4,90.6,1
Q00001856,C00058564,A055,2025-01-13,80.5,88.9,90.8,81.9,1
Q00001857,C00061788,A058,2025-01-31,93.2,96.8,95.1,85.8,1
Q00001858,C00015277,A015,2025-03-10,74.3,70.8,77.6,75.2,0
Q00001859,C00039208,A036,2025-03-04,89.5,90.8,92.7,96.0,1
Q00001860,C00058365,A054,2025-03-18,86.8,85.5,80.6,79.8,1
Q00001861,C00003404,A004,2025-01-19,93.1,93.3,98.2,95.7,1
Q00001862,C00064993,A061,2025-01-15,81.4,80.4,69.7,84.0,1
Q00001863,C00065540,A061,2025-03-14,82.0,75.5,79.9,95.5,1
Q00001864,C00004125,A004,2025-04-02,93.6,97.9,91.0,100.0,1
Q00001865,C00011745,A011,2025-03-15,81.5,86.5,89.0,82.4,1
Q00001866,C00036845,A034,2025-03-17,92.2,94.1,97.8,97.8,1
Q00001867,C00037502,A035,2025-02-01,87.9,91.9,84.5,81.0,1
Q00001868,C00077975,A072,2025-03-01,83.2,83.2,82.6,80.4,1
Q00001869,C00013470,A013,2025-03-07,100.0,100.0,100.0,93.9,1
Q00001870,C00029806,A028,2025-01-29,86.9,84.0,86.3,79.0,1
Q00001871,C00017050,A017,2025-01-25,92.4,92.2,97.4,98.5,1
Q00001872,C00046878,A043,2025-03-05,86.2,85.0,99.3,85.8,1
Q00001873,C00033808,A032,2025-01-09,78.2,68.7,78.8,82.3,0
Q00001874,C00033741,A031,2025-04-06,89.6,94.4,97.8,99.5,1
Q00001875,C00048178,A044,2025-04-02,77.3,78.1,70.7,76.8,0
Q00001876,C00030396,A028,2025-03-21,79.8,84.9,88.0,68.1,0
Q00001877,C00028090,A027,2025-01-06,89.1,87.4,89.3,97.5,1
Q00001878,C00065767,A061,2025-03-26,78.9,74.8,74.5,77.8,0
Q00001879,C00045612,A042,2025-02-19,80.8,83.9,97.2,90.4,1
Q00001880,C00062013,A058,2025-02-21,82.8,79.5,85.8,97.6,1
Q00001881,C00014446,A014,2025-03-17,87.6,87.3,88.2,91.0,1
Q00001882,C00041423,A038,2025-02-25,94.6,90.3,95.4,96.4,1
Q00001883,C00068958,A064,2025-03-01,89.6,92.0,86.1,87.9,1
Q00001884,C00067086,A063,2025-01-30,90.8,96.3,87.4,79.0,1
Q00001885,C00051809,A048,2025-03-27,93.8,92.2,91.8,97.1,1
Q00001886,C00003133,A003,2025-04-01,100.0,100.0,100.0,100.0,1
Q00001887,C00054316,A050,2025-03-21,94.0,89.5,95.8,100.0,1
Q00001888,C00041809,A038,2025-03-22,83.9,93.1,78.2,68.7,1
Q00001889,C00074470,A069,2025-03-10,91.4,88.7,87.3,89.9,1
Q00001890,C00037991,A035,2025-03-12,79.1,80.8,74.8,88.4,0
Q00001891,C00066778,A062,2025-04-05,84.2,90.6,82.6,79.0,1
Q00001892,C00058288,A054,2025-03-04,84.5,87.6,81.5,81.8,1
Q00001893,C00035433,A033,2025-02-12,82.5,87.8,94.5,72.9,1
Q00001894,C00074894,A070,2025-01-15,85.3,91.4,89.4,87.9,1
Q00001895,C00008342,A008,2025-02-28,76.3,75.1,75.8,78.2,0
Q00001896,C00075643,A070,2025-03-14,90.0,97.6,77.1,85.8,1
Q00001897,C00014832,A015,2025-01-25,100.0,100.0,100.0,100.0,1
Q00001898,C00075971,A070,2025-04-07,74.2,77.2,70.1,62.6,0
Q00001899,C00019837,A020,2025-01-10,96.8,99.1,96.7,90.9,1
Q00001900,C00076089,A071,2025-01-16,86.3,87.7,83.6,90.3,1
Q00001901,C00003394,A004,2025-01-23,85.3,84.3,83.8,87.2,1
Q00001902,C00074190,A069,2025-02-12,73.9,70.8,70.0,73.2,0
Q00001903,C00021218,A021,2025-02-03,88.8,88.2,91.0,100.0,1
Q00001904,C00046610,A043,2025-02-10,78.5,68.0,86.2,66.8,0
Q00001905,C00038423,A036,2025-01-09,84.4,89.1,84.9,90.2,1
Q00001906,C00012185,A012,2025-01-27,88.4,84.9,96.8,81.7,1
Q00001907,C00082103,A075,2025-03-21,81.6,85.2,84.8,82.2,1
Q00001908,C00009946,A010,2025-01-29,85.8,90.3,90.5,87.7,1
Q00001909,C00041596,A038,2025-03-10,89.9,96.7,84.7,100.0,1
Q00001910,C00029024,A027,2025-03-07,88.9,91.4,83.2,91.9,1
Q00001911,C00047109,A043,2025-03-19,87.3,89.5,86.6,97.7,1
Q00001912,C00028642,A027,2025-02-15,78.5,82.3,86.7,75.3,0
Q00001913,C00027052,A026,2025-01-25,72.9,78.4,72.3,86.5,0
Q00001914,C00007109,A007,2025-03-11,86.7,80.8,91.4,90.1,1
Q00001915,C00060014,A056,2025-02-15,75.8,86.5,78.9,77.9,0
Q00001916,C00068056,A063,2025-04-02,91.3,94.5,100.0,98.3,1
Q00001917,C00068999,A064,2025-03-05,82.1,80.2,88.3,77.5,1
Q00001918,C00070551,A066,2025-01-19,81.6,84.9,76.7,91.8,1
Q00001919,C00009846,A010,2025-01-18,64.3,61.9,63.2,61.7,0
Q00001920,C00047581,A044,2025-02-03,97.0,100.0,100.0,100.0,1
Q00001921,C00031739,A030,2025-01-25,83.3,84.8,85.4,88.0,1
Q00001922,C00029248,A027,2025-03-29,74.0,75.5,68.8,75.8,0
Q00001923,C00059133,A055,2025-02-27,97.1,97.3,100.0,97.6,1
Q00001924,C00079336,A073,2025-03-12,89.3,86.2,84.6,86.0,1
Q00001925,C00031012,A029,2025-02-21,82.3,79.9,79.6,77.0,1
Q00001926,C00016447,A016,2025-03-07,86.1,91.8,83.7,83.8,1
Q00001927,C00023169,A022,2025-03-14,82.6,87.3,86.6,68.8,1
Q00001928,C00031399,A029,2025-03-26,85.5,82.1,80.8,69.5,1
Q00001929,C00064401,A060,2025-02-25,76.0,72.4,72.8,81.9,0
Q00001930,C00012001,A012,2025-01-14,90.5,82.0,90.9,91.9,1
Q00001931,C00067559,A063,2025-02-27,79.1,75.2,79.1,76.1,0
Q00001932,C00010849,A010,2025-03-27,82.8,84.0,87.2,78.4,1
Q00001933,C00036933,A034,2025-03-16,87.5,89.9,89.9,73.9,1
Q00001934,C00057757,A054,2025-01-25,79.3,74.1,81.5,88.4,0
Q00001935,C00071067,A066,2025-03-01,90.0,81.6,86.6,93.2,1
Q00001936,C00028418,A027,2025-01-29,81.9,82.1,73.9,85.9,1
Q00001937,C00063106,A059,2025-02-16,83.5,77.6,69.5,87.5,1
Q00001938,C00028250,A027,2025-01-14,80.0,78.2,78.7,85.9,0
Q00001939,C00065453,A061,2025-02-27,81.1,82.6,77.1,84.5,1
Q00001940,C00060313,A056,2025-03-16,73.5,64.7,72.2,66.9,0
Q00001941,C00033395,A031,2025-03-07,88.2,85.6,92.8,100.0,1
Q00001942,C00005905,A006,2025-03-12,79.4,78.6,75.9,93.7,0
Q00001943,C00027895,A026,2025-03-22,93.5,86.6,90.7,87.6,1
Q00001944,C00050933,A047,2025-03-26,100.0,100.0,97.0,99.8,1
Q00001945,C00046980,A043,2025-03-09,76.5,71.1,71.8,78.7,0
Q00001946,C00013974,A014,2025-01-28,97.0,100.0,100.0,99.7,1
Q00001947,C00036168,A034,2025-01-21,82.6,70.2,84.7,88.3,0
Q00001948,C00082285,A075,2025-03-30,96.9,100.0,100.0,85.5,1
Q00001949,C00064604,A060,2025-03-11,78.1,78.7,77.9,74.0,0
Q00001950,C00042510,A039,2025-02-17,77.8,82.5,70.3,76.1,0
Q00001951,C00034356,A032,2025-02-19,85.4,89.4,85.2,76.5,1
Q00001952,C00020292,A020,2025-02-20,81.6,88.2,77.3,78.8,1
Q00001953,C00055739,A052,2025-01-24,91.6,84.2,87.0,86.5,1
Q00001954,C00045932,A042,2025-03-26,80.7,87.9,74.5,98.8,1
Q00001955,C00028564,A027,2025-02-08,88.7,88.4,89.5,87.3,1
Q00001956,C00060968,A057,2025-02-18,91.6,93.6,89.8,100.0,1
Q00001957,C00080746,A074,2025-03-16,72.5,74.0,83.3,71.1,0
Q00001958,C00073755,A068,2025-04-03,74.1,82.5,63.8,63.9,0
Q00001959,C00028922,A027,2025-02-27,79.3,74.2,74.9,66.1,0
Q00001960,C00014669,A015,2025-01-05,98.0,95.7,98.8,99.5,1
Q00001961,C00035488,A033,2025-02-12,91.6,100.0,92.1,93.2,1
Q00001962,C00050845,A047,2025-03-17,74.2,80.7,72.4,74.9,0
Q00001963,C00050795,A047,2025-03-13,86.2,76.6,84.0,72.1,1
Q00001964,C00016132,A016,2025-02-21,90.7,95.7,80.5,86.1,1
Q00001965,C00031799,A030,2025-01-31,86.5,89.8,92.7,98.0,1
Q00001966,C00033024,A031,2025-02-13,86.1,82.2,85.0,94.2,1
Q00001967,C00046562,A043,2025-02-06,87.4,83.7,90.6,82.1,1
Q00001968,C00004574,A005,2025-02-13,95.6,99.1,92.0,99.1,1
Q00001969,C00033803,A032,2025-01-06,85.1,86.8,88.6,99.0,1
Q00001970,C00036864,A034,2025-03-20,81.4,82.9,87.8,60.4,1
Q00001971,C00015991,A016,2025-02-12,81.7,75.0,89.4,67.2,1
Q00001972,C00032491,A031,2025-01-15,86.5,87.6,85.0,83.1,1
Q00001973,C00057310,A053,2025-03-12,90.4,99.5,89.0,84.7,1
Q00001974,C00050025,A046,2025-03-26,92.1,91.8,94.9,86.2,1
Q00001975,C00067882,A063,2025-03-24,91.6,85.6,87.2,93.5,1
Q00001976,C00022566,A022,2025-01-27,81.8,78.3,77.8,68.9,1
Q00001977,C00029239,A027,2025-03-26,85.1,79.0,86.3,80.4,1
Q00001978,C00016659,A016,2025-03-24,90.0,89.9,82.6,88.7,1
Q00001979,C00031107,A029,2025-03-01,87.1,86.1,94.8,82.8,1
Q00001980,C00037481,A035,2025-01-31,85.9,86.7,85.1,78.6,1
Q00001981,C00016276,A016,2025-02-26,86.7,81.8,87.1,86.9,1
Q00001982,C00039473,A036,2025-03-27,79.1,80.7,94.9,85.6,0
Q00001983,C00020777,A020,2025-04-03,85.8,79.7,92.2,86.6,1
Q00001984,C00033295,A031,2025-03-07,85.3,84.4,93.3,90.0,1
Q00001985,C00065802,A061,2025-04-04,93.5,91.2,100.0,97.3,1
Q00001986,C00031524,A030,2025-01-08,86.4,84.0,80.0,86.6,1
Q00001987,C00064710,A060,2025-03-18,89.4,89.2,89.5,83.8,1
Q00001988,C00041711,A038,2025-03-17,80.4,80.9,74.9,85.0,1
Q00001989,C00058522,A054,2025-04-07,87.2,85.4,84.3,76.1,1
Q00001990,C00052856,A049,2025-03-05,79.7,82.2,71.4,74.7,0
Q00001991,C00034910,A032,2025-03-27,84.6,89.8,92.9,67.2,1
Q00001992,C00013169,A013,2025-02-01,85.5,73.4,77.3,87.2,0
Q00001993,C00034968,A032,2025-03-26,81.8,73.8,76.7,83.7,0
Q00001994,C00070654,A066,2025-02-01,83.7,77.2,80.7,89.0,1
Q00001995,C00024786,A023,2025-03-30,86.2,80.6,82.9,94.3,1
Q00001996,C00016165,A016,2025-02-14,88.0,97.7,75.3,85.7,1
Q00001997,C00038777,A036,2025-02-01,84.8,79.0,74.5,84.6,1
Q00001998,C00050041,A046,2025-04-03,82.5,85.0,76.7,93.1,1
Q00001999,C00011402,A011,2025-02-15,85.2,87.9,79.5,79.2,1
Q00002000,C00005396,A006,2025-01-25,82.3,84.6,73.6,89.0,1
Q00002001,C00016425,A016,2025-03-12,93.5,92.9,98.6,95.3,1
Q00002002,C00043219,A039,2025-03-29,81.1,75.6,69.0,96.6,1
Q00002003,C00077972,A072,2025-02-25,85.9,81.4,79.6,81.4,1
Q00002004,C00035440,A033,2025-02-11,84.6,82.7,98.8,77.0,1
Q00002005,C00071189,A066,2025-03-09,86.9,93.6,89.6,95.2,1
Q00002006,C00074293,A069,2025-02-15,100.0,100.0,97.4,100.0,1
Q00002007,C00022275,A022,2025-01-07,86.4,89.2,96.1,83.2,1
Q00002008,C00003549,A004,2025-02-03,85.3,91.1,80.9,88.7,1
Q00002009,C00020165,A020,2025-02-01,96.6,98.3,97.3,93.0,1
Q00002010,C00022783,A022,2025-02-13,81.4,77.6,76.3,72.3,1
Q00002011,C00044352,A041,2025-01-24,81.6,87.7,73.9,77.5,1
Q00002012,C00039447,A036,2025-03-19,85.6,77.2,89.1,80.4,1
Q00002013,C00048554,A045,2025-02-10,79.2,82.7,76.9,83.4,0
Q00002014,C00041010,A038,2025-02-01,84.6,78.2,81.4,75.0,1
Q00002015,C00016112,A016,2025-02-18,85.8,85.3,92.3,89.9,1
Q00002016,C00040595,A038,2025-01-09,87.9,97.2,99.7,85.8,1
Q00002017,C00064025,A060,2025-01-30,74.2,73.1,71.0,78.5,0
Q00002018,C00035655,A033,2025-03-09,81.2,83.3,87.6,77.7,1
Q00002019,C00051810,A048,2025-03-22,95.2,93.7,89.4,87.6,1
Q00002020,C00064712,A060,2025-03-15,84.4,83.5,72.2,90.2,1
Q00002021,C00000314,A001,2025-02-04,97.7,91.8,96.4,91.8,1
Q00002022,C00068269,A064,2025-01-20,92.1,90.7,97.1,85.5,1
Q00002023,C00010672,A010,2025-03-14,83.2,92.8,89.6,76.8,1
Q00002024,C00020976,A021,2025-01-15,95.0,92.1,87.6,90.1,1
Q00002025,C00041878,A038,2025-03-30,81.4,70.7,78.3,81.7,0
Q00002026,C00039360,A036,2025-03-16,72.8,69.1,67.1,64.7,0
Q00002027,C00055355,A051,2025-03-17,79.5,76.5,76.4,69.6,0
Q00002028,C00060516,A057,2025-01-07,87.7,87.9,88.6,80.9,1
Q00002029,C00010539,A010,2025-03-09,80.1,76.3,80.4,70.7,1
Q00002030,C00032492,A031,2025-01-16,94.6,94.1,96.0,100.0,1
Q00002031,C00038294,A035,2025-04-02,84.8,76.1,91.0,81.5,1
Q00002032,C00075568,A070,2025-03-03,82.0,82.4,69.2,91.9,1
Q00002033,C00038811,A036,2025-02-05,85.3,88.8,79.1,87.8,1
Q00002034,C00080087,A074,2025-02-05,88.9,92.0,92.7,75.0,1
Q00002035,C00067900,A063,2025-03-21,95.6,94.9,96.7,91.7,1
Q00002036,C00038142,A035,2025-03-18,90.1,87.5,97.0,94.1,1
Q00002037,C00043137,A039,2025-03-22,82.2,77.3,85.8,77.4,1
Q00002038,C00010767,A010,2025-03-18,89.8,89.7,79.1,82.8,1
Q00002039,C00026690,A025,2025-03-27,91.4,84.2,90.8,100.0,1
Q00002040,C00026159,A025,2025-02-07,93.1,87.7,93.1,96.5,1
Q00002041,C00029708,A028,2025-01-26,93.6,91.2,87.8,86.8,1
Q00002042,C00053729,A050,2025-02-08,94.2,100.0,99.5,85.4,1
Q00002043,C00030913,A029,2025-02-09,97.5,100.0,100.0,99.1,1
Q00002044,C00080833,A074,2025-03-22,92.4,94.1,86.5,92.6,1
Q00002045,C00056929,A053,2025-02-04,75.5,83.9,72.0,71.7,0
Q00002046,C00037410,A035,2025-01-31,96.2,100.0,95.9,87.2,1
Q00002047,C00076099,A071,2025-01-08,77.8,82.7,91.4,89.1,0
Q00002048,C00020211,A020,2025-02-10,81.7,77.1,85.0,88.5,1
Q00002049,C00023144,A022,2025-03-12,70.8,67.6,64.6,67.0,0
Q00002050,C00002997,A003,2025-03-20,82.5,80.1,88.3,80.9,1
Q00002051,C00026117,A025,2025-02-13,79.6,80.0,81.8,80.4,0
Q00002052,C00043420,A040,2025-01-22,81.5,73.9,88.7,80.3,0
Q00002053,C00063508,A059,2025-03-25,73.1,77.3,77.9,78.5,0
Q00002054,C00041826,A038,2025-03-21,89.7,87.7,87.3,84.9,1
Q00002055,C00043807,A040,2025-02-24,82.9,93.0,83.8,83.8,1
Q00002056,C00063464,A059,2025-03-21,80.6,78.9,75.1,74.1,1
Q00002057,C00008894,A009,2025-01-18,95.8,100.0,96.7,93.0,1
Q00002058,C00059447,A055,2025-03-24,89.3,86.0,90.4,96.7,1
Q00002059,C00008865,A009,2025-01-14,72.7,78.7,78.0,67.3,0
Q00002060,C00031764,A030,2025-01-30,82.2,80.9,90.8,82.8,1
Q00002061,C00014042,A014,2025-02-07,90.8,80.2,87.5,91.7,1
Q00002062,C00046522,A043,2025-02-06,71.1,64.5,69.8,63.1,0
Q00002063,C00030386,A028,2025-03-19,82.7,77.9,88.3,87.4,1
Q00002064,C00038619,A036,2025-01-24,92.5,95.0,90.0,94.5,1
Q00002065,C00050432,A047,2025-02-01,92.3,95.1,93.5,82.7,1
Q00002066,C00045628,A042,2025-02-24,91.8,88.6,85.8,93.0,1
Q00002067,C00065894,A062,2025-01-14,88.9,90.4,89.7,86.3,1
Q00002068,C00035686,A033,2025-03-10,94.7,93.7,99.1,88.9,1
Q00002069,C00008967,A009,2025-01-27,80.9,87.5,83.4,76.5,1
Q00002070,C00035156,A033,2025-01-11,92.6,92.5,89.1,92.9,1
Q00002071,C00022325,A022,2025-01-11,81.4,86.8,77.4,76.4,1
Q00002072,C00075063,A070,2025-02-01,79.3,84.5,84.5,85.9,0
Q00002073,C00070719,A066,2025-02-02,90.6,93.9,91.9,93.2,1
Q00002074,C00051039,A047,2025-04-03,94.7,93.4,93.6,85.1,1
Q00002075,C00059296,A055,2025-03-13,83.8,85.3,89.6,75.2,1
Q00002076,C00040312,A037,2025-03-10,86.9,90.3,83.1,98.1,1
Q00002077,C00079539,A073,2025-03-28,91.6,91.7,87.9,82.5,1
Q00002078,C00053111,A049,2025-03-24,88.2,89.0,90.7,78.1,1
Q00002079,C00046462,A043,2025-02-01,83.5,85.7,84.5,85.5,1
Q00002080,C00057363,A053,2025-03-17,85.2,90.3,92.2,88.6,1
Q00002081,C00018153,A018,2025-02-06,93.1,100.0,98.9,83.9,1
Q00002082,C00056703,A053,2025-01-08,86.5,86.0,95.3,87.2,1
Q00002083,C00063742,A060,2025-01-16,90.2,88.8,92.5,85.0,1
Q00002084,C00027311,A026,2025-02-04,78.7,81.4,85.9,97.9,0
Q00002085,C00081529,A075,2025-02-01,100.0,100.0,100.0,100.0,1
Q00002086,C00043097,A039,2025-03-24,87.2,83.6,85.7,87.3,1
Q00002087,C00021070,A021,2025-01-25,83.8,85.9,90.1,85.4,1
Q00002088,C00032021,A030,2025-02-27,80.3,83.7,81.7,80.3,1
Q00002089,C00002503,A003,2025-02-08,77.9,74.6,71.6,83.6,0
Q00002090,C00071341,A066,2025-03-15,85.8,83.4,84.5,87.7,1
Q00002091,C00000129,A001,2025-01-16,100.0,100.0,100.0,100.0,1
Q00002092,C00045146,A042,2025-01-07,81.4,84.1,80.6,77.2,1
Q00002093,C00011994,A012,2025-01-12,93.2,91.1,94.2,96.8,1
Q00002094,C00019133,A019,2025-02-03,90.2,87.1,87.9,81.2,1
Q00002095,C00064000,A060,2025-02-02,86.7,82.6,92.4,87.3,1
Q00002096,C00081657,A075,2025-02-16,89.1,85.3,97.2,94.4,1
Q00002097,C00064802,A060,2025-03-30,89.4,89.5,88.0,87.6,1
Q00002098,C00027179,A026,2025-01-28,83.6,94.7,80.4,90.7,1
Q00002099,C00027783,A026,2025-03-21,100.0,100.0,100.0,100.0,1
Q00002100,C00030458,A028,2025-03-29,95.0,94.9,93.8,89.2,1
Q00002101,C00001697,A002,2025-03-10,88.1,85.9,99.5,98.5,1
Q00002102,C00043554,A040,2025-01-26,79.2,78.9,81.5,88.2,0
Q00002103,C00054151,A050,2025-03-05,89.7,91.4,96.7,81.7,1
Q00002104,C00040682,A038,2025-01-17,95.8,93.7,100.0,95.2,1
Q00002105,C00047564,A044,2025-02-01,81.9,81.1,74.0,77.3,1
Q00002106,C00064376,A060,2025-02-22,82.0,76.3,80.1,82.2,1
Q00002107,C00071284,A066,2025-03-20,94.5,89.0,98.9,94.9,1
Q00002108,C00042572,A039,2025-02-21,92.2,90.9,94.5,90.3,1
Q00002109,C00025908,A025,2025-01-24,89.9,87.8,87.8,97.7,1
Q00002110,C00049164,A045,2025-04-05,90.1,97.7,95.5,95.2,1
Q00002111,C00028592,A027,2025-02-11,90.4,86.6,88.2,93.2,1
Q00002112,C00074816,A070,2025-01-08,88.2,80.6,84.1,82.3,1
Q00002113,C00047040,A043,2025-03-17,80.6,82.5,77.8,85.5,1
Q00002114,C00021957,A021,2025-03-23,100.0,99.8,100.0,100.0,1
Q00002115,C00040636,A038,2025-01-04,92.4,92.3,84.8,97.7,1
Q00002116,C00076309,A071,2025-01-28,81.3,93.7,88.6,89.4,1
Q00002117,C00072722,A068,2025-01-22,83.0,85.7,83.4,87.4,1
Q00002118,C00018556,A018,2025-03-16,94.0,100.0,90.6,98.1,1
Q00002119,C00063033,A059,2025-02-09,76.3,71.6,70.4,69.1,0
Q00002120,C00076069,A071,2025-01-08,86.9,91.3,100.0,100.0,1
Q00002121,C00055796,A052,2025-01-25,97.9,98.4,97.9,94.9,1
Q00002122,C00021580,A021,2025-02-23,89.2,96.7,96.6,79.6,1
Q00002123,C00056339,A052,2025-03-02,86.6,81.1,84.0,79.8,1
Q00002124,C00079711,A074,2025-01-09,82.2,79.9,88.2,75.9,1
Q00002125,C00075973,A070,2025-04-05,84.1,86.2,87.0,89.7,1
Q00002126,C00060757,A057,2025-01-25,91.8,88.8,88.1,80.6,1
Q00002127,C00033430,A031,2025-03-18,85.2,91.9,85.6,82.3,1
Q00002128,C00076408,A071,2025-01-31,94.0,99.8,93.7,93.7,1
Q00002129,C00001847,A002,2025-03-27,85.1,79.1,82.4,91.8,1
Q00002130,C00005170,A005,2025-04-05,89.7,84.0,87.5,96.8,1
Q00002131,C00056655,A052,2025-03-31,74.4,65.6,88.2,77.5,0
Q00002132,C00036815,A034,2025-03-08,86.4,83.8,85.0,91.6,1
Q00002133,C00037950,A035,2025-03-09,88.9,91.1,93.7,91.6,1
Q00002134,C00045944,A042,2025-03-20,83.2,85.0,92.7,83.1,1
Q00002135,C00035925,A033,2025-04-05,95.3,89.9,100.0,100.0,1
Q00002136,C00074809,A070,2025-01-13,77.0,65.8,82.9,72.7,0
Q00002137,C00003037,A003,2025-03-21,95.7,100.0,97.3,94.7,1
Q00002138,C00043822,A040,2025-02-22,98.8,100.0,95.3,100.0,1
Q00002139,C00071435,A066,2025-03-30,74.4,73.6,82.3,80.1,0
Q00002140,C00059931,A056,2025-02-10,83.0,74.4,87.8,83.2,0
Q00002141,C00006926,A007,2025-03-02,90.2,88.4,100.0,91.9,1
Q00002142,C00006011,A006,2025-03-23,74.7,71.4,67.5,71.5,0
Q00002143,C00000834,A001,2025-03-27,90.6,80.1,86.1,82.5,1
Q00002144,C00017550,A017,2025-03-20,94.5,97.0,100.0,93.2,1
Q00002145,C00069834,A065,2025-02-13,78.3,86.7,84.3,78.4,0
Q00002146,C00043416,A040,2025-01-18,88.6,93.4,94.7,90.7,1
Q00002147,C00056927,A053,2025-01-28,78.6,76.4,77.4,68.9,0
Q00002148,C00032731,A031,2025-01-27,79.0,77.9,90.8,77.6,0
Q00002149,C00078016,A072,2025-03-03,89.6,91.9,94.1,84.1,1
Q00002150,C00020347,A020,2025-02-27,92.5,96.4,99.0,100.0,1
Q00002151,C00057870,A054,2025-01-31,77.5,77.6,85.8,84.6,0
Q00002152,C00008845,A009,2025-01-08,87.3,79.1,85.1,84.6,1
Q00002153,C00044552,A041,2025-02-09,81.0,80.2,72.3,82.1,1
Q00002154,C00015322,A015,2025-03-12,95.2,92.6,100.0,91.3,1
Q00002155,C00075918,A070,2025-03-26,91.5,88.6,88.8,86.7,1
Q00002156,C00017716,A017,2025-04-04,81.5,85.1,76.9,84.4,1
Q00002157,C00042910,A039,2025-03-10,77.5,83.4,75.0,88.8,0
Q00002158,C00001837,A002,2025-03-25,79.2,75.4,77.6,85.5,0
Q00002159,C00015756,A016,2025-01-24,79.3,76.3,80.0,71.6,0
Q00002160,C00018986,A019,2025-01-26,73.8,74.6,78.2,75.0,0
Q00002161,C00057365,A053,2025-03-14,84.1,81.9,76.8,92.2,1
Q00002162,C00049028,A045,2025-03-27,96.4,98.4,81.4,87.0,1
Q00002163,C00002645,A003,2025-02-22,81.1,79.9,91.9,81.9,1
Q00002164,C00050895,A047,2025-03-22,84.8,77.0,80.4,83.6,1
Q00002165,C00056227,A052,2025-03-03,76.1,66.8,85.1,87.4,0
Q00002166,C00030926,A029,2025-02-08,69.7,71.6,75.4,78.4,0
Q00002167,C00016118,A016,2025-02-13,95.0,100.0,91.7,85.2,1
Q00002168,C00021147,A021,2025-01-25,85.3,76.5,91.0,84.4,1
Q00002169,C00071853,A067,2025-02-03,83.4,87.3,80.5,77.1,1
Q00002170,C00048904,A045,2025-03-07,75.6,75.7,85.2,70.7,0
Q00002171,C00018119,A018,2025-02-03,95.0,88.5,91.3,100.0,1
Q00002172,C00001448,A002,2025-02-17,79.9,83.2,74.7,77.5,0
Q00002173,C00020069,A020,2025-01-26,82.7,81.9,87.9,77.1,1
Q00002174,C00061996,A058,2025-02-16,92.4,89.2,93.8,95.4,1
Q00002175,C00011891,A011,2025-04-05,86.2,90.7,86.4,88.4,1
Q00002176,C00056741,A053,2025-01-09,77.3,81.0,78.3,91.7,0
Q00002177,C00068963,A064,2025-03-06,96.9,100.0,91.7,100.0,1
Q00002178,C00046422,A043,2025-01-29,79.7,77.2,73.8,75.6,0
Q00002179,C00039972,A037,2025-02-11,80.8,86.5,76.9,69.1,1
Q00002180,C00043423,A040,2025-01-18,100.0,97.4,97.8,100.0,1
Q00002181,C00036353,A034,2025-02-08,93.0,98.9,99.1,100.0,1
Q00002182,C00019414,A019,2025-02-26,80.8,78.6,68.8,76.9,1
Q00002183,C00041339,A038,2025-02-25,94.3,98.5,98.0,100.0,1
Q00002184,C00079969,A074,2025-01-24,87.2,93.3,91.2,89.1,1
Q00002185,C00025991,A025,2025-01-26,93.5,87.4,92.6,81.1,1
Q00002186,C00068192,A064,2025-01-16,91.9,93.9,94.9,91.9,1
Q00002187,C00044076,A040,2025-03-21,85.9,82.3,97.6,83.3,1
Q00002188,C00075979,A070,2025-04-04,90.6,82.4,100.0,90.5,1
Q00002189,C00010619,A010,2025-03-13,91.6,97.4,100.0,89.4,1
Q00002190,C00015046,A015,2025-02-14,91.3,94.5,88.7,98.6,1
Q00002191,C00043444,A040,2025-01-19,80.3,75.1,88.8,94.1,1
Q00002192,C00080470,A074,2025-02-27,78.6,88.9,87.6,79.7,0
Q00002193,C00016230,A016,2025-02-22,87.9,87.9,80.5,91.6,1
Q00002194,C00019538,A019,2025-03-12,91.1,79.1,85.3,100.0,1
Q00002195,C00017057,A017,2025-01-30,80.3,84.8,81.0,66.8,1
Q00002196,C00006808,A007,2025-02-22,74.1,81.7,74.6,73.5,0
Q00002197,C00037348,A035,2025-01-22,73.2,76.7,76.8,78.5,0
Q00002198,C00014593,A014,2025-03-30,92.3,85.2,100.0,100.0,1
Q00002199,C00072662,A068,2025-01-21,80.0,78.1,76.4,65.8,1
Q00002200,C00055441,A051,2025-03-23,93.4,100.0,94.4,80.3,1
Q00002201,C00018521,A018,2025-03-07,77.4,81.6,84.1,78.3,0
Q00002202,C00063324,A059,2025-03-16,100.0,100.0,100.0,100.0,1
Q00002203,C00043960,A040,2025-03-14,85.8,91.7,90.6,89.7,1
Q00002204,C00016272,A016,2025-02-23,93.6,94.5,100.0,100.0,1
Q00002205,C00011051,A011,2025-01-14,84.0,81.0,83.8,80.6,1
Q00002206,C00002741,A003,2025-03-01,90.2,83.5,81.1,100.0,1
Q00002207,C00073975,A069,2025-01-23,94.8,94.1,88.9,96.6,1
Q00002208,C00055750,A052,2025-01-17,82.8,85.7,79.9,94.3,1
Q00002209,C00056440,A052,2025-03-16,87.8,93.1,86.8,81.7,1
Q00002210,C00039676,A037,2025-01-06,84.8,77.9,81.4,70.0,1
Q00002211,C00033794,A032,2025-01-10,89.7,91.8,88.4,76.8,1
Q00002212,C00044816,A041,2025-03-01,82.0,81.9,78.2,83.9,1
Q00002213,C00043560,A040,2025-01-29,75.1,77.4,71.2,72.4,0
Q00002214,C00013580,A013,2025-03-17,90.5,92.4,85.2,86.0,1
Q00002215,C00073940,A069,2025-01-16,79.9,82.1,83.2,84.0,0
Q00002216,C00065464,A061,2025-03-05,83.5,85.1,77.0,79.1,1
Q00002217,C00047828,A044,2025-02-24,86.4,85.6,90.5,91.7,1
Q00002218,C00038955,A036,2025-02-16,86.9,93.7,87.4,87.3,1
Q00002219,C00080116,A074,2025-02-02,87.1,91.9,78.9,72.9,1
Q00002220,C00044507,A041,2025-02-04,85.4,85.5,86.0,80.9,1
Q00002221,C00065074,A061,2025-01-20,92.5,98.1,100.0,100.0,1
Q00002222,C00071616,A067,2025-01-16,87.1,90.8,82.0,92.5,1
Q00002223,C00042971,A039,2025-03-20,99.2,100.0,99.4,100.0,1
Q00002224,C00011915,A011,2025-04-05,92.5,88.2,94.1,85.9,1
Q00002225,C00008534,A008,2025-03-18,68.0,57.8,69.8,72.8,0
Q00002226,C00033472,A031,2025-03-17,94.3,96.6,97.2,100.0,1
Q00002227,C00054475,A050,2025-04-01,78.4,81.5,65.5,79.6,0
Q00002228,C00079094,A073,2025-02-25,68.5,56.4,81.0,62.3,0
Q00002229,C00015048,A015,2025-02-08,84.1,86.6,85.8,92.6,1
Q00002230,C00051574,A048,2025-03-05,86.3,85.6,86.0,85.4,1
Q00002231,C00012529,A012,2025-02-26,76.6,70.8,82.0,69.1,0
Q00002232,C00037956,A035,2025-03-11,83.2,83.1,78.7,90.2,1
Q00002233,C00032135,A030,2025-03-06,97.0,100.0,100.0,100.0,1
Q00002234,C00045288,A042,2025-01-25,83.4,84.2,82.1,80.5,1
Q00002235,C00071184,A066,2025-03-11,84.1,82.1,86.1,80.5,1
Q00002236,C00041514,A038,2025-03-09,95.9,95.1,100.0,100.0,1
Q00002237,C00020323,A020,2025-02-19,85.7,92.6,81.7,90.0,1
Q00002238,C00068821,A064,2025-02-22,88.0,91.2,80.1,75.2,1
Q00002239,C00016540,A016,2025-03-18,84.7,79.1,90.5,87.2,1
Q00002240,C00045702,A042,2025-03-05,88.5,80.1,78.0,79.5,1
Q00002241,C00006652,A007,2025-02-11,85.2,83.6,81.1,82.7,1
Q00002242,C00015498,A015,2025-03-30,81.7,83.7,83.4,87.5,1
Q00002243,C00049281,A046,2025-01-11,91.4,94.7,98.6,100.0,1
Q00002244,C00064922,A060,2025-04-07,81.5,80.0,74.3,76.0,1
Q00002245,C00020008,A020,2025-01-25,88.5,89.8,85.6,89.6,1
Q00002246,C00015057,A015,2025-02-17,88.6,84.6,88.4,83.0,1
Q00002247,C00020477,A020,2025-03-10,63.4,60.9,53.6,63.2,0
Q00002248,C00045831,A042,2025-03-19,80.8,86.4,73.4,81.4,1
Q00002249,C00017498,A017,2025-03-12,75.8,76.9,78.6,87.5,0
Q00002250,C00001911,A002,2025-03-31,100.0,100.0,100.0,100.0,1
Q00002251,C00045850,A042,2025-03-15,91.8,93.5,88.5,95.4,1
Q00002252,C00053065,A049,2025-03-24,78.0,84.3,76.6,68.1,0
Q00002253,C00024369,A023,2025-03-02,81.7,84.7,82.3,83.2,1
Q00002254,C00072646,A068,2025-01-19,84.5,83.3,90.9,97.1,1
Q00002255,C00076767,A071,2025-03-01,82.3,74.9,80.9,83.1,0
Q00002256,C00014140,A014,2025-02-15,86.7,85.8,69.6,100.0,1
Q00002257,C00028336,A027,2025-01-23,88.5,90.9,88.6,79.2,1
Q00002258,C00032541,A031,2025-01-12,87.2,91.9,87.2,79.7,1
Q00002259,C00024949,A024,2025-01-16,89.1,87.9,88.3,100.0,1
Q00002260,C00018904,A019,2025-01-12,82.6,80.1,84.3,79.7,1
Q00002261,C00050844,A047,2025-03-21,92.8,100.0,100.0,79.9,1
Q00002262,C00071752,A067,2025-01-25,85.1,89.7,89.2,90.5,1
Q00002263,C00029792,A028,2025-01-28,88.0,86.5,87.6,89.5,1
Q00002264,C00063066,A059,2025-02-09,78.7,75.3,82.8,79.0,0
Q00002265,C00070000,A065,2025-03-03,86.4,89.9,81.2,91.9,1
Q00002266,C00006936,A007,2025-03-01,89.5,93.7,83.4,73.4,1
Q00002267,C00043499,A040,2025-01-22,93.0,94.5,100.0,96.9,1
Q00002268,C00036983,A034,2025-03-24,82.3,78.7,76.9,85.7,1
Q00002269,C00030579,A028,2025-03-30,87.7,82.4,88.7,75.9,1
Q00002270,C00079621,A073,2025-04-01,83.1,81.2,78.6,76.9,1
Q00002271,C00066383,A062,2025-02-22,84.6,88.3,84.7,79.4,1
Q00002272,C00027825,A026,2025-03-22,74.7,80.6,76.3,63.1,0
Q00002273,C00009574,A009,2025-03-24,93.5,91.0,98.4,82.5,1
Q00002274,C00070350,A066,2025-01-10,83.2,77.1,84.2,85.5,1
Q00002275,C00064074,A060,2025-02-08,91.8,80.5,100.0,93.8,1
Q00002276,C00068237,A064,2025-01-18,87.8,92.3,90.9,82.4,1
Q00002277,C00020611,A020,2025-03-20,73.5,70.0,66.3,64.2,0
Q00002278,C00064684,A060,2025-03-18,95.1,98.6,100.0,99.6,1
Q00002279,C00053317,A050,2025-01-05,92.6,93.3,100.0,96.8,1
Q00002280,C00060199,A056,2025-03-08,84.1,87.7,84.9,97.1,1
Q00002281,C00022639,A022,2025-02-04,71.6,65.0,65.8,68.0,0
Q00002282,C00018220,A018,2025-02-15,86.5,81.2,95.0,91.9,1
Q00002283,C00046769,A043,2025-02-27,83.6,82.0,80.0,87.9,1
Q00002284,C00051491,A048,2025-02-18,85.5,86.6,83.0,88.5,1
Q00002285,C00009884,A010,2025-01-21,87.4,89.3,81.9,98.5,1
Q00002286,C00053721,A050,2025-02-02,97.8,100.0,95.8,98.5,1
Q00002287,C00055283,A051,2025-03-07,80.3,79.1,89.0,79.5,1
Q00002288,C00075507,A070,2025-03-04,82.6,77.7,75.3,87.2,1
Q00002289,C00066720,A062,2025-03-31,91.7,91.7,87.8,87.0,1
Q00002290,C00034110,A032,2025-02-04,81.0,79.5,82.4,81.5,1
Q00002291,C00051690,A048,2025-03-07,86.1,91.3,94.5,88.3,1
Q00002292,C00045393,A042,2025-02-04,100.0,100.0,100.0,100.0,1
Q00002293,C00012663,A012,2025-03-13,99.8,94.3,100.0,86.8,1
Q00002294,C00065371,A061,2025-02-20,77.0,82.5,75.7,69.7,0
Q00002295,C00014497,A014,2025-03-26,84.1,93.5,76.6,73.9,1
Q00002296,C00005443,A006,2025-01-25,83.4,75.5,82.2,75.4,1
Q00002297,C00005347,A006,2025-01-21,98.6,97.6,93.8,100.0,1
Q00002298,C00048735,A045,2025-02-23,85.6,80.0,93.3,85.5,1
Q00002299,C00004680,A005,2025-02-19,89.7,82.2,91.7,93.4,1
Q00002300,C00001530,A002,2025-02-26,83.7,84.9,93.0,83.3,1
Q00002301,C00037542,A035,2025-02-04,91.1,88.8,90.6,92.4,1
Q00002302,C00022398,A022,2025-01-16,87.6,86.7,100.0,100.0,1
Q00002303,C00016865,A017,2025-01-11,82.5,78.8,78.8,82.6,1
Q00002304,C00045883,A042,2025-03-18,81.2,89.1,90.5,74.4,1
Q00002305,C00057127,A053,2025-02-19,86.6,89.8,91.7,89.1,1
Q00002306,C00036471,A034,2025-02-13,84.8,76.7,84.5,94.6,1
Q00002307,C00077807,A072,2025-02-16,95.1,90.3,97.1,86.9,1
Q00002308,C00026169,A025,2025-02-11,83.4,82.3,99.3,82.0,1
Q00002309,C00066074,A062,2025-01-27,86.3,95.7,92.1,92.8,1
Q00002310,C00065969,A062,2025-01-24,99.3,100.0,92.8,100.0,1
Q00002311,C00033245,A031,2025-02-26,78.4,75.2,76.8,86.5,0
Q00002312,C00014889,A015,2025-01-26,90.2,98.8,94.9,81.3,1
Q00002313,C00022510,A022,2025-01-28,88.6,82.4,91.2,77.2,1
Q00002314,C00058925,A055,2025-02-07,78.2,77.5,75.3,84.0,0
Q00002315,C00025616,A024,2025-03-17,76.5,80.4,82.0,71.7,0
Q00002316,C00034169,A032,2025-01-31,84.7,82.8,75.0,83.9,1
Q00002317,C00071439,A066,2025-03-27,83.9,77.7,82.7,70.7,1
Q00002318,C00049346,A046,2025-01-17,93.7,90.3,94.7,83.8,1
Q00002319,C00070316,A065,2025-04-06,67.3,69.0,65.1,76.9,0
Q00002320,C00063655,A060,2025-01-03,86.8,84.7,81.2,95.4,1
Q00002321,C00080823,A074,2025-03-23,81.1,83.6,77.2,76.9,1
Q00002322,C00066500,A062,2025-03-04,93.8,91.7,97.2,95.2,1
Q00002323,C00000458,A001,2025-02-15,87.9,88.9,91.8,83.1,1
Q00002324,C00010330,A010,2025-02-20,90.6,96.5,86.5,82.5,1
Q00002325,C00001808,A002,2025-03-19,78.3,76.6,81.9,75.7,0
Q00002326,C00005810,A006,2025-03-06,87.3,91.4,79.9,91.1,1
Q00002327,C00061641,A058,2025-01-17,96.3,100.0,93.4,87.5,1
Q00002328,C00063496,A059,2025-03-23,85.9,87.7,91.7,94.1,1
Q00002329,C00066852,A063,2025-01-11,99.7,100.0,100.0,99.7,1
Q00002330,C00031948,A030,2025-02-21,91.2,91.4,93.2,92.9,1
Q00002331,C00062123,A058,2025-03-04,91.1,92.0,84.1,84.8,1
Q00002332,C00019620,A019,2025-03-21,83.3,73.2,81.9,83.2,0
Q00002333,C00042895,A039,2025-03-11,93.2,90.9,89.0,88.5,1
Q00002334,C00068633,A064,2025-02-14,85.4,75.4,80.1,77.2,1
Q00002335,C00012650,A012,2025-03-13,88.4,81.6,89.4,88.5,1
Q00002336,C00061836,A058,2025-02-07,86.2,84.4,87.1,76.2,1
Q00002337,C00000107,A001,2025-01-19,91.7,96.7,85.3,100.0,1
Q00002338,C00043165,A039,2025-03-25,88.5,87.5,88.0,79.0,1
Q00002339,C00025828,A025,2025-01-13,85.3,86.3,82.1,94.2,1
Q00002340,C00069371,A064,2025-04-05,85.3,85.6,94.0,89.6,1
Q00002341,C00044641,A041,2025-02-15,79.8,71.5,88.0,73.9,0
Q00002342,C00009255,A009,2025-02-25,74.6,71.6,87.3,71.8,0
Q00002343,C00059556,A056,2025-01-02,71.0,68.0,71.3,57.4,0
Q00002344,C00037260,A035,2025-01-12,74.7,75.6,76.0,70.7,0
Q00002345,C00006432,A007,2025-01-29,84.9,82.5,77.0,77.3,1
Q00002346,C00015248,A015,2025-03-12,84.4,88.9,81.7,86.8,1
Q00002347,C00067325,A063,2025-02-12,86.4,88.2,83.1,84.5,1
Q00002348,C00067071,A063,2025-01-27,86.2,88.6,92.2,92.8,1
Q00002349,C00053203,A049,2025-04-01,86.7,88.3,84.5,75.3,1
Q00002350,C00007390,A007,2025-03-26,75.2,76.8,73.1,67.2,0
Q00002351,C00051874,A048,2025-03-26,84.0,90.3,83.7,82.5,1
Q00002352,C00032512,A031,2025-01-13,88.5,85.3,94.2,99.8,1
Q00002353,C00010844,A010,2025-03-31,82.1,81.8,79.6,81.7,1
Q00002354,C00075290,A070,2025-02-16,87.4,84.0,90.2,77.2,1
Q00002355,C00006696,A007,2025-02-13,85.0,96.8,78.8,70.0,1
Q00002356,C00043270,A039,2025-04-01,88.0,92.1,91.7,81.8,1
Q00002357,C00069634,A065,2025-01-29,90.4,87.6,99.3,75.4,1
Q00002358,C00023774,A023,2025-01-18,89.8,83.3,85.4,89.0,1
Q00002359,C00036750,A034,2025-03-06,86.9,86.3,100.0,94.1,1
Q00002360,C00032590,A031,2025-01-14,93.4,92.1,94.9,100.0,1
Q00002361,C00039615,A036,2025-04-05,76.9,89.3,79.5,64.9,0
Q00002362,C00021277,A021,2025-02-07,74.2,63.6,73.7,59.0,0
Q00002363,C00004665,A005,2025-02-20,94.2,87.7,100.0,89.9,1
Q00002364,C00038220,A035,2025-03-22,77.1,81.2,68.5,73.7,0
Q00002365,C00013095,A013,2025-01-28,80.7,84.5,74.9,83.1,1
Q00002366,C00078675,A073,2025-01-16,84.3,88.1,79.2,80.3,1
Q00002367,C00063326,A059,2025-03-08,77.1,73.9,71.1,77.7,0
Q00002368,C00076083,A071,2025-01-12,89.7,89.3,96.0,79.2,1
Q00002369,C00065958,A062,2025-01-23,95.7,96.2,98.3,91.2,1
Q00002370,C00042251,A039,2025-01-31,92.9,97.8,100.0,95.2,1
Q00002371,C00046880,A043,2025-02-26,73.4,69.3,86.5,77.1,0
Q00002372,C00015111,A015,2025-02-17,87.4,87.5,85.7,85.6,1
Q00002373,C00014306,A014,2025-03-08,84.0,89.4,82.6,83.6,1
Q00002374,C00047282,A043,2025-04-04,94.3,95.3,96.8,96.4,1
Q00002375,C00032249,A030,2025-03-14,95.0,88.3,89.5,95.2,1
Q00002376,C00054406,A050,2025-03-26,89.2,86.1,92.4,85.2,1
Q00002377,C00076152,A071,2025-01-17,70.2,65.8,67.1,65.8,0
Q00002378,C00004473,A005,2025-02-03,89.4,97.2,94.3,87.7,1
Q00002379,C00045081,A041,2025-03-30,85.2,81.2,91.1,94.4,1
Q00002380,C00075515,A070,2025-03-06,98.5,98.1,96.8,98.4,1
Q00002381,C00070312,A065,2025-04-02,88.2,85.9,97.3,94.0,1
Q00002382,C00021969,A021,2025-03-23,82.3,71.6,78.5,69.3,0
Q00002383,C00031914,A030,2025-02-20,78.6,69.8,80.9,89.0,0
Q00002384,C00039640,A036,2025-04-08,87.8,92.8,79.5,84.6,1
Q00002385,C00071243,A066,2025-03-14,83.2,80.7,81.5,85.4,1
Q00002386,C00000157,A001,2025-01-16,88.9,90.7,91.7,83.4,1
Q00002387,C00030293,A028,2025-03-14,88.1,85.7,88.5,84.4,1
Q00002388,C00040998,A038,2025-02-06,79.9,86.6,77.2,80.6,0
Q00002389,C00049467,A046,2025-02-06,72.8,73.3,70.0,74.6,0
Q00002390,C00002362,A003,2025-01-26,83.4,79.1,91.5,81.5,1
Q00002391,C00077680,A072,2025-02-10,95.1,87.3,92.7,90.6,1
Q00002392,C00081866,A075,2025-02-28,81.2,79.1,85.2,79.2,1
Q00002393,C00019350,A019,2025-02-26,87.7,97.4,86.2,79.5,1
Q00002394,C00024694,A023,2025-03-26,85.3,99.6,83.4,82.2,1
Q00002395,C00074983,A070,2025-01-22,74.0,74.3,69.2,73.1,0
Q00002396,C00066271,A062,2025-02-18,88.4,94.7,95.6,80.6,1
Q00002397,C00073588,A068,2025-03-24,90.2,85.1,89.7,84.2,1
Q00002398,C00045405,A042,2025-02-03,91.3,86.1,77.8,100.0,1
Q00002399,C00072509,A068,2025-01-10,95.6,94.6,91.4,89.5,1
Q00002400,C00051238,A048,2025-01-23,99.1,94.3,94.8,96.9,1
Q00002401,C00066264,A062,2025-02-15,96.4,95.7,100.0,93.6,1
Q00002402,C00038793,A036,2025-02-07,84.8,85.4,83.7,90.8,1
Q00002403,C00029893,A028,2025-02-13,88.1,84.2,98.1,93.6,1
Q00002404,C00078373,A072,2025-03-30,83.5,77.3,90.7,79.9,1
Q00002405,C00057643,A054,2025-01-09,81.6,82.7,87.4,84.9,1
Q00002406,C00077771,A072,2025-02-16,79.5,89.5,88.7,83.6,0
Q00002407,C00008973,A009,2025-01-27,82.9,79.5,75.8,77.5,1
Q00002408,C00041163,A038,2025-02-10,80.0,74.1,77.3,81.5,0
Q00002409,C00006343,A007,2025-01-14,97.2,96.6,100.0,92.3,1
Q00002410,C00029400,A027,2025-04-02,81.0,77.0,81.8,92.8,1
Q00002411,C00054163,A050,2025-03-09,80.7,75.1,78.0,75.6,1
Q00002412,C00080093,A074,2025-01-31,88.5,100.0,91.5,74.5,1
Q00002413,C00016802,A017,2025-01-06,92.5,89.2,99.5,88.7,1
Q00002414,C00073822,A069,2025-01-12,93.7,100.0,92.3,97.4,1
Q00002415,C00044927,A041,2025-03-15,70.9,73.8,70.8,74.2,0
Q00002416,C00073984,A069,2025-01-27,86.4,86.9,81.9,92.3,1
Q00002417,C00050367,A047,2025-02-01,76.0,77.6,75.6,83.9,0
Q00002418,C00074800,A070,2025-01-06,84.6,85.6,93.9,90.2,1
Q00002419,C00021563,A021,2025-02-21,84.0,86.5,84.1,86.8,1
Q00002420,C00061485,A058,2025-01-08,82.4,84.3,79.4,93.1,1
Q00002421,C00061648,A058,2025-01-19,89.6,87.3,97.3,90.8,1
Q00002422,C00040552,A037,2025-04-04,80.7,79.5,76.1,81.7,1
Q00002423,C00067904,A063,2025-03-21,82.4,81.4,94.3,79.9,1
Q00002424,C00016535,A016,2025-03-15,92.2,92.4,100.0,100.0,1
Q00002425,C00009250,A009,2025-02-23,81.5,95.1,79.7,72.8,1
Q00002426,C00024629,A023,2025-03-18,85.5,81.5,84.1,93.8,1
Q00002427,C00052808,A049,2025-03-03,63.9,59.3,63.0,66.5,0
Q00002428,C00038110,A035,2025-03-19,91.1,92.8,86.9,82.4,1
Q00002429,C00043929,A040,2025-03-09,83.4,79.8,82.7,94.2,1
Q00002430,C00006302,A007,2025-01-14,95.8,96.3,96.9,97.2,1
Q00002431,C00059640,A056,2025-01-16,89.8,93.1,86.2,100.0,1
Q00002432,C00075783,A070,2025-03-21,92.2,86.1,96.4,94.2,1
Q00002433,C00077105,A071,2025-03-29,80.8,69.0,83.2,84.3,0
Q00002434,C00077584,A072,2025-02-01,82.8,80.0,86.9,80.1,1
Q00002435,C00075713,A070,2025-03-18,89.8,88.8,86.7,82.3,1
Q00002436,C00068062,A063,2025-04-02,85.9,87.9,84.8,99.4,1
Q00002437,C00069603,A065,2025-01-26,81.7,82.4,93.2,66.7,1
Q00002438,C00069858,A065,2025-02-17,77.5,79.0,71.1,72.8,0
Q00002439,C00032185,A030,2025-03-10,78.7,80.5,66.1,88.4,0
Q00002440,C00067206,A063,2025-02-05,85.5,91.1,87.6,100.0,1
Q00002441,C00028684,A027,2025-02-16,86.8,89.8,85.5,94.8,1
Q00002442,C00032704,A031,2025-01-18,82.4,75.2,89.3,80.9,1
Q00002443,C00071291,A066,2025-03-15,95.2,99.1,90.7,85.4,1
Q00002444,C00005489,A006,2025-02-02,90.3,88.8,92.4,93.9,1
Q00002445,C00005776,A006,2025-03-03,89.3,83.1,86.5,88.8,1
Q00002446,C00065040,A061,2025-01-16,71.4,72.3,74.6,70.3,0
Q00002447,C00063799,A060,2025-01-20,83.9,91.3,80.0,77.2,1
Q00002448,C00039560,A036,2025-03-29,87.7,88.7,91.9,87.8,1
Q00002449,C00066605,A062,2025-03-22,84.8,79.7,91.4,84.2,1
Q00002450,C00015938,A016,2025-02-05,94.6,93.8,96.5,91.7,1
Q00002451,C00052763,A049,2025-03-03,85.0,83.8,87.7,88.9,1
Q00002452,C00015882,A016,2025-01-30,100.0,95.2,100.0,100.0,1
Q00002453,C00079244,A073,2025-03-08,82.2,85.5,87.9,87.0,1
Q00002454,C00041840,A038,2025-03-25,92.6,100.0,88.3,100.0,1
Q00002455,C00012784,A012,2025-03-25,94.5,97.3,85.6,100.0,1
Q00002456,C00030196,A028,2025-03-01,94.9,91.3,100.0,89.2,1
Q00002457,C00054564,A050,2025-03-30,83.5,83.2,87.5,86.9,1
Q00002458,C00048493,A045,2025-02-04,92.4,92.1,98.7,100.0,1
Q00002459,C00075459,A070,2025-02-27,82.5,81.4,87.0,78.5,1
Q00002460,C00011130,A011,2025-01-28,78.2,83.8,80.2,69.3,0
Q00002461,C00075015,A070,2025-01-27,80.8,88.0,87.6,72.1,1
Q00002462,C00057642,A054,2025-01-10,71.7,73.2,83.1,84.4,0
Q00002463,C00009151,A009,2025-02-12,82.6,82.6,91.6,90.0,1
Q00002464,C00074578,A069,2025-03-21,87.4,78.3,79.0,82.6,1
Q00002465,C00068881,A064,2025-02-25,92.7,88.9,98.1,87.9,1
Q00002466,C00075518,A070,2025-02-28,83.1,82.8,84.0,83.4,1
Q00002467,C00075953,A070,2025-04-02,89.8,95.0,99.7,88.2,1
Q00002468,C00076985,A071,2025-03-17,90.6,93.1,77.9,87.5,1
Q00002469,C00047724,A044,2025-02-11,87.6,79.8,89.3,93.6,1
Q00002470,C00000040,A001,2025-01-07,85.0,85.3,85.3,87.2,1
Q00002471,C00017445,A017,2025-03-02,73.0,74.5,75.4,62.6,0
Q00002472,C00081247,A075,2025-01-24,85.0,87.1,86.2,84.5,1
Q00002473,C00021873,A021,2025-03-14,88.1,83.3,88.6,90.2,1
Q00002474,C00006349,A007,2025-01-18,87.7,79.7,86.1,79.9,1
Q00002475,C00019747,A019,2025-04-02,91.5,98.7,97.8,94.3,1
Q00002476,C00081655,A075,2025-02-15,85.0,90.4,77.7,87.4,1
Q00002477,C00001812,A002,2025-03-19,77.4,80.0,81.6,73.0,0
Q00002478,C00058173,A054,2025-02-27,82.2,73.9,83.2,81.3,0
Q00002479,C00014944,A015,2025-02-05,83.9,84.7,88.5,91.9,1
Q00002480,C00039367,A036,2025-03-21,78.2,74.7,84.0,81.0,0
Q00002481,C00081922,A075,2025-03-01,88.6,84.2,84.4,88.0,1
Q00002482,C00022514,A022,2025-01-27,88.2,75.5,88.9,93.6,1
Q00002483,C00048158,A044,2025-04-01,78.2,81.5,76.8,79.6,0
Q00002484,C00013695,A013,2025-03-29,89.0,82.3,93.0,80.6,1
Q00002485,C00063917,A060,2025-01-29,87.2,86.2,86.4,96.3,1
Q00002486,C00042559,A039,2025-02-20,82.2,77.2,66.9,100.0,1
Q00002487,C00043831,A040,2025-03-02,98.7,97.5,98.4,96.9,1
Q00002488,C00073965,A069,2025-01-25,79.8,83.7,82.5,89.6,0
Q00002489,C00014403,A014,2025-03-20,88.2,90.8,88.0,89.0,1
Q00002490,C00057371,A053,2025-03-16,90.8,90.7,98.0,84.7,1
Q00002491,C00031554,A030,2025-01-13,85.4,86.7,88.8,91.5,1
Q00002492,C00064701,A060,2025-03-16,89.1,87.1,99.0,90.2,1
Q00002493,C00065831,A061,2025-04-03,63.8,63.2,61.8,58.9,0
Q00002494,C00059000,A055,2025-02-18,100.0,100.0,100.0,100.0,1
Q00002495,C00074096,A069,2025-01-31,99.2,94.2,91.2,98.1,1
Q00002496,C00015521,A016,2025-01-04,91.2,87.7,90.0,80.0,1
Q00002497,C00078178,A072,2025-03-12,87.3,89.3,83.0,100.0,1
Q00002498,C00080935,A074,2025-04-01,87.3,93.1,73.0,87.0,1
Q00002499,C00053715,A050,2025-02-04,81.3,89.6,80.5,84.0,1
Q00002500,C00003805,A004,2025-03-07,89.5,91.9,93.5,99.1,1
Q00002501,C00075948,A070,2025-04-05,87.7,80.3,76.8,93.9,1
Q00002502,C00009101,A009,2025-02-08,81.9,78.6,74.7,78.1,1
Q00002503,C00030161,A028,2025-03-02,88.6,87.5,93.6,84.7,1
Q00002504,C00049149,A045,2025-03-27,91.7,91.8,86.1,88.0,1
Q00002505,C00051602,A048,2025-03-01,72.2,73.4,72.7,74.8,0
Q00002506,C00077121,A071,2025-03-29,83.0,84.9,79.7,85.0,1
Q00002507,C00011804,A011,2025-03-26,83.1,91.6,85.3,75.1,1
Q00002508,C00016636,A016,2025-03-27,100.0,100.0,97.4,100.0,1
Q00002509,C00002260,A003,2025-01-25,98.1,98.3,88.3,93.9,1
Q00002510,C00014259,A014,2025-02-23,79.0,85.3,81.3,89.7,0
Q00002511,C00065018,A061,2025-01-11,79.8,76.2,74.6,89.9,0
Q00002512,C00055157,A051,2025-02-23,79.4,79.8,75.0,76.0,0
Q00002513,C00008701,A008,2025-03-30,82.1,86.6,94.1,70.8,1
Q00002514,C00048867,A045,2025-03-05,83.5,89.8,83.3,89.0,1
Q00002515,C00064415,A060,2025-02-25,90.3,85.6,93.9,85.3,1
Q00002516,C00039754,A037,2025-01-19,99.8,100.0,96.0,100.0,1
Q00002517,C00011984,A012,2025-01-09,90.7,88.1,82.9,99.4,1
Q00002518,C00039823,A037,2025-01-21,88.9,87.7,89.2,81.3,1
Q00002519,C00059761,A056,2025-01-27,86.5,91.6,96.4,86.4,1
Q00002520,C00013437,A013,2025-03-04,79.2,79.9,90.8,83.3,0
Q00002521,C00039127,A036,2025-03-03,85.5,85.6,89.1,78.4,1
Q00002522,C00019137,A019,2025-01-30,94.9,98.9,98.5,100.0,1
Q00002523,C00019578,A019,2025-03-17,79.3,83.9,76.4,73.6,0
Q00002524,C00054036,A050,2025-03-02,91.3,99.5,93.5,80.0,1
Q00002525,C00063730,A060,2025-01-16,92.9,100.0,95.2,86.6,1
Q00002526,C00005013,A005,2025-03-18,77.9,79.5,71.6,73.1,0
Q00002527,C00046289,A043,2025-01-19,80.8,76.3,81.4,71.1,1
Q00002528,C00016791,A016,2025-04-01,81.7,80.1,76.6,72.8,1
Q00002529,C00080458,A074,2025-02-27,97.6,92.3,93.9,100.0,1
Q00002530,C00001186,A002,2025-01-17,81.5,80.4,88.5,70.1,1
Q00002531,C00021667,A021,2025-03-04,92.1,95.1,90.0,86.5,1
Q00002532,C00007546,A008,2025-01-14,89.3,84.1,91.7,95.8,1
Q00002533,C00051346,A048,2025-01-31,78.7,82.1,76.2,66.9,0
Q00002534,C00058584,A055,2025-01-10,85.1,87.9,80.8,79.2,1
Q00002535,C00072957,A068,2025-02-09,93.6,94.7,87.8,98.0,1
Q00002536,C00054013,A050,2025-02-25,77.5,73.6,83.7,80.6,0
Q00002537,C00058038,A054,2025-02-14,74.6,71.8,80.0,81.0,0
Q00002538,C00002108,A003,2025-01-16,87.0,83.0,80.8,96.2,1
Q00002539,C00008261,A008,2025-02-23,90.7,93.8,87.6,91.4,1
Q00002540,C00042972,A039,2025-03-19,77.9,68.9,78.8,86.7,0
Q00002541,C00010017,A010,2025-01-30,89.8,91.5,86.9,91.1,1
Q00002542,C00057122,A053,2025-02-13,89.3,87.3,90.7,99.0,1
Q00002543,C00044719,A041,2025-02-25,87.5,97.0,78.8,77.7,1
Q00002544,C00019893,A020,2025-01-19,73.8,71.6,70.9,82.6,0
Q00002545,C00011645,A011,2025-03-09,85.8,85.4,86.9,79.9,1
Q00002546,C00051381,A048,2025-02-04,74.0,72.5,80.1,70.9,0
Q00002547,C00070661,A066,2025-01-31,84.3,81.8,87.1,79.1,1
Q00002548,C00041860,A038,2025-03-25,92.3,96.1,99.9,90.6,1
Q00002549,C00038928,A036,2025-02-20,85.8,81.9,92.5,76.0,1
Q00002550,C00014304,A014,2025-03-06,89.9,90.2,93.9,88.2,1
Q00002551,C00027721,A026,2025-03-11,94.4,84.8,100.0,100.0,1
Q00002552,C00030733,A029,2025-01-22,99.9,100.0,100.0,100.0,1
Q00002553,C00079097,A073,2025-02-20,90.2,91.9,92.9,85.4,1
Q00002554,C00073276,A068,2025-02-28,82.0,82.6,84.0,72.9,1
Q00002555,C00063154,A059,2025-02-19,95.7,99.2,100.0,100.0,1
Q00002556,C00061157,A057,2025-03-10,85.3,90.6,82.9,91.3,1
Q00002557,C00013757,A013,2025-04-04,72.2,69.4,84.0,56.4,0
Q00002558,C00045573,A042,2025-02-19,75.1,80.3,90.0,81.1,0
Q00002559,C00050863,A047,2025-03-15,83.9,82.6,87.2,79.2,1
Q00002560,C00003126,A003,2025-04-01,89.4,96.8,85.4,93.9,1
Q00002561,C00034777,A032,2025-03-21,91.1,88.5,100.0,90.1,1
Q00002562,C00060493,A056,2025-03-30,86.8,85.2,92.3,83.8,1
Q00002563,C00019804,A020,2025-01-03,94.8,94.3,100.0,100.0,1
Q00002564,C00003800,A004,2025-03-07,78.1,79.9,74.4,89.6,0
Q00002565,C00024383,A023,2025-03-02,84.1,76.4,88.1,87.7,1
Q00002566,C00057807,A054,2025-01-23,89.0,90.4,84.2,94.3,1
Q00002567,C00025926,A025,2025-01-22,86.5,93.1,84.8,85.9,1
Q00002568,C00048263,A045,2025-01-04,79.1,73.7,74.6,71.9,0
Q00002569,C00078452,A072,2025-04-02,69.0,64.3,59.9,75.1,0
Q00002570,C00015872,A016,2025-02-01,81.2,70.2,81.2,87.5,0
Q00002571,C00016371,A016,2025-03-05,88.2,89.2,77.7,84.3,1
Q00002572,C00033682,A031,2025-03-30,87.9,89.5,87.2,93.9,1
Q00002573,C00034698,A032,2025-03-15,71.5,64.5,70.0,75.4,0
Q00002574,C00044879,A041,2025-03-10,98.7,95.1,100.0,91.7,1
Q00002575,C00031345,A029,2025-03-18,89.0,92.7,88.1,87.3,1
Q00002576,C00058535,A055,2025-01-11,65.4,58.1,64.6,66.2,0
Q00002577,C00011797,A011,2025-03-19,94.7,98.6,97.3,94.0,1
Q00002578,C00028926,A027,2025-03-07,100.0,100.0,100.0,100.0,1
Q00002579,C00023081,A022,2025-03-05,79.0,77.7,85.1,76.0,0
Q00002580,C00030714,A029,2025-01-18,78.4,77.0,79.5,87.0,0
Q00002581,C00010309,A010,2025-02-15,92.9,93.5,100.0,89.1,1
Q00002582,C00065220,A061,2025-02-05,96.3,91.9,93.8,100.0,1
Q00002583,C00032554,A031,2025-01-13,92.0,95.3,97.0,94.6,1
Q00002584,C00068026,A063,2025-03-29,83.0,84.9,79.5,84.4,1
Q00002585,C00049446,A046,2025-02-06,91.0,93.5,100.0,88.6,1
Q00002586,C00009238,A009,2025-02-20,77.5,77.1,81.8,80.4,0
Q00002587,C00051310,A048,2025-02-04,82.1,83.1,86.8,82.8,1
Q00002588,C00033031,A031,2025-02-17,87.6,93.0,82.6,83.3,1
Q00002589,C00062355,A058,2025-03-12,96.2,92.4,100.0,94.1,1
Q00002590,C00005375,A006,2025-01-24,93.8,91.2,94.7,100.0,1
Q00002591,C00068834,A064,2025-02-21,85.7,78.8,95.7,88.4,1
Q00002592,C00057183,A053,2025-02-22,88.6,82.3,81.2,92.6,1
Q00002593,C00078945,A073,2025-02-11,79.7,80.5,80.2,77.9,0
Q00002594,C00040872,A038,2025-01-23,96.8,93.4,90.1,100.0,1
Q00002595,C00032227,A030,2025-03-15,80.1,77.3,75.9,78.6,1
Q00002596,C00033171,A031,2025-02-25,76.3,77.0,75.3,73.2,0
Q00002597,C00041051,A038,2025-02-04,89.7,89.3,100.0,81.8,1
Q00002598,C00062000,A058,2025-02-22,87.8,93.8,96.4,93.4,1
Q00002599,C00072333,A067,2025-03-19,98.4,96.7,100.0,97.3,1
Q00002600,C00044220,A041,2025-01-06,82.8,77.9,85.4,86.9,1
Q00002601,C00020452,A020,2025-03-08,86.3,80.7,80.0,75.8,1
Q00002602,C00074433,A069,2025-03-09,91.4,80.5,81.5,86.5,1
Q00002603,C00045878,A042,2025-03-20,80.1,92.2,82.5,80.8,1
Q00002604,C00019923,A020,2025-01-20,77.0,78.3,77.4,67.9,0
Q00002605,C00056267,A052,2025-03-06,97.9,100.0,95.4,100.0,1
Q00002606,C00016142,A016,2025-02-16,91.0,94.2,88.9,82.3,1
Q00002607,C00054931,A051,2025-02-04,87.0,86.3,94.5,84.7,1
Q00002608,C00066604,A062,2025-03-21,99.7,96.9,92.4,93.8,1
Q00002609,C00045226,A042,2025-01-18,78.7,79.6,83.6,78.9,0
Q00002610,C00031926,A030,2025-02-17,89.7,88.1,91.9,93.4,1
Q00002611,C00063353,A059,2025-03-12,86.0,96.0,85.5,95.9,1
Q00002612,C00019849,A020,2025-01-12,87.8,94.4,83.5,95.9,1
Q00002613,C00006001,A006,2025-03-21,100.0,94.4,100.0,100.0,1
Q00002614,C00008518,A008,2025-03-13,76.9,75.3,85.9,80.4,0
Q00002615,C00059846,A056,2025-02-07,87.6,94.4,87.5,77.7,1
Q00002616,C00004337,A005,2025-01-25,80.1,90.1,81.3,84.6,1
Q00002617,C00016224,A016,2025-02-19,85.3,87.1,85.3,91.2,1
Q00002618,C00041032,A038,2025-02-06,81.4,75.5,92.1,84.0,1
Q00002619,C00051892,A048,2025-03-28,85.3,81.0,84.7,90.8,1
Q00002620,C00026465,A025,2025-03-07,90.2,83.8,81.2,86.6,1
Q00002621,C00002339,A003,2025-02-01,87.4,78.2,91.7,83.8,1
Q00002622,C00016581,A016,2025-03-15,93.4,88.4,100.0,95.4,1
Q00002623,C00023804,A023,2025-01-21,89.1,88.8,82.1,92.3,1
Q00002624,C00019254,A019,2025-02-19,89.2,84.9,80.5,84.8,1
Q00002625,C00007733,A008,2025-01-21,86.2,83.7,81.6,78.4,1
Q00002626,C00021583,A021,2025-02-19,88.8,87.4,94.4,92.0,1
Q00002627,C00050422,A047,2025-02-04,89.9,86.0,89.9,89.6,1
Q00002628,C00081701,A075,2025-02-15,93.2,87.0,96.2,100.0,1
Q00002629,C00040174,A037,2025-02-23,93.4,89.1,90.7,100.0,1
Q00002630,C00058791,A055,2025-02-01,83.9,95.3,90.1,88.7,1
Q00002631,C00013040,A013,2025-01-20,83.6,84.7,85.2,80.9,1
Q00002632,C00013960,A014,2025-01-24,80.8,81.7,81.9,76.8,1
Q00002633,C00048715,A045,2025-02-18,78.3,80.1,76.0,81.4,0
Q00002634,C00067373,A063,2025-02-15,87.0,88.5,89.4,98.3,1
Q00002635,C00006812,A007,2025-02-22,80.4,85.2,89.3,76.9,1
Q00002636,C00053301,A050,2025-01-05,89.6,95.5,96.6,78.7,1
Q00002637,C00054856,A051,2025-01-24,90.8,85.7,75.4,79.7,1
Q00002638,C00060703,A057,2025-01-23,72.8,75.6,77.0,68.1,0
Q00002639,C00011418,A011,2025-02-19,83.5,76.8,87.8,80.2,1
Q00002640,C00048500,A045,2025-01-28,76.8,79.3,85.6,83.6,0
Q00002641,C00041795,A038,2025-03-22,83.6,86.3,78.2,80.5,1
Q00002642,C00030040,A028,2025-02-21,80.5,74.7,73.4,73.0,0
Q00002643,C00038455,A036,2025-01-06,93.6,94.5,91.8,95.3,1
Q00002644,C00016414,A016,2025-03-07,90.6,91.1,89.0,92.4,1
Q00002645,C00080958,A074,2025-04-03,100.0,100.0,98.8,100.0,1
Q00002646,C00013869,A014,2025-01-16,95.1,96.2,94.5,100.0,1
Q00002647,C00023073,A022,2025-03-05,84.3,91.1,89.2,82.8,1
Q00002648,C00048741,A045,2025-02-20,93.4,100.0,87.3,90.5,1
Q00002649,C00076519,A071,2025-02-14,80.2,77.3,67.9,77.5,1
Q00002650,C00021697,A021,2025-02-26,95.0,95.8,93.6,100.0,1
Q00002651,C00036827,A034,2025-03-14,91.0,98.9,100.0,77.5,1
Q00002652,C00049497,A046,2025-02-03,90.0,91.7,95.7,94.4,1
Q00002653,C00081176,A075,2025-01-16,93.1,98.8,97.5,94.1,1
Q00002654,C00007970,A008,2025-02-06,88.2,97.4,95.4,94.6,1
Q00002655,C00054114,A050,2025-03-03,85.6,94.4,70.4,96.2,1
Q00002656,C00031952,A030,2025-02-22,83.8,83.4,79.7,90.7,1
Q00002657,C00028686,A027,2025-02-19,98.3,97.1,98.3,93.2,1
Q00002658,C00073860,A069,2025-01-09,89.6,90.8,88.1,84.2,1
Q00002659,C00053232,A049,2025-04-03,95.8,92.5,94.1,100.0,1
Q00002660,C00035621,A033,2025-03-04,76.4,85.9,63.7,87.4,0
Q00002661,C00039948,A037,2025-02-07,83.6,73.7,84.0,85.1,0
Q00002662,C00079418,A073,2025-03-19,98.1,94.9,94.7,93.1,1
Q00002663,C00018095,A018,2025-02-04,95.9,95.9,100.0,100.0,1
Q00002664,C00069753,A065,2025-02-12,90.9,92.9,87.6,88.2,1
Q00002665,C00037408,A035,2025-01-25,91.8,92.8,88.5,96.5,1
Q00002666,C00013144,A013,2025-01-31,87.9,78.1,90.7,93.7,1
Q00002667,C00045721,A042,2025-03-03,97.0,100.0,96.0,99.7,1
Q00002668,C00060345,A056,2025-03-17,82.5,77.6,78.3,71.3,1
Q00002669,C00065809,A061,2025-03-29,76.6,84.4,81.5,79.5,0
Q00002670,C00073644,A068,2025-03-30,91.2,99.2,90.1,85.6,1
Q00002671,C00031525,A030,2025-01-12,85.4,87.5,90.1,92.6,1
Q00002672,C00014705,A015,2025-01-16,94.1,94.7,97.0,100.0,1
Q00002673,C00064030,A060,2025-02-03,90.9,81.8,90.5,92.4,1
Q00002674,C00049868,A046,2025-03-17,81.1,87.8,84.0,72.9,1
Q00002675,C00011688,A011,2025-03-16,80.6,83.4,73.0,80.6,1
Q00002676,C00078127,A072,2025-03-06,93.2,94.5,100.0,95.7,1
Q00002677,C00038559,A036,2025-01-15,89.3,84.9,81.1,87.2,1
Q00002678,C00021077,A021,2025-01-18,90.9,93.9,93.6,99.8,1
Q00002679,C00056432,A052,2025-03-14,88.9,79.8,80.9,74.3,1
Q00002680,C00031382,A029,2025-03-29,77.7,72.3,71.9,75.9,0
Q00002681,C00012137,A012,2025-01-21,100.0,100.0,100.0,100.0,1
Q00002682,C00006822,A007,2025-02-19,86.0,79.2,86.7,83.3,1
Q00002683,C00079754,A074,2025-01-08,89.2,89.6,94.4,89.4,1
Q00002684,C00063099,A059,2025-02-18,80.4,77.3,83.6,82.4,1
Q00002685,C00027001,A026,2025-01-20,83.8,82.8,91.3,96.2,1
Q00002686,C00057489,A053,2025-03-27,91.6,91.8,100.0,82.4,1
Q00002687,C00063578,A059,2025-03-29,79.8,71.6,83.1,80.6,0
Q00002688,C00077846,A072,2025-02-18,79.3,78.5,86.9,75.6,0
Q00002689,C00004222,A005,2025-01-11,83.9,77.2,86.8,75.3,1
Q00002690,C00024098,A023,2025-02-15,88.8,86.9,85.5,94.8,1
Q00002691,C00020659,A020,2025-03-26,84.8,92.2,87.1,95.7,1
Q00002692,C00010686,A010,2025-03-16,80.2,84.3,86.0,72.0,1
Q00002693,C00007061,A007,2025-03-08,81.6,82.0,80.8,96.9,1
Q00002694,C00073690,A068,2025-03-30,79.3,96.5,80.6,78.5,0
Q00002695,C00048553,A045,2025-02-08,78.1,81.4,84.6,78.6,0
Q00002696,C00069271,A064,2025-03-25,79.8,68.1,72.7,71.8,0
Q00002697,C00009127,A009,2025-02-05,69.2,71.8,60.0,71.8,0
Q00002698,C00057652,A054,2025-01-12,91.6,91.9,100.0,93.7,1
Q00002699,C00023455,A022,2025-03-28,85.6,86.3,75.8,81.1,1
Q00002700,C00060976,A057,2025-02-17,81.2,71.9,81.4,84.8,0
Q00002701,C00078679,A073,2025-01-21,92.5,85.6,91.9,91.7,1
Q00002702,C00034465,A032,2025-02-25,89.3,84.3,91.9,90.4,1
Q00002703,C00003209,A003,2025-04-06,94.2,98.7,94.1,98.9,1
Q00002704,C00042069,A039,2025-01-09,79.6,83.6,84.5,85.4,0
Q00002705,C00067092,A063,2025-02-01,80.5,76.8,65.7,90.9,1
Q00002706,C00037813,A035,2025-02-26,87.0,85.6,86.3,79.3,1
Q00002707,C00010721,A010,2025-03-21,92.9,95.7,98.8,100.0,1
Q00002708,C00029022,A027,2025-03-09,100.0,100.0,85.7,100.0,1
Q00002709,C00052544,A049,2025-02-16,94.0,98.0,85.8,96.1,1
Q00002710,C00034060,A032,2025-01-24,85.1,88.4,87.6,85.4,1
Q00002711,C00003560,A004,2025-01-30,87.3,81.1,95.3,89.2,1
Q00002712,C00004506,A005,2025-02-01,82.9,89.2,75.8,76.3,1
Q00002713,C00060883,A057,2025-02-10,88.6,89.5,82.3,82.7,1
Q00002714,C00039297,A036,2025-03-10,75.5,73.6,86.8,68.6,0
Q00002715,C00028667,A027,2025-02-17,87.4,86.5,85.4,80.4,1
Q00002716,C00069292,A064,2025-03-26,83.5,76.1,82.7,73.9,1
Q00002717,C00030598,A028,2025-04-07,87.8,92.2,95.6,94.9,1
Q00002718,C00056210,A052,2025-02-24,73.6,75.5,76.0,65.6,0
Q00002719,C00071714,A067,2025-01-19,85.4,75.8,83.5,82.7,1
Q00002720,C00001042,A002,2025-01-10,71.6,72.5,63.6,59.8,0
Q00002721,C00080950,A074,2025-04-02,89.8,82.2,95.4,90.1,1
Q00002722,C00080052,A074,2025-01-28,87.4,90.5,89.8,100.0,1
Q00002723,C00047515,A044,2025-01-27,96.4,100.0,93.4,100.0,1
Q00002724,C00048462,A045,2025-02-01,88.5,99.1,83.9,96.1,1
Q00002725,C00002523,A003,2025-02-17,86.0,84.3,88.9,76.7,1
Q00002726,C00034383,A032,2025-02-21,82.2,81.0,87.4,96.3,1
Q00002727,C00059244,A055,2025-03-06,87.6,81.9,85.2,77.5,1
Q00002728,C00042039,A039,2025-01-09,95.1,87.8,100.0,92.4,1
Q00002729,C00071150,A066,2025-03-04,83.1,83.0,77.3,76.1,1
Q00002730,C00052181,A049,2025-01-23,99.2,95.7,100.0,100.0,1
Q00002731,C00007030,A007,2025-03-04,91.5,92.0,94.9,92.4,1
Q00002732,C00029940,A028,2025-02-11,76.5,75.3,74.4,74.8,0
Q00002733,C00065411,A061,2025-03-01,88.2,85.1,100.0,99.0,1
Q00002734,C00029420,A028,2025-01-04,87.7,90.6,88.4,96.0,1
Q00002735,C00003619,A004,2025-02-13,83.5,87.4,87.3,91.6,1
Q00002736,C00051896,A048,2025-03-31,90.5,82.1,89.8,84.9,1
Q00002737,C00012507,A012,2025-02-25,96.3,99.5,98.0,87.7,1
Q00002738,C00000348,A001,2025-02-09,87.0,92.1,93.2,90.6,1
Q00002739,C00008074,A008,2025-02-11,86.5,85.1,77.1,89.5,1
Q00002740,C00058296,A054,2025-03-11,83.2,75.8,82.6,87.8,1
Q00002741,C00046524,A043,2025-02-01,90.2,85.4,90.8,87.9,1
Q00002742,C00060298,A056,2025-03-18,88.8,91.2,90.6,77.5,1
Q00002743,C00007487,A008,2025-01-03,76.5,75.6,78.6,64.0,0
Q00002744,C00049638,A046,2025-02-20,79.8,76.2,72.0,79.6,0
Q00002745,C00028720,A027,2025-02-17,88.4,85.1,88.8,80.8,1
Q00002746,C00019892,A020,2025-01-14,90.3,89.2,90.2,84.9,1
Q00002747,C00044673,A041,2025-02-22,89.7,86.7,77.5,78.7,1
Q00002748,C00032241,A030,2025-03-14,90.0,89.0,89.7,92.1,1
Q00002749,C00053761,A050,2025-02-13,79.7,80.0,79.1,76.9,0
Q00002750,C00038345,A035,2025-03-29,78.4,88.4,77.8,76.9,0
Q00002751,C00010794,A010,2025-03-27,85.4,84.0,81.2,80.1,1
Q00002752,C00052578,A049,2025-02-21,99.1,100.0,90.5,95.0,1
Q00002753,C00024458,A023,2025-03-05,82.2,80.9,83.5,85.4,1
Q00002754,C00011405,A011,2025-02-14,92.2,95.9,91.3,89.5,1
Q00002755,C00050455,A047,2025-02-09,79.8,78.0,87.3,71.2,0
Q00002756,C00074946,A070,2025-01-17,83.0,84.4,78.0,73.1,1
Q00002757,C00005719,A006,2025-02-28,76.2,82.0,87.1,73.4,0
Q00002758,C00028584,A027,2025-02-12,91.4,95.2,93.2,90.9,1
Q00002759,C00002955,A003,2025-03-22,71.1,66.3,68.2,77.6,0
Q00002760,C00076185,A071,2025-01-18,82.4,74.3,79.2,95.5,0
Q00002761,C00052243,A049,2025-01-26,96.4,99.9,94.7,94.8,1
Q00002762,C00051211,A048,2025-01-19,86.8,84.8,80.4,82.2,1
Q00002763,C00008782,A008,2025-04-07,78.3,78.1,93.4,67.8,0
Q00002764,C00062265,A058,2025-03-04,86.2,95.1,96.4,82.7,1
Q00002765,C00005147,A005,2025-03-30,83.1,88.4,74.7,82.3,1
Q00002766,C00019314,A019,2025-02-23,96.1,93.6,94.3,88.6,1
Q00002767,C00067902,A063,2025-03-23,91.0,91.1,92.8,100.0,1
Q00002768,C00026630,A025,2025-03-22,89.6,90.8,94.3,78.8,1
Q00002769,C00037289,A035,2025-01-15,77.6,83.4,77.2,94.0,0
Q00002770,C00033716,A031,2025-04-02,96.1,94.1,98.0,93.4,1
Q00002771,C00074292,A069,2025-02-14,84.4,85.0,77.9,90.4,1
Q00002772,C00066299,A062,2025-02-22,85.5,80.5,78.8,92.4,1
Q00002773,C00080481,A074,2025-02-21,90.6,89.5,96.9,100.0,1
Q00002774,C00067044,A063,2025-01-22,79.0,77.2,67.5,70.0,0
Q00002775,C00023752,A023,2025-01-21,86.0,90.6,73.6,93.6,1
Q00002776,C00038387,A035,2025-04-06,87.7,82.7,97.1,80.1,1
Q00002777,C00037017,A034,2025-03-30,86.3,76.0,96.0,77.0,1
Q00002778,C00019437,A019,2025-03-01,77.4,78.6,79.1,83.4,0
Q00002779,C00016116,A016,2025-02-12,88.3,92.1,94.8,84.4,1
Q00002780,C00052973,A049,2025-03-21,93.1,88.1,100.0,83.6,1
Q00002781,C00073707,A068,2025-03-29,73.4,76.7,64.2,66.6,0
Q00002782,C00003212,A003,2025-03-31,93.9,92.8,100.0,100.0,1
Q00002783,C00024129,A023,2025-02-11,80.2,79.8,83.1,98.5,1
Q00002784,C00056537,A052,2025-03-23,82.7,80.1,92.1,76.3,1
Q00002785,C00030862,A029,2025-01-30,72.8,75.4,85.0,58.1,0
Q00002786,C00062457,A058,2025-03-19,85.3,83.2,72.0,88.4,1
Q00002787,C00078870,A073,2025-01-30,93.1,93.8,97.8,99.7,1
Q00002788,C00053608,A050,2025-01-29,87.1,83.1,91.6,78.4,1
Q00002789,C00057903,A054,2025-02-07,84.9,88.3,83.6,82.1,1
Q00002790,C00040213,A037,2025-03-06,90.4,88.0,95.6,86.3,1
Q00002791,C00063515,A059,2025-04-02,84.4,86.5,86.1,62.3,1
Q00002792,C00022863,A022,2025-02-18,93.2,86.9,92.5,100.0,1
Q00002793,C00071633,A067,2025-01-14,81.4,76.4,79.3,90.0,1
Q00002794,C00004383,A005,2025-01-25,86.8,86.1,90.9,81.7,1
Q00002795,C00013971,A014,2025-01-29,95.3,92.3,86.0,95.0,1
Q00002796,C00034993,A032,2025-04-02,81.5,81.6,66.4,82.6,1
Q00002797,C00003273,A004,2025-01-08,95.7,94.3,83.2,100.0,1
Q00002798,C00074933,A070,2025-01-18,94.2,100.0,96.2,74.2,1
Q00002799,C00060155,A056,2025-03-04,81.7,76.4,82.4,77.0,1
Q00002800,C00012466,A012,2025-02-26,95.6,97.9,87.7,91.2,1
Q00002801,C00062817,A059,2025-01-14,78.6,85.6,75.8,79.6,0
Q00002802,C00041626,A038,2025-03-13,89.2,84.9,98.9,89.7,1
Q00002803,C00040667,A038,2025-01-12,82.2,81.7,68.0,70.6,1
Q00002804,C00058738,A055,2025-01-26,81.9,79.6,98.3,94.9,1
Q00002805,C00002299,A003,2025-01-25,84.7,86.9,81.6,76.0,1
Q00002806,C00074150,A069,2025-02-12,84.1,78.4,81.3,83.7,1
Q00002807,C00020902,A021,2025-01-11,87.3,80.3,96.9,84.1,1
Q00002808,C00004294,A005,2025-01-19,84.7,87.0,89.7,94.3,1
Q00002809,C00059028,A055,2025-02-15,83.9,81.7,97.6,84.8,1
Q00002810,C00065891,A062,2025-01-13,86.1,91.1,87.4,76.0,1
Q00002811,C00078508,A073,2025-01-10,84.8,84.7,70.9,90.7,1
Q00002812,C00027636,A026,2025-03-09,86.0,88.5,80.6,93.1,1
Q00002813,C00050750,A047,2025-03-10,83.2,82.6,82.3,79.6,1
Q00002814,C00022655,A022,2025-02-06,85.2,77.5,84.8,90.1,1
Q00002815,C00016265,A016,2025-02-20,84.5,84.1,81.2,90.5,1
Q00002816,C00080413,A074,2025-02-19,97.2,98.8,96.3,94.0,1
Q00002817,C00036228,A034,2025-01-28,80.4,85.0,77.9,74.6,1
Q00002818,C00069163,A064,2025-03-14,95.4,80.7,91.8,100.0,1
Q00002819,C00080851,A074,2025-03-22,79.6,77.3,82.8,80.9,0
Q00002820,C00028093,A027,2025-01-09,89.6,97.5,93.7,91.1,1
Q00002821,C00063548,A059,2025-03-27,84.5,81.0,87.6,92.6,1
Q00002822,C00054551,A050,2025-03-31,89.3,85.3,75.8,87.8,1
Q00002823,C00008429,A008,2025-03-11,85.1,91.0,91.1,80.0,1
Q00002824,C00022861,A022,2025-02-13,83.8,91.6,80.0,76.9,1
Q00002825,C00041879,A038,2025-03-30,92.3,93.7,89.8,83.6,1
Q00002826,C00048765,A045,2025-02-26,78.1,73.1,84.0,79.1,0
Q00002827,C00062598,A058,2025-04-01,89.2,90.7,85.6,88.1,1
Q00002828,C00037407,A035,2025-01-30,89.0,90.2,99.4,95.6,1
Q00002829,C00043434,A040,2025-01-20,71.9,71.1,87.7,74.2,0
Q00002830,C00004080,A004,2025-03-29,75.7,80.6,83.0,72.0,0
Q00002831,C00021679,A021,2025-03-01,100.0,100.0,96.5,82.7,1
Q00002832,C00058287,A054,2025-03-12,87.0,76.9,90.9,88.7,1
Q00002833,C00050413,A047,2025-01-31,82.5,87.9,72.6,76.4,1
Q00002834,C00069413,A064,2025-04-06,91.5,93.7,89.1,90.6,1
Q00002835,C00025984,A025,2025-01-27,91.4,100.0,92.0,100.0,1
Q00002836,C00045315,A042,2025-01-27,82.2,79.1,82.9,70.5,1
Q00002837,C00058378,A054,2025-03-21,89.6,86.6,97.6,89.4,1
Q00002838,C00077883,A072,2025-02-22,86.9,85.7,85.8,94.9,1
Q00002839,C00030543,A028,2025-03-27,82.2,79.1,83.1,85.8,1
Q00002840,C00002212,A003,2025-01-20,76.2,83.2,79.3,80.8,0
Q00002841,C00052214,A049,2025-01-28,93.1,93.3,99.1,98.6,1
Q00002842,C00015216,A015,2025-03-05,96.7,87.4,100.0,99.8,1
Q00002843,C00022687,A022,2025-02-03,70.5,73.6,69.0,76.4,0
Q00002844,C00010980,A011,2025-01-05,88.8,94.6,90.4,94.1,1
Q00002845,C00007781,A008,2025-01-21,82.9,81.2,86.6,75.8,1
Q00002846,C00067238,A063,2025-02-04,82.6,68.8,78.7,75.6,0
Q00002847,C00020826,A021,2025-01-05,87.8,78.0,80.9,84.1,1
Q00002848,C00002030,A003,2025-01-12,85.1,88.6,83.3,77.4,1
Q00002849,C00004511,A005,2025-02-04,83.6,78.8,83.0,90.0,1
Q00002850,C00043906,A040,2025-03-07,72.2,75.5,62.8,77.0,0
Q00002851,C00058328,A054,2025-03-10,89.9,95.2,81.2,81.8,1
Q00002852,C00036384,A034,2025-02-12,75.3,64.2,82.4,80.7,0
Q00002853,C00029998,A028,2025-02-16,89.6,87.8,85.9,81.0,1
Q00002854,C00043178,A039,2025-03-29,92.0,91.3,91.6,85.0,1
Q00002855,C00045916,A042,2025-03-26,89.1,89.7,89.5,88.8,1
Q00002856,C00003338,A004,2025-01-10,78.2,82.1,88.3,88.6,0
Q00002857,C00077343,A072,2025-01-10,83.7,87.7,77.9,90.7,1
Q00002858,C00051640,A048,2025-03-08,79.4,80.2,81.5,89.7,0
Q00002859,C00002115,A003,2025-01-17,88.6,95.2,88.6,80.5,1
Q00002860,C00055632,A052,2025-01-10,86.5,93.0,83.3,78.9,1
Q00002861,C00008307,A008,2025-03-01,91.0,97.2,87.0,100.0,1
Q00002862,C00039398,A036,2025-03-21,90.0,86.2,93.7,85.5,1
Q00002863,C00036586,A034,2025-02-27,91.1,96.5,89.3,92.0,1
Q00002864,C00061042,A057,2025-02-27,90.1,86.2,88.7,85.2,1
Q00002865,C00069668,A065,2025-01-29,81.4,85.9,80.5,80.7,1
Q00002866,C00014110,A014,2025-02-14,85.9,80.0,87.4,91.5,1
Q00002867,C00007118,A007,2025-03-12,92.6,92.3,100.0,89.9,1
Q00002868,C00076883,A071,2025-03-05,80.2,87.4,82.6,86.3,1
Q00002869,C00080179,A074,2025-02-05,88.9,89.0,84.9,86.5,1
Q00002870,C00045145,A042,2025-01-04,93.2,95.2,100.0,88.0,1
Q00002871,C00019285,A019,2025-02-15,76.6,70.8,77.5,79.0,0
Q00002872,C00019828,A020,2025-01-14,87.3,93.4,95.3,79.1,1
Q00002873,C00020789,A020,2025-04-05,81.4,80.8,80.7,84.2,1
Q00002874,C00036018,A034,2025-01-14,73.6,66.7,73.0,67.6,0
Q00002875,C00028373,A027,2025-01-24,91.2,90.3,91.8,100.0,1
Q00002876,C00062606,A058,2025-04-01,82.1,81.9,86.5,83.2,1
Q00002877,C00036457,A034,2025-02-14,89.0,92.5,85.6,86.2,1
Q00002878,C00044497,A041,2025-02-05,80.5,80.1,85.3,84.1,1
Q00002879,C00037620,A035,2025-02-08,88.9,95.2,80.5,79.4,1
Q00002880,C00025414,A024,2025-03-04,93.5,93.3,85.7,94.9,1
Q00002881,C00043501,A040,2025-01-21,92.8,95.0,92.8,100.0,1
Q00002882,C00000544,A001,2025-02-27,83.0,85.4,77.5,88.2,1
Q00002883,C00070290,A065,2025-03-29,93.2,92.4,91.1,90.4,1
Q00002884,C00063256,A059,2025-03-03,84.1,85.5,79.1,80.5,1
Q00002885,C00054925,A051,2025-02-05,88.1,90.2,95.0,79.9,1
Q00002886,C00019932,A020,2025-01-20,85.7,77.2,93.4,84.9,1
Q00002887,C00072768,A068,2025-01-27,75.4,79.9,74.0,81.1,0
Q00002888,C00059049,A055,2025-02-19,83.0,83.9,78.7,76.2,1
Q00002889,C00006569,A007,2025-02-02,83.9,77.2,85.3,73.1,1
Q00002890,C00055642,A052,2025-01-17,91.3,91.5,91.5,96.2,1
Q00002891,C00005432,A006,2025-01-25,75.7,74.5,81.6,80.6,0
Q00002892,C00036400,A034,2025-02-13,77.9,80.4,75.9,67.6,0
Q00002893,C00080786,A074,2025-03-17,87.6,85.9,82.3,82.2,1
Q00002894,C00031691,A030,2025-01-29,84.4,91.7,74.1,84.6,1
Q00002895,C00044372,A041,2025-01-19,87.3,93.4,93.5,90.8,1
Q00002896,C00081709,A075,2025-02-14,100.0,100.0,100.0,100.0,1
Q00002897,C00078339,A072,2025-03-21,96.0,86.3,100.0,100.0,1
Q00002898,C00013535,A013,2025-03-12,87.7,85.6,89.0,94.2,1
Q00002899,C00041884,A038,2025-04-03,88.4,89.5,90.3,87.5,1
Q00002900,C00024386,A023,2025-03-05,85.0,84.6,86.6,74.5,1
Q00002901,C00074548,A069,2025-03-14,81.5,76.9,67.1,90.2,1
Q00002902,C00016459,A016,2025-03-12,88.5,99.0,88.6,82.5,1
Q00002903,C00011824,A011,2025-03-23,79.8,76.3,76.7,76.7,0
Q00002904,C00052741,A049,2025-03-07,84.5,84.4,88.1,83.8,1
Q00002905,C00068615,A064,2025-02-08,77.7,80.3,81.9,63.6,0
Q00002906,C00017877,A018,2025-01-17,91.9,90.6,91.8,86.3,1
Q00002907,C00056753,A053,2025-01-08,72.6,75.3,69.2,64.0,0
Q00002908,C00040805,A038,2025-01-20,80.5,85.3,86.0,85.8,1
Q00002909,C00000921,A001,2025-03-31,100.0,100.0,100.0,100.0,1
Q00002910,C00059481,A055,2025-04-01,89.9,98.7,90.5,97.5,1
Q00002911,C00041901,A038,2025-03-28,75.6,75.4,76.1,84.1,0
Q00002912,C00054483,A050,2025-04-01,72.0,67.5,64.9,77.3,0
Q00002913,C00030830,A029,2025-02-02,82.9,82.1,87.6,92.6,1
Q00002914,C00007616,A008,2025-01-11,79.8,81.5,65.6,82.7,0
Q00002915,C00035877,A033,2025-03-23,88.8,91.0,88.7,93.0,1
Q00002916,C00005450,A006,2025-01-28,82.6,78.0,85.7,59.2,1
Q00002917,C00015394,A015,2025-03-27,73.2,72.1,73.8,58.2,0
Q00002918,C00021794,A021,2025-03-06,86.2,91.1,78.1,88.5,1
Q00002919,C00080247,A074,2025-02-15,82.0,80.7,86.6,90.8,1
Q00002920,C00031046,A029,2025-02-25,86.2,84.0,78.1,86.8,1
Q00002921,C00032093,A030,2025-03-03,74.7,73.8,73.5,77.7,0
Q00002922,C00029240,A027,2025-03-22,76.1,79.8,69.5,77.5,0
Q00002923,C00001762,A002,2025-03-19,77.4,79.6,80.0,85.4,0
Q00002924,C00061737,A058,2025-02-01,86.5,93.8,81.6,94.2,1
Q00002925,C00033500,A031,2025-03-20,83.9,84.6,84.0,84.8,1
Q00002926,C00056819,A053,2025-01-17,93.8,95.8,90.8,100.0,1
Q00002927,C00000809,A001,2025-03-22,90.8,87.5,93.5,99.1,1
Q00002928,C00006400,A007,2025-01-22,84.4,87.2,78.1,82.1,1
Q00002929,C00076448,A071,2025-02-06,77.0,83.4,79.7,69.8,0
Q00002930,C00034635,A032,2025-03-12,84.3,76.0,87.9,84.3,1
Q00002931,C00010320,A010,2025-02-20,86.5,82.7,92.2,89.0,1
Q00002932,C00026517,A025,2025-03-17,75.4,76.6,64.2,78.0,0
Q00002933,C00080744,A074,2025-03-18,80.0,77.5,76.6,70.9,0
Q00002934,C00001156,A002,2025-01-19,78.8,76.8,80.1,83.2,0
Q00002935,C00036443,A034,2025-02-12,89.1,89.5,94.4,86.8,1
Q00002936,C00002722,A003,2025-02-28,80.0,81.0,86.0,85.6,0
Q00002937,C00000455,A001,2025-02-16,94.6,93.7,97.3,82.0,1
Q00002938,C00076304,A071,2025-01-27,93.3,90.9,94.4,93.5,1
Q00002939,C00069005,A064,2025-03-07,94.7,91.3,91.2,97.2,1
Q00002940,C00041893,A038,2025-03-31,93.3,87.4,98.4,97.1,1
Q00002941,C00027832,A026,2025-03-22,76.0,73.1,75.6,77.9,0
Q00002942,C00076114,A071,2025-01-16,96.5,98.1,81.7,90.5,1
Q00002943,C00081965,A075,2025-03-06,87.3,92.1,91.5,85.4,1
Q00002944,C00025418,A024,2025-03-01,85.8,80.0,89.4,94.6,1
Q00002945,C00073448,A068,2025-03-13,81.6,86.7,81.4,82.7,1
Q00002946,C00077224,A072,2025-01-08,89.2,92.0,91.8,91.0,1
Q00002947,C00007876,A008,2025-01-29,79.0,77.8,72.9,73.8,0
Q00002948,C00065823,A061,2025-04-08,85.6,94.0,83.4,88.7,1
Q00002949,C00000731,A001,2025-03-18,90.3,92.3,81.3,78.5,1
Q00002950,C00013416,A013,2025-03-05,90.7,91.2,95.5,91.9,1
Q00002951,C00025097,A024,2025-01-27,96.0,94.6,89.6,92.2,1
Q00002952,C00056646,A052,2025-04-03,97.8,93.9,100.0,97.9,1
Q00002953,C00014168,A014,2025-02-18,91.1,79.8,86.2,90.3,1
Q00002954,C00041205,A038,2025-02-11,91.6,95.2,90.4,83.8,1
Q00002955,C00071027,A066,2025-02-28,79.2,80.1,79.7,75.0,0
Q00002956,C00005135,A005,2025-04-03,78.7,86.6,81.2,83.9,0
Q00002957,C00008530,A008,2025-03-17,84.1,78.0,89.3,84.7,1
Q00002958,C00008843,A009,2025-01-10,73.0,73.4,76.0,61.7,0
Q00002959,C00026097,A025,2025-02-06,94.3,98.0,98.0,94.9,1
Q00002960,C00038129,A035,2025-03-15,89.2,100.0,94.8,86.0,1
Q00002961,C00075894,A070,2025-03-22,94.2,95.7,99.0,96.8,1
Q00002962,C00035643,A033,2025-03-06,90.6,93.5,97.7,83.2,1
Q00002963,C00034265,A032,2025-02-06,76.3,76.1,84.4,80.4,0
Q00002964,C00029724,A028,2025-01-28,82.8,75.5,81.7,84.5,1
Q00002965,C00024574,A023,2025-03-18,93.2,98.3,91.5,88.3,1
Q00002966,C00067835,A063,2025-03-22,95.2,94.9,92.2,96.3,1
Q00002967,C00029078,A027,2025-03-17,90.7,95.8,97.9,93.2,1
Q00002968,C00043448,A040,2025-01-19,65.9,58.7,73.2,72.7,0
Q00002969,C00055556,A052,2025-01-11,86.2,90.9,73.2,89.8,1
Q00002970,C00070079,A065,2025-03-11,89.5,92.2,95.6,97.8,1
Q00002971,C00002340,A003,2025-01-31,87.6,88.6,87.1,83.9,1
Q00002972,C00051975,A049,2025-01-10,77.3,76.1,80.7,65.2,0
Q00002973,C00043483,A040,2025-01-24,88.9,81.9,91.5,96.0,1
Q00002974,C00059620,A056,2025-01-13,92.7,94.7,95.9,93.8,1
Q00002975,C00023680,A023,2025-01-17,97.4,95.8,100.0,95.5,1
Q00002976,C00037528,A035,2025-02-02,93.9,98.3,87.0,89.0,1
Q00002977,C00001521,A002,2025-02-21,88.6,89.4,97.6,92.8,1
Q00002978,C00073637,A068,2025-04-02,83.5,83.4,91.1,89.3,1
Q00002979,C00080490,A074,2025-02-26,93.4,86.7,99.2,94.1,1
Q00002980,C00001854,A002,2025-03-23,88.0,82.7,92.9,78.0,1
Q00002981,C00016358,A016,2025-03-01,89.1,85.5,76.3,100.0,1
Q00002982,C00079745,A074,2025-01-14,87.1,87.1,85.6,76.3,1
Q00002983,C00019661,A019,2025-03-26,92.2,100.0,86.8,90.8,1
Q00002984,C00015467,A015,2025-03-29,97.8,97.0,90.4,90.2,1
Q00002985,C00031993,A030,2025-02-22,79.8,76.9,85.9,72.1,0
Q00002986,C00070480,A066,2025-01-15,73.9,79.1,79.9,76.6,0
Q00002987,C00062299,A058,2025-03-07,87.9,90.1,95.5,86.4,1
Q00002988,C00061730,A058,2025-02-03,89.6,89.5,85.1,98.2,1
Q00002989,C00029460,A028,2025-01-09,82.1,81.3,82.8,83.5,1
Q00002990,C00014171,A014,2025-02-16,98.2,100.0,100.0,100.0,1
Q00002991,C00038435,A036,2025-01-05,73.9,75.1,76.6,80.3,0
Q00002992,C00059182,A055,2025-03-03,87.0,87.8,90.0,90.6,1
Q00002993,C00066931,A063,2025-01-10,82.7,81.9,85.3,94.1,1
Q00002994,C00038405,A036,2025-01-04,79.0,69.2,94.8,81.7,0
Q00002995,C00063481,A059,2025-03-20,75.0,72.9,71.6,84.3,0
Q00002996,C00002330,A003,2025-01-24,94.3,89.4,96.4,91.3,1
Q00002997,C00070223,A065,2025-03-21,83.0,83.1,85.7,88.5,1
Q00002998,C00043048,A039,2025-03-23,97.2,96.5,96.7,97.6,1
Q00002999,C00070082,A065,2025-03-14,90.8,84.6,92.6,92.1,1
Q00003000,C00081408,A075,2025-01-29,87.8,71.5,86.2,85.7,0
Q00003001,C00036965,A034,2025-03-21,87.1,91.3,91.5,89.4,1
Q00003002,C00058305,A054,2025-03-08,77.4,66.0,75.9,72.8,0
Q00003003,C00061052,A057,2025-03-04,82.3,85.9,79.8,66.8,1
Q00003004,C00042781,A039,2025-03-08,80.4,86.1,79.6,77.1,1
Q00003005,C00019583,A019,2025-03-18,85.5,83.5,98.3,92.0,1
Q00003006,C00003290,A004,2025-01-08,97.6,100.0,99.1,100.0,1
Q00003007,C00025972,A025,2025-01-24,94.7,92.2,94.7,90.4,1
Q00003008,C00067355,A063,2025-02-08,93.4,88.8,87.6,79.5,1
Q00003009,C00050381,A047,2025-02-03,76.7,79.6,75.0,74.9,0
Q00003010,C00064457,A060,2025-02-26,76.2,87.3,82.0,71.0,0
Q00003011,C00056206,A052,2025-02-22,87.4,89.5,83.6,90.0,1
Q00003012,C00063491,A059,2025-03-26,92.4,92.3,91.4,82.3,1
Q00003013,C00073246,A068,2025-02-27,93.5,97.0,73.2,94.8,1
Q00003014,C00059013,A055,2025-02-13,96.3,96.0,90.3,100.0,1
Q00003015,C00066699,A062,2025-03-27,89.2,90.3,81.7,95.2,1
Q00003016,C00052457,A049,2025-02-04,88.6,83.7,93.6,89.0,1
Q00003017,C00034853,A032,2025-03-21,91.0,95.5,81.3,100.0,1
Q00003018,C00063267,A059,2025-03-05,82.3,84.6,82.1,70.8,1
Q00003019,C00004644,A005,2025-02-14,88.5,84.6,94.7,87.4,1
Q00003020,C00055854,A052,2025-01-29,98.4,100.0,95.5,100.0,1
Q00003021,C00026862,A026,2025-01-11,81.1,80.7,85.0,80.1,1
Q00003022,C00036546,A034,2025-02-20,80.7,90.4,83.0,85.4,1
Q00003023,C00012080,A012,2025-01-16,94.2,100.0,93.7,100.0,1
Q00003024,C00012383,A012,2025-02-19,75.8,70.5,78.0,71.9,0
Q00003025,C00053927,A050,2025-02-20,90.3,87.4,84.0,88.5,1
Q00003026,C00074924,A070,2025-01-17,94.6,99.4,91.7,84.9,1
Q00003027,C00003715,A004,2025-02-21,100.0,100.0,100.0,100.0,1
Q00003028,C00062660,A058,2025-04-06,78.1,73.6,72.5,67.3,0
Q00003029,C00012641,A012,2025-03-08,82.4,80.2,84.0,73.1,1
Q00003030,C00047956,A044,2025-03-09,79.2,71.4,88.6,77.5,0
Q00003031,C00035246,A033,2025-01-30,78.4,78.3,74.2,75.6,0
Q00003032,C00075017,A070,2025-01-24,97.9,95.6,100.0,98.7,1
Q00003033,C00048957,A045,2025-03-18,82.3,82.5,88.6,82.8,1
Q00003034,C00074308,A069,2025-02-19,91.0,95.4,80.9,94.2,1
Q00003035,C00045241,A042,2025-01-17,97.0,88.1,100.0,87.2,1
Q00003036,C00026277,A025,2025-02-22,80.7,75.3,76.7,80.9,1
Q00003037,C00034266,A032,2025-02-09,77.3,75.0,76.1,75.6,0
Q00003038,C00064683,A060,2025-03-16,86.2,85.9,72.1,100.0,1
Q00003039,C00036731,A034,2025-03-05,95.6,91.3,99.5,94.7,1
Q00003040,C00053337,A050,2025-01-11,70.0,69.0,78.7,76.7,0
Q00003041,C00065623,A061,2025-03-20,77.0,83.2,68.1,75.9,0
Q00003042,C00022374,A022,2025-01-14,86.4,74.9,87.2,84.2,0
Q00003043,C00075592,A070,2025-03-04,92.1,100.0,87.3,94.3,1
Q00003044,C00022187,A021,2025-04-04,77.6,75.1,80.9,91.0,0
Q00003045,C00068593,A064,2025-02-06,92.2,100.0,90.3,90.9,1
Q00003046,C00030063,A028,2025-03-01,86.7,92.2,86.5,86.4,1
Q00003047,C00064938,A061,2025-01-09,85.0,82.9,82.3,95.9,1
Q00003048,C00057497,A053,2025-03-28,83.2,85.1,87.9,87.1,1
Q00003049,C00020409,A020,2025-03-05,90.5,87.2,91.1,83.8,1
Q00003050,C00061790,A058,2025-02-07,97.5,98.4,94.8,100.0,1
Q00003051,C00028853,A027,2025-03-02,74.3,73.8,72.6,82.3,0
Q00003052,C00005620,A006,2025-02-12,79.6,87.8,81.8,81.0,0
Q00003053,C00001802,A002,2025-03-22,92.6,93.7,87.4,94.6,1
Q00003054,C00026997,A026,2025-01-20,77.8,75.1,75.1,77.4,0
Q00003055,C00060538,A057,2025-01-09,85.0,86.5,83.0,83.5,1
Q00003056,C00035411,A033,2025-02-09,87.6,92.5,95.3,89.9,1
Q00003057,C00070755,A066,2025-02-06,94.5,100.0,93.0,91.8,1
Q00003058,C00045655,A042,2025-02-24,88.0,89.9,91.2,87.8,1
Q00003059,C00035744,A033,2025-03-13,87.5,84.7,87.5,92.1,1
Q00003060,C00011100,A011,2025-01-18,88.9,93.8,78.4,91.7,1
Q00003061,C00079927,A074,2025-01-26,97.7,98.4,96.6,100.0,1
Q00003062,C00013292,A013,2025-02-13,81.1,85.8,83.6,73.9,1
Q00003063,C00041677,A038,2025-03-16,71.4,74.3,75.8,64.6,0
Q00003064,C00067386,A063,2025-02-14,97.7,93.1,98.3,95.2,1
Q00003065,C00026259,A025,2025-02-20,91.7,87.6,95.1,90.2,1
Q00003066,C00058935,A055,2025-02-09,88.3,80.8,93.0,100.0,1
Q00003067,C00040900,A038,2025-01-23,86.2,80.1,81.5,79.8,1
Q00003068,C00007771,A008,2025-01-21,72.9,68.6,68.8,72.5,0
Q00003069,C00076276,A071,2025-01-21,82.3,84.5,77.5,74.4,1
Q00003070,C00007520,A008,2025-01-11,85.3,81.1,88.5,73.1,1
Q00003071,C00023677,A023,2025-01-14,74.0,70.8,78.7,70.7,0
Q00003072,C00072239,A067,2025-03-13,84.1,84.8,88.1,89.0,1
Q00003073,C00029230,A027,2025-03-21,85.4,91.5,89.0,67.9,1
Q00003074,C00033438,A031,2025-03-12,92.5,94.7,85.4,90.5,1
Q00003075,C00050444,A047,2025-02-05,89.8,77.4,84.3,86.0,1
Q00003076,C00022390,A022,2025-01-14,91.0,85.8,89.0,85.8,1
Q00003077,C00004220,A005,2025-01-08,92.2,91.4,98.9,95.4,1
Q00003078,C00056017,A052,2025-02-09,99.7,100.0,100.0,90.1,1
Q00003079,C00079082,A073,2025-02-19,92.8,90.5,88.9,89.5,1
Q00003080,C00032367,A030,2025-03-27,91.7,84.5,98.3,88.9,1
Q00003081,C00070145,A065,2025-03-14,86.3,91.8,82.5,97.0,1
Q00003082,C00042442,A039,2025-02-13,82.2,76.7,82.1,80.0,1
Q00003083,C00053846,A050,2025-02-11,90.1,95.7,83.6,90.0,1
Q00003084,C00080257,A074,2025-02-13,94.8,96.1,96.3,84.4,1
Q00003085,C00020315,A020,2025-02-23,86.7,85.9,83.7,90.0,1
Q00003086,C00079889,A074,2025-01-22,79.0,73.3,80.1,77.8,0
Q00003087,C00005047,A005,2025-03-22,86.4,87.7,86.6,77.9,1
Q00003088,C00013438,A013,2025-03-02,79.9,79.9,75.2,87.3,0
Q00003089,C00057611,A054,2025-01-07,73.4,76.6,73.9,70.4,0
Q00003090,C00057734,A054,2025-01-19,79.1,76.2,79.3,86.5,0
Q00003091,C00053019,A049,2025-03-18,98.0,96.7,100.0,97.2,1
Q00003092,C00010525,A010,2025-03-02,86.6,91.5,82.1,89.7,1
Q00003093,C00072417,A067,2025-04-03,79.4,67.4,82.8,77.3,0
Q00003094,C00042725,A039,2025-02-28,92.0,89.2,90.8,86.4,1
Q00003095,C00039357,A036,2025-03-15,92.5,91.8,92.6,73.5,1
Q00003096,C00036530,A034,2025-02-17,80.3,74.6,87.9,74.7,0
Q00003097,C00075252,A070,2025-02-09,81.7,74.9,78.5,67.2,0
Q00003098,C00056642,A052,2025-04-03,86.6,94.1,82.6,86.6,1
Q00003099,C00006017,A006,2025-03-26,81.7,83.5,85.8,69.4,1
Q00003100,C00048669,A045,2025-02-17,87.7,86.3,87.8,100.0,1
Q00003101,C00072886,A068,2025-02-05,90.7,83.8,88.6,100.0,1
Q00003102,C00004109,A004,2025-04-03,85.9,85.8,86.2,84.1,1
Q00003103,C00035027,A032,2025-04-05,79.6,75.4,78.9,75.8,0
Q00003104,C00072529,A068,2025-01-11,96.6,100.0,96.3,86.3,1
Q00003105,C00016765,A016,2025-04-04,89.5,85.4,94.0,91.5,1
Q00003106,C00043680,A040,2025-02-07,83.0,78.4,81.9,82.7,1
Q00003107,C00053012,A049,2025-03-20,84.5,82.0,78.6,86.3,1
Q00003108,C00056778,A053,2025-01-13,76.7,78.9,75.9,88.9,0
Q00003109,C00008599,A008,2025-03-22,91.9,100.0,85.2,86.9,1
Q00003110,C00002181,A003,2025-01-18,71.0,73.6,61.5,91.8,0
Q00003111,C00011799,A011,2025-03-21,69.6,68.5,68.9,63.3,0
Q00003112,C00044375,A041,2025-01-19,81.5,78.4,80.7,75.2,1
Q00003113,C00017077,A017,2025-02-02,86.0,85.6,91.7,91.2,1
Q00003114,C00078645,A073,2025-01-18,91.5,89.8,92.6,86.7,1
Q00003115,C00054193,A050,2025-03-12,85.7,81.4,90.8,87.1,1
Q00003116,C00057995,A054,2025-02-15,80.6,70.2,78.9,89.5,0
Q00003117,C00000986,A001,2025-03-29,81.2,86.5,83.4,73.9,1
Q00003118,C00004469,A005,2025-01-30,84.3,88.5,82.5,77.2,1
Q00003119,C00073680,A068,2025-03-30,88.7,100.0,94.1,82.4,1
Q00003120,C00053537,A050,2025-01-25,83.8,84.4,75.2,71.1,1
Q00003121,C00023047,A022,2025-03-03,85.6,96.7,96.6,91.7,1
Q00003122,C00025768,A025,2025-01-07,90.0,85.8,81.0,87.1,1
Q00003123,C00026701,A025,2025-03-31,84.9,89.3,82.3,74.0,1
Q00003124,C00033132,A031,2025-02-21,88.6,95.6,87.7,84.8,1
Q00003125,C00016312,A016,2025-03-02,97.9,100.0,100.0,100.0,1
Q00003126,C00038201,A035,2025-03-19,85.5,91.6,89.6,85.8,1
Q00003127,C00074844,A070,2025-01-17,85.5,88.2,91.2,79.8,1
Q00003128,C00067514,A063,2025-02-21,97.9,97.9,100.0,93.5,1
Q00003129,C00040428,A037,2025-03-28,81.6,85.3,85.3,79.0,1
Q00003130,C00081249,A075,2025-01-22,87.0,86.6,82.6,67.7,1
Q00003131,C00047095,A043,2025-03-21,100.0,93.7,100.0,100.0,1
Q00003132,C00073047,A068,2025-02-11,94.2,89.8,82.1,92.1,1
Q00003133,C00057847,A054,2025-01-30,80.3,77.2,82.2,79.3,1
Q00003134,C00003058,A003,2025-03-27,87.2,89.4,85.5,77.0,1
Q00003135,C00059113,A055,2025-02-25,91.8,83.4,98.0,98.8,1
Q00003136,C00078075,A072,2025-03-06,77.5,81.2,86.8,72.9,0
Q00003137,C00029326,A027,2025-03-31,98.5,95.9,96.6,83.0,1
Q00003138,C00028417,A027,2025-01-25,90.4,92.2,96.0,90.3,1
Q00003139,C00027639,A026,2025-03-10,74.2,80.5,72.9,78.6,0
Q00003140,C00011249,A011,2025-02-06,87.0,88.8,87.1,85.2,1
Q00003141,C00003716,A004,2025-02-23,83.1,83.1,80.3,83.2,1
Q00003142,C00071394,A066,2025-03-22,76.5,80.6,99.8,75.5,0
Q00003143,C00049697,A046,2025-02-28,81.9,76.8,74.2,81.4,1
Q00003144,C00010400,A010,2025-02-26,94.6,100.0,87.8,97.8,1
Q00003145,C00051244,A048,2025-01-25,93.7,98.8,85.6,100.0,1
Q00003146,C00076458,A071,2025-02-01,82.3,80.3,77.5,78.0,1
Q00003147,C00080403,A074,2025-02-22,91.0,84.8,90.7,98.5,1
Q00003148,C00079795,A074,2025-01-18,85.2,77.3,94.9,78.8,1
Q00003149,C00027253,A026,2025-02-08,80.2,74.0,73.8,85.5,0
Q00003150,C00018480,A018,2025-03-09,88.3,89.1,88.4,92.2,1
Q00003151,C00015723,A016,2025-01-22,83.4,84.6,85.0,76.6,1
Q00003152,C00062163,A058,2025-02-27,91.0,87.4,86.6,92.3,1
Q00003153,C00023272,A022,2025-03-14,80.4,90.3,73.3,82.5,1
Q00003154,C00020962,A021,2025-01-16,87.1,91.1,88.1,97.1,1
Q00003155,C00050657,A047,2025-03-01,90.0,89.3,98.6,100.0,1
Q00003156,C00047299,A043,2025-04-04,84.1,83.5,84.3,82.2,1
Q00003157,C00064234,A060,2025-02-15,98.9,89.7,100.0,99.6,1
Q00003158,C00021273,A021,2025-02-02,94.2,96.3,94.6,95.0,1
Q00003159,C00035729,A033,2025-03-10,76.0,79.5,70.8,77.7,0
Q00003160,C00056403,A052,2025-03-10,82.1,74.3,83.3,90.5,0
Q00003161,C00000628,A001,2025-03-01,93.6,98.3,91.9,92.0,1
Q00003162,C00063205,A059,2025-03-02,90.5,97.2,79.8,86.8,1
Q00003163,C00057991,A054,2025-02-12,80.2,81.0,76.1,84.0,1
Q00003164,C00071315,A066,2025-03-20,71.9,69.0,90.4,73.9,0
Q00003165,C00043691,A040,2025-02-05,82.7,77.4,74.5,82.6,1
Q00003166,C00047427,A044,2025-01-20,82.3,82.3,73.3,98.2,1
Q00003167,C00044214,A041,2025-01-09,75.6,74.8,68.7,75.9,0
Q00003168,C00066735,A062,2025-04-04,88.8,82.0,90.3,79.4,1
Q00003169,C00013815,A014,2025-01-09,94.9,94.2,97.6,98.1,1
Q00003170,C00043600,A040,2025-02-04,81.1,90.5,77.8,85.6,1
Q00003171,C00006179,A007,2025-01-04,66.5,65.9,79.2,76.3,0
Q00003172,C00052177,A049,2025-01-22,88.3,87.3,77.9,75.1,1
Q00003173,C00009698,A010,2025-01-11,83.7,89.8,85.2,81.2,1
Q00003174,C00031266,A029,2025-03-20,89.4,89.3,88.8,100.0,1
Q00003175,C00077116,A071,2025-04-01,89.2,89.4,96.8,97.4,1
Q00003176,C00054920,A051,2025-02-08,85.3,74.3,89.7,80.6,0
Q00003177,C00080305,A074,2025-02-19,80.3,76.6,74.9,74.1,1
Q00003178,C00058524,A054,2025-04-05,84.1,84.4,84.6,85.1,1
Q00003179,C00032201,A030,2025-03-18,85.8,83.6,94.7,84.7,1
Q00003180,C00078491,A072,2025-04-04,85.6,78.8,86.0,90.9,1
Q00003181,C00001458,A002,2025-02-19,89.4,96.1,95.6,83.6,1
Q00003182,C00061552,A058,2025-01-11,74.6,68.1,73.1,69.0,0
Q00003183,C00018604,A018,2025-03-18,82.8,79.5,88.1,84.8,1
Q00003184,C00072968,A068,2025-02-06,87.0,89.8,93.2,85.2,1
Q00003185,C00010219,A010,2025-02-10,96.8,94.3,99.3,83.3,1
Q00003186,C00017314,A017,2025-02-18,87.0,84.6,83.4,98.1,1
Q00003187,C00065785,A061,2025-03-27,91.2,93.7,92.0,97.0,1
Q00003188,C00074379,A069,2025-02-26,86.0,91.0,80.2,83.0,1
Q00003189,C00036554,A034,2025-02-24,85.6,88.2,88.7,94.3,1
Q00003190,C00070995,A066,2025-02-26,82.8,83.9,83.8,81.0,1
Q00003191,C00002743,A003,2025-03-03,76.9,77.1,77.2,85.6,0
Q00003192,C00048031,A044,2025-03-12,84.8,86.5,84.3,94.7,1
Q00003193,C00062297,A058,2025-03-07,87.6,85.9,85.0,91.1,1
Q00003194,C00023767,A023,2025-01-20,90.3,95.0,90.4,84.9,1
Q00003195,C00065650,A061,2025-03-21,88.2,90.3,95.0,94.7,1
Q00003196,C00016395,A016,2025-03-06,83.4,93.0,91.7,79.7,1
Q00003197,C00077567,A072,2025-02-01,77.1,79.7,79.4,84.3,0
Q00003198,C00074623,A069,2025-03-24,82.6,77.3,72.1,86.6,1
Q00003199,C00024914,A024,2025-01-11,80.4,71.4,85.9,85.9,0
Q00003200,C00016277,A016,2025-02-23,100.0,100.0,100.0,100.0,1
Q00003201,C00069998,A065,2025-03-04,78.2,75.0,74.6,71.3,0
Q00003202,C00038977,A036,2025-02-16,94.9,91.9,91.8,90.1,1
Q00003203,C00040006,A037,2025-02-12,78.1,73.1,76.7,90.4,0
Q00003204,C00037869,A035,2025-03-07,87.9,87.4,88.1,93.9,1
Q00003205,C00036223,A034,2025-01-22,89.9,86.1,83.6,82.1,1
Q00003206,C00004089,A004,2025-04-01,74.6,71.0,73.2,71.2,0
Q00003207,C00080411,A074,2025-02-26,90.3,93.5,91.0,88.9,1
Q00003208,C00039038,A036,2025-02-23,94.9,95.0,90.8,83.7,1
Q00003209,C00059944,A056,2025-02-08,86.6,85.7,79.3,92.9,1
Q00003210,C00017870,A018,2025-01-16,76.0,77.2,78.6,78.2,0
Q00003211,C00055118,A051,2025-02-25,81.3,82.8,76.3,67.0,1
Q00003212,C00074043,A069,2025-01-29,81.6,75.9,82.0,75.4,1
Q00003213,C00030791,A029,2025-01-24,85.0,96.3,90.2,84.2,1
Q00003214,C00070437,A066,2025-01-10,86.1,85.1,87.3,82.8,1
Q00003215,C00021526,A021,2025-02-24,82.5,81.5,93.8,75.1,1
Q00003216,C00028497,A027,2025-02-05,90.9,87.7,87.5,96.2,1
Q00003217,C00006607,A007,2025-02-03,89.4,83.0,95.1,96.2,1
Q00003218,C00048434,A045,2025-01-28,80.7,90.4,93.7,82.3,1
Q00003219,C00027417,A026,2025-02-15,95.1,99.2,98.6,93.6,1
Q00003220,C00076758,A071,2025-02-26,81.7,83.9,84.2,89.2,1
Q00003221,C00031807,A030,2025-02-01,72.1,69.1,72.0,63.9,0
Q00003222,C00058255,A054,2025-03-06,85.9,87.7,86.2,91.9,1
Q00003223,C00020848,A021,2025-01-06,91.4,85.3,91.3,93.2,1
Q00003224,C00069367,A064,2025-03-30,96.9,100.0,100.0,97.4,1
Q00003225,C00040515,A037,2025-03-29,100.0,99.7,97.2,100.0,1
Q00003226,C00002726,A003,2025-03-01,80.4,81.7,89.2,100.0,1
Q00003227,C00024179,A023,2025-02-19,97.7,97.5,99.4,84.8,1
Q00003228,C00053431,A050,2025-01-14,82.3,77.5,79.3,91.6,1
Q00003229,C00043175,A039,2025-03-26,81.2,78.8,71.2,82.9,1
Q00003230,C00059468,A055,2025-03-25,88.2,94.9,90.2,92.6,1
Q00003231,C00017696,A017,2025-03-28,90.8,87.2,93.9,76.8,1
Q00003232,C00030758,A029,2025-01-19,93.3,95.8,94.6,82.6,1
Q00003233,C00056294,A052,2025-03-04,86.0,95.4,84.1,88.9,1
Q00003234,C00014366,A014,2025-03-10,95.5,98.0,95.7,92.3,1
Q00003235,C00060731,A057,2025-01-29,88.3,88.0,84.7,87.5,1
Q00003236,C00011456,A011,2025-02-17,81.9,87.3,82.5,78.9,1
Q00003237,C00013359,A013,2025-02-24,87.6,86.4,84.5,76.9,1
Q00003238,C00074576,A069,2025-03-18,100.0,87.6,100.0,100.0,1
Q00003239,C00026323,A025,2025-02-26,94.6,85.1,87.8,100.0,1
Q00003240,C00056014,A052,2025-02-13,91.1,84.9,100.0,90.5,1
Q00003241,C00072278,A067,2025-03-13,82.7,90.8,86.7,82.9,1
Q00003242,C00074377,A069,2025-03-01,94.3,93.2,99.2,100.0,1
Q00003243,C00003048,A003,2025-03-24,81.0,77.5,88.7,88.3,1
Q00003244,C00081743,A075,2025-02-21,84.2,88.7,86.7,87.5,1
Q00003245,C00078231,A072,2025-03-15,83.1,87.4,83.4,95.8,1
Q00003246,C00054535,A050,2025-03-28,84.1,81.6,65.4,78.9,1
Q00003247,C00077933,A072,2025-03-02,74.2,67.6,78.8,78.6,0
Q00003248,C00050483,A047,2025-02-09,98.5,96.8,91.6,86.0,1
Q00003249,C00045684,A042,2025-02-25,92.0,89.4,97.2,98.4,1
Q00003250,C00060661,A057,2025-01-21,100.0,100.0,96.7,97.1,1
Q00003251,C00012519,A012,2025-03-04,84.3,80.9,81.6,90.5,1
Q00003252,C00063490,A059,2025-03-21,74.0,85.5,71.4,68.2,0
Q00003253,C00071840,A067,2025-02-05,88.4,90.8,92.0,85.8,1
Q00003254,C00018515,A018,2025-03-10,83.5,88.5,88.3,100.0,1
Q00003255,C00054897,A051,2025-02-01,89.2,90.2,76.0,86.9,1
Q00003256,C00056905,A053,2025-02-02,81.1,89.3,71.4,75.5,1
Q00003257,C00045724,A042,2025-02-27,84.2,84.3,85.2,87.0,1
Q00003258,C00073409,A068,2025-03-11,83.8,84.1,86.2,75.9,1
Q00003259,C00047186,A043,2025-03-23,83.3,87.2,90.0,93.0,1
Q00003260,C00003883,A004,2025-03-06,89.4,90.0,94.5,85.6,1
Q00003261,C00021951,A021,2025-03-19,69.2,66.7,74.6,64.8,0
Q00003262,C00024252,A023,2025-02-26,80.3,82.8,82.1,83.1,1
Q00003263,C00074288,A069,2025-02-19,81.2,83.4,86.2,71.1,1
Q00003264,C00057348,A053,2025-03-08,80.4,80.0,78.5,69.3,1
Q00003265,C00042745,A039,2025-03-05,76.0,71.1,78.6,68.4,0
Q00003266,C00003378,A004,2025-01-19,88.9,93.2,94.2,91.4,1
Q00003267,C00058436,A054,2025-03-24,85.6,92.5,75.4,92.2,1
Q00003268,C00002754,A003,2025-03-03,68.9,72.3,72.2,68.3,0
Q00003269,C00024255,A023,2025-02-22,83.6,86.5,82.7,92.3,1
Q00003270,C00029901,A028,2025-02-08,80.5,80.4,93.4,91.5,1
Q00003271,C00043160,A039,2025-03-29,94.9,89.8,97.1,100.0,1
Q00003272,C00082309,A075,2025-04-02,83.9,83.9,82.6,76.4,1
Q00003273,C00080188,A074,2025-02-09,74.9,71.9,80.1,77.3,0
Q00003274,C00053770,A050,2025-02-06,86.3,88.4,82.1,81.4,1
Q00003275,C00003522,A004,2025-01-31,85.3,92.4,99.6,83.3,1
Q00003276,C00037982,A035,2025-03-11,100.0,99.6,100.0,84.5,1
Q00003277,C00069823,A065,2025-02-12,86.3,82.2,92.6,85.2,1
Q00003278,C00063350,A059,2025-03-12,85.2,76.9,83.6,88.2,1
Q00003279,C00032872,A031,2025-02-04,72.9,66.4,69.8,66.5,0
Q00003280,C00060760,A057,2025-01-23,91.1,92.0,89.4,98.6,1
Q00003281,C00033539,A031,2025-03-19,91.6,94.8,93.7,99.3,1
Q00003282,C00017708,A017,2025-04-04,90.9,92.4,89.5,87.3,1
Q00003283,C00032907,A031,2025-02-04,93.8,93.4,100.0,92.4,1
Q00003284,C00060249,A056,2025-03-10,81.7,78.7,85.1,88.2,1
Q00003285,C00018274,A018,2025-02-22,94.5,89.5,95.4,91.7,1
Q00003286,C00066028,A062,2025-01-27,75.5,79.0,70.3,79.3,0
Q00003287,C00029870,A028,2025-02-13,87.7,90.6,84.2,90.5,1
Q00003288,C00072007,A067,2025-02-19,91.1,88.1,88.7,98.3,1
Q00003289,C00025537,A024,2025-03-13,77.4,71.1,87.7,76.8,0
Q00003290,C00033561,A031,2025-03-28,85.4,84.8,95.0,78.5,1
Q00003291,C00010644,A010,2025-03-11,80.2,78.1,81.3,64.7,1
Q00003292,C00045889,A042,2025-03-23,83.4,87.7,84.0,78.9,1
Q00003293,C00006570,A007,2025-02-03,79.3,74.3,80.0,98.1,0
Q00003294,C00057140,A053,2025-02-20,90.8,87.7,85.6,94.4,1
Q00003295,C00079267,A073,2025-03-07,85.9,82.4,87.3,93.5,1
Q00003296,C00031714,A030,2025-01-30,79.8,76.7,74.1,79.6,0
Q00003297,C00002731,A003,2025-03-01,89.3,91.9,87.3,88.4,1
Q00003298,C00059801,A056,2025-01-27,88.3,82.1,93.2,89.1,1
Q00003299,C00013794,A014,2025-01-07,94.8,100.0,100.0,87.1,1
Q00003300,C00011754,A011,2025-03-18,89.2,81.1,94.8,100.0,1
Q00003301,C00048404,A045,2025-01-19,88.4,90.0,80.6,85.5,1
Q00003302,C00047534,A044,2025-01-26,97.6,94.3,100.0,100.0,1
Q00003303,C00035640,A033,2025-03-04,98.8,100.0,90.4,100.0,1
Q00003304,C00038963,A036,2025-02-14,76.5,82.6,76.6,69.5,0
Q00003305,C00020922,A021,2025-01-10,93.0,93.8,100.0,100.0,1
Q00003306,C00028802,A027,2025-02-27,79.4,74.1,61.3,81.0,0
Q00003307,C00071050,A066,2025-03-02,100.0,100.0,98.7,99.9,1
Q00003308,C00009170,A009,2025-02-08,89.6,85.4,90.7,81.6,1
Q00003309,C00051634,A048,2025-03-07,100.0,100.0,100.0,100.0,1
Q00003310,C00015876,A016,2025-01-29,90.7,86.2,89.1,98.6,1
Q00003311,C00010633,A010,2025-03-12,96.7,91.8,95.2,98.5,1
Q00003312,C00008247,A008,2025-02-19,76.3,79.5,69.5,79.5,0
Q00003313,C00005995,A006,2025-03-21,78.1,78.8,77.3,76.2,0
Q00003314,C00026978,A026,2025-01-17,81.7,81.7,94.8,82.0,1
Q00003315,C00001127,A002,2025-01-14,83.8,88.6,84.6,92.5,1
Q00003316,C00011483,A011,2025-02-25,87.9,87.1,77.5,81.8,1
Q00003317,C00050215,A047,2025-01-19,97.4,91.7,96.2,100.0,1
Q00003318,C00036230,A034,2025-01-25,96.9,100.0,87.5,99.3,1
Q00003319,C00002606,A003,2025-02-23,90.9,91.4,85.8,94.0,1
Q00003320,C00008406,A008,2025-03-04,90.0,91.5,96.3,90.9,1
Q00003321,C00000633,A001,2025-03-04,77.2,70.6,82.9,79.1,0
Q00003322,C00080483,A074,2025-02-27,87.4,80.5,83.6,93.9,1
Q00003323,C00022351,A022,2025-01-16,80.2,83.7,82.2,79.0,1
Q00003324,C00047630,A044,2025-02-10,96.1,98.1,90.9,90.3,1
Q00003325,C00027459,A026,2025-02-23,79.0,81.2,77.2,74.2,0
Q00003326,C00071993,A067,2025-02-18,81.7,73.9,79.9,89.7,0
Q00003327,C00064658,A060,2025-03-13,90.6,95.0,82.3,91.2,1
Q00003328,C00075771,A070,2025-03-16,80.4,75.5,79.2,78.7,1
Q00003329,C00017053,A017,2025-01-27,79.7,81.8,83.3,70.8,0
Q00003330,C00041565,A038,2025-03-12,95.6,84.1,86.8,88.5,1
Q00003331,C00072441,A067,2025-04-06,83.6,86.2,86.3,79.7,1
Q00003332,C00028178,A027,2025-01-16,81.5,71.8,85.4,79.8,0
Q00003333,C00006280,A007,2025-01-18,83.2,81.1,94.3,85.5,1
Q00003334,C00022513,A022,2025-01-21,83.8,83.8,82.9,79.8,1
Q00003335,C00012685,A012,2025-03-13,92.6,88.4,89.3,98.3,1
Q00003336,C00064260,A060,2025-02-13,78.0,80.1,81.7,75.1,0
Q00003337,C00003138,A003,2025-03-26,76.5,73.7,68.9,73.7,0
Q00003338,C00011988,A012,2025-01-08,100.0,100.0,100.0,99.3,1
Q00003339,C00045494,A042,2025-02-07,88.1,78.7,88.7,87.9,1
Q00003340,C00069938,A065,2025-03-01,89.8,88.6,91.3,89.2,1
Q00003341,C00080883,A074,2025-03-25,97.0,96.5,81.9,93.4,1
Q00003342,C00000550,A001,2025-02-23,95.4,97.6,100.0,96.1,1
Q00003343,C00071613,A067,2025-01-10,78.0,75.6,88.1,75.6,0
Q00003344,C00030189,A028,2025-03-06,81.9,80.9,79.6,75.0,1
Q00003345,C00068061,A063,2025-04-06,88.5,89.3,95.1,81.6,1
Q00003346,C00070262,A065,2025-03-27,91.1,89.3,83.8,78.5,1
Q00003347,C00068191,A064,2025-01-16,93.4,98.6,90.4,92.0,1
Q00003348,C00005325,A006,2025-01-19,81.8,83.0,86.6,84.2,1
Q00003349,C00010399,A010,2025-02-28,88.0,86.1,86.6,90.0,1
Q00003350,C00045600,A042,2025-02-22,71.4,75.4,72.9,70.1,0
Q00003351,C00072660,A068,2025-01-16,83.0,88.0,86.6,83.2,1
Q00003352,C00041246,A038,2025-02-15,80.1,81.8,91.3,85.1,1
Q00003353,C00000254,A001,2025-01-30,91.1,80.2,100.0,97.5,1
Q00003354,C00043698,A040,2025-02-08,80.5,73.9,65.7,81.4,0
Q00003355,C00043657,A040,2025-02-02,93.7,93.3,100.0,85.8,1
Q00003356,C00035205,A033,2025-01-24,91.0,94.5,78.4,92.0,1
Q00003357,C00044044,A040,2025-03-20,70.8,67.6,65.5,76.2,0
Q00003358,C00014563,A014,2025-03-26,82.6,86.9,88.0,70.3,1
Q00003359,C00027515,A026,2025-02-24,80.6,86.2,78.7,83.9,1
Q00003360,C00040506,A037,2025-03-30,87.0,88.1,89.7,91.9,1
Q00003361,C00052223,A049,2025-01-24,85.9,82.1,88.1,87.3,1
Q00003362,C00027614,A026,2025-03-08,75.7,73.7,84.7,66.7,0
Q00003363,C00037626,A035,2025-02-16,92.3,95.9,100.0,97.4,1
Q00003364,C00030992,A029,2025-02-17,85.2,82.0,86.1,75.4,1
Q00003365,C00074607,A069,2025-03-20,97.2,96.2,100.0,100.0,1
Q00003366,C00069322,A064,2025-03-30,90.6,86.2,83.6,94.2,1
Q00003367,C00074640,A069,2025-03-22,78.0,83.1,76.3,79.0,0
Q00003368,C00058611,A055,2025-01-13,87.3,80.5,93.4,88.0,1
Q00003369,C00000125,A001,2025-01-21,75.4,71.8,77.4,83.0,0
Q00003370,C00041306,A038,2025-02-18,88.2,81.9,94.5,89.3,1
Q00003371,C00069265,A064,2025-03-25,83.6,91.6,88.1,73.2,1
Q00003372,C00056857,A053,2025-01-27,100.0,97.6,100.0,100.0,1
Q00003373,C00005449,A006,2025-01-30,88.8,94.5,93.0,83.5,1
Q00003374,C00076596,A071,2025-02-17,75.1,68.2,80.5,78.4,0
Q00003375,C00012773,A012,2025-03-27,82.5,80.1,82.8,86.6,1
Q00003376,C00055593,A052,2025-01-11,96.1,100.0,100.0,94.9,1
Q00003377,C00005119,A005,2025-03-31,90.6,90.2,97.2,96.3,1
Q00003378,C00045328,A042,2025-01-31,83.9,86.5,79.8,81.5,1
Q00003379,C00034439,A032,2025-02-24,74.1,85.7,79.6,77.7,0
Q00003380,C00016760,A016,2025-04-04,87.9,92.9,93.4,89.2,1
Q00003381,C00019438,A019,2025-03-01,87.7,89.7,83.8,74.5,1
Q00003382,C00004746,A005,2025-03-04,82.9,85.9,83.1,85.6,1
Q00003383,C00006718,A007,2025-02-15,81.2,77.0,84.8,100.0,1
Q00003384,C00044672,A041,2025-02-20,90.1,87.9,93.5,91.2,1
Q00003385,C00060109,A056,2025-03-02,88.9,94.4,84.7,100.0,1
Q00003386,C00043863,A040,2025-03-04,81.5,78.8,75.4,80.4,1
Q00003387,C00003435,A004,2025-01-23,89.5,87.9,90.9,90.1,1
Q00003388,C00037163,A035,2025-01-07,74.0,75.9,64.0,67.7,0
Q00003389,C00025691,A024,2025-04-02,90.8,91.9,83.5,82.6,1
Q00003390,C00077555,A072,2025-01-25,80.9,83.2,79.0,77.3,1
Q00003391,C00024448,A023,2025-03-06,100.0,100.0,100.0,100.0,1
Q00003392,C00021693,A021,2025-03-05,82.7,74.3,81.8,88.5,0
Q00003393,C00063257,A059,2025-03-01,100.0,99.1,100.0,100.0,1
Q00003394,C00038331,A035,2025-03-29,89.4,86.8,87.0,86.2,1
Q00003395,C00067612,A063,2025-02-27,90.6,95.7,87.6,91.1,1
Q00003396,C00004789,A005,2025-03-08,81.2,81.3,78.1,92.0,1
Q00003397,C00003176,A003,2025-04-02,82.9,71.3,75.7,75.6,0
Q00003398,C00025627,A024,2025-03-20,78.1,84.9,80.9,77.7,0
Q00003399,C00033549,A031,2025-03-19,86.5,88.2,72.4,88.3,1
Q00003400,C00010747,A010,2025-03-21,86.9,84.8,88.9,83.1,1
Q00003401,C00075506,A070,2025-02-28,83.2,81.8,76.6,77.3,1
Q00003402,C00030688,A029,2025-01-19,88.6,85.9,81.8,86.4,1
Q00003403,C00072701,A068,2025-01-21,90.9,96.9,81.0,90.3,1
Q00003404,C00038851,A036,2025-02-13,81.6,76.9,84.5,83.5,1
Q00003405,C00050686,A047,2025-03-04,81.5,79.2,79.0,78.0,1
Q00003406,C00008241,A008,2025-02-27,79.4,73.0,79.1,84.6,0
Q00003407,C00028011,A026,2025-04-01,91.1,94.9,94.0,77.7,1
Q00003408,C00011053,A011,2025-01-22,89.7,86.7,97.0,90.5,1
Q00003409,C00040415,A037,2025-03-24,83.4,74.1,76.4,80.4,0
Q00003410,C00042715,A039,2025-03-06,79.1,93.6,83.0,70.4,0
Q00003411,C00035988,A034,2025-01-11,100.0,100.0,95.4,100.0,1
Q00003412,C00034352,A032,2025-02-14,83.8,75.5,66.2,91.4,1
Q00003413,C00058418,A054,2025-03-19,95.9,93.3,99.9,100.0,1
Q00003414,C00071824,A067,2025-02-04,90.1,88.6,97.3,82.7,1
Q00003415,C00068893,A064,2025-02-26,89.2,94.4,100.0,86.1,1
Q00003416,C00036049,A034,2025-01-09,78.9,81.5,69.3,77.0,0
Q00003417,C00065699,A061,2025-03-22,92.3,96.6,96.5,81.9,1
Q00003418,C00034670,A032,2025-03-07,71.7,79.8,82.1,77.6,0
Q00003419,C00063064,A059,2025-02-08,76.4,71.8,81.1,76.1,0
Q00003420,C00071540,A066,2025-03-29,86.3,90.3,82.9,77.7,1
Q00003421,C00016783,A016,2025-04-01,97.3,92.0,100.0,95.1,1
Q00003422,C00032140,A030,2025-03-11,77.2,71.2,83.7,75.6,0
Q00003423,C00054197,A050,2025-03-11,84.6,95.9,89.8,86.6,1
Q00003424,C00000352,A001,2025-02-05,82.8,80.3,95.4,86.6,1
Q00003425,C00058166,A054,2025-03-01,84.8,83.0,88.5,84.4,1
Q00003426,C00063492,A059,2025-03-23,86.8,77.5,88.5,83.6,1
Q00003427,C00080613,A074,2025-03-07,90.2,88.1,79.1,85.9,1
Q00003428,C00011289,A011,2025-02-12,86.0,90.7,95.2,89.0,1
Q00003429,C00058150,A054,2025-02-23,85.2,80.5,100.0,74.1,1
Q00003430,C00037733,A035,2025-02-25,90.9,82.5,95.6,81.4,1
Q00003431,C00054064,A050,2025-03-04,85.8,86.0,83.7,92.9,1
Q00003432,C00074874,A070,2025-01-10,89.3,87.9,83.4,91.4,1
Q00003433,C00056349,A052,2025-03-10,96.6,94.6,97.0,100.0,1
Q00003434,C00044090,A040,2025-03-26,78.4,79.9,74.3,89.7,0
Q00003435,C00018401,A018,2025-03-05,82.2,88.0,74.0,86.6,1
Q00003436,C00020960,A021,2025-01-11,93.2,89.4,92.9,99.7,1
Q00003437,C00077813,A072,2025-02-16,79.6,75.9,70.8,82.6,0
Q00003438,C00053308,A050,2025-01-12,96.6,93.9,98.2,97.5,1
Q00003439,C00048301,A045,2025-01-07,79.5,79.9,86.5,78.0,0
Q00003440,C00076789,A071,2025-02-28,76.9,79.9,72.0,65.0,0
Q00003441,C00080968,A074,2025-04-03,79.5,77.0,74.9,76.9,0
Q00003442,C00007226,A007,2025-03-18,88.1,84.4,76.6,83.6,1
Q00003443,C00029947,A028,2025-02-18,90.6,82.3,93.3,86.2,1
Q00003444,C00054497,A050,2025-03-26,89.2,93.7,88.1,84.3,1
Q00003445,C00034745,A032,2025-03-14,83.3,80.3,80.9,82.4,1
Q00003446,C00015084,A015,2025-02-18,91.4,99.3,92.4,87.5,1
Q00003447,C00000963,A001,2025-03-28,92.2,100.0,89.4,93.5,1
Q00003448,C00078887,A073,2025-02-03,78.0,76.4,77.2,80.9,0
Q00003449,C00053024,A049,2025-03-17,83.7,80.0,81.3,81.9,1
Q00003450,C00062687,A059,2025-01-09,100.0,100.0,100.0,100.0,1
Q00003451,C00009784,A010,2025-01-12,92.1,99.2,88.2,99.2,1
Q00003452,C00007824,A008,2025-01-24,81.1,80.9,90.7,83.9,1
Q00003453,C00016250,A016,2025-02-24,96.1,95.1,99.3,99.0,1
Q00003454,C00006273,A007,2025-01-18,91.7,97.4,84.0,90.2,1
Q00003455,C00028424,A027,2025-01-25,75.7,85.7,74.1,66.0,0
Q00003456,C00048164,A044,2025-03-31,93.1,91.4,95.9,83.8,1
Q00003457,C00039882,A037,2025-01-25,81.8,81.3,76.9,83.1,1
Q00003458,C00054947,A051,2025-02-08,86.5,88.5,82.7,83.2,1
Q00003459,C00005200,A006,2025-01-03,78.1,75.7,83.3,82.3,0
Q00003460,C00006189,A007,2025-01-07,91.4,93.4,96.7,86.4,1
Q00003461,C00060408,A056,2025-03-22,83.2,83.1,79.0,77.2,1
Q00003462,C00071179,A066,2025-03-08,87.7,92.9,88.3,82.5,1
Q00003463,C00069745,A065,2025-02-05,74.5,71.0,60.3,83.9,0
Q00003464,C00039597,A036,2025-04-02,86.9,89.5,91.4,75.7,1
Q00003465,C00025514,A024,2025-03-09,99.3,97.5,97.5,96.9,1
Q00003466,C00043390,A040,2025-01-10,90.6,89.0,86.9,87.7,1
Q00003467,C00000832,A001,2025-03-26,100.0,100.0,100.0,100.0,1
Q00003468,C00017253,A017,2025-02-13,95.2,93.3,100.0,100.0,1
Q00003469,C00027036,A026,2025-01-18,72.8,77.8,71.1,80.1,0
Q00003470,C00076440,A071,2025-02-07,87.6,84.8,71.7,83.3,1
Q00003471,C00048142,A044,2025-04-02,93.0,86.5,90.3,100.0,1
Q00003472,C00011779,A011,2025-03-24,77.9,80.0,79.0,76.2,0
Q00003473,C00006852,A007,2025-02-26,86.7,93.3,78.8,94.1,1
Q00003474,C00002060,A003,2025-01-13,80.2,86.9,76.4,88.0,1
Q00003475,C00027773,A026,2025-03-20,88.7,87.9,86.2,89.2,1
Q00003476,C00021157,A021,2025-01-23,91.1,92.0,91.3,84.8,1
Q00003477,C00013610,A013,2025-03-13,81.6,82.4,78.2,75.0,1
Q00003478,C00071035,A066,2025-02-27,79.0,78.4,68.0,71.4,0
Q00003479,C00075209,A070,2025-02-14,96.1,87.3,100.0,95.8,1
Q00003480,C00056570,A052,2025-03-29,96.4,96.3,92.0,100.0,1
Q00003481,C00070950,A066,2025-02-16,81.7,76.9,73.6,87.4,1
Q00003482,C00056814,A053,2025-01-18,93.4,89.4,94.7,90.9,1
Q00003483,C00060384,A056,2025-03-26,95.3,91.7,100.0,100.0,1
Q00003484,C00049853,A046,2025-03-14,83.6,81.7,73.8,92.0,1
Q00003485,C00074999,A070,2025-01-27,85.4,84.4,76.0,87.6,1
Q00003486,C00005999,A006,2025-03-22,71.9,71.8,68.8,69.3,0
Q00003487,C00018798,A019,2025-01-08,94.2,92.0,99.9,98.8,1
Q00003488,C00003856,A004,2025-03-12,80.9,86.3,82.3,69.4,1
Q00003489,C00063447,A059,2025-03-25,84.8,86.1,91.3,89.2,1
Q00003490,C00050238,A047,2025-01-20,77.2,80.1,75.4,75.8,0
Q00003491,C00036533,A034,2025-02-18,80.4,83.8,73.4,76.7,1
Q00003492,C00038165,A035,2025-03-24,86.5,81.8,94.0,89.5,1
Q00003493,C00045917,A042,2025-03-21,86.3,80.6,85.6,83.8,1
Q00003494,C00045234,A042,2025-01-17,83.0,75.4,82.9,91.7,1
Q00003495,C00019900,A020,2025-01-16,92.2,97.4,90.7,98.3,1
Q00003496,C00044755,A041,2025-03-03,85.9,86.3,88.9,85.0,1
Q00003497,C00006096,A006,2025-03-30,81.5,83.9,84.2,67.8,1
Q00003498,C00073192,A068,2025-02-23,85.4,82.4,92.8,79.8,1
Q00003499,C00032499,A031,2025-01-15,92.4,94.4,93.2,80.2,1
Q00003500,C00065045,A061,2025-01-23,93.4,94.1,87.8,93.9,1
Q00003501,C00010106,A010,2025-02-03,93.8,99.9,98.0,92.0,1
Q00003502,C00026893,A026,2025-01-15,78.3,67.9,77.6,79.9,0
Q00003503,C00025759,A024,2025-04-04,85.1,82.6,85.1,78.3,1
Q00003504,C00070352,A066,2025-01-08,86.4,87.3,93.7,84.2,1
Q00003505,C00036701,A034,2025-03-02,80.6,85.2,71.1,85.6,1
Q00003506,C00080354,A074,2025-02-19,100.0,100.0,88.0,100.0,1
Q00003507,C00065155,A061,2025-02-02,88.8,84.1,87.6,85.7,1
Q00003508,C00000884,A001,2025-03-22,79.2,74.6,94.2,80.2,0
Q00003509,C00008365,A008,2025-03-01,96.7,99.5,88.5,96.4,1
Q00003510,C00026822,A026,2025-01-07,87.8,92.4,88.1,99.9,1
Q00003511,C00047276,A043,2025-03-29,73.7,70.3,71.9,58.2,0
Q00003512,C00011541,A011,2025-03-02,87.4,91.3,81.3,100.0,1
Q00003513,C00009452,A009,2025-03-15,99.7,99.3,99.9,93.7,1
Q00003514,C00048837,A045,2025-03-03,88.5,92.1,89.3,100.0,1
Q00003515,C00045358,A042,2025-01-30,85.6,86.1,83.5,82.4,1
Q00003516,C00066311,A062,2025-02-22,81.0,83.8,85.0,85.8,1
Q00003517,C00021483,A021,2025-02-20,94.7,98.8,91.8,94.6,1
Q00003518,C00058530,A054,2025-04-01,87.7,100.0,77.6,80.6,1
Q00003519,C00015573,A016,2025-01-11,100.0,100.0,100.0,100.0,1
Q00003520,C00027039,A026,2025-01-18,78.0,75.0,86.2,68.9,0
Q00003521,C00065994,A062,2025-01-24,88.4,89.7,93.4,84.4,1
Q00003522,C00001577,A002,2025-02-23,90.0,91.5,91.4,83.9,1
Q00003523,C00040669,A038,2025-01-14,85.1,86.6,89.3,74.8,1
Q00003524,C00078354,A072,2025-03-26,80.2,76.8,79.1,84.6,1
Q00003525,C00024394,A023,2025-03-02,100.0,100.0,95.7,97.8,1
Q00003526,C00025613,A024,2025-03-18,89.0,95.4,89.4,86.9,1
Q00003527,C00029597,A028,2025-01-18,94.2,96.7,86.0,94.4,1
Q00003528,C00060955,A057,2025-02-20,95.6,90.9,94.7,97.0,1
Q00003529,C00029189,A027,2025-03-19,83.1,81.9,80.4,73.5,1
Q00003530,C00068279,A064,2025-01-15,84.9,81.1,85.5,85.4,1
Q00003531,C00055889,A052,2025-02-02,76.3,84.3,74.0,95.0,0
Q00003532,C00061978,A058,2025-02-16,81.6,85.0,77.9,75.0,1
Q00003533,C00039003,A036,2025-02-22,87.4,89.1,99.0,85.4,1
Q00003534,C00046928,A043,2025-02-27,88.2,96.8,89.3,83.8,1
Q00003535,C00020215,A020,2025-02-07,93.2,87.7,94.6,100.0,1
Q00003536,C00020219,A020,2025-02-15,78.6,87.7,76.8,71.2,0
Q00003537,C00079944,A074,2025-01-23,83.9,82.3,97.1,89.8,1
Q00003538,C00060769,A057,2025-01-28,83.9,78.9,94.1,74.2,1
Q00003539,C00071214,A066,2025-03-10,89.9,84.8,88.9,91.6,1
Q00003540,C00028172,A027,2025-01-13,78.6,71.8,79.1,83.1,0
Q00003541,C00072794,A068,2025-01-24,86.5,88.2,91.0,77.3,1
Q00003542,C00066989,A063,2025-01-16,99.3,99.5,100.0,97.8,1
Q00003543,C00036890,A034,2025-03-13,88.4,86.9,91.0,95.3,1
Q00003544,C00064844,A060,2025-03-30,87.1,90.0,91.9,93.2,1
Q00003545,C00001403,A002,2025-02-07,87.7,91.2,87.5,86.6,1
Q00003546,C00008054,A008,2025-02-10,77.4,74.9,78.2,82.1,0
Q00003547,C00062443,A058,2025-03-20,91.1,90.5,84.5,92.6,1
Q00003548,C00041923,A038,2025-04-02,90.1,88.5,89.5,94.3,1
Q00003549,C00050131,A047,2025-01-12,80.3,80.6,77.4,76.1,1
Q00003550,C00072984,A068,2025-02-10,84.4,86.0,82.0,83.1,1
Q00003551,C00028956,A027,2025-03-01,83.6,92.2,81.6,84.4,1
Q00003552,C00028384,A027,2025-01-24,89.5,84.6,96.1,84.2,1
Q00003553,C00071634,A067,2025-01-12,93.1,84.9,93.7,88.6,1
Q00003554,C00003025,A003,2025-03-25,84.4,92.4,81.4,81.1,1
Q00003555,C00028599,A027,2025-02-06,97.3,95.9,100.0,100.0,1
Q00003556,C00018304,A018,2025-02-22,77.7,75.1,74.3,84.4,0
Q00003557,C00018685,A018,2025-03-26,86.6,83.4,87.5,90.8,1
Q00003558,C00063362,A059,2025-03-16,71.9,64.5,85.5,76.7,0
Q00003559,C00030066,A028,2025-03-01,85.1,92.3,86.7,90.4,1
Q00003560,C00081494,A075,2025-02-05,89.2,88.8,85.6,96.4,1
Q00003561,C00017129,A017,2025-02-11,95.5,93.8,97.4,100.0,1
Q00003562,C00050047,A046,2025-04-04,76.5,82.6,83.3,71.2,0
Q00003563,C00022057,A021,2025-03-26,92.5,94.5,89.7,89.0,1
Q00003564,C00001492,A002,2025-02-17,89.3,86.5,89.3,86.2,1
Q00003565,C00021476,A021,2025-02-17,100.0,99.8,100.0,99.6,1
Q00003566,C00044308,A041,2025-01-23,95.9,91.4,100.0,85.8,1
Q00003567,C00068485,A064,2025-01-26,97.0,100.0,100.0,90.3,1
Q00003568,C00081876,A075,2025-02-22,95.9,93.9,88.7,92.1,1
Q00003569,C00048289,A045,2025-01-08,84.0,87.3,84.7,98.7,1
Q00003570,C00017503,A017,2025-03-14,76.4,81.9,73.3,81.2,0
Q00003571,C00053636,A050,2025-01-25,86.8,92.2,86.7,79.3,1
Q00003572,C00018699,A018,2025-04-02,85.3,79.7,84.6,83.9,1
Q00003573,C00018648,A018,2025-03-22,85.8,79.7,90.7,85.2,1
Q00003574,C00045838,A042,2025-03-12,88.8,94.5,98.8,96.2,1
Q00003575,C00059929,A056,2025-02-10,82.4,76.4,90.5,88.5,1
Q00003576,C00003998,A004,2025-03-20,90.3,91.1,94.4,86.2,1
Q00003577,C00071590,A067,2025-01-08,91.2,94.8,96.6,90.4,1
Q00003578,C00010836,A010,2025-03-27,81.2,76.0,76.6,78.3,1
Q00003579,C00054684,A051,2025-01-13,84.0,82.7,77.0,82.0,1
Q00003580,C00051093,A048,2025-01-08,88.7,90.0,93.0,92.1,1
Q00003581,C00015687,A016,2025-01-18,92.8,91.1,85.9,100.0,1
Q00003582,C00078560,A073,2025-01-12,79.7,86.2,95.1,83.0,0
Q00003583,C00057024,A053,2025-02-05,88.9,98.0,96.8,87.1,1
Q00003584,C00005883,A006,2025-03-09,94.4,99.8,100.0,94.4,1
Q00003585,C00025238,A024,2025-02-07,87.3,84.6,83.3,90.9,1
Q00003586,C00031685,A030,2025-01-29,78.3,77.7,75.5,87.6,0
Q00003587,C00052380,A049,2025-02-03,78.1,76.8,86.0,69.6,0
Q00003588,C00002593,A003,2025-02-24,88.9,82.9,87.8,98.0,1
Q00003589,C00070718,A066,2025-01-30,86.7,81.0,81.4,89.5,1
Q00003590,C00044290,A041,2025-01-10,68.6,69.1,69.3,70.7,0
Q00003591,C00039001,A036,2025-02-19,77.4,72.9,70.6,71.2,0
Q00003592,C00006233,A007,2025-01-14,83.5,83.9,79.3,85.5,1
Q00003593,C00005138,A005,2025-03-29,85.8,86.2,86.3,81.6,1
Q00003594,C00010065,A010,2025-01-31,84.3,77.3,87.4,91.1,1
Q00003595,C00009009,A009,2025-02-01,81.2,80.9,80.0,78.7,1
Q00003596,C00027780,A026,2025-03-19,82.5,74.8,82.2,87.0,0
Q00003597,C00015655,A016,2025-01-14,90.2,100.0,88.6,83.9,1
Q00003598,C00029365,A027,2025-03-29,80.1,80.7,74.1,75.0,1
Q00003599,C00027591,A026,2025-03-07,90.4,92.0,84.5,93.7,1
Q00003600,C00063476,A059,2025-03-20,89.3,89.7,83.5,87.5,1
Q00003601,C00076765,A071,2025-02-25,95.9,93.9,96.9,89.4,1
Q00003602,C00008090,A008,2025-02-12,76.4,77.1,69.4,85.4,0
Q00003603,C00054310,A050,2025-03-22,86.6,88.8,81.1,80.6,1
Q00003604,C00016676,A016,2025-03-30,95.6,95.4,94.2,96.5,1
Q00003605,C00046504,A043,2025-02-02,88.5,85.0,90.5,97.4,1
Q00003606,C00078828,A073,2025-01-30,86.0,83.7,96.3,84.7,1
Q00003607,C00027653,A026,2025-03-09,85.2,86.4,88.9,84.0,1
Q00003608,C00066308,A062,2025-02-26,97.1,100.0,100.0,100.0,1
Q00003609,C00060700,A057,2025-01-24,100.0,100.0,100.0,100.0,1
Q00003610,C00066175,A062,2025-02-05,89.4,85.9,92.0,91.8,1
Q00003611,C00029272,A027,2025-03-22,85.4,92.3,81.6,77.3,1
Q00003612,C00033637,A031,2025-04-03,79.7,81.5,80.2,76.3,0
Q00003613,C00023211,A022,2025-03-09,83.9,85.2,87.9,81.2,1
Q00003614,C00070444,A066,2025-01-16,87.8,95.4,69.5,86.2,1
Q00003615,C00075805,A070,2025-03-20,94.6,90.9,90.5,98.3,1
Q00003616,C00006371,A007,2025-01-17,78.4,72.6,82.4,73.8,0
Q00003617,C00065494,A061,2025-03-08,83.1,89.7,72.3,83.8,1
Q00003618,C00072112,A067,2025-03-01,85.6,86.4,78.7,96.0,1
Q00003619,C00068833,A064,2025-02-27,88.2,90.1,83.0,91.7,1
Q00003620,C00019265,A019,2025-02-14,85.2,81.0,89.2,83.6,1
Q00003621,C00074297,A069,2025-02-21,78.8,83.1,84.1,69.1,0
Q00003622,C00071986,A067,2025-02-21,84.4,90.6,97.6,75.2,1
Q00003623,C00058109,A054,2025-02-20,84.5,74.2,94.0,85.6,0
Q00003624,C00023177,A022,2025-03-07,84.6,82.5,79.7,85.2,1
Q00003625,C00079967,A074,2025-01-29,86.9,87.6,86.3,86.6,1
Q00003626,C00040647,A038,2025-01-14,78.7,78.0,87.7,81.8,0
Q00003627,C00069257,A064,2025-03-27,73.4,74.3,84.8,68.2,0
Q00003628,C00040666,A038,2025-01-14,95.5,100.0,100.0,87.3,1
Q00003629,C00013346,A013,2025-02-22,80.1,77.7,77.4,75.7,1
Q00003630,C00021871,A021,2025-03-18,92.8,96.1,100.0,92.0,1
Q00003631,C00039863,A037,2025-01-25,86.2,88.6,77.5,98.1,1
Q00003632,C00067967,A063,2025-03-25,92.2,95.5,91.4,99.0,1
Q00003633,C00031640,A030,2025-01-19,91.1,84.4,95.2,83.4,1
Q00003634,C00062330,A058,2025-03-11,74.6,67.8,72.0,82.7,0
Q00003635,C00060365,A056,2025-03-27,80.6,85.5,76.7,86.3,1
Q00003636,C00066180,A062,2025-02-09,92.1,87.2,90.7,91.2,1
Q00003637,C00047560,A044,2025-01-30,91.2,91.5,89.8,89.0,1
Q00003638,C00062820,A059,2025-01-11,90.5,95.2,90.8,98.4,1
Q00003639,C00021397,A021,2025-02-10,84.4,82.3,84.3,70.8,1
Q00003640,C00077901,A072,2025-02-21,90.3,91.8,90.9,82.6,1
Q00003641,C00041034,A038,2025-02-06,80.9,81.4,91.1,73.9,1
Q00003642,C00036850,A034,2025-03-15,81.2,82.1,83.5,88.7,1
Q00003643,C00030716,A029,2025-01-22,95.9,86.3,98.8,84.1,1
Q00003644,C00076696,A071,2025-02-21,80.8,83.5,85.8,78.9,1
Q00003645,C00069671,A065,2025-02-02,100.0,100.0,100.0,100.0,1
Q00003646,C00008189,A008,2025-02-16,85.6,85.0,98.9,97.0,1
Q00003647,C00016432,A016,2025-03-06,93.8,99.3,95.4,100.0,1
Q00003648,C00062860,A059,2025-01-17,91.5,89.2,100.0,79.8,1
Q00003649,C00045147,A042,2025-01-05,92.0,93.2,91.3,100.0,1
Q00003650,C00026312,A025,2025-02-26,87.5,85.7,77.0,92.8,1
Q00003651,C00045323,A042,2025-01-30,82.7,79.8,79.6,72.3,1
Q00003652,C00014360,A014,2025-03-07,83.4,86.4,97.3,78.4,1
Q00003653,C00040272,A037,2025-03-07,100.0,93.0,100.0,100.0,1
Q00003654,C00027841,A026,2025-03-15,72.7,75.6,68.4,62.0,0
Q00003655,C00073335,A068,2025-03-08,80.5,77.5,62.5,74.8,1
Q00003656,C00011733,A011,2025-03-14,83.6,74.6,82.5,96.1,0
Q00003657,C00079169,A073,2025-02-27,85.4,89.6,87.7,72.3,1
Q00003658,C00051296,A048,2025-01-25,87.2,91.5,94.4,78.5,1
Q00003659,C00041726,A038,2025-03-17,97.0,99.3,100.0,92.6,1
Q00003660,C00028510,A027,2025-02-02,88.4,93.0,86.8,80.5,1
Q00003661,C00081985,A075,2025-03-07,91.1,92.5,98.0,94.6,1
Q00003662,C00018366,A018,2025-02-22,84.7,92.5,84.6,92.2,1
Q00003663,C00049858,A046,2025-03-12,74.8,67.7,73.4,72.1,0
Q00003664,C00074645,A069,2025-03-22,76.0,75.7,72.0,72.4,0
Q00003665,C00044444,A041,2025-01-28,81.9,87.5,71.5,85.9,1
Q00003666,C00057035,A053,2025-02-05,84.2,82.4,78.9,85.2,1
Q00003667,C00011651,A011,2025-03-11,92.2,95.6,83.0,96.6,1
Q00003668,C00069471,A065,2025-01-05,74.3,74.7,73.8,68.0,0
Q00003669,C00061096,A057,2025-03-09,84.3,89.9,96.2,83.4,1
Q00003670,C00074973,A070,2025-01-21,86.0,82.6,74.5,85.7,1
Q00003671,C00051455,A048,2025-02-12,84.9,89.4,80.7,97.5,1
Q00003672,C00055446,A051,2025-04-01,90.1,87.4,80.5,88.4,1
Q00003673,C00060255,A056,2025-03-10,89.3,88.5,85.9,93.0,1
Q00003674,C00027061,A026,2025-01-26,77.3,68.6,73.3,61.8,0
Q00003675,C00023021,A022,2025-02-27,100.0,100.0,92.7,100.0,1
Q00003676,C00066327,A062,2025-02-21,90.7,91.3,92.5,93.5,1
Q00003677,C00048131,A044,2025-03-30,88.3,100.0,81.3,86.9,1
Q00003678,C00058541,A055,2025-01-05,92.5,97.5,95.4,100.0,1
Q00003679,C00002788,A003,2025-03-08,77.7,75.3,74.3,76.2,0
Q00003680,C00016356,A016,2025-03-04,78.0,79.6,81.2,71.2,0
Q00003681,C00021821,A021,2025-03-14,100.0,100.0,100.0,96.6,1
Q00003682,C00001273,A002,2025-01-27,82.9,79.4,87.3,88.4,1
Q00003683,C00082287,A075,2025-03-30,97.4,86.0,98.4,100.0,1
Q00003684,C00016267,A016,2025-02-25,93.3,98.0,85.7,100.0,1
Q00003685,C00069925,A065,2025-02-24,76.3,73.2,72.8,63.3,0
Q00003686,C00071478,A066,2025-03-28,95.7,93.1,91.1,93.9,1
Q00003687,C00027977,A026,2025-03-27,83.0,83.7,83.0,80.5,1
Q00003688,C00062248,A058,2025-03-05,85.7,82.2,86.7,100.0,1
Q00003689,C00050233,A047,2025-01-15,77.5,75.5,71.6,87.1,0
Q00003690,C00019219,A019,2025-02-09,88.7,95.2,87.4,85.7,1
Q00003691,C00043585,A040,2025-02-03,83.8,85.3,84.0,94.9,1
Q00003692,C00035757,A033,2025-03-14,74.0,75.2,66.7,68.6,0
Q00003693,C00038215,A035,2025-03-23,83.9,75.0,75.3,88.4,0
Q00003694,C00038923,A036,2025-02-16,95.1,98.7,86.1,100.0,1
Q00003695,C00048620,A045,2025-02-16,94.2,83.8,99.0,95.4,1
Q00003696,C00022562,A022,2025-01-29,79.0,83.2,77.6,82.8,0
Q00003697,C00024446,A023,2025-03-07,92.2,89.1,98.2,80.8,1
Q00003698,C00018599,A018,2025-03-16,79.6,78.0,84.5,81.5,0
Q00003699,C00006562,A007,2025-01-31,75.6,78.2,76.3,87.7,0
Q00003700,C00052362,A049,2025-02-02,83.4,88.7,90.0,79.5,1
Q00003701,C00046446,A043,2025-01-28,83.2,79.4,86.4,73.3,1
Q00003702,C00000223,A001,2025-01-31,81.7,73.4,83.8,70.7,0
Q00003703,C00008772,A008,2025-04-01,91.1,100.0,94.3,95.4,1
Q00003704,C00075193,A070,2025-02-11,85.1,81.2,86.2,94.0,1
Q00003705,C00049971,A046,2025-03-25,86.0,86.0,78.4,82.4,1
Q00003706,C00055056,A051,2025-02-18,82.7,84.0,82.2,84.0,1
Q00003707,C00013823,A014,2025-01-04,92.3,93.3,94.5,95.3,1
Q00003708,C00032343,A030,2025-03-25,76.5,75.4,81.2,76.8,0
Q00003709,C00049917,A046,2025-03-22,94.0,97.1,95.0,86.8,1
Q00003710,C00023161,A022,2025-03-10,88.5,91.3,99.1,74.0,1
Q00003711,C00001633,A002,2025-03-05,86.0,85.0,80.8,86.3,1
Q00003712,C00011968,A012,2025-01-04,89.6,92.3,100.0,91.7,1
Q00003713,C00050285,A047,2025-01-21,74.2,73.5,85.1,70.4,0
Q00003714,C00003595,A004,2025-02-08,95.9,87.0,99.8,84.2,1
Q00003715,C00010406,A010,2025-02-25,87.0,87.0,81.6,83.0,1
Q00003716,C00021848,A021,2025-03-09,76.1,78.4,77.4,76.8,0
Q00003717,C00048265,A045,2025-01-04,86.6,87.2,80.7,85.3,1
Q00003718,C00067560,A063,2025-02-25,78.3,79.1,77.9,87.9,0
Q00003719,C00053616,A050,2025-01-30,90.7,93.5,100.0,95.1,1
Q00003720,C00064630,A060,2025-03-15,99.4,96.5,100.0,100.0,1
Q00003721,C00045474,A042,2025-02-09,94.4,93.4,100.0,87.2,1
Q00003722,C00049680,A046,2025-03-01,81.4,82.7,90.9,92.1,1
Q00003723,C00039282,A036,2025-03-12,80.7,86.0,74.1,84.5,1
Q00003724,C00023389,A022,2025-03-23,73.8,73.5,75.2,78.4,0
Q00003725,C00043663,A040,2025-02-07,63.7,65.3,50.8,62.2,0
Q00003726,C00027505,A026,2025-02-28,70.0,68.0,66.4,67.1,0
Q00003727,C00068966,A064,2025-03-03,87.8,85.4,89.9,90.6,1
Q00003728,C00025956,A025,2025-01-19,91.3,91.0,83.4,98.1,1
Q00003729,C00045623,A042,2025-02-19,84.3,94.5,79.2,75.0,1
Q00003730,C00011388,A011,2025-02-12,83.6,88.5,83.5,69.4,1
Q00003731,C00077759,A072,2025-02-15,77.8,74.4,75.6,86.6,0
Q00003732,C00044666,A041,2025-02-15,85.8,85.0,100.0,88.0,1
Q00003733,C00044343,A041,2025-01-19,89.7,91.4,96.4,93.8,1
Q00003734,C00058088,A054,2025-02-21,85.5,89.1,87.7,93.0,1
Q00003735,C00064160,A060,2025-02-09,81.7,74.5,79.5,84.0,0
Q00003736,C00046803,A043,2025-02-24,85.8,90.5,88.0,78.4,1
Q00003737,C00021446,A021,2025-02-17,89.2,91.6,100.0,83.3,1
Q00003738,C00012422,A012,2025-02-17,77.1,83.8,73.0,80.7,0
Q00003739,C00073404,A068,2025-03-15,78.4,78.0,85.4,91.3,0
Q00003740,C00048892,A045,2025-03-09,94.2,91.4,97.0,87.5,1
Q00003741,C00057589,A054,2025-01-09,93.5,98.8,97.2,98.7,1
Q00003742,C00051973,A049,2025-01-07,83.9,88.5,73.3,84.4,1
Q00003743,C00061206,A057,2025-03-15,81.7,78.7,82.4,79.9,1
Q00003744,C00054731,A051,2025-01-16,79.7,83.9,86.7,73.1,0
Q00003745,C00032139,A030,2025-03-07,82.0,82.6,73.9,86.2,1
Q00003746,C00063276,A059,2025-03-10,83.5,75.2,80.4,95.6,1
Q00003747,C00015207,A015,2025-03-06,95.5,97.1,89.5,83.5,1
Q00003748,C00029458,A028,2025-01-05,98.5,94.9,93.2,100.0,1
Q00003749,C00043843,A040,2025-02-26,88.2,95.3,89.4,76.1,1
Q00003750,C00001119,A002,2025-01-11,87.6,88.3,88.6,88.9,1
Q00003751,C00032711,A031,2025-01-29,91.9,93.3,95.0,88.8,1
Q00003752,C00067865,A063,2025-03-22,82.0,81.7,74.3,87.4,1
Q00003753,C00039410,A036,2025-03-15,74.1,71.6,75.2,82.7,0
Q00003754,C00040049,A037,2025-02-12,84.3,89.0,83.8,89.1,1
Q00003755,C00051064,A047,2025-04-05,86.8,94.0,89.7,88.6,1
Q00003756,C00067394,A063,2025-02-11,68.2,77.2,66.3,64.2,0
Q00003757,C00035329,A033,2025-02-02,76.3,74.7,87.9,78.6,0
Q00003758,C00002821,A003,2025-03-13,86.8,89.9,92.0,97.4,1
Q00003759,C00021031,A021,2025-01-19,91.3,88.0,91.1,91.6,1
Q00003760,C00078411,A072,2025-03-27,89.6,89.6,100.0,92.1,1
Q00003761,C00049343,A046,2025-01-24,91.6,97.0,88.0,97.4,1
Q00003762,C00051209,A048,2025-01-18,94.1,92.6,88.1,100.0,1
Q00003763,C00002742,A003,2025-03-07,90.9,92.3,100.0,89.3,1
Q00003764,C00054378,A050,2025-03-23,95.7,100.0,100.0,89.1,1
Q00003765,C00026028,A025,2025-01-27,84.8,82.7,85.7,85.0,1
Q00003766,C00017769,A018,2025-01-07,89.4,87.0,88.0,92.9,1
Q00003767,C00016679,A016,2025-03-22,88.0,90.7,82.4,91.2,1
Q00003768,C00007065,A007,2025-03-13,79.6,84.4,75.6,66.8,0
Q00003769,C00021843,A021,2025-03-12,96.9,97.2,99.4,97.1,1
Q00003770,C00069272,A064,2025-03-20,80.6,81.1,75.8,80.9,1
Q00003771,C00002377,A003,2025-02-02,90.3,97.4,80.8,100.0,1
Q00003772,C00064567,A060,2025-03-11,90.5,96.9,85.6,100.0,1
Q00003773,C00070377,A066,2025-01-04,87.6,94.7,78.0,86.2,1
Q00003774,C00077034,A071,2025-03-24,88.5,90.7,95.1,74.6,1
Q00003775,C00023709,A023,2025-01-18,84.2,84.5,68.8,77.7,1
Q00003776,C00063197,A059,2025-02-23,85.2,86.5,100.0,77.3,1
Q00003777,C00030013,A028,2025-02-19,83.9,84.7,88.2,77.9,1
Q00003778,C00032466,A031,2025-01-11,82.5,71.9,81.0,80.5,0
Q00003779,C00009507,A009,2025-03-19,79.6,76.6,77.9,85.2,0
Q00003780,C00029389,A027,2025-04-04,92.2,85.5,100.0,98.3,1
Q00003781,C00052340,A049,2025-02-05,75.7,71.2,83.8,82.8,0
Q00003782,C00015256,A015,2025-03-08,97.7,97.5,100.0,98.5,1
Q00003783,C00002190,A003,2025-01-20,90.3,85.6,84.5,88.4,1
Q00003784,C00049743,A046,2025-03-05,80.5,83.2,79.0,85.9,1
Q00003785,C00016054,A016,2025-02-06,80.0,72.3,80.7,76.9,0
Q00003786,C00037695,A035,2025-02-15,98.4,95.8,97.2,96.3,1
Q00003787,C00047054,A043,2025-03-13,74.3,78.2,82.1,71.8,0
Q00003788,C00063536,A059,2025-03-28,100.0,99.7,100.0,100.0,1
Q00003789,C00075606,A070,2025-03-07,87.4,85.0,87.3,91.6,1
Q00003790,C00036814,A034,2025-03-13,83.3,81.4,85.1,89.3,1
Q00003791,C00039986,A037,2025-02-09,92.4,88.1,91.7,91.8,1
Q00003792,C00010035,A010,2025-01-29,85.7,82.8,87.2,92.3,1
Q00003793,C00004367,A005,2025-01-27,89.5,95.3,100.0,84.5,1
Q00003794,C00035825,A033,2025-03-25,86.3,86.4,82.0,89.9,1
Q00003795,C00057120,A053,2025-02-18,90.2,86.1,91.7,95.2,1
Q00003796,C00047297,A043,2025-04-05,71.3,65.4,75.6,79.6,0
Q00003797,C00024437,A023,2025-03-07,87.6,84.3,84.6,85.9,1
Q00003798,C00016166,A016,2025-02-17,85.4,78.8,92.2,71.6,1
Q00003799,C00046002,A042,2025-03-23,84.3,83.0,85.7,77.6,1
Q00003800,C00072788,A068,2025-01-25,83.9,82.7,88.0,87.5,1
Q00003801,C00032447,A031,2025-01-09,87.1,84.7,90.2,90.1,1
Q00003802,C00035676,A033,2025-03-09,84.7,88.2,82.8,80.9,1
Q00003803,C00041089,A038,2025-02-11,81.3,81.6,79.4,88.6,1
Q00003804,C00010119,A010,2025-02-05,79.1,71.1,62.6,90.3,0
Q00003805,C00024814,A023,2025-03-30,80.2,84.1,81.2,83.7,1
Q00003806,C00039328,A036,2025-03-16,95.8,89.7,97.4,100.0,1
Q00003807,C00018088,A018,2025-02-05,82.7,90.1,87.2,81.1,1
Q00003808,C00023316,A022,2025-03-22,82.6,78.2,75.3,71.4,1
Q00003809,C00011273,A011,2025-02-06,93.6,89.4,99.1,96.1,1
Q00003810,C00051516,A048,2025-02-15,92.3,87.7,100.0,90.1,1
Q00003811,C00042315,A039,2025-01-30,77.1,81.7,73.2,75.4,0
Q00003812,C00027410,A026,2025-02-14,79.1,82.1,81.2,85.0,0
Q00003813,C00009243,A009,2025-02-22,84.0,80.9,89.7,81.9,1
Q00003814,C00029651,A028,2025-01-21,91.9,95.5,88.2,89.9,1
Q00003815,C00005035,A005,2025-03-19,80.3,79.9,85.2,77.8,1
Q00003816,C00030547,A028,2025-03-30,87.3,85.8,86.3,97.7,1
Q00003817,C00013421,A013,2025-03-01,76.9,82.2,77.2,68.1,0
Q00003818,C00004414,A005,2025-02-01,93.8,94.1,98.7,83.9,1
Q00003819,C00035696,A033,2025-03-06,87.6,94.1,89.0,93.0,1
Q00003820,C00053146,A049,2025-03-29,89.3,90.4,83.6,77.7,1
Q00003821,C00018844,A019,2025-01-13,92.9,94.1,99.0,97.7,1
Q00003822,C00019816,A020,2025-01-12,100.0,100.0,100.0,100.0,1
Q00003823,C00010881,A010,2025-03-31,89.5,81.3,89.0,79.4,1
Q00003824,C00020852,A021,2025-01-06,87.1,86.7,91.5,87.6,1
Q00003825,C00039496,A036,2025-03-28,88.7,83.8,88.7,95.1,1
Q00003826,C00061733,A058,2025-02-04,88.4,84.2,85.7,91.7,1
Q00003827,C00028610,A027,2025-02-09,81.0,81.4,79.8,79.8,1
Q00003828,C00058217,A054,2025-02-28,86.7,89.5,96.4,84.1,1
Q00003829,C00009277,A009,2025-03-01,75.4,75.0,77.3,74.2,0
Q00003830,C00042196,A039,2025-01-24,79.1,79.5,69.1,75.4,0
Q00003831,C00047355,A044,2025-01-14,100.0,100.0,100.0,100.0,1
Q00003832,C00042555,A039,2025-02-15,86.2,88.1,81.8,90.9,1
Q00003833,C00024671,A023,2025-03-24,82.3,86.4,77.5,84.2,1
Q00003834,C00019544,A019,2025-03-10,87.0,76.9,91.0,91.4,1
Q00003835,C00021352,A021,2025-02-15,96.7,97.3,93.2,100.0,1
Q00003836,C00079272,A073,2025-03-11,67.9,73.5,72.5,63.0,0
Q00003837,C00040896,A038,2025-01-28,88.5,84.3,90.6,88.7,1
Q00003838,C00011568,A011,2025-03-01,78.3,80.2,70.2,74.3,0
Q00003839,C00014166,A014,2025-02-20,91.3,90.0,85.2,97.4,1
Q00003840,C00067428,A063,2025-02-15,88.4,84.4,89.7,96.0,1
Q00003841,C00040790,A038,2025-01-16,90.4,91.4,79.5,89.8,1
Q00003842,C00080254,A074,2025-02-13,87.9,91.7,78.0,91.6,1
Q00003843,C00052498,A049,2025-02-10,84.0,84.4,90.8,89.2,1
Q00003844,C00033113,A031,2025-02-18,90.1,89.2,90.9,89.4,1
Q00003845,C00034146,A032,2025-01-31,77.8,66.6,68.1,80.8,0
Q00003846,C00037632,A035,2025-02-14,85.1,82.0,86.0,83.1,1
Q00003847,C00018624,A018,2025-03-19,91.7,84.4,90.3,94.7,1
Q00003848,C00044850,A041,2025-03-13,84.7,79.5,85.5,90.0,1
Q00003849,C00006152,A006,2025-04-09,77.3,71.2,73.5,82.8,0
Q00003850,C00063591,A059,2025-03-29,73.2,74.0,77.6,70.9,0
Q00003851,C00032479,A031,2025-01-10,90.6,88.3,92.4,85.6,1
Q00003852,C00058352,A054,2025-03-19,83.6,81.7,86.3,80.1,1
Q00003853,C00025795,A025,2025-01-04,85.0,91.1,88.0,77.3,1
Q00003854,C00043692,A040,2025-02-07,92.9,93.9,94.3,94.3,1
Q00003855,C00075730,A070,2025-03-19,90.2,96.9,97.2,93.4,1
Q00003856,C00059678,A056,2025-01-25,85.0,82.7,91.1,78.7,1
Q00003857,C00060071,A056,2025-02-27,88.1,86.0,88.8,81.0,1
Q00003858,C00036744,A034,2025-03-10,82.8,86.8,81.2,88.0,1
Q00003859,C00027215,A026,2025-02-01,89.8,81.6,80.7,99.1,1
Q00003860,C00021946,A021,2025-03-18,84.9,88.0,76.7,86.0,1
Q00003861,C00031598,A030,2025-01-11,91.4,92.8,93.5,86.9,1
Q00003862,C00019235,A019,2025-02-15,76.0,74.1,78.5,67.5,0
Q00003863,C00062991,A059,2025-01-31,80.5,89.6,75.0,81.7,1
Q00003864,C00074848,A070,2025-01-10,97.6,95.2,100.0,96.5,1
Q00003865,C00034602,A032,2025-03-02,99.1,96.7,100.0,100.0,1
Q00003866,C00038952,A036,2025-02-20,82.5,77.0,73.5,86.0,1
Q00003867,C00040339,A037,2025-03-17,97.0,93.6,100.0,89.2,1
Q00003868,C00034295,A032,2025-02-08,83.6,75.0,94.8,89.1,0
Q00003869,C00023728,A023,2025-01-16,83.9,87.2,84.5,86.1,1
Q00003870,C00042072,A039,2025-01-14,83.3,86.5,74.1,76.3,1
Q00003871,C00080722,A074,2025-03-16,82.3,87.5,82.5,79.7,1
Q00003872,C00017750,A017,2025-04-01,83.3,79.1,79.9,79.1,1
Q00003873,C00067172,A063,2025-02-03,82.1,82.9,86.4,81.6,1
Q00003874,C00029116,A027,2025-03-16,78.7,87.7,81.9,84.4,0
Q00003875,C00022900,A022,2025-02-22,69.8,68.2,79.5,71.6,0
Q00003876,C00017327,A017,2025-02-25,98.9,100.0,97.3,100.0,1
Q00003877,C00041602,A038,2025-03-15,79.3,77.0,76.6,67.7,0
Q00003878,C00022592,A022,2025-01-31,68.2,70.5,69.0,62.5,0
Q00003879,C00018776,A018,2025-04-01,85.8,92.3,76.5,85.0,1
Q00003880,C00031721,A030,2025-01-29,92.5,100.0,89.4,94.5,1
Q00003881,C00034402,A032,2025-02-17,89.3,77.0,83.4,86.9,1
Q00003882,C00019038,A019,2025-01-30,83.3,80.4,78.7,67.3,1
Q00003883,C00050683,A047,2025-02-26,82.1,83.5,96.2,88.1,1
Q00003884,C00010580,A010,2025-03-12,95.9,99.2,100.0,91.5,1
Q00003885,C00053439,A050,2025-01-15,94.1,91.2,94.8,100.0,1
Q00003886,C00022611,A022,2025-02-01,84.8,88.8,93.0,80.4,1
Q00003887,C00037278,A035,2025-01-17,86.2,82.4,78.6,85.0,1
Q00003888,C00012937,A013,2025-01-11,84.5,84.4,84.9,81.4,1
Q00003889,C00009773,A010,2025-01-12,91.8,91.5,85.7,98.1,1
Q00003890,C00035083,A033,2025-01-09,94.3,96.0,79.9,98.0,1
Q00003891,C00036062,A034,2025-01-16,90.2,100.0,86.2,88.3,1
Q00003892,C00016019,A016,2025-02-11,91.2,94.4,94.0,100.0,1
Q00003893,C00012297,A012,2025-02-12,86.5,87.8,96.9,86.7,1
Q00003894,C00052216,A049,2025-01-24,77.3,81.4,82.6,83.4,0
Q00003895,C00000631,A001,2025-03-01,71.6,71.8,70.3,74.2,0
Q00003896,C00025488,A024,2025-03-09,80.8,84.6,77.6,96.7,1
Q00003897,C00040376,A037,2025-03-16,83.5,75.4,82.6,82.2,1
Q00003898,C00042664,A039,2025-02-25,81.9,81.0,76.4,80.2,1
Q00003899,C00028013,A026,2025-03-31,86.6,85.2,90.8,93.5,1
Q00003900,C00052540,A049,2025-02-19,85.8,82.7,87.4,93.2,1
Q00003901,C00065514,A061,2025-03-07,88.9,90.8,84.3,94.4,1
Q00003902,C00057341,A053,2025-03-14,82.8,86.5,87.5,83.7,1
Q00003903,C00000431,A001,2025-02-15,94.9,97.4,88.3,100.0,1
Q00003904,C00052100,A049,2025-01-21,87.2,88.3,78.7,86.5,1
Q00003905,C00079631,A073,2025-04-04,91.2,86.9,93.6,97.3,1
Q00003906,C00022312,A022,2025-01-08,85.5,84.0,82.2,75.9,1
Q00003907,C00002329,A003,2025-01-30,87.9,84.0,99.4,86.4,1
Q00003908,C00008505,A008,2025-03-12,78.2,85.3,80.9,82.0,0
Q00003909,C00028496,A027,2025-02-02,92.9,99.4,93.8,100.0,1
Q00003910,C00031080,A029,2025-02-27,85.4,89.8,89.5,85.8,1
Q00003911,C00000152,A001,2025-01-17,95.2,97.7,91.9,99.8,1
Q00003912,C00081564,A075,2025-02-12,94.2,93.3,97.5,94.0,1
Q00003913,C00020739,A020,2025-03-26,84.1,89.0,81.3,84.0,1
Q00003914,C00032716,A031,2025-01-24,82.2,88.2,84.6,91.6,1
Q00003915,C00054418,A050,2025-03-22,79.8,85.3,86.2,72.7,0
Q00003916,C00019177,A019,2025-02-07,85.8,89.8,89.7,82.8,1
Q00003917,C00057381,A053,2025-03-12,89.7,93.0,82.2,90.6,1
Q00003918,C00008231,A008,2025-02-26,83.5,75.5,89.9,75.0,1
Q00003919,C00021670,A021,2025-02-26,78.4,80.0,90.7,68.2,0
Q00003920,C00064676,A060,2025-03-14,96.5,96.4,92.3,92.1,1
Q00003921,C00043125,A039,2025-03-24,94.7,90.3,85.1,93.2,1
Q00003922,C00041277,A038,2025-02-15,88.1,88.5,79.9,97.2,1
Q00003923,C00040340,A037,2025-03-20,85.5,86.9,78.3,83.5,1
Q00003924,C00069038,A064,2025-03-08,89.2,90.9,89.3,89.5,1
Q00003925,C00027086,A026,2025-01-27,81.7,85.7,74.5,76.6,1
Q00003926,C00006195,A007,2025-01-10,86.3,91.8,88.5,86.3,1
Q00003927,C00056353,A052,2025-03-08,98.0,94.9,93.3,89.6,1
Q00003928,C00003790,A004,2025-02-28,88.8,89.4,87.6,87.3,1
Q00003929,C00071650,A067,2025-01-17,100.0,100.0,99.1,100.0,1
Q00003930,C00003086,A003,2025-03-26,80.7,94.7,90.5,79.4,1
Q00003931,C00029244,A027,2025-03-22,77.6,79.7,72.6,63.0,0
Q00003932,C00038036,A035,2025-03-15,81.5,76.0,84.1,82.7,1
Q00003933,C00015463,A015,2025-04-01,96.0,100.0,92.3,97.1,1
Q00003934,C00063541,A059,2025-03-27,90.8,90.4,86.0,94.9,1
Q00003935,C00010093,A010,2025-02-06,85.7,85.0,96.5,83.3,1
Q00003936,C00008225,A008,2025-02-23,79.7,78.3,73.8,68.2,0
Q00003937,C00030309,A028,2025-03-14,86.5,77.8,92.4,79.3,1
Q00003938,C00005924,A006,2025-03-11,96.1,100.0,98.9,100.0,1
Q00003939,C00012332,A012,2025-02-08,94.5,94.5,94.7,92.8,1
Q00003940,C00032951,A031,2025-02-12,91.1,92.7,88.6,86.0,1
Q00003941,C00002733,A003,2025-02-26,78.5,75.9,60.6,83.9,0
Q00003942,C00042699,A039,2025-02-25,79.6,87.4,78.3,74.3,0
Q00003943,C00065985,A062,2025-01-20,77.8,81.2,77.2,73.2,0
Q00003944,C00069575,A065,2025-01-20,93.1,100.0,84.2,92.9,1
Q00003945,C00011119,A011,2025-01-19,86.8,87.6,87.1,85.3,1
Q00003946,C00011792,A011,2025-03-20,84.4,84.4,84.6,75.4,1
Q00003947,C00034239,A032,2025-02-11,84.9,86.6,85.4,80.5,1
Q00003948,C00036333,A034,2025-02-06,84.4,78.6,79.6,77.1,1
Q00003949,C00027203,A026,2025-01-31,86.8,87.8,89.3,100.0,1
Q00003950,C00048032,A044,2025-03-17,82.5,80.7,93.1,84.9,1
Q00003951,C00030835,A029,2025-01-31,84.0,87.2,89.5,90.6,1
Q00003952,C00012201,A012,2025-01-31,68.9,63.6,65.1,76.4,0
Q00003953,C00007286,A007,2025-03-23,91.5,93.2,82.8,95.2,1
Q00003954,C00050943,A047,2025-03-26,76.4,78.1,79.5,86.3,0
Q00003955,C00061675,A058,2025-01-24,87.1,82.3,84.1,85.3,1
Q00003956,C00069595,A065,2025-01-19,81.1,82.7,74.8,79.8,1
Q00003957,C00016137,A016,2025-02-20,91.3,90.8,93.9,85.4,1
Q00003958,C00077880,A072,2025-02-23,87.2,87.1,88.2,96.7,1
Q00003959,C00024025,A023,2025-02-05,90.4,83.0,90.7,97.1,1
Q00003960,C00022849,A022,2025-02-13,100.0,98.2,94.2,100.0,1
Q00003961,C00004000,A004,2025-03-20,89.6,88.6,83.0,89.0,1
Q00003962,C00029902,A028,2025-02-14,92.1,99.6,85.2,100.0,1
Q00003963,C00033754,A032,2025-01-04,80.2,81.3,87.3,70.9,1
Q00003964,C00000475,A001,2025-02-21,99.9,100.0,100.0,86.6,1
Q00003965,C00050009,A046,2025-04-01,87.4,83.3,88.9,81.7,1
Q00003966,C00013360,A013,2025-02-22,87.8,91.4,82.4,83.6,1
Q00003967,C00017386,A017,2025-03-05,100.0,100.0,100.0,100.0,1
Q00003968,C00077161,A071,2025-04-03,83.1,79.0,80.0,84.7,1
Q00003969,C00000757,A001,2025-03-21,77.7,73.8,84.0,72.6,0
Q00003970,C00001091,A002,2025-01-13,79.2,73.5,75.5,82.7,0
Q00003971,C00007295,A007,2025-03-21,72.2,78.7,78.7,69.8,0
Q00003972,C00040469,A037,2025-03-26,86.4,87.3,100.0,92.6,1
Q00003973,C00031805,A030,2025-02-07,89.7,97.4,96.8,90.8,1
Q00003974,C00060719,A057,2025-01-25,89.7,76.7,84.0,81.5,1
Q00003975,C00074144,A069,2025-02-08,100.0,93.3,100.0,100.0,1
Q00003976,C00048103,A044,2025-03-29,92.9,90.7,89.2,100.0,1
Q00003977,C00040345,A037,2025-03-21,86.9,86.8,100.0,77.9,1
Q00003978,C00041994,A039,2025-01-07,95.1,96.9,87.8,94.8,1
Q00003979,C00073036,A068,2025-02-19,78.0,81.8,79.8,74.5,0
Q00003980,C00039685,A037,2025-01-10,80.8,80.1,95.9,68.0,1
Q00003981,C00035485,A033,2025-02-12,85.6,93.5,86.1,81.8,1
Q00003982,C00047152,A043,2025-03-24,89.7,95.9,93.5,79.0,1
Q00003983,C00003201,A003,2025-03-28,95.6,99.1,93.4,93.2,1
Q00003984,C00036987,A034,2025-03-27,78.5,83.5,80.6,58.5,0
Q00003985,C00058191,A054,2025-02-23,88.2,78.9,91.7,79.2,1
Q00003986,C00044000,A040,2025-03-21,81.3,87.1,83.7,79.7,1
Q00003987,C00031607,A030,2025-01-12,84.8,86.1,78.9,81.7,1
Q00003988,C00048209,A044,2025-04-08,81.9,88.4,75.6,81.0,1
Q00003989,C00000424,A001,2025-02-09,94.0,92.1,99.3,97.1,1
Q00003990,C00002543,A003,2025-02-19,91.6,92.1,88.6,93.9,1
Q00003991,C00034151,A032,2025-02-03,89.6,94.3,93.3,94.8,1
Q00003992,C00059711,A056,2025-01-27,76.7,83.0,82.1,80.8,0
Q00003993,C00048001,A044,2025-03-10,83.8,89.3,92.6,86.1,1
Q00003994,C00041693,A038,2025-03-16,88.3,91.7,83.3,86.9,1
Q00003995,C00044522,A041,2025-02-08,91.9,95.3,90.6,86.9,1
Q00003996,C00006538,A007,2025-02-01,97.9,98.1,100.0,93.6,1
Q00003997,C00011904,A011,2025-04-04,74.5,80.5,81.2,69.9,0
Q00003998,C00043037,A039,2025-03-17,70.0,68.5,76.7,67.4,0
Q00003999,C00053896,A050,2025-02-16,88.9,84.2,88.5,79.2,1
Q00004000,C00036529,A034,2025-02-16,80.6,75.6,84.1,86.6,1
Q00004001,C00063517,A059,2025-03-26,86.1,89.6,86.6,82.0,1
Q00004002,C00064474,A060,2025-02-28,90.4,88.4,93.0,85.7,1
Q00004003,C00071776,A067,2025-01-26,96.4,96.4,95.9,98.5,1
Q00004004,C00072841,A068,2025-01-30,96.6,91.4,91.8,90.2,1
Q00004005,C00001335,A002,2025-01-30,84.4,81.6,86.5,86.2,1
Q00004006,C00045133,A042,2025-01-06,100.0,100.0,100.0,100.0,1
Q00004007,C00004917,A005,2025-03-17,82.1,82.8,77.2,72.7,1
Q00004008,C00013903,A014,2025-01-16,82.5,83.7,87.7,83.0,1
Q00004009,C00023552,A023,2025-01-04,84.5,77.1,90.5,69.2,1
Q00004010,C00034359,A032,2025-02-15,92.6,94.6,99.0,100.0,1
Q00004011,C00010594,A010,2025-03-06,83.5,91.1,80.7,85.0,1
Q00004012,C00070013,A065,2025-03-10,95.7,95.9,90.4,100.0,1
Q00004013,C00036014,A034,2025-01-09,90.6,86.1,83.3,91.9,1
Q00004014,C00051696,A048,2025-03-12,81.3,86.5,86.3,72.7,1
Q00004015,C00024493,A023,2025-03-08,81.9,77.4,86.2,85.7,1
Q00004016,C00043980,A040,2025-03-14,95.9,92.6,94.5,96.6,1
Q00004017,C00006187,A007,2025-01-08,89.7,84.1,91.1,80.7,1
Q00004018,C00057969,A054,2025-02-09,83.7,83.0,93.6,87.6,1
Q00004019,C00018413,A018,2025-03-01,100.0,99.7,100.0,100.0,1
Q00004020,C00003564,A004,2025-02-05,100.0,98.8,95.0,100.0,1
Q00004021,C00008796,A009,2025-01-02,77.2,69.6,76.8,78.0,0
Q00004022,C00001166,A002,2025-01-18,84.0,84.4,98.5,88.3,1
Q00004023,C00026135,A025,2025-02-05,86.8,85.1,84.2,83.4,1
Q00004024,C00047921,A044,2025-03-07,92.0,91.3,94.7,94.5,1
Q00004025,C00014530,A014,2025-03-30,79.6,77.5,68.1,79.6,0
Q00004026,C00048891,A045,2025-03-06,87.9,88.3,87.4,91.8,1
Q00004027,C00067011,A063,2025-01-20,100.0,100.0,100.0,100.0,1
Q00004028,C00044001,A040,2025-03-15,88.5,93.0,84.3,92.8,1
Q00004029,C00017021,A017,2025-01-29,94.1,96.2,96.1,94.3,1
Q00004030,C00009485,A009,2025-03-21,88.1,90.0,96.3,89.6,1
Q00004031,C00062388,A058,2025-03-19,90.8,97.8,82.4,91.6,1
Q00004032,C00035797,A033,2025-03-19,87.0,82.5,86.4,81.3,1
Q00004033,C00063171,A059,2025-02-23,88.0,77.9,96.7,82.6,1
Q00004034,C00017662,A017,2025-04-01,83.4,86.7,84.5,72.5,1
Q00004035,C00063804,A060,2025-01-21,96.7,100.0,93.9,98.7,1
Q00004036,C00023847,A023,2025-01-23,88.1,82.2,91.1,91.0,1
Q00004037,C00019891,A020,2025-01-11,86.5,95.9,85.1,85.1,1
Q00004038,C00035318,A033,2025-02-03,88.9,83.1,80.7,88.3,1
Q00004039,C00028786,A027,2025-02-28,81.7,80.7,78.8,86.8,1
Q00004040,C00041810,A038,2025-03-22,78.9,84.1,74.2,78.6,0
Q00004041,C00061844,A058,2025-02-08,84.3,86.1,73.4,76.3,1
Q00004042,C00015404,A015,2025-03-28,100.0,100.0,98.5,100.0,1
Q00004043,C00077752,A072,2025-02-19,91.0,84.4,92.7,92.4,1
Q00004044,C00001220,A002,2025-01-22,85.6,86.5,81.4,94.1,1
Q00004045,C00064636,A060,2025-03-16,83.8,80.8,83.1,81.1,1
Q00004046,C00024883,A024,2025-01-04,86.1,86.7,85.1,96.9,1
Q00004047,C00076104,A071,2025-01-13,75.6,77.9,79.3,82.0,0
Q00004048,C00020832,A021,2025-01-05,79.7,79.8,74.5,76.4,0
Q00004049,C00074922,A070,2025-01-18,85.6,89.6,92.4,80.2,1
Q00004050,C00015200,A015,2025-03-04,76.8,79.2,75.1,54.6,0
Q00004051,C00033937,A032,2025-01-17,100.0,100.0,100.0,99.1,1
Q00004052,C00040203,A037,2025-02-27,90.3,93.4,96.0,97.7,1
Q00004053,C00049314,A046,2025-01-20,70.4,77.4,63.7,65.1,0
Q00004054,C00021940,A021,2025-03-21,73.8,78.5,66.2,66.0,0
Q00004055,C00027577,A026,2025-03-07,88.9,94.5,87.4,92.8,1
Q00004056,C00018574,A018,2025-03-15,100.0,100.0,100.0,100.0,1
Q00004057,C00073222,A068,2025-02-26,88.3,84.4,86.1,93.5,1
Q00004058,C00057386,A053,2025-03-17,93.3,85.0,84.8,99.5,1
Q00004059,C00022787,A022,2025-02-15,79.2,76.3,70.1,79.1,0
Q00004060,C00030811,A029,2025-01-31,71.4,64.5,62.1,73.9,0
Q00004061,C00075169,A070,2025-02-10,85.4,87.0,85.8,89.6,1
Q00004062,C00010701,A010,2025-03-19,90.6,100.0,100.0,92.1,1
Q00004063,C00006553,A007,2025-01-30,83.9,84.9,91.7,86.2,1
Q00004064,C00048175,A044,2025-03-27,76.7,71.6,86.7,66.7,0
Q00004065,C00026185,A025,2025-02-13,92.2,88.0,86.6,89.6,1
Q00004066,C00065505,A061,2025-03-05,93.7,88.1,95.0,96.1,1
Q00004067,C00044167,A040,2025-03-31,85.1,84.2,78.0,79.5,1
Q00004068,C00042935,A039,2025-03-12,89.7,88.4,100.0,93.4,1
Q00004069,C00069830,A065,2025-02-15,92.1,88.8,100.0,91.2,1
Q00004070,C00002687,A003,2025-02-25,78.1,80.0,72.7,86.4,0
Q00004071,C00052725,A049,2025-02-27,95.1,93.4,100.0,87.5,1
Q00004072,C00018964,A019,2025-01-24,81.1,86.1,83.3,80.9,1
Q00004073,C00038859,A036,2025-02-14,86.0,86.6,72.4,85.9,1
Q00004074,C00002213,A003,2025-01-21,95.9,97.7,98.5,88.7,1
Q00004075,C00035388,A033,2025-02-10,80.3,76.2,81.3,63.5,1
Q00004076,C00011788,A011,2025-03-27,93.8,85.5,100.0,100.0,1
Q00004077,C00037601,A035,2025-02-08,79.8,77.7,83.3,84.8,0
Q00004078,C00060061,A056,2025-02-21,80.3,80.0,85.0,81.5,1
Q00004079,C00036298,A034,2025-02-05,83.0,78.6,80.3,76.9,1
Q00004080,C00041805,A038,2025-03-21,89.1,91.7,97.6,91.5,1
Q00004081,C00043374,A040,2025-01-17,81.2,76.6,83.5,75.0,1
Q00004082,C00079325,A073,2025-03-11,91.1,95.3,87.9,90.4,1
Q00004083,C00002272,A003,2025-01-30,92.0,87.0,85.3,100.0,1
Q00004084,C00014297,A014,2025-03-01,88.6,86.1,97.0,82.1,1
Q00004085,C00064892,A060,2025-04-03,94.7,86.1,93.9,87.5,1
Q00004086,C00018787,A018,2025-04-03,80.2,82.1,83.3,79.2,1
Q00004087,C00064651,A060,2025-03-21,86.6,85.2,79.8,82.0,1
Q00004088,C00001261,A002,2025-01-25,89.7,94.7,92.1,100.0,1
Q00004089,C00038929,A036,2025-02-12,81.7,77.9,73.9,89.2,1
Q00004090,C00011194,A011,2025-02-01,86.4,90.0,83.0,74.6,1
Q00004091,C00037915,A035,2025-03-08,81.9,81.6,75.7,80.8,1
Q00004092,C00059675,A056,2025-01-23,75.5,79.3,77.4,76.2,0
Q00004093,C00068770,A064,2025-02-17,92.3,90.3,100.0,93.1,1
Q00004094,C00061176,A057,2025-03-18,81.4,77.5,82.9,91.3,1
Q00004095,C00031910,A030,2025-02-15,78.5,79.7,82.0,81.6,0
Q00004096,C00073692,A068,2025-03-30,84.3,74.9,83.1,91.2,0
Q00004097,C00000267,A001,2025-01-27,78.0,79.9,77.3,82.6,0
Q00004098,C00010655,A010,2025-03-18,100.0,94.3,100.0,100.0,1
Q00004099,C00074644,A069,2025-03-25,87.5,90.2,87.8,80.7,1
Q00004100,C00025425,A024,2025-03-03,86.3,80.6,93.1,89.0,1
Q00004101,C00006330,A007,2025-01-22,88.9,97.4,91.6,83.1,1
Q00004102,C00058319,A054,2025-03-11,93.1,95.6,92.9,100.0,1
Q00004103,C00062926,A059,2025-01-24,93.8,83.5,86.4,95.3,1
Q00004104,C00054800,A051,2025-01-25,90.3,94.8,88.2,81.7,1
Q00004105,C00029276,A027,2025-03-24,89.3,88.0,82.6,89.7,1
Q00004106,C00034125,A032,2025-01-29,93.7,93.4,97.1,95.9,1
Q00004107,C00072495,A068,2025-01-08,89.0,94.4,97.1,80.9,1
Q00004108,C00079773,A074,2025-01-09,98.6,100.0,92.6,95.7,1
Q00004109,C00000187,A001,2025-01-18,95.6,92.8,100.0,84.9,1
Q00004110,C00030237,A028,2025-03-09,95.4,92.9,99.4,91.6,1
Q00004111,C00044310,A041,2025-01-20,86.7,86.6,83.5,82.5,1
Q00004112,C00072938,A068,2025-02-08,89.2,92.9,94.3,87.7,1
Q00004113,C00023643,A023,2025-01-11,90.3,94.8,84.3,91.8,1
Q00004114,C00049939,A046,2025-03-19,78.5,79.2,84.6,78.8,0
Q00004115,C00052418,A049,2025-02-03,78.2,80.3,65.9,81.9,0
Q00004116,C00072073,A067,2025-02-21,90.0,90.3,76.6,87.2,1
Q00004117,C00059469,A055,2025-04-03,83.0,91.2,84.5,84.6,1
Q00004118,C00047957,A044,2025-03-05,85.2,92.2,95.0,91.0,1
Q00004119,C00018356,A018,2025-02-25,94.0,95.4,89.6,100.0,1
Q00004120,C00007992,A008,2025-02-06,83.8,80.3,92.4,76.4,1
Q00004121,C00070906,A066,2025-02-15,81.7,83.1,87.7,71.2,1
Q00004122,C00019646,A019,2025-03-24,94.8,96.0,96.4,92.0,1
Q00004123,C00011839,A011,2025-03-22,79.2,82.7,83.9,71.2,0
Q00004124,C00081349,A075,2025-01-26,96.7,95.7,91.0,91.7,1
Q00004125,C00013122,A013,2025-01-27,83.5,91.9,79.6,70.7,1
Q00004126,C00069200,A064,2025-03-19,87.8,85.3,92.3,77.0,1
Q00004127,C00077568,A072,2025-02-07,81.1,77.5,84.8,72.4,1
Q00004128,C00077958,A072,2025-02-25,74.9,80.6,79.0,64.1,0
Q00004129,C00059538,A055,2025-04-06,90.3,91.4,94.5,88.6,1
Q00004130,C00017713,A017,2025-03-31,84.0,82.8,81.8,79.1,1
Q00004131,C00042704,A039,2025-03-01,87.1,96.2,90.8,86.2,1
Q00004132,C00075261,A070,2025-02-13,80.0,71.6,72.9,80.9,0
Q00004133,C00069360,A064,2025-04-02,98.5,100.0,100.0,98.0,1
Q00004134,C00057196,A053,2025-02-27,85.0,90.8,92.3,83.3,1
Q00004135,C00026437,A025,2025-03-08,86.0,81.8,95.4,83.8,1
Q00004136,C00047815,A044,2025-02-26,80.2,82.7,90.1,80.2,1
Q00004137,C00080590,A074,2025-03-03,96.4,96.0,99.2,97.6,1
Q00004138,C00009612,A009,2025-03-30,80.1,84.4,89.0,70.3,1
Q00004139,C00078686,A073,2025-01-21,83.3,84.8,81.1,82.0,1
Q00004140,C00007083,A007,2025-03-07,93.0,97.0,98.5,90.8,1
Q00004141,C00030897,A029,2025-02-06,79.2,73.4,76.4,87.9,0
Q00004142,C00057529,A053,2025-04-01,68.2,61.2,63.3,60.7,0
Q00004143,C00047271,A043,2025-04-01,77.1,75.3,68.6,70.2,0
Q00004144,C00007412,A007,2025-04-03,76.3,75.4,72.5,73.2,0
Q00004145,C00007181,A007,2025-03-16,80.9,79.8,88.4,71.3,1
Q00004146,C00053931,A050,2025-02-18,84.3,80.3,86.2,87.7,1
Q00004147,C00025404,A024,2025-02-27,90.9,96.9,92.2,95.5,1
Q00004148,C00042548,A039,2025-02-16,71.1,70.2,71.7,71.7,0
Q00004149,C00006313,A007,2025-01-13,93.5,90.6,95.3,99.7,1
Q00004150,C00067621,A063,2025-03-04,85.4,81.3,92.3,80.3,1
Q00004151,C00074303,A069,2025-02-21,90.2,86.7,99.8,85.5,1
Q00004152,C00041862,A038,2025-03-25,88.0,92.0,91.8,91.6,1
Q00004153,C00053882,A050,2025-02-13,87.7,84.2,72.2,90.6,1
Q00004154,C00038168,A035,2025-03-23,81.9,84.4,76.4,79.8,1
Q00004155,C00005772,A006,2025-03-05,82.0,89.0,80.0,87.4,1
Q00004156,C00028347,A027,2025-01-23,72.7,64.7,73.5,71.2,0
Q00004157,C00079904,A074,2025-01-19,85.4,85.8,75.7,90.4,1
Q00004158,C00011430,A011,2025-02-17,96.5,96.9,93.9,86.8,1
Q00004159,C00065577,A061,2025-03-16,88.4,92.0,98.8,84.9,1
Q00004160,C00056366,A052,2025-03-04,79.6,80.5,74.1,70.8,0
Q00004161,C00026786,A026,2025-01-04,83.5,79.1,77.9,92.6,1
Q00004162,C00056717,A053,2025-01-10,71.0,75.8,71.5,68.2,0
Q00004163,C00010603,A010,2025-03-07,88.1,79.1,86.0,85.6,1
Q00004164,C00055894,A052,2025-01-30,80.2,90.5,79.8,77.0,1
Q00004165,C00050916,A047,2025-03-24,92.8,90.3,91.7,87.3,1
Q00004166,C00013543,A013,2025-03-13,82.1,74.4,82.2,91.7,0
Q00004167,C00049996,A046,2025-03-24,89.7,97.8,89.4,85.0,1
Q00004168,C00028099,A027,2025-01-04,92.1,92.8,94.9,89.3,1
Q00004169,C00048397,A045,2025-01-25,78.4,82.2,85.5,78.6,0
Q00004170,C00008248,A008,2025-02-23,91.2,82.7,79.3,95.2,1
Q00004171,C00027497,A026,2025-02-28,83.7,88.4,92.0,76.9,1
Q00004172,C00017210,A017,2025-02-14,73.5,71.0,72.9,73.2,0
Q00004173,C00068437,A064,2025-01-24,100.0,96.6,100.0,98.2,1
Q00004174,C00067132,A063,2025-01-31,74.3,74.1,67.1,82.7,0
Q00004175,C00071417,A066,2025-03-25,84.1,94.4,84.9,86.3,1
Q00004176,C00000502,A001,2025-02-17,96.2,97.1,100.0,92.4,1
Q00004177,C00064885,A060,2025-04-02,87.0,80.5,92.0,81.9,1
Q00004178,C00031889,A030,2025-02-09,82.6,82.4,88.8,70.9,1
Q00004179,C00024370,A023,2025-03-06,82.9,81.1,71.4,88.8,1
Q00004180,C00006423,A007,2025-01-23,82.2,82.8,81.6,80.7,1
Q00004181,C00044994,A041,2025-03-24,81.3,78.4,77.0,81.6,1
Q00004182,C00070100,A065,2025-03-15,79.0,78.6,80.1,79.0,0
Q00004183,C00051917,A048,2025-03-31,83.6,80.9,88.4,80.1,1
Q00004184,C00049905,A046,2025-03-21,86.2,89.2,98.3,88.9,1
Q00004185,C00044038,A040,2025-03-23,88.0,90.1,81.9,94.2,1
Q00004186,C00002648,A003,2025-02-23,92.8,86.7,99.4,99.2,1
Q00004187,C00022198,A021,2025-04-09,80.1,83.5,80.2,90.8,1
Q00004188,C00038541,A036,2025-01-15,89.4,92.2,86.5,93.2,1
Q00004189,C00077513,A072,2025-01-23,75.6,77.3,75.0,68.9,0
Q00004190,C00026467,A025,2025-03-10,99.2,95.0,94.0,96.7,1
Q00004191,C00027023,A026,2025-01-20,89.8,96.2,100.0,83.8,1
Q00004192,C00077681,A072,2025-02-07,91.4,97.2,93.4,87.1,1
Q00004193,C00040842,A038,2025-01-21,84.4,86.7,84.7,88.0,1
Q00004194,C00057906,A054,2025-02-08,87.7,86.6,77.6,87.2,1
Q00004195,C00007927,A008,2025-02-02,91.0,95.4,90.5,82.1,1
Q00004196,C00033864,A032,2025-01-10,95.6,100.0,93.3,96.1,1
Q00004197,C00075550,A070,2025-02-28,91.3,90.9,90.8,84.3,1
Q00004198,C00027859,A026,2025-03-19,83.4,88.6,83.9,79.6,1
Q00004199,C00015481,A015,2025-03-30,100.0,100.0,100.0,100.0,1
Q00004200,C00075825,A070,2025-03-20,82.1,87.1,74.0,91.2,1
Q00004201,C00032424,A031,2025-01-05,99.1,99.8,100.0,88.8,1
Q00004202,C00001984,A003,2025-01-09,83.9,83.9,83.4,67.3,1
Q00004203,C00051359,A048,2025-02-02,81.1,81.8,90.7,69.7,1
Q00004204,C00012971,A013,2025-01-13,80.9,79.2,73.3,87.6,1
Q00004205,C00074902,A070,2025-01-15,89.1,95.2,83.8,83.5,1
Q00004206,C00042456,A039,2025-02-09,84.1,86.9,90.2,83.1,1
Q00004207,C00034407,A032,2025-02-17,83.2,78.5,94.3,83.0,1
Q00004208,C00052482,A049,2025-02-07,93.4,92.4,89.8,96.1,1
Q00004209,C00069720,A065,2025-02-08,91.4,100.0,86.4,96.6,1
Q00004210,C00022689,A022,2025-02-05,79.9,65.4,85.1,80.1,0
Q00004211,C00048797,A045,2025-02-28,75.2,71.4,76.4,81.7,0
Q00004212,C00074304,A069,2025-02-17,90.0,95.2,88.3,89.2,1
Q00004213,C00034250,A032,2025-02-11,80.4,82.4,87.2,85.0,1
Q00004214,C00079234,A073,2025-02-28,92.1,100.0,96.6,92.9,1
Q00004215,C00040421,A037,2025-03-29,85.7,85.5,76.4,59.4,1
Q00004216,C00070250,A065,2025-03-28,84.0,86.2,86.0,87.6,1
Q00004217,C00061657,A058,2025-01-23,89.5,90.9,74.3,93.5,1
Q00004218,C00070234,A065,2025-03-23,83.5,89.0,87.6,85.5,1
Q00004219,C00078323,A072,2025-03-25,84.8,89.8,86.8,91.2,1
Q00004220,C00005014,A005,2025-03-18,88.3,88.1,85.9,89.7,1
Q00004221,C00029754,A028,2025-01-26,100.0,100.0,97.5,100.0,1
Q00004222,C00064327,A060,2025-02-16,80.0,79.6,82.6,75.7,0
Q00004223,C00011202,A011,2025-01-31,84.8,84.5,78.6,86.6,1
Q00004224,C00073793,A069,2025-01-10,72.3,68.9,71.6,74.9,0
Q00004225,C00060933,A057,2025-02-15,100.0,96.8,100.0,92.9,1
Q00004226,C00009102,A009,2025-02-01,83.5,87.0,81.9,90.4,1
Q00004227,C00057316,A053,2025-03-12,77.8,74.1,73.2,70.6,0
Q00004228,C00031165,A029,2025-03-07,93.0,85.0,99.8,94.6,1
Q00004229,C00036998,A034,2025-03-21,94.9,92.8,95.7,92.7,1
Q00004230,C00023674,A023,2025-01-12,87.1,83.7,83.3,85.0,1
Q00004231,C00053752,A050,2025-02-06,90.3,94.2,94.6,92.9,1
Q00004232,C00073399,A068,2025-03-12,88.6,96.2,92.3,86.3,1
Q00004233,C00021333,A021,2025-02-10,95.8,97.0,94.7,100.0,1
Q00004234,C00026378,A025,2025-03-01,80.3,77.1,83.5,75.2,1
Q00004235,C00029810,A028,2025-01-29,75.1,76.7,76.8,81.4,0
Q00004236,C00072515,A068,2025-01-08,85.1,91.5,83.9,82.7,1
Q00004237,C00003959,A004,2025-03-19,100.0,100.0,96.0,100.0,1
Q00004238,C00007657,A008,2025-01-19,100.0,100.0,100.0,100.0,1
Q00004239,C00020278,A020,2025-02-21,88.1,87.9,81.8,85.4,1
Q00004240,C00044383,A041,2025-01-24,81.7,78.6,79.6,82.7,1
Q00004241,C00071611,A067,2025-01-07,82.0,78.6,81.0,88.6,1
Q00004242,C00006485,A007,2025-01-28,85.2,76.1,86.6,86.3,1
Q00004243,C00071542,A066,2025-03-30,72.7,66.0,74.5,83.5,0
Q00004244,C00037811,A035,2025-02-22,86.5,87.9,84.7,85.0,1
Q00004245,C00052632,A049,2025-02-20,86.2,89.5,78.3,86.1,1
Q00004246,C00081183,A075,2025-01-16,95.4,87.8,90.8,81.8,1
Q00004247,C00075009,A070,2025-01-29,84.0,85.5,92.3,97.4,1
Q00004248,C00066278,A062,2025-02-15,90.6,91.7,79.3,85.9,1
Q00004249,C00019275,A019,2025-02-16,85.9,74.4,87.3,83.2,0
Q00004250,C00002547,A003,2025-02-22,97.9,94.9,100.0,87.7,1
Q00004251,C00030423,A028,2025-03-26,95.1,98.0,100.0,79.6,1
Q00004252,C00024930,A024,2025-01-10,94.1,95.9,91.9,89.2,1
Q00004253,C00000526,A001,2025-02-26,99.5,100.0,98.2,95.3,1
Q00004254,C00029588,A028,2025-01-21,79.9,77.9,81.2,80.7,0
Q00004255,C00070613,A066,2025-01-26,88.6,88.1,93.8,99.7,1
Q00004256,C00071536,A066,2025-04-02,86.9,76.3,86.6,83.4,1
Q00004257,C00046018,A042,2025-04-01,93.0,97.9,91.6,78.0,1
Q00004258,C00057503,A053,2025-03-22,82.9,84.2,88.4,91.9,1
Q00004259,C00026779,A025,2025-04-07,73.2,71.7,67.1,64.7,0
Q00004260,C00006805,A007,2025-02-21,81.5,85.4,88.1,80.7,1
Q00004261,C00021612,A021,2025-02-26,81.3,85.7,79.8,73.6,1
Q00004262,C00018545,A018,2025-03-18,82.8,75.6,69.3,86.1,1
Q00004263,C00052427,A049,2025-02-08,92.1,92.2,81.3,100.0,1
Q00004264,C00023356,A022,2025-03-24,90.0,81.5,92.3,86.5,1
Q00004265,C00031341,A029,2025-03-19,86.1,95.0,85.8,98.5,1
Q00004266,C00012830,A012,2025-03-30,90.9,86.9,83.8,90.1,1
Q00004267,C00078529,A073,2025-01-07,82.6,77.8,75.9,73.7,1
Q00004268,C00013283,A013,2025-02-16,91.4,86.9,92.0,95.6,1
Q00004269,C00081208,A075,2025-01-18,100.0,100.0,100.0,100.0,1
Q00004270,C00076815,A071,2025-03-03,86.6,85.4,82.9,100.0,1
Q00004271,C00037005,A034,2025-03-26,86.1,85.5,83.1,78.1,1
Q00004272,C00069385,A064,2025-04-04,97.0,97.7,93.8,100.0,1
Q00004273,C00068362,A064,2025-01-20,93.6,97.7,92.5,100.0,1
Q00004274,C00015726,A016,2025-01-24,93.1,85.6,88.6,81.4,1
Q00004275,C00077877,A072,2025-02-25,73.9,72.5,84.1,78.5,0
Q00004276,C00006730,A007,2025-02-08,75.0,85.5,88.6,83.9,0
Q00004277,C00052279,A049,2025-01-26,96.0,100.0,81.2,79.3,1
Q00004278,C00023167,A022,2025-03-09,92.1,94.4,86.0,97.6,1
Q00004279,C00077758,A072,2025-02-12,87.9,91.2,90.2,92.9,1
Q00004280,C00022362,A022,2025-01-15,90.8,86.1,97.7,97.6,1
Q00004281,C00066353,A062,2025-02-21,96.2,92.3,100.0,77.6,1
Q00004282,C00044995,A041,2025-03-28,99.0,96.5,99.2,100.0,1
Q00004283,C00035189,A033,2025-01-17,88.7,81.1,92.5,82.2,1
Q00004284,C00060980,A057,2025-02-21,82.6,81.8,73.4,73.3,1
Q00004285,C00042619,A039,2025-02-19,82.4,78.0,71.8,68.0,1
Q00004286,C00062891,A059,2025-01-24,80.3,70.3,79.3,81.4,0
Q00004287,C00078523,A073,2025-01-09,94.1,95.2,88.3,94.4,1
Q00004288,C00067214,A063,2025-01-31,89.0,83.1,95.1,89.2,1
Q00004289,C00024484,A023,2025-03-12,89.4,87.6,98.0,94.0,1
Q00004290,C00066338,A062,2025-02-23,92.8,96.0,90.2,95.6,1
Q00004291,C00028910,A027,2025-03-05,88.5,90.2,92.5,99.1,1
Q00004292,C00035046,A032,2025-04-09,98.7,97.3,100.0,98.9,1
Q00004293,C00007247,A007,2025-03-25,92.8,98.4,89.2,89.4,1
Q00004294,C00054941,A051,2025-02-08,78.5,84.7,76.3,93.2,0
Q00004295,C00003648,A004,2025-02-12,83.4,89.2,89.8,83.5,1
Q00004296,C00030591,A028,2025-04-06,73.4,76.5,65.4,79.5,0
Q00004297,C00061871,A058,2025-02-10,92.4,94.5,86.6,100.0,1
Q00004298,C00043576,A040,2025-02-01,84.5,80.6,84.7,70.4,1
Q00004299,C00014043,A014,2025-02-04,91.5,91.5,87.4,83.0,1
Q00004300,C00073606,A068,2025-03-24,84.8,88.0,83.2,84.5,1
Q00004301,C00050958,A047,2025-03-29,83.0,84.3,64.4,81.7,1
Q00004302,C00080344,A074,2025-02-17,91.8,80.0,100.0,93.8,1
Q00004303,C00039076,A036,2025-02-26,85.5,84.4,86.8,78.9,1
Q00004304,C00004231,A005,2025-01-14,71.1,74.1,65.6,68.2,0
Q00004305,C00022925,A022,2025-02-21,89.3,88.6,86.0,87.3,1
Q00004306,C00009591,A009,2025-04-02,83.5,88.1,88.9,89.6,1
Q00004307,C00067449,A063,2025-02-20,96.1,95.6,97.9,90.0,1
Q00004308,C00074907,A070,2025-01-18,87.6,92.0,82.5,87.3,1
Q00004309,C00049284,A046,2025-01-11,76.1,77.8,68.9,88.2,0
Q00004310,C00070630,A066,2025-01-24,85.0,88.9,71.6,70.9,1
Q00004311,C00040554,A037,2025-03-31,97.5,94.9,100.0,88.1,1
Q00004312,C00004087,A004,2025-03-28,100.0,100.0,100.0,99.5,1
Q00004313,C00036572,A034,2025-02-23,92.6,94.1,88.4,96.4,1
Q00004314,C00022520,A022,2025-01-27,91.2,94.2,96.4,88.5,1
Q00004315,C00012734,A012,2025-03-23,96.7,100.0,89.0,96.8,1
Q00004316,C00006849,A007,2025-02-22,90.5,85.6,99.9,86.9,1
Q00004317,C00007143,A007,2025-03-12,89.7,83.4,91.4,100.0,1
Q00004318,C00052903,A049,2025-03-11,78.7,66.8,72.1,85.0,0
Q00004319,C00062634,A058,2025-03-28,86.4,81.1,82.4,86.1,1
Q00004320,C00012072,A012,2025-01-18,82.9,84.6,87.9,84.7,1
Q00004321,C00043608,A040,2025-01-31,85.8,81.3,69.2,90.5,1
Q00004322,C00055758,A052,2025-01-22,96.8,97.8,100.0,90.3,1
Q00004323,C00007325,A007,2025-03-22,88.2,91.4,90.4,88.3,1
Q00004324,C00060600,A057,2025-01-14,95.0,92.0,85.6,92.8,1
Q00004325,C00039800,A037,2025-01-24,85.1,76.5,88.5,84.4,1
Q00004326,C00013913,A014,2025-01-17,94.9,98.7,98.7,95.8,1
Q00004327,C00011758,A011,2025-03-18,82.3,77.9,82.9,80.8,1
Q00004328,C00032879,A031,2025-02-03,85.3,76.6,75.9,88.7,1
Q00004329,C00011855,A011,2025-03-27,87.9,87.3,91.5,78.7,1
Q00004330,C00081520,A075,2025-02-05,79.9,84.8,86.2,77.0,0
Q00004331,C00072747,A068,2025-01-24,80.7,64.2,79.9,94.3,0
Q00004332,C00007032,A007,2025-03-09,100.0,89.5,100.0,100.0,1
Q00004333,C00058107,A054,2025-02-18,84.1,84.1,83.6,85.1,1
Q00004334,C00061455,A058,2025-01-04,80.4,77.2,78.8,73.4,1
Q00004335,C00025489,A024,2025-03-06,82.0,78.5,89.5,98.5,1
Q00004336,C00018534,A018,2025-03-09,82.2,86.7,87.5,75.7,1
Q00004337,C00024166,A023,2025-02-14,95.4,97.0,96.1,98.9,1
Q00004338,C00061653,A058,2025-01-20,89.5,88.3,88.0,86.7,1
Q00004339,C00062405,A058,2025-03-19,76.6,85.4,81.7,76.6,0
Q00004340,C00051434,A048,2025-02-07,92.0,90.5,79.3,89.2,1
Q00004341,C00045991,A042,2025-03-28,90.9,87.1,97.5,96.4,1
Q00004342,C00030995,A029,2025-02-16,91.8,88.2,83.0,90.5,1
Q00004343,C00075228,A070,2025-02-06,85.4,73.2,91.8,82.2,0
Q00004344,C00076300,A071,2025-01-25,79.5,88.0,79.8,79.7,0
Q00004345,C00020504,A020,2025-03-10,82.0,78.7,81.3,76.7,1
Q00004346,C00065126,A061,2025-01-26,90.1,85.5,91.9,85.8,1
Q00004347,C00061059,A057,2025-03-03,92.3,86.0,94.0,92.5,1
Q00004348,C00053205,A049,2025-04-05,81.1,70.9,79.5,85.9,0
Q00004349,C00048278,A045,2025-01-07,89.1,92.5,94.9,81.7,1
Q00004350,C00014453,A014,2025-03-18,97.5,100.0,96.6,99.5,1
Q00004351,C00059510,A055,2025-03-29,90.6,94.8,89.1,90.5,1
Q00004352,C00061764,A058,2025-02-03,91.4,92.0,89.6,89.3,1
Q00004353,C00033410,A031,2025-03-13,89.1,91.2,87.4,76.7,1
Q00004354,C00051590,A048,2025-03-05,82.4,87.4,86.0,91.0,1
Q00004355,C00038944,A036,2025-02-20,89.9,83.0,94.2,96.5,1
Q00004356,C00041753,A038,2025-03-24,80.5,81.5,80.3,79.9,1
Q00004357,C00062459,A058,2025-03-25,90.5,84.7,85.3,100.0,1
Q00004358,C00059363,A055,2025-03-18,89.6,88.1,93.4,78.9,1
Q00004359,C00055700,A052,2025-01-16,91.2,98.9,94.3,85.1,1
Q00004360,C00015466,A015,2025-03-28,94.7,100.0,97.8,89.8,1
Q00004361,C00022578,A022,2025-01-25,93.6,90.9,95.6,86.1,1
Q00004362,C00005112,A005,2025-04-02,85.0,95.0,88.1,86.1,1
Q00004363,C00048155,A044,2025-03-29,88.5,85.6,81.3,90.5,1
Q00004364,C00070507,A066,2025-01-22,75.5,71.0,88.0,76.9,0
Q00004365,C00039054,A036,2025-02-23,85.2,85.6,91.8,89.3,1
Q00004366,C00015398,A015,2025-03-26,91.7,89.0,90.9,86.7,1
Q00004367,C00028828,A027,2025-02-26,75.8,72.8,76.1,87.4,0
Q00004368,C00064785,A060,2025-03-30,87.1,91.1,90.9,89.2,1
Q00004369,C00017096,A017,2025-02-05,75.1,73.5,75.2,78.5,0
Q00004370,C00043384,A040,2025-01-12,86.2,79.6,73.7,92.5,1
Q00004371,C00007859,A008,2025-01-29,97.3,100.0,100.0,100.0,1
Q00004372,C00014812,A015,2025-01-22,82.2,90.1,82.9,100.0,1
Q00004373,C00051778,A048,2025-03-20,93.9,98.1,87.9,93.4,1
Q00004374,C00014150,A014,2025-02-16,79.1,89.9,79.8,84.4,0
Q00004375,C00053681,A050,2025-02-04,96.7,94.9,86.3,84.5,1
Q00004376,C00025811,A025,2025-01-08,91.6,98.8,91.5,80.9,1
Q00004377,C00016373,A016,2025-03-05,81.1,84.9,92.1,87.1,1
Q00004378,C00069608,A065,2025-01-22,73.4,71.8,72.3,84.9,0
Q00004379,C00042207,A039,2025-01-28,81.1,78.4,78.8,83.3,1
Q00004380,C00044266,A041,2025-01-14,87.4,90.9,100.0,84.6,1
Q00004381,C00024680,A023,2025-03-25,84.4,91.1,96.7,79.4,1
Q00004382,C00036804,A034,2025-03-09,97.2,90.7,94.4,100.0,1
Q00004383,C00056015,A052,2025-02-09,79.2,85.7,80.3,83.7,0
Q00004384,C00043990,A040,2025-03-12,98.3,96.2,98.6,100.0,1
Q00004385,C00060160,A056,2025-03-07,83.6,81.2,83.3,80.9,1
Q00004386,C00049074,A045,2025-03-26,91.0,88.1,78.1,85.3,1
Q00004387,C00068230,A064,2025-01-19,91.4,82.9,96.3,100.0,1
Q00004388,C00078268,A072,2025-03-22,90.0,97.5,84.0,99.0,1
Q00004389,C00016003,A016,2025-02-10,90.9,85.5,84.1,96.5,1
Q00004390,C00023140,A022,2025-03-07,78.8,79.1,88.3,74.3,0
Q00004391,C00048768,A045,2025-02-25,77.9,75.4,75.5,78.7,0
Q00004392,C00045598,A042,2025-02-20,89.5,92.6,90.3,81.0,1
Q00004393,C00079409,A073,2025-03-19,92.6,94.7,93.8,100.0,1
Q00004394,C00047244,A043,2025-03-27,90.4,98.4,95.4,93.1,1
Q00004395,C00014019,A014,2025-02-04,87.0,85.9,85.8,98.5,1
Q00004396,C00016987,A017,2025-01-24,83.3,84.9,86.8,83.5,1
Q00004397,C00074168,A069,2025-02-06,87.2,95.8,88.1,90.0,1
Q00004398,C00021642,A021,2025-03-02,80.5,77.3,79.7,77.0,1
Q00004399,C00076682,A071,2025-02-21,81.3,90.9,82.4,91.3,1
Q00004400,C00025046,A024,2025-01-26,82.2,81.2,92.8,92.0,1
Q00004401,C00046250,A043,2025-01-15,87.6,80.4,85.4,87.8,1
Q00004402,C00026761,A025,2025-04-05,89.9,91.4,87.0,86.3,1
Q00004403,C00051406,A048,2025-02-11,81.8,84.7,86.4,78.1,1
Q00004404,C00007581,A008,2025-01-11,81.3,84.5,71.3,85.1,1
Q00004405,C00058794,A055,2025-01-24,87.7,86.6,97.2,98.6,1
Q00004406,C00040840,A038,2025-01-17,84.1,85.3,84.7,95.5,1
Q00004407,C00027105,A026,2025-01-25,81.7,79.7,89.9,86.8,1
Q00004408,C00054884,A051,2025-01-25,90.9,83.9,94.0,82.4,1
Q00004409,C00038954,A036,2025-02-17,79.5,84.3,75.7,85.1,0
Q00004410,C00064603,A060,2025-03-15,91.5,89.1,93.3,79.9,1
Q00004411,C00028657,A027,2025-02-17,89.6,92.5,83.8,78.4,1
Q00004412,C00063704,A060,2025-01-08,81.4,84.5,80.9,82.9,1
Q00004413,C00001254,A002,2025-01-23,80.4,78.1,80.1,74.2,1
Q00004414,C00002084,A003,2025-01-10,83.7,79.0,82.8,68.8,1
Q00004415,C00082142,A075,2025-03-27,85.3,87.0,85.4,78.5,1
Q00004416,C00035493,A033,2025-02-19,90.4,88.4,94.3,96.6,1
Q00004417,C00016387,A016,2025-03-01,84.4,92.7,81.1,89.3,1
Q00004418,C00035214,A033,2025-01-21,77.4,73.7,75.4,63.5,0
Q00004419,C00026269,A025,2025-02-19,100.0,93.8,97.1,92.2,1
Q00004420,C00030235,A028,2025-03-09,96.7,98.1,100.0,95.4,1
Q00004421,C00049442,A046,2025-02-07,92.2,93.0,100.0,90.7,1
Q00004422,C00019914,A020,2025-01-19,77.6,94.3,78.4,74.9,0
Q00004423,C00064114,A060,2025-02-07,86.3,76.3,89.8,76.1,1
Q00004424,C00026900,A026,2025-01-14,87.8,86.3,83.4,79.3,1
Q00004425,C00014712,A015,2025-01-14,81.9,83.7,82.3,84.4,1
Q00004426,C00065835,A062,2025-01-09,86.4,85.1,78.4,80.0,1
Q00004427,C00031466,A029,2025-04-04,97.0,96.8,100.0,94.7,1
Q00004428,C00012703,A012,2025-03-26,95.4,86.8,100.0,83.3,1
Q00004429,C00003293,A004,2025-01-14,93.5,92.5,84.7,93.6,1
Q00004430,C00007097,A007,2025-03-12,84.8,87.6,92.3,85.1,1
Q00004431,C00042330,A039,2025-02-05,97.2,93.7,92.3,91.0,1
Q00004432,C00048561,A045,2025-02-03,76.8,75.2,73.0,89.6,0
Q00004433,C00033157,A031,2025-02-22,77.9,80.9,65.9,79.4,0
Q00004434,C00077023,A071,2025-03-24,87.8,81.4,86.2,89.1,1
Q00004435,C00009147,A009,2025-02-10,76.4,78.1,74.1,80.2,0
Q00004436,C00027843,A026,2025-03-15,99.0,94.3,91.7,93.3,1
Q00004437,C00017514,A017,2025-03-08,79.7,75.2,90.6,80.0,0
Q00004438,C00074508,A069,2025-03-08,82.7,82.0,90.4,83.7,1
Q00004439,C00019156,A019,2025-02-02,80.7,82.3,83.0,85.3,1
Q00004440,C00080049,A074,2025-01-29,86.7,92.9,82.7,83.7,1
Q00004441,C00012884,A013,2025-01-09,84.5,79.9,86.5,88.9,1
Q00004442,C00069447,A064,2025-04-06,90.6,80.3,95.0,100.0,1
Q00004443,C00023679,A023,2025-01-17,86.3,88.1,91.9,85.7,1
Q00004444,C00080414,A074,2025-02-19,85.2,83.0,92.1,86.2,1
Q00004445,C00081263,A075,2025-01-21,100.0,100.0,93.6,100.0,1
Q00004446,C00049050,A045,2025-03-21,87.2,87.8,82.0,80.8,1
Q00004447,C00015518,A015,2025-04-03,73.7,76.8,69.1,57.1,0
Q00004448,C00054865,A051,2025-02-01,83.0,80.6,75.1,84.6,1
Q00004449,C00082074,A075,2025-03-19,84.7,78.5,81.3,90.5,1
Q00004450,C00081299,A075,2025-01-24,94.3,90.4,96.0,90.2,1
Q00004451,C00065048,A061,2025-01-20,77.0,80.1,69.8,71.4,0
Q00004452,C00044428,A041,2025-02-01,95.0,91.4,98.3,94.9,1
Q00004453,C00039172,A036,2025-02-26,81.0,83.7,72.7,83.6,1
Q00004454,C00067483,A063,2025-02-21,82.6,86.8,84.5,69.5,1
Q00004455,C00019264,A019,2025-02-13,70.1,69.9,69.0,65.7,0
Q00004456,C00065057,A061,2025-01-22,82.0,82.6,89.4,70.8,1
Q00004457,C00019678,A019,2025-03-23,86.2,81.5,91.0,69.9,1
Q00004458,C00054367,A050,2025-03-21,83.6,81.3,81.4,87.6,1
Q00004459,C00009288,A009,2025-02-24,64.7,62.4,64.3,67.2,0
Q00004460,C00053623,A050,2025-02-02,79.1,82.0,68.9,75.9,0
Q00004461,C00023914,A023,2025-01-28,78.7,77.6,87.5,79.0,0
Q00004462,C00056665,A052,2025-04-01,75.3,82.2,78.6,77.4,0
Q00004463,C00007159,A007,2025-03-21,83.3,76.6,79.5,87.0,1
Q00004464,C00040724,A038,2025-01-16,91.0,93.1,90.1,78.2,1
Q00004465,C00042448,A039,2025-02-08,95.5,97.4,97.6,89.6,1
Q00004466,C00060112,A056,2025-02-24,80.9,81.3,79.6,68.9,1
Q00004467,C00018710,A018,2025-04-02,87.4,92.6,94.6,93.1,1
Q00004468,C00072979,A068,2025-02-11,70.4,62.2,68.8,63.8,0
Q00004469,C00033037,A031,2025-02-16,93.6,97.9,95.9,88.8,1
Q00004470,C00028666,A027,2025-02-17,92.7,95.4,90.5,100.0,1
Q00004471,C00020943,A021,2025-01-14,88.6,97.5,86.1,93.4,1
Q00004472,C00044347,A041,2025-01-24,77.6,76.0,75.1,75.3,0
Q00004473,C00022143,A021,2025-04-05,93.7,96.7,100.0,90.0,1
Q00004474,C00021125,A021,2025-01-29,86.2,82.0,83.9,87.2,1
Q00004475,C00020901,A021,2025-01-08,91.4,88.7,93.2,81.4,1
Q00004476,C00012075,A012,2025-01-18,86.0,87.8,87.1,82.8,1
Q00004477,C00075741,A070,2025-03-21,79.6,85.8,73.3,75.2,0
Q00004478,C00030548,A028,2025-04-04,91.5,91.2,91.7,97.9,1
Q00004479,C00054935,A051,2025-02-01,84.9,82.8,82.8,87.7,1
Q00004480,C00060571,A057,2025-01-14,96.5,94.8,93.4,100.0,1
Q00004481,C00017556,A017,2025-03-19,87.5,82.0,79.9,89.2,1
Q00004482,C00062703,A059,2025-01-09,78.2,84.2,81.3,81.7,0
Q00004483,C00003355,A004,2025-01-15,90.5,91.4,86.8,81.9,1
Q00004484,C00051183,A048,2025-01-18,81.1,74.0,77.8,82.5,0
Q00004485,C00045706,A042,2025-03-01,77.7,81.9,69.4,76.0,0
Q00004486,C00060994,A057,2025-02-20,86.4,92.1,88.8,90.2,1
Q00004487,C00027997,A026,2025-04-01,81.9,79.6,83.5,76.6,1
Q00004488,C00018767,A018,2025-04-05,97.3,100.0,100.0,100.0,1
Q00004489,C00052419,A049,2025-02-03,83.2,90.8,83.8,84.7,1
Q00004490,C00038425,A036,2025-01-03,86.3,84.6,97.7,93.5,1
Q00004491,C00043811,A040,2025-03-01,89.6,91.9,91.1,91.3,1
Q00004492,C00008271,A008,2025-02-20,73.0,76.7,73.0,68.3,0
Q00004493,C00048028,A044,2025-03-19,86.5,89.7,89.9,77.0,1
Q00004494,C00064060,A060,2025-02-04,85.0,92.9,83.3,90.6,1
Q00004495,C00047892,A044,2025-02-26,77.0,82.6,77.9,71.3,0
Q00004496,C00023205,A022,2025-03-15,93.9,92.9,82.9,82.5,1
Q00004497,C00000278,A001,2025-02-01,78.6,69.2,69.4,79.5,0
Q00004498,C00006010,A006,2025-03-23,76.2,72.6,77.5,85.0,0
Q00004499,C00015993,A016,2025-02-06,76.3,74.1,77.9,79.4,0
Q00004500,C00066857,A063,2025-01-14,82.2,82.1,75.9,92.0,1
Q00004501,C00062863,A059,2025-01-18,86.6,86.5,87.2,91.8,1
Q00004502,C00071746,A067,2025-01-26,97.2,92.2,95.2,100.0,1
Q00004503,C00027103,A026,2025-01-21,90.0,90.7,91.9,87.2,1
Q00004504,C00021116,A021,2025-01-28,85.3,91.2,93.4,87.6,1
Q00004505,C00067245,A063,2025-02-07,83.2,74.9,75.7,65.5,0
Q00004506,C00044604,A041,2025-02-17,76.2,79.9,67.7,80.7,0
Q00004507,C00029134,A027,2025-03-13,91.3,95.1,95.5,89.9,1
Q00004508,C00005548,A006,2025-02-10,80.1,90.8,74.4,93.9,1
Q00004509,C00038444,A036,2025-01-10,94.2,94.6,97.5,97.7,1
Q00004510,C00054508,A050,2025-03-27,89.4,94.1,95.5,95.3,1
Q00004511,C00005580,A006,2025-02-12,93.6,96.5,100.0,100.0,1
Q00004512,C00033191,A031,2025-02-26,88.1,91.2,84.0,76.8,1
Q00004513,C00070274,A065,2025-04-03,84.2,82.6,88.2,84.6,1
Q00004514,C00079780,A074,2025-01-13,87.0,89.4,91.1,86.4,1
Q00004515,C00038358,A035,2025-04-01,96.2,93.0,90.0,96.4,1
Q00004516,C00074417,A069,2025-03-02,73.5,72.7,75.0,59.7,0
Q00004517,C00040052,A037,2025-02-16,92.2,85.7,79.1,83.1,1
Q00004518,C00006657,A007,2025-02-09,88.3,89.3,96.2,91.1,1
Q00004519,C00052406,A049,2025-02-08,82.0,72.5,89.9,78.2,0
Q00004520,C00053861,A050,2025-02-18,86.3,86.8,87.3,87.6,1
Q00004521,C00026875,A026,2025-01-13,85.6,93.1,82.4,77.7,1
Q00004522,C00029393,A027,2025-04-01,77.9,71.1,83.2,77.8,0
Q00004523,C00012397,A012,2025-02-17,93.4,98.9,95.3,89.9,1
Q00004524,C00036887,A034,2025-03-14,91.6,90.8,90.5,88.3,1
Q00004525,C00060169,A056,2025-03-07,86.8,88.7,95.9,79.4,1
Q00004526,C00005568,A006,2025-02-14,77.7,82.8,68.7,83.6,0
Q00004527,C00006331,A007,2025-01-17,85.3,92.9,85.1,88.3,1
Q00004528,C00008296,A008,2025-02-24,91.9,89.4,100.0,83.5,1
Q00004529,C00023513,A022,2025-04-06,92.1,94.5,81.1,97.4,1
Q00004530,C00035281,A033,2025-01-24,75.9,81.6,69.7,89.2,0
Q00004531,C00058888,A055,2025-02-03,88.6,92.2,91.6,96.6,1
Q00004532,C00002287,A003,2025-01-27,68.7,68.6,70.5,77.1,0
Q00004533,C00061941,A058,2025-02-20,81.5,75.8,88.1,71.6,1
Q00004534,C00047345,A044,2025-01-12,93.3,99.0,98.6,97.3,1
Q00004535,C00031425,A029,2025-03-27,81.3,83.1,73.9,85.3,1
Q00004536,C00013981,A014,2025-01-27,73.9,75.9,73.5,91.1,0
Q00004537,C00008722,A008,2025-03-28,80.1,74.6,85.5,69.2,0
Q00004538,C00040941,A038,2025-01-27,90.2,91.6,92.1,92.2,1
Q00004539,C00053860,A050,2025-02-16,90.5,86.4,89.3,89.5,1
Q00004540,C00030511,A028,2025-03-31,78.7,74.7,76.5,78.2,0
Q00004541,C00048480,A045,2025-01-29,94.6,94.3,97.1,98.5,1
Q00004542,C00000709,A001,2025-03-14,71.2,67.9,68.8,76.2,0
Q00004543,C00046834,A043,2025-02-27,90.3,84.7,85.8,100.0,1
Q00004544,C00046420,A043,2025-01-25,84.0,86.6,86.5,86.4,1
Q00004545,C00043207,A039,2025-03-31,89.9,97.6,100.0,88.2,1
Q00004546,C00001898,A002,2025-03-27,89.6,92.8,83.3,99.7,1
Q00004547,C00006758,A007,2025-02-15,79.4,82.8,81.7,88.1,0
Q00004548,C00069744,A065,2025-02-04,94.6,99.3,94.8,98.7,1
Q00004549,C00032039,A030,2025-02-26,78.9,62.3,82.7,78.6,0
Q00004550,C00064152,A060,2025-02-13,79.1,77.6,71.6,78.7,0
Q00004551,C00013099,A013,2025-02-01,83.1,77.2,88.9,92.1,1
Q00004552,C00078371,A072,2025-03-25,82.2,78.7,80.0,77.0,1
Q00004553,C00046686,A043,2025-02-20,93.3,89.7,97.4,100.0,1
Q00004554,C00017833,A018,2025-01-08,82.6,76.9,79.5,89.1,1
Q00004555,C00016994,A017,2025-01-21,89.6,83.7,77.2,84.3,1
Q00004556,C00035413,A033,2025-02-05,87.3,89.1,83.3,78.3,1
Q00004557,C00028298,A027,2025-01-17,72.9,68.8,83.7,77.1,0
Q00004558,C00034307,A032,2025-02-14,88.0,89.2,97.9,95.0,1
Q00004559,C00033905,A032,2025-01-19,92.1,98.6,94.4,89.8,1
Q00004560,C00063269,A059,2025-03-06,97.9,100.0,95.4,100.0,1
Q00004561,C00051032,A047,2025-03-27,86.2,93.0,85.5,74.9,1
Q00004562,C00017743,A017,2025-04-01,79.8,85.6,83.2,81.5,0
Q00004563,C00052245,A049,2025-01-28,82.8,90.3,84.6,74.9,1
Q00004564,C00077781,A072,2025-02-20,85.5,84.3,72.9,94.2,1
Q00004565,C00026358,A025,2025-03-07,92.4,96.5,88.5,97.0,1
Q00004566,C00003841,A004,2025-03-04,85.8,71.5,87.9,81.5,0
Q00004567,C00035131,A033,2025-01-17,71.4,68.9,72.0,74.4,0
Q00004568,C00029759,A028,2025-01-25,84.6,89.2,85.8,84.5,1
Q00004569,C00017485,A017,2025-03-12,83.3,79.5,86.7,81.8,1
Q00004570,C00015558,A016,2025-01-07,79.0,78.4,71.9,71.6,0
Q00004571,C00077895,A072,2025-02-26,87.4,96.1,86.2,89.3,1
Q00004572,C00011114,A011,2025-01-19,77.8,79.1,81.8,75.4,0
Q00004573,C00076762,A071,2025-03-02,85.0,91.2,87.3,90.0,1
Q00004574,C00057886,A054,2025-02-02,93.5,91.7,100.0,84.0,1
Q00004575,C00041600,A038,2025-03-15,75.4,71.5,72.4,75.7,0
Q00004576,C00055223,A051,2025-03-07,75.9,74.4,71.2,73.0,0
Q00004577,C00012926,A013,2025-01-08,92.6,93.5,93.4,94.4,1
Q00004578,C00059650,A056,2025-01-16,81.1,85.8,73.6,63.8,1
Q00004579,C00046271,A043,2025-01-15,97.2,98.2,100.0,94.2,1
Q00004580,C00010269,A010,2025-02-18,81.3,75.5,66.3,70.3,1
Q00004581,C00062960,A059,2025-02-02,84.2,90.6,83.6,78.1,1
Q00004582,C00010902,A010,2025-03-30,89.4,84.4,95.2,85.4,1
Q00004583,C00031426,A029,2025-03-29,79.2,77.8,81.5,62.7,0
Q00004584,C00038269,A035,2025-03-29,78.1,85.3,84.6,78.2,0
Q00004585,C00029616,A028,2025-01-20,80.5,80.5,84.2,86.5,1
Q00004586,C00002827,A003,2025-03-06,89.8,84.6,85.1,89.0,1
Q00004587,C00068553,A064,2025-02-06,100.0,100.0,100.0,100.0,1
Q00004588,C00057005,A053,2025-01-31,91.5,89.8,86.7,94.1,1
Q00004589,C00077763,A072,2025-02-12,85.3,97.0,91.6,84.3,1
Q00004590,C00074221,A069,2025-02-10,94.6,97.8,93.3,92.9,1
Q00004591,C00077566,A072,2025-02-02,74.0,71.4,76.7,65.4,0
Q00004592,C00003395,A004,2025-01-21,81.8,81.1,75.4,76.5,1
Q00004593,C00068396,A064,2025-01-25,95.9,96.1,96.1,89.9,1
Q00004594,C00055075,A051,2025-02-20,87.8,80.8,80.5,88.0,1
Q00004595,C00064940,A061,2025-01-08,92.3,92.9,100.0,93.5,1
Q00004596,C00021648,A021,2025-02-23,84.2,84.4,83.6,83.8,1
Q00004597,C00053360,A050,2025-01-12,88.9,95.4,88.2,82.5,1
Q00004598,C00029637,A028,2025-01-17,87.5,83.3,92.7,98.6,1
Q00004599,C00054240,A050,2025-03-17,83.0,87.3,70.0,86.5,1
Q00004600,C00063803,A060,2025-01-16,98.3,100.0,99.7,94.2,1
Q00004601,C00061723,A058,2025-01-30,100.0,94.0,99.0,100.0,1
Q00004602,C00009215,A009,2025-02-17,91.1,81.7,81.8,95.8,1
Q00004603,C00001478,A002,2025-02-20,83.2,87.5,94.1,87.4,1
Q00004604,C00078650,A073,2025-01-17,86.2,87.8,83.6,84.6,1
Q00004605,C00032986,A031,2025-02-15,99.1,95.3,100.0,97.7,1
Q00004606,C00009711,A010,2025-01-10,86.9,92.2,88.7,77.2,1
Q00004607,C00041057,A038,2025-02-08,80.3,84.4,78.9,80.8,1
Q00004608,C00013309,A013,2025-02-18,74.3,77.7,72.0,77.5,0
Q00004609,C00003736,A004,2025-02-20,98.8,95.6,96.7,100.0,1
Q00004610,C00060631,A057,2025-01-20,86.8,95.5,80.9,91.6,1
Q00004611,C00037049,A034,2025-03-26,71.8,62.7,66.6,70.9,0
Q00004612,C00073458,A068,2025-03-18,79.1,78.8,82.7,87.8,0
Q00004613,C00059104,A055,2025-02-19,95.6,95.5,92.2,100.0,1
Q00004614,C00039601,A036,2025-04-01,84.2,98.1,75.9,79.8,1
Q00004615,C00008195,A008,2025-02-18,82.1,80.6,80.0,79.9,1
Q00004616,C00020681,A020,2025-03-23,77.4,73.2,77.6,84.9,0
Q00004617,C00029994,A028,2025-02-17,82.5,81.3,83.0,71.5,1
Q00004618,C00003254,A004,2025-01-04,82.7,87.4,91.8,87.4,1
Q00004619,C00007202,A007,2025-03-17,86.2,80.1,96.7,87.1,1
Q00004620,C00045063,A041,2025-04-04,85.2,80.4,85.2,89.2,1
Q00004621,C00067849,A063,2025-03-22,77.0,75.9,67.6,92.4,0
Q00004622,C00021878,A021,2025-03-17,92.9,98.5,90.0,94.5,1
Q00004623,C00073167,A068,2025-02-25,81.2,87.2,83.4,83.7,1
Q00004624,C00065258,A061,2025-02-13,86.0,93.2,92.5,78.1,1
Q00004625,C00062883,A059,2025-01-19,87.6,82.4,87.8,81.2,1
Q00004626,C00054007,A050,2025-02-28,82.5,83.5,75.6,79.2,1
Q00004627,C00017774,A018,2025-01-09,96.2,91.6,92.5,97.9,1
Q00004628,C00068190,A064,2025-01-11,72.1,73.1,63.1,79.5,0
Q00004629,C00030622,A029,2025-01-08,80.9,77.1,82.6,89.7,1
Q00004630,C00017759,A018,2025-01-04,92.3,95.7,98.1,87.4,1
Q00004631,C00068405,A064,2025-01-24,84.1,82.3,79.5,90.0,1
Q00004632,C00035059,A033,2025-01-10,85.1,77.4,93.9,96.2,1
Q00004633,C00050250,A047,2025-01-18,84.9,82.7,89.3,98.1,1
Q00004634,C00008285,A008,2025-02-28,98.7,100.0,99.1,100.0,1
Q00004635,C00058411,A054,2025-03-18,74.0,77.9,73.9,72.1,0
Q00004636,C00037357,A035,2025-01-20,94.8,97.5,96.3,97.0,1
Q00004637,C00081669,A075,2025-02-16,97.3,93.4,86.1,96.1,1
Q00004638,C00021922,A021,2025-03-19,85.6,94.2,65.4,94.6,1
Q00004639,C00077701,A072,2025-02-13,86.4,90.0,86.2,76.0,1
Q00004640,C00015276,A015,2025-03-11,84.8,83.8,76.1,88.9,1
Q00004641,C00036918,A034,2025-03-14,80.7,82.7,89.5,68.9,1
Q00004642,C00049156,A045,2025-03-28,91.4,89.0,76.7,92.1,1
Q00004643,C00065041,A061,2025-01-20,92.0,80.8,98.2,81.1,1
Q00004644,C00042454,A039,2025-02-13,76.6,81.8,72.5,76.8,0
Q00004645,C00034897,A032,2025-03-20,89.9,91.8,97.0,100.0,1
Q00004646,C00026147,A025,2025-02-09,71.0,75.1,71.0,58.3,0
Q00004647,C00035872,A033,2025-03-22,88.6,83.7,86.0,99.4,1
Q00004648,C00035564,A033,2025-02-25,91.6,88.4,91.1,87.0,1
Q00004649,C00048066,A044,2025-03-18,90.7,92.8,96.5,95.4,1
Q00004650,C00051911,A048,2025-04-02,77.5,74.4,71.8,80.5,0
Q00004651,C00063614,A059,2025-04-04,84.3,75.5,78.0,72.9,1
Q00004652,C00068453,A064,2025-02-01,84.8,91.3,85.8,75.5,1
Q00004653,C00017278,A017,2025-02-15,93.1,100.0,96.6,91.8,1
Q00004654,C00068544,A064,2025-02-04,92.8,92.7,87.1,95.1,1
Q00004655,C00070817,A066,2025-02-13,94.4,96.8,94.2,90.8,1
Q00004656,C00057137,A053,2025-02-16,95.9,100.0,100.0,81.5,1
Q00004657,C00058457,A054,2025-03-22,82.6,85.9,77.4,93.0,1
Q00004658,C00026382,A025,2025-03-02,82.7,76.4,89.5,87.9,1
Q00004659,C00080494,A074,2025-02-24,83.6,79.0,84.5,84.7,1
Q00004660,C00046605,A043,2025-02-10,80.9,74.4,78.1,83.7,0
Q00004661,C00052831,A049,2025-03-09,87.4,87.2,91.5,80.0,1
Q00004662,C00034327,A032,2025-02-14,87.4,85.0,74.9,87.3,1
Q00004663,C00022108,A021,2025-04-01,85.1,79.6,79.6,82.8,1
Q00004664,C00053964,A050,2025-02-20,86.4,85.8,88.3,90.8,1
Q00004665,C00012036,A012,2025-01-15,100.0,98.3,100.0,95.7,1
Q00004666,C00048013,A044,2025-03-11,79.5,85.3,91.7,78.4,0
Q00004667,C00081555,A075,2025-02-09,90.3,92.2,89.7,93.9,1
Q00004668,C00060843,A057,2025-02-04,92.8,93.4,90.4,95.3,1
Q00004669,C00033608,A031,2025-03-28,78.2,80.4,71.7,84.2,0
Q00004670,C00060270,A056,2025-03-13,72.0,67.7,72.3,72.1,0
Q00004671,C00064203,A060,2025-02-13,84.5,77.7,77.1,82.1,1
Q00004672,C00040414,A037,2025-03-25,89.7,89.3,91.8,80.1,1
Q00004673,C00046438,A043,2025-01-28,86.3,90.0,86.9,80.4,1
Q00004674,C00081911,A075,2025-03-06,76.8,79.0,82.7,76.3,0
Q00004675,C00042994,A039,2025-03-18,79.5,87.7,81.7,79.7,0
Q00004676,C00055424,A051,2025-03-20,74.9,76.4,83.2,67.1,0
Q00004677,C00039411,A036,2025-03-23,93.5,100.0,100.0,100.0,1
Q00004678,C00082245,A075,2025-03-30,80.6,78.9,94.0,71.6,1
Q00004679,C00024150,A023,2025-02-13,79.3,87.2,92.4,77.2,0
Q00004680,C00031468,A029,2025-04-03,77.8,81.0,81.1,80.5,0
Q00004681,C00004569,A005,2025-02-11,88.6,93.8,90.2,87.2,1
Q00004682,C00008691,A008,2025-03-29,80.9,79.5,83.0,84.5,1
Q00004683,C00068414,A064,2025-01-29,92.4,89.5,92.6,87.1,1
Q00004684,C00006323,A007,2025-01-18,87.3,83.8,94.8,86.8,1
Q00004685,C00071811,A067,2025-02-01,88.1,100.0,99.3,88.7,1
Q00004686,C00059461,A055,2025-04-01,84.9,89.0,89.9,87.7,1
Q00004687,C00061993,A058,2025-02-23,83.2,82.8,86.6,85.5,1
Q00004688,C00033555,A031,2025-03-21,97.8,89.1,100.0,96.2,1
Q00004689,C00073057,A068,2025-02-17,97.0,98.1,100.0,89.8,1
Q00004690,C00039630,A036,2025-04-04,91.2,97.0,85.1,85.3,1
Q00004691,C00067458,A063,2025-02-18,89.2,80.7,82.6,84.6,1
Q00004692,C00079043,A073,2025-02-14,79.0,78.0,92.4,78.1,0
Q00004693,C00016163,A016,2025-02-22,95.5,94.7,99.5,92.0,1
Q00004694,C00000525,A001,2025-02-20,86.9,95.3,86.5,86.2,1
Q00004695,C00029510,A028,2025-01-13,81.7,86.6,90.8,87.5,1
Q00004696,C00036314,A034,2025-01-31,83.6,81.0,85.5,97.2,1
Q00004697,C00015944,A016,2025-02-02,88.1,91.2,100.0,78.2,1
Q00004698,C00003351,A004,2025-01-19,80.7,77.3,87.2,72.5,1
Q00004699,C00035458,A033,2025-02-08,76.3,77.6,73.1,60.5,0
Q00004700,C00073786,A069,2025-01-08,88.3,83.5,83.9,83.1,1
Q00004701,C00054332,A050,2025-03-22,88.9,91.1,89.7,75.8,1
Q00004702,C00023913,A023,2025-01-27,78.0,83.1,78.8,78.0,0
Q00004703,C00002914,A003,2025-03-19,89.1,92.8,100.0,86.4,1
Q00004704,C00077849,A072,2025-02-23,95.1,94.1,100.0,100.0,1
Q00004705,C00064854,A060,2025-04-03,98.5,100.0,96.5,100.0,1
Q00004706,C00078939,A073,2025-02-04,87.0,89.4,100.0,87.9,1
Q00004707,C00072033,A067,2025-02-25,82.3,77.9,78.0,81.3,1
Q00004708,C00019558,A019,2025-03-09,90.8,89.1,95.0,84.2,1
Q00004709,C00065414,A061,2025-02-25,92.5,93.1,95.0,99.1,1
Q00004710,C00042575,A039,2025-02-16,71.8,66.3,66.4,53.5,0
Q00004711,C00073249,A068,2025-03-04,99.7,100.0,93.1,90.5,1
Q00004712,C00016613,A016,2025-03-26,92.5,96.8,96.4,88.7,1
Q00004713,C00012166,A012,2025-01-24,88.3,83.8,88.8,87.2,1
Q00004714,C00058578,A055,2025-01-11,82.2,95.3,80.6,76.1,1
Q00004715,C00034907,A032,2025-03-26,89.0,79.7,87.7,87.1,1
Q00004716,C00027556,A026,2025-02-25,84.0,88.7,90.5,81.5,1
Q00004717,C00021949,A021,2025-03-15,83.2,85.1,64.4,73.6,1
Q00004718,C00024567,A023,2025-03-13,94.1,90.0,95.9,100.0,1
Q00004719,C00007573,A008,2025-01-15,94.0,97.7,85.9,91.2,1
Q00004720,C00015278,A015,2025-03-09,90.1,91.4,87.0,89.6,1
Q00004721,C00025078,A024,2025-01-28,96.8,100.0,95.1,100.0,1
Q00004722,C00025044,A024,2025-01-22,90.2,93.9,92.4,79.6,1
Q00004723,C00038782,A036,2025-02-02,82.3,83.6,84.2,84.7,1
Q00004724,C00028984,A027,2025-03-12,84.0,77.4,69.3,78.2,1
Q00004725,C00081841,A075,2025-02-27,87.2,98.8,74.6,73.5,1
Q00004726,C00064595,A060,2025-03-14,80.0,85.9,76.4,74.4,1
Q00004727,C00078952,A073,2025-02-12,86.1,81.4,88.5,81.0,1
Q00004728,C00077973,A072,2025-02-28,93.6,85.8,90.3,90.3,1
Q00004729,C00059044,A055,2025-02-15,85.4,78.5,82.3,80.7,1
Q00004730,C00022778,A022,2025-02-14,72.1,70.7,82.6,70.2,0
Q00004731,C00036899,A034,2025-03-13,84.3,77.4,80.5,75.4,1
Q00004732,C00040660,A038,2025-01-08,86.3,89.6,92.1,90.5,1
Q00004733,C00035631,A033,2025-03-03,94.2,100.0,98.0,89.1,1
Q00004734,C00011366,A011,2025-02-10,76.8,68.5,81.7,69.8,0
Q00004735,C00067358,A063,2025-02-11,97.4,96.5,99.5,98.9,1
Q00004736,C00074458,A069,2025-03-08,88.7,92.8,96.4,89.0,1
Q00004737,C00060318,A056,2025-03-15,83.3,84.7,73.1,65.4,1
Q00004738,C00006149,A006,2025-04-07,86.4,89.1,83.3,93.9,1
Q00004739,C00032517,A031,2025-01-11,83.5,90.4,85.8,86.5,1
Q00004740,C00055366,A051,2025-03-16,96.1,99.8,100.0,99.6,1
Q00004741,C00046109,A042,2025-04-05,94.1,89.3,90.8,100.0,1
Q00004742,C00077814,A072,2025-02-18,86.2,80.5,79.9,82.1,1
Q00004743,C00000162,A001,2025-01-20,89.1,84.5,86.0,91.9,1
Q00004744,C00061297,A057,2025-03-27,78.8,73.0,80.5,74.8,0
Q00004745,C00069432,A064,2025-04-08,98.1,100.0,98.9,87.4,1
Q00004746,C00000863,A001,2025-03-21,82.4,75.4,74.6,88.0,1
Q00004747,C00042073,A039,2025-01-15,91.5,93.0,97.5,87.8,1
Q00004748,C00051216,A048,2025-01-22,92.0,88.9,83.3,92.9,1
Q00004749,C00056093,A052,2025-02-22,89.2,84.5,93.8,88.4,1
Q00004750,C00020107,A020,2025-01-30,81.6,85.5,85.7,76.2,1
Q00004751,C00018946,A019,2025-01-23,87.8,98.5,81.8,87.1,1
Q00004752,C00024474,A023,2025-03-13,90.5,92.0,93.4,83.1,1
Q00004753,C00015522,A016,2025-01-08,93.4,90.1,94.4,88.9,1
Q00004754,C00012758,A012,2025-03-27,73.1,76.6,66.3,71.2,0
Q00004755,C00061851,A058,2025-02-08,67.0,71.6,54.3,67.8,0
Q00004756,C00052590,A049,2025-02-18,94.2,91.2,99.0,99.2,1
Q00004757,C00024435,A023,2025-03-07,93.3,100.0,93.8,85.8,1
Q00004758,C00032846,A031,2025-02-03,83.2,91.0,88.2,89.9,1
Q00004759,C00076719,A071,2025-02-27,94.4,92.8,100.0,91.5,1
Q00004760,C00018881,A019,2025-01-10,91.6,90.1,92.8,92.8,1
Q00004761,C00002564,A003,2025-02-16,88.4,90.2,91.9,100.0,1
Q00004762,C00075865,A070,2025-03-21,94.7,78.7,92.3,94.9,1
Q00004763,C00066859,A063,2025-01-07,91.3,85.0,83.2,85.2,1
Q00004764,C00008627,A008,2025-03-22,82.9,89.4,84.3,82.3,1
Q00004765,C00049219,A046,2025-01-10,81.4,77.5,83.7,78.2,1
Q00004766,C00053923,A050,2025-02-18,99.6,99.4,98.8,94.7,1
Q00004767,C00064286,A060,2025-02-18,80.5,74.2,75.8,72.1,0
Q00004768,C00055128,A051,2025-02-24,100.0,99.1,98.8,96.8,1
Q00004769,C00064400,A060,2025-02-21,89.8,85.6,93.0,92.5,1
Q00004770,C00030971,A029,2025-02-12,85.9,82.4,93.3,78.4,1
Q00004771,C00005672,A006,2025-02-23,88.4,88.0,92.4,92.7,1
Q00004772,C00068924,A064,2025-03-01,100.0,100.0,98.1,91.6,1
Q00004773,C00009285,A009,2025-02-25,64.2,65.8,68.9,62.2,0
Q00004774,C00055625,A052,2025-01-13,89.4,83.1,100.0,85.8,1
Q00004775,C00024541,A023,2025-03-14,90.6,86.0,79.7,81.1,1
Q00004776,C00063468,A059,2025-03-27,79.4,80.3,86.6,83.7,0
Q00004777,C00009343,A009,2025-03-08,92.3,85.6,96.1,77.1,1
Q00004778,C00037338,A035,2025-01-21,94.3,98.0,90.0,85.2,1
Q00004779,C00071968,A067,2025-02-13,100.0,100.0,100.0,96.3,1
Q00004780,C00027821,A026,2025-03-20,84.0,82.9,91.8,84.4,1
Q00004781,C00018847,A019,2025-01-14,93.2,94.2,86.2,88.4,1
Q00004782,C00053808,A050,2025-02-07,96.3,90.4,100.0,85.4,1
Q00004783,C00010291,A010,2025-02-22,98.0,99.0,99.6,96.8,1
Q00004784,C00065747,A061,2025-03-27,83.5,81.8,82.3,83.9,1
Q00004785,C00011584,A011,2025-03-07,91.6,90.0,96.8,87.1,1
Q00004786,C00010659,A010,2025-03-16,83.7,90.2,78.9,77.7,1
Q00004787,C00080234,A074,2025-02-13,81.1,77.2,76.8,84.6,1
Q00004788,C00014001,A014,2025-02-03,90.3,85.0,94.4,89.9,1
Q00004789,C00006460,A007,2025-01-26,91.9,96.3,91.4,77.4,1
Q00004790,C00007752,A008,2025-01-22,75.9,72.1,74.2,67.6,0
Q00004791,C00021269,A021,2025-02-05,89.0,91.7,94.0,90.0,1
Q00004792,C00013315,A013,2025-02-16,100.0,100.0,100.0,100.0,1
Q00004793,C00068565,A064,2025-02-04,91.0,91.0,83.5,92.8,1
Q00004794,C00052094,A049,2025-01-14,90.0,82.2,89.7,72.1,1
Q00004795,C00065308,A061,2025-02-18,90.5,81.4,87.3,91.4,1
Q00004796,C00051015,A047,2025-04-02,78.3,78.6,70.9,67.0,0
Q00004797,C00013250,A013,2025-02-14,80.6,88.4,81.3,85.4,1
Q00004798,C00070579,A066,2025-01-25,80.3,90.7,77.3,94.6,1
Q00004799,C00024104,A023,2025-02-15,95.7,100.0,89.9,92.1,1
Q00004800,C00017781,A018,2025-01-09,94.4,91.3,100.0,90.2,1
Q00004801,C00026694,A025,2025-03-30,89.6,93.5,100.0,94.3,1
Q00004802,C00001887,A002,2025-03-30,100.0,96.0,100.0,100.0,1
Q00004803,C00041720,A038,2025-03-22,85.4,91.5,96.6,91.6,1
Q00004804,C00079022,A073,2025-02-12,90.8,93.4,89.4,100.0,1
Q00004805,C00051054,A047,2025-04-02,82.3,91.5,80.0,79.8,1
Q00004806,C00020469,A020,2025-03-03,94.1,93.8,91.7,100.0,1
Q00004807,C00075409,A070,2025-02-26,90.6,81.4,99.5,90.8,1
Q00004808,C00012623,A012,2025-03-13,100.0,95.2,93.4,92.1,1
Q00004809,C00079314,A073,2025-03-09,90.8,84.6,84.0,94.5,1
Q00004810,C00005552,A006,2025-02-13,86.4,82.6,85.1,85.7,1
Q00004811,C00025830,A025,2025-01-10,81.5,77.0,87.3,78.1,1
Q00004812,C00020507,A020,2025-03-13,82.2,87.2,70.3,79.3,1
Q00004813,C00065674,A061,2025-03-20,82.9,80.8,78.3,96.7,1
Q00004814,C00045571,A042,2025-02-17,66.4,59.0,72.4,69.0,0
Q00004815,C00066971,A063,2025-01-14,100.0,100.0,100.0,88.4,1
Q00004816,C00022131,A021,2025-04-03,87.5,87.0,79.5,95.4,1
Q00004817,C00071464,A066,2025-03-28,76.4,76.9,84.0,78.1,0
Q00004818,C00038024,A035,2025-03-13,89.1,96.3,94.5,89.0,1
Q00004819,C00032707,A031,2025-01-22,85.8,75.7,88.5,72.9,1
Q00004820,C00030530,A028,2025-04-03,82.6,75.6,92.3,81.1,1
Q00004821,C00035954,A034,2025-01-10,70.7,73.2,75.1,65.4,0
Q00004822,C00023354,A022,2025-03-20,88.9,91.8,88.7,96.4,1
Q00004823,C00022494,A022,2025-01-26,74.1,74.0,72.1,71.6,0
Q00004824,C00033667,A031,2025-03-28,86.6,100.0,83.9,85.4,1
Q00004825,C00067740,A063,2025-03-13,77.9,74.7,78.9,68.6,0
Q00004826,C00038108,A035,2025-03-14,83.7,89.8,80.7,87.5,1
Q00004827,C00075552,A070,2025-02-28,97.6,95.5,100.0,100.0,1
Q00004828,C00019806,A020,2025-01-03,75.8,78.8,75.0,76.4,0
Q00004829,C00004422,A005,2025-01-29,100.0,98.6,97.1,97.8,1
Q00004830,C00051167,A048,2025-01-12,94.2,100.0,94.3,100.0,1
Q00004831,C00029725,A028,2025-02-01,76.0,91.7,73.8,79.6,0
Q00004832,C00066006,A062,2025-01-22,85.1,92.0,90.5,70.4,1
Q00004833,C00008132,A008,2025-02-18,95.9,97.5,100.0,84.3,1
Q00004834,C00059778,A056,2025-01-26,82.8,85.6,83.8,86.1,1
Q00004835,C00054581,A050,2025-04-03,84.2,84.0,82.4,91.7,1
Q00004836,C00028724,A027,2025-02-16,76.1,72.3,74.4,76.9,0
Q00004837,C00006530,A007,2025-01-28,76.7,78.9,71.8,60.9,0
Q00004838,C00008787,A008,2025-04-07,76.7,70.7,79.2,79.8,0
Q00004839,C00076579,A071,2025-02-17,89.5,84.0,78.7,96.3,1
Q00004840,C00019014,A019,2025-01-22,88.9,85.9,93.0,88.0,1
Q00004841,C00040447,A037,2025-03-25,79.7,77.4,73.8,83.1,0
Q00004842,C00081289,A075,2025-01-23,85.4,85.5,70.7,100.0,1
Q00004843,C00015888,A016,2025-02-04,98.1,96.6,83.6,100.0,1
Q00004844,C00000656,A001,2025-03-11,72.7,83.2,67.0,62.9,0
Q00004845,C00070723,A066,2025-02-03,69.2,70.3,66.3,69.6,0
Q00004846,C00014768,A015,2025-01-22,75.0,75.8,77.4,73.9,0
Q00004847,C00067102,A063,2025-01-24,87.0,91.2,80.3,70.2,1
Q00004848,C00013313,A013,2025-02-15,83.7,80.6,81.7,74.1,1
Q00004849,C00001575,A002,2025-02-25,89.3,90.5,99.3,96.8,1
Q00004850,C00037259,A035,2025-01-18,98.0,100.0,94.8,100.0,1
Q00004851,C00021901,A021,2025-03-15,87.2,98.4,76.8,83.8,1
Q00004852,C00048456,A045,2025-01-27,87.6,85.5,82.1,84.7,1
Q00004853,C00057670,A054,2025-01-14,85.0,78.1,79.9,91.2,1
Q00004854,C00064288,A060,2025-02-14,89.0,86.0,84.5,94.5,1
Q00004855,C00077783,A072,2025-02-18,86.0,88.8,92.9,75.0,1
Q00004856,C00077329,A072,2025-01-14,98.0,100.0,99.2,100.0,1
Q00004857,C00010055,A010,2025-02-04,80.5,78.8,85.1,85.2,1
Q00004858,C00058513,A054,2025-04-01,85.3,88.7,76.1,95.1,1
Q00004859,C00051350,A048,2025-02-06,78.7,81.0,70.5,80.0,0
Q00004860,C00068053,A063,2025-04-05,85.2,86.6,91.3,84.6,1
Q00004861,C00016949,A017,2025-01-18,80.5,83.9,81.0,85.2,1
Q00004862,C00025254,A024,2025-02-16,84.5,84.6,80.2,89.3,1
Q00004863,C00029495,A028,2025-01-09,88.6,96.0,88.0,96.0,1
Q00004864,C00022331,A022,2025-01-16,88.4,89.6,91.4,82.4,1
Q00004865,C00008565,A008,2025-03-15,77.9,79.7,72.4,76.9,0
Q00004866,C00061119,A057,2025-03-05,73.6,71.0,76.7,79.1,0
Q00004867,C00040760,A038,2025-01-19,78.7,74.0,80.6,81.3,0
Q00004868,C00081425,A075,2025-01-31,78.4,72.7,71.2,79.6,0
Q00004869,C00054753,A051,2025-01-18,91.2,86.7,86.6,87.3,1
Q00004870,C00026587,A025,2025-03-19,82.3,73.4,81.1,72.8,0
Q00004871,C00069563,A065,2025-01-15,87.8,84.1,93.5,92.6,1
Q00004872,C00026768,A025,2025-04-06,92.2,83.8,90.0,78.3,1
Q00004873,C00036377,A034,2025-02-05,82.2,79.6,80.5,82.5,1
Q00004874,C00058215,A054,2025-02-27,79.7,86.5,80.1,84.2,0
Q00004875,C00001523,A002,2025-02-21,75.3,78.2,74.5,64.9,0
Q00004876,C00070037,A065,2025-03-12,83.9,71.4,88.1,78.0,0
Q00004877,C00031288,A029,2025-03-21,85.4,84.2,79.6,91.6,1
Q00004878,C00037855,A035,2025-03-01,96.6,88.6,99.2,99.3,1
Q00004879,C00049280,A046,2025-01-17,93.0,90.6,82.7,100.0,1
Q00004880,C00073205,A068,2025-03-01,82.9,85.6,86.6,80.7,1
Q00004881,C00015177,A015,2025-02-22,95.4,95.5,93.4,87.5,1
Q00004882,C00067067,A063,2025-01-30,95.0,96.9,84.2,100.0,1
Q00004883,C00069924,A065,2025-02-22,93.8,99.1,92.8,95.3,1
Q00004884,C00014792,A015,2025-01-21,91.0,96.0,92.7,96.1,1
Q00004885,C00021148,A021,2025-01-31,92.3,85.8,86.1,94.3,1
Q00004886,C00028255,A027,2025-01-16,85.0,84.8,84.4,86.4,1
Q00004887,C00080224,A074,2025-02-14,91.8,87.1,85.4,85.9,1
Q00004888,C00070996,A066,2025-02-22,86.6,78.5,96.4,80.9,1
Q00004889,C00047437,A044,2025-01-24,90.4,89.2,88.3,86.9,1
Q00004890,C00002274,A003,2025-01-25,75.0,71.1,83.9,68.7,0
Q00004891,C00044158,A040,2025-03-27,91.8,100.0,95.1,91.1,1
Q00004892,C00037637,A035,2025-02-14,83.7,90.4,81.2,72.5,1
Q00004893,C00043903,A040,2025-03-04,91.8,90.7,98.1,100.0,1
Q00004894,C00059909,A056,2025-02-07,81.3,77.1,81.5,83.2,1
Q00004895,C00064719,A060,2025-03-26,74.5,88.7,78.1,70.8,0
Q00004896,C00046488,A043,2025-02-04,89.4,93.9,86.5,85.3,1
Q00004897,C00064654,A060,2025-03-16,93.4,95.6,91.3,99.9,1
Q00004898,C00008798,A009,2025-01-09,80.9,78.5,70.5,69.6,1
Q00004899,C00032646,A031,2025-01-20,74.8,73.6,79.8,81.7,0
Q00004900,C00053177,A049,2025-04-01,87.3,86.1,83.6,77.5,1
Q00004901,C00042823,A039,2025-03-05,100.0,100.0,100.0,94.7,1
Q00004902,C00081749,A075,2025-02-18,84.8,92.3,90.1,90.3,1
Q00004903,C00053471,A050,2025-01-19,87.8,84.8,86.9,98.5,1
Q00004904,C00045176,A042,2025-01-12,94.0,98.4,87.0,83.2,1
Q00004905,C00074261,A069,2025-02-17,90.7,91.9,81.5,96.1,1
Q00004906,C00012230,A012,2025-02-05,79.7,80.9,81.2,71.2,0
Q00004907,C00022375,A022,2025-01-17,85.2,89.8,78.5,79.5,1
Q00004908,C00011618,A011,2025-03-05,88.1,84.3,89.7,83.5,1
Q00004909,C00008405,A008,2025-03-06,74.2,74.0,71.6,80.6,0
Q00004910,C00043368,A040,2025-01-16,74.5,72.6,79.3,75.5,0
Q00004911,C00008818,A009,2025-01-12,86.7,90.0,85.0,86.7,1
Q00004912,C00045711,A042,2025-02-27,72.6,84.2,76.0,73.4,0
Q00004913,C00080895,A074,2025-03-24,89.8,89.7,89.6,87.6,1
Q00004914,C00068781,A064,2025-02-17,87.6,94.1,86.7,96.8,1
Q00004915,C00002874,A003,2025-03-13,85.5,83.9,94.6,63.5,1
Q00004916,C00044109,A040,2025-03-29,88.5,81.6,77.5,84.1,1
Q00004917,C00016424,A016,2025-03-11,100.0,100.0,100.0,93.6,1
Q00004918,C00038523,A036,2025-01-17,78.0,69.3,85.6,83.2,0
Q00004919,C00030818,A029,2025-01-25,80.7,80.9,82.2,86.3,1
Q00004920,C00081096,A075,2025-01-07,85.8,92.2,84.2,74.2,1
Q00004921,C00017051,A017,2025-01-31,76.1,72.8,84.1,76.0,0
Q00004922,C00033349,A031,2025-03-12,84.7,87.3,78.9,72.3,1
Q00004923,C00020677,A020,2025-03-27,87.3,90.4,89.2,80.8,1
Q00004924,C00063707,A060,2025-01-13,87.4,83.4,89.1,96.3,1
Q00004925,C00013020,A013,2025-01-20,84.1,79.2,80.2,86.5,1
Q00004926,C00016270,A016,2025-02-22,92.9,90.4,100.0,82.5,1
Q00004927,C00060438,A056,2025-04-02,76.7,74.3,75.4,71.1,0
Q00004928,C00023367,A022,2025-03-22,87.3,81.4,76.0,82.6,1
Q00004929,C00072232,A067,2025-03-09,88.4,89.8,80.3,96.9,1
Q00004930,C00078574,A073,2025-01-09,72.3,69.4,69.4,73.2,0
Q00004931,C00061276,A057,2025-03-22,88.8,86.4,80.0,94.9,1
Q00004932,C00066725,A062,2025-04-01,85.9,87.2,91.5,88.7,1
Q00004933,C00050893,A047,2025-03-16,72.9,75.6,69.9,75.8,0
Q00004934,C00065534,A061,2025-03-14,70.1,65.3,70.4,71.8,0
Q00004935,C00003002,A003,2025-03-25,91.0,90.2,98.7,81.1,1
Q00004936,C00035870,A033,2025-03-26,77.0,80.0,80.4,78.1,0
Q00004937,C00068558,A064,2025-02-05,88.7,87.6,80.7,85.3,1
Q00004938,C00059576,A056,2025-01-09,87.1,84.8,88.2,93.5,1
Q00004939,C00081854,A075,2025-02-23,92.7,98.2,95.5,86.6,1
Q00004940,C00042683,A039,2025-02-28,87.0,84.2,97.4,94.0,1
Q00004941,C00007340,A007,2025-03-27,96.2,92.9,89.3,94.5,1
Q00004942,C00031847,A030,2025-02-12,89.2,82.6,92.8,78.1,1
Q00004943,C00051888,A048,2025-03-31,79.0,78.6,73.2,79.4,0
Q00004944,C00024264,A023,2025-02-27,92.2,91.6,82.2,94.2,1
Q00004945,C00080986,A074,2025-04-03,74.1,78.9,70.5,79.2,0
Q00004946,C00073815,A069,2025-01-07,82.5,76.3,77.6,81.9,1
Q00004947,C00051768,A048,2025-03-17,85.2,80.9,91.5,77.1,1
Q00004948,C00053248,A049,2025-04-09,96.1,93.8,91.0,96.1,1
Q00004949,C00021290,A021,2025-02-06,78.7,76.6,80.8,76.2,0
Q00004950,C00038999,A036,2025-02-26,84.6,85.3,88.4,72.8,1
Q00004951,C00072427,A067,2025-03-28,93.7,93.4,88.0,100.0,1
Q00004952,C00044852,A041,2025-03-09,89.1,87.3,84.5,88.7,1
Q00004953,C00038133,A035,2025-03-16,74.0,72.1,85.4,67.6,0
Q00004954,C00042887,A039,2025-03-16,78.2,83.2,89.9,78.5,0
Q00004955,C00005041,A005,2025-03-20,88.2,82.5,87.1,100.0,1
Q00004956,C00010207,A010,2025-02-11,78.4,79.1,89.5,72.9,0
Q00004957,C00066053,A062,2025-01-24,77.3,72.9,81.7,77.9,0
Q00004958,C00009274,A009,2025-02-21,94.4,96.6,99.3,97.2,1
Q00004959,C00047207,A043,2025-03-25,79.3,80.1,75.3,75.8,0
Q00004960,C00014821,A015,2025-01-23,93.6,90.0,93.8,83.3,1
Q00004961,C00033451,A031,2025-03-17,81.5,84.3,77.5,82.7,1
Q00004962,C00077967,A072,2025-02-27,99.2,100.0,97.7,100.0,1
Q00004963,C00017878,A018,2025-01-16,90.5,93.4,90.5,75.0,1
Q00004964,C00066849,A063,2025-01-09,86.8,87.5,85.9,96.5,1
Q00004965,C00065586,A061,2025-03-14,87.7,82.5,82.9,85.9,1
Q00004966,C00048549,A045,2025-02-06,87.0,87.4,89.7,88.8,1
Q00004967,C00013675,A013,2025-03-19,81.3,84.2,82.2,81.5,1
Q00004968,C00035024,A032,2025-03-30,99.0,100.0,100.0,100.0,1
Q00004969,C00064548,A060,2025-03-08,82.6,94.3,82.0,92.4,1
Q00004970,C00048720,A045,2025-02-26,91.4,85.9,90.5,100.0,1
Q00004971,C00039248,A036,2025-03-07,90.5,98.1,94.5,96.2,1
Q00004972,C00022465,A022,2025-01-24,78.6,84.1,88.7,78.5,0
Q00004973,C00055353,A051,2025-03-12,86.3,81.2,74.3,81.6,1
Q00004974,C00045860,A042,2025-03-21,100.0,100.0,97.9,100.0,1
Q00004975,C00025141,A024,2025-02-04,87.4,97.4,89.4,91.2,1
Q00004976,C00053396,A050,2025-01-17,87.0,79.3,84.9,93.9,1
Q00004977,C00015836,A016,2025-01-28,81.4,92.4,82.8,76.8,1
Q00004978,C00000907,A001,2025-03-28,83.0,81.8,72.6,82.6,1
Q00004979,C00053915,A050,2025-02-17,96.3,97.3,80.0,100.0,1
Q00004980,C00005712,A006,2025-02-28,85.2,81.1,91.7,79.0,1
Q00004981,C00045683,A042,2025-03-02,96.2,100.0,100.0,84.6,1
Q00004982,C00060519,A057,2025-01-09,99.7,98.2,100.0,93.2,1
Q00004983,C00041173,A038,2025-02-11,84.3,82.3,93.0,77.5,1
Q00004984,C00009490,A009,2025-03-14,99.5,100.0,100.0,100.0,1
Q00004985,C00018338,A018,2025-02-21,96.8,98.2,91.2,96.7,1
Q00004986,C00005059,A005,2025-03-24,86.5,83.6,83.4,90.3,1
Q00004987,C00035408,A033,2025-02-08,98.4,93.6,95.6,100.0,1
Q00004988,C00074321,A069,2025-02-24,100.0,98.3,98.7,100.0,1
Q00004989,C00028663,A027,2025-02-18,82.5,84.5,86.9,83.4,1
Q00004990,C00034376,A032,2025-02-14,91.1,92.3,86.0,99.4,1
Q00004991,C00049530,A046,2025-02-10,89.5,87.4,100.0,82.3,1
Q00004992,C00033069,A031,2025-02-16,75.8,80.2,75.9,84.7,0
Q00004993,C00000680,A001,2025-03-13,85.5,85.7,88.9,75.2,1
Q00004994,C00033931,A032,2025-01-17,91.3,86.0,92.9,91.7,1
Q00004995,C00078779,A073,2025-01-24,85.7,81.4,83.8,88.6,1
Q00004996,C00069967,A065,2025-02-26,96.2,85.1,96.2,85.7,1
Q00004997,C00064082,A060,2025-02-06,91.4,95.1,94.4,80.5,1
Q00004998,C00024651,A023,2025-03-17,87.6,84.3,83.9,88.2,1
Q00004999,C00032111,A030,2025-03-06,79.2,84.1,82.4,87.1,0
Q00005000,C00063027,A059,2025-02-01,98.9,100.0,93.4,96.3,1
Q00005001,C00035259,A033,2025-01-30,88.4,89.8,85.7,92.3,1
Q00005002,C00040919,A038,2025-01-31,94.4,93.4,87.0,87.5,1
Q00005003,C00076125,A071,2025-01-12,83.6,81.4,80.6,82.2,1
Q00005004,C00042830,A039,2025-03-08,75.3,71.1,79.8,74.3,0
Q00005005,C00064728,A060,2025-03-20,73.5,81.9,69.2,80.6,0
Q00005006,C00029515,A028,2025-01-12,92.5,100.0,95.9,100.0,1
Q00005007,C00081720,A075,2025-02-19,98.3,100.0,100.0,92.9,1
Q00005008,C00069572,A065,2025-01-19,100.0,93.4,95.8,96.3,1
Q00005009,C00010853,A010,2025-03-27,90.5,92.3,84.8,86.5,1
Q00005010,C00058334,A054,2025-03-16,76.7,79.1,74.6,84.2,0
Q00005011,C00001371,A002,2025-01-31,92.7,100.0,100.0,100.0,1
Q00005012,C00036574,A034,2025-02-23,82.7,85.6,77.5,82.8,1
Q00005013,C00037534,A035,2025-02-02,81.1,86.0,78.1,81.5,1
Q00005014,C00047940,A044,2025-03-07,81.4,74.7,85.4,92.0,0
Q00005015,C00071134,A066,2025-03-06,88.5,88.8,93.2,87.6,1
Q00005016,C00067501,A063,2025-02-25,92.3,82.3,98.7,85.9,1
Q00005017,C00000813,A001,2025-03-22,93.4,88.4,90.1,83.5,1
Q00005018,C00030455,A028,2025-03-21,88.0,83.6,81.9,85.1,1
Q00005019,C00033562,A031,2025-03-28,85.5,90.7,88.5,95.1,1
Q00005020,C00018955,A019,2025-01-17,87.8,78.4,77.3,87.8,1
Q00005021,C00039273,A036,2025-03-14,86.8,85.1,87.7,86.2,1
Q00005022,C00021909,A021,2025-03-19,97.1,100.0,95.2,100.0,1
Q00005023,C00076648,A071,2025-02-23,87.0,90.5,81.4,70.7,1
Q00005024,C00064969,A061,2025-01-05,81.9,81.3,81.7,78.3,1
Q00005025,C00045527,A042,2025-02-12,77.8,89.6,75.3,78.2,0
Q00005026,C00022532,A022,2025-01-29,88.1,91.9,85.9,86.4,1
Q00005027,C00017709,A017,2025-04-05,84.6,84.2,93.4,78.4,1
Q00005028,C00054995,A051,2025-02-07,85.2,91.4,91.9,87.7,1
Q00005029,C00064916,A060,2025-04-02,95.2,100.0,95.7,93.8,1
Q00005030,C00052120,A049,2025-01-22,82.4,88.1,81.3,79.4,1
Q00005031,C00016788,A016,2025-04-03,89.6,81.7,86.0,80.7,1
Q00005032,C00040475,A037,2025-04-01,82.6,82.6,74.8,78.7,1
Q00005033,C00002649,A003,2025-02-27,77.6,73.9,74.4,74.4,0
Q00005034,C00056453,A052,2025-03-15,99.9,100.0,98.8,94.5,1
Q00005035,C00002041,A003,2025-01-14,85.5,95.1,84.4,80.0,1
Q00005036,C00059504,A055,2025-03-27,81.1,78.9,71.5,75.4,1
Q00005037,C00073401,A068,2025-03-12,100.0,100.0,100.0,89.4,1
Q00005038,C00011314,A011,2025-02-10,84.8,78.6,72.4,76.7,1
Q00005039,C00061504,A058,2025-01-11,93.8,97.0,91.5,91.7,1
Q00005040,C00005216,A006,2025-01-12,86.1,84.0,88.6,86.9,1
Q00005041,C00008668,A008,2025-03-30,78.3,78.8,66.3,81.5,0
Q00005042,C00074393,A069,2025-02-25,79.1,70.1,77.9,83.9,0
Q00005043,C00060402,A056,2025-03-29,93.7,87.3,86.8,85.2,1
Q00005044,C00030820,A029,2025-01-27,100.0,100.0,100.0,100.0,1
Q00005045,C00048601,A045,2025-02-09,87.7,79.2,86.6,76.0,1
Q00005046,C00006991,A007,2025-03-07,95.8,93.2,91.0,82.6,1
Q00005047,C00044484,A041,2025-02-06,90.4,92.1,94.7,97.5,1
Q00005048,C00053609,A050,2025-01-26,96.5,93.9,94.1,93.5,1
Q00005049,C00053064,A049,2025-03-23,77.8,78.4,71.6,83.5,0
Q00005050,C00072772,A068,2025-01-24,77.5,78.5,82.4,86.1,0
Q00005051,C00056420,A052,2025-03-08,89.7,89.9,89.1,95.5,1
Q00005052,C00053194,A049,2025-04-03,92.1,89.7,99.1,95.7,1
Q00005053,C00024923,A024,2025-01-14,77.0,80.0,74.4,68.3,0
Q00005054,C00035634,A033,2025-03-02,68.3,62.3,65.9,61.0,0
Q00005055,C00064301,A060,2025-02-15,79.6,82.3,72.8,74.1,0
Q00005056,C00063947,A060,2025-01-27,95.2,95.6,100.0,81.5,1
Q00005057,C00052760,A049,2025-03-08,82.8,86.8,78.6,82.4,1
Q00005058,C00039232,A036,2025-03-11,87.3,78.7,84.9,80.0,1
Q00005059,C00064476,A060,2025-03-02,90.0,87.5,82.6,80.2,1
Q00005060,C00073824,A069,2025-01-09,85.5,84.2,89.5,88.4,1
Q00005061,C00067154,A063,2025-01-29,90.4,86.7,97.0,81.8,1
Q00005062,C00078364,A072,2025-03-23,75.0,71.5,79.0,64.7,0
Q00005063,C00001183,A002,2025-01-19,79.5,82.5,78.4,77.6,0
Q00005064,C00043156,A039,2025-03-26,92.4,88.7,93.9,87.7,1
Q00005065,C00028514,A027,2025-02-02,91.0,95.1,83.1,87.6,1
Q00005066,C00049678,A046,2025-02-23,77.1,75.1,71.0,77.4,0
Q00005067,C00028145,A027,2025-01-12,89.7,94.0,100.0,86.1,1
Q00005068,C00019738,A019,2025-03-28,90.8,80.2,87.5,87.7,1
Q00005069,C00035808,A033,2025-03-17,88.7,86.2,88.8,79.8,1
Q00005070,C00011436,A011,2025-02-17,96.6,99.3,83.2,99.5,1
Q00005071,C00066367,A062,2025-02-24,98.4,100.0,100.0,90.1,1
Q00005072,C00079546,A073,2025-03-26,81.4,79.6,87.4,76.5,1
Q00005073,C00001414,A002,2025-02-07,78.4,76.3,91.9,72.2,0
Q00005074,C00047295,A043,2025-04-06,87.9,94.3,85.6,95.4,1
Q00005075,C00038531,A036,2025-01-15,79.2,88.6,72.1,73.4,0
Q00005076,C00033963,A032,2025-01-23,99.6,94.5,100.0,92.6,1
Q00005077,C00018886,A019,2025-01-14,93.8,97.2,92.0,90.8,1
Q00005078,C00074501,A069,2025-03-15,93.9,91.0,91.6,96.9,1
Q00005079,C00011873,A011,2025-04-01,77.3,71.9,79.7,75.4,0
Q00005080,C00075766,A070,2025-03-15,87.1,81.7,100.0,94.9,1
Q00005081,C00001831,A002,2025-03-24,82.3,81.0,88.7,85.6,1
Q00005082,C00030484,A028,2025-03-29,86.2,80.0,87.5,100.0,1
Q00005083,C00041403,A038,2025-02-23,81.4,91.2,85.3,79.1,1
Q00005084,C00078570,A073,2025-01-08,73.4,61.8,69.5,83.2,0
Q00005085,C00054530,A050,2025-04-03,81.9,79.4,82.4,67.7,1
Q00005086,C00061082,A057,2025-02-28,88.9,87.3,94.2,86.2,1
Q00005087,C00053712,A050,2025-01-31,87.1,84.4,77.1,84.8,1
Q00005088,C00027731,A026,2025-03-11,80.3,74.4,72.3,76.6,0
Q00005089,C00029316,A027,2025-03-27,76.3,77.0,82.8,72.5,0
Q00005090,C00080909,A074,2025-03-28,95.5,97.9,97.6,93.4,1
Q00005091,C00055352,A051,2025-03-15,86.9,91.4,93.0,86.7,1
Q00005092,C00058486,A054,2025-04-01,91.0,99.0,86.0,91.6,1
Q00005093,C00055346,A051,2025-03-12,82.1,87.0,79.7,86.8,1
Q00005094,C00077590,A072,2025-02-03,88.8,85.0,82.7,81.9,1
Q00005095,C00011098,A011,2025-01-25,83.3,76.9,82.6,93.7,1
Q00005096,C00032183,A030,2025-03-14,79.3,79.3,79.3,82.8,0
Q00005097,C00010174,A010,2025-02-07,80.6,79.1,79.3,86.2,1
Q00005098,C00041103,A038,2025-02-08,97.3,100.0,100.0,96.4,1
Q00005099,C00051247,A048,2025-01-24,81.0,88.4,79.4,70.3,1
Q00005100,C00047180,A043,2025-03-28,92.3,82.1,92.5,100.0,1
Q00005101,C00032319,A030,2025-03-21,76.9,80.8,74.2,82.9,0
Q00005102,C00054299,A050,2025-03-20,85.9,86.3,84.2,88.6,1
Q00005103,C00002256,A003,2025-01-27,81.4,88.2,94.6,78.4,1
Q00005104,C00011190,A011,2025-02-02,89.1,85.3,92.6,90.9,1
Q00005105,C00065492,A061,2025-03-06,69.2,69.2,66.2,71.5,0
Q00005106,C00033408,A031,2025-03-12,69.0,61.0,67.6,62.8,0
Q00005107,C00032756,A031,2025-01-26,81.8,82.8,92.5,83.9,1
Q00005108,C00059773,A056,2025-01-26,85.6,85.4,81.3,92.6,1
Q00005109,C00074632,A069,2025-03-23,91.3,96.3,94.8,88.8,1
Q00005110,C00056930,A053,2025-01-30,80.4,70.1,80.9,74.7,0
Q00005111,C00024677,A023,2025-03-24,84.9,90.2,95.9,88.7,1
Q00005112,C00035620,A033,2025-02-26,84.2,85.3,79.9,86.7,1
Q00005113,C00014312,A014,2025-03-05,100.0,88.8,100.0,98.7,1
Q00005114,C00007209,A007,2025-03-23,90.7,83.3,89.9,71.2,1
Q00005115,C00010164,A010,2025-02-10,78.4,70.0,74.2,82.3,0
Q00005116,C00037190,A035,2025-01-16,91.1,90.4,83.4,97.2,1
Q00005117,C00071876,A067,2025-02-07,82.4,77.4,93.1,80.6,1
Q00005118,C00030875,A029,2025-02-05,78.8,74.0,75.9,77.5,0
Q00005119,C00050892,A047,2025-03-23,90.7,87.0,83.8,95.2,1
Q00005120,C00064832,A060,2025-03-28,86.1,81.0,97.2,80.5,1
Q00005121,C00069263,A064,2025-03-20,83.0,75.7,74.6,82.6,1
Q00005122,C00011266,A011,2025-02-05,80.1,78.2,77.5,88.1,1
Q00005123,C00081842,A075,2025-02-27,88.6,93.9,87.8,76.5,1
Q00005124,C00027254,A026,2025-02-01,83.9,89.3,79.9,88.7,1
Q00005125,C00081348,A075,2025-01-23,93.0,97.1,91.8,100.0,1
Q00005126,C00066463,A062,2025-03-01,94.0,87.0,94.5,94.7,1
Q00005127,C00038416,A036,2025-01-05,74.5,80.0,72.9,72.6,0
Q00005128,C00018254,A018,2025-02-17,96.0,87.7,92.2,90.2,1
Q00005129,C00065111,A061,2025-01-30,98.9,96.8,96.1,100.0,1
Q00005130,C00048328,A045,2025-01-11,100.0,100.0,100.0,99.0,1
Q00005131,C00008586,A008,2025-03-19,93.3,96.2,98.9,98.7,1
Q00005132,C00037115,A034,2025-04-08,82.6,82.1,74.4,78.8,1
Q00005133,C00057602,A054,2025-01-05,74.6,77.3,87.0,70.0,0
Q00005134,C00012163,A012,2025-01-23,86.8,86.1,72.4,83.8,1
Q00005135,C00045220,A042,2025-01-19,86.1,96.9,81.3,88.1,1
Q00005136,C00057123,A053,2025-02-17,85.5,83.4,85.9,95.4,1
Q00005137,C00022945,A022,2025-02-19,90.7,94.6,94.2,82.5,1
Q00005138,C00053968,A050,2025-02-26,87.0,89.7,85.7,89.5,1
Q00005139,C00078429,A072,2025-03-30,82.0,80.4,82.7,70.6,1
Q00005140,C00007782,A008,2025-01-23,97.7,90.8,97.6,100.0,1
Q00005141,C00053348,A050,2025-01-07,84.9,88.1,80.1,81.5,1
Q00005142,C00059709,A056,2025-01-26,87.7,95.1,80.0,87.1,1
Q00005143,C00048109,A044,2025-03-25,96.7,89.4,100.0,81.5,1
Q00005144,C00071267,A066,2025-03-19,86.0,94.7,88.7,99.5,1
Q00005145,C00075791,A070,2025-03-22,100.0,100.0,94.7,100.0,1
Q00005146,C00073387,A068,2025-03-08,86.3,82.4,85.7,81.5,1
Q00005147,C00059095,A055,2025-02-23,99.5,100.0,86.8,95.6,1
Q00005148,C00033883,A032,2025-01-16,83.3,83.3,87.2,100.0,1
Q00005149,C00077005,A071,2025-03-16,80.6,77.0,73.2,72.1,1
Q00005150,C00027582,A026,2025-02-28,80.8,93.1,80.8,79.5,1
Q00005151,C00008450,A008,2025-03-08,74.2,74.3,79.8,71.6,0
Q00005152,C00079495,A073,2025-03-20,87.1,90.2,88.0,92.4,1
Q00005153,C00055392,A051,2025-03-23,94.5,90.7,90.1,100.0,1
Q00005154,C00004027,A004,2025-03-22,92.4,97.0,92.6,92.1,1
Q00005155,C00001140,A002,2025-01-20,71.6,72.5,71.5,72.7,0
Q00005156,C00074536,A069,2025-03-18,80.7,82.7,89.4,79.5,1
Q00005157,C00066439,A062,2025-02-27,100.0,95.4,100.0,99.1,1
Q00005158,C00013179,A013,2025-02-08,79.2,85.2,79.1,71.8,0
Q00005159,C00077768,A072,2025-02-19,94.4,92.7,95.9,100.0,1
Q00005160,C00003130,A003,2025-03-25,92.3,89.0,87.4,90.5,1
Q00005161,C00065360,A061,2025-02-20,90.8,90.0,94.4,81.8,1
Q00005162,C00051848,A048,2025-03-21,87.9,79.5,84.1,88.0,1
Q00005163,C00031763,A030,2025-01-28,90.2,92.8,88.6,88.3,1
Q00005164,C00040270,A037,2025-03-12,80.5,80.3,73.7,80.5,1
Q00005165,C00062468,A058,2025-03-20,77.8,78.0,80.4,71.7,0
Q00005166,C00064229,A060,2025-02-16,96.9,95.4,92.7,94.1,1
Q00005167,C00030850,A029,2025-01-29,96.0,87.5,100.0,92.7,1
Q00005168,C00081402,A075,2025-01-30,90.5,92.7,87.2,100.0,1
Q00005169,C00047753,A044,2025-02-14,92.8,95.6,99.3,94.7,1
Q00005170,C00065849,A062,2025-01-05,91.3,85.1,83.2,90.0,1
Q00005171,C00040882,A038,2025-01-28,87.9,86.0,89.3,91.6,1
Q00005172,C00080011,A074,2025-01-31,69.3,70.7,69.8,78.9,0
Q00005173,C00056529,A052,2025-03-25,92.3,94.7,90.8,89.6,1
Q00005174,C00064369,A060,2025-02-25,84.2,88.1,79.2,79.5,1
Q00005175,C00066001,A062,2025-01-24,81.1,79.7,88.3,93.7,1
Q00005176,C00035652,A033,2025-03-05,92.7,91.7,96.4,86.7,1
Q00005177,C00073054,A068,2025-02-19,86.4,90.1,82.9,88.4,1
Q00005178,C00002834,A003,2025-03-11,90.2,88.8,90.9,84.4,1
Q00005179,C00020859,A021,2025-01-08,94.6,100.0,89.4,100.0,1
Q00005180,C00069021,A064,2025-03-09,92.9,97.3,97.3,92.0,1
Q00005181,C00006063,A006,2025-03-24,83.4,83.7,83.6,83.0,1
Q00005182,C00029345,A027,2025-03-29,92.6,92.3,100.0,91.8,1
Q00005183,C00035439,A033,2025-02-08,100.0,96.9,100.0,94.6,1
Q00005184,C00006271,A007,2025-01-13,77.8,83.7,79.1,77.1,0
Q00005185,C00013696,A013,2025-03-24,82.5,92.3,77.7,79.5,1
Q00005186,C00001439,A002,2025-02-16,82.9,85.7,87.4,86.2,1
Q00005187,C00045308,A042,2025-01-27,88.9,88.5,89.4,98.1,1
Q00005188,C00041098,A038,2025-02-08,77.5,75.3,62.5,77.9,0
Q00005189,C00040225,A037,2025-03-07,79.3,76.7,81.3,75.1,0
Q00005190,C00055856,A052,2025-02-02,88.6,86.0,75.2,98.0,1
Q00005191,C00050890,A047,2025-03-23,94.1,92.0,98.6,90.9,1
Q00005192,C00062340,A058,2025-03-16,83.1,90.3,74.1,80.8,1
Q00005193,C00031582,A030,2025-01-18,86.8,86.7,73.8,86.2,1
Q00005194,C00058648,A055,2025-01-13,80.5,83.5,79.3,76.2,1
Q00005195,C00069320,A064,2025-04-02,90.4,98.1,92.9,93.4,1
Q00005196,C00048019,A044,2025-03-11,77.3,75.4,86.6,78.8,0
Q00005197,C00024174,A023,2025-02-18,81.6,85.2,81.3,80.3,1
Q00005198,C00059372,A055,2025-03-20,82.2,77.4,89.3,83.3,1
Q00005199,C00039944,A037,2025-02-07,88.8,86.5,89.4,84.1,1
Q00005200,C00026774,A025,2025-04-05,89.7,88.7,70.1,91.9,1
Q00005201,C00038371,A035,2025-04-01,91.6,84.4,94.0,94.3,1
Q00005202,C00031730,A030,2025-01-23,67.7,65.1,76.2,74.1,0
Q00005203,C00022309,A022,2025-01-09,95.9,97.0,93.6,100.0,1
Q00005204,C00014169,A014,2025-02-13,81.0,88.4,80.1,75.6,1
Q00005205,C00012174,A012,2025-01-30,95.2,100.0,94.1,99.2,1
Q00005206,C00051859,A048,2025-03-30,90.8,84.7,88.7,100.0,1
Q00005207,C00006212,A007,2025-01-05,86.6,89.5,91.3,98.9,1
Q00005208,C00078747,A073,2025-01-26,89.4,85.9,88.4,88.5,1
Q00005209,C00076768,A071,2025-02-27,82.7,86.6,88.1,95.4,1
Q00005210,C00057669,A054,2025-01-13,82.7,78.9,86.3,82.8,1
Q00005211,C00047640,A044,2025-02-08,80.8,86.8,83.2,80.3,1
Q00005212,C00054979,A051,2025-02-07,99.2,100.0,92.2,100.0,1
Q00005213,C00049564,A046,2025-02-08,87.1,81.2,89.4,98.1,1
Q00005214,C00052860,A049,2025-03-09,84.5,84.2,70.7,83.4,1
Q00005215,C00039978,A037,2025-02-12,89.9,90.7,97.2,89.1,1
Q00005216,C00020729,A020,2025-03-25,87.9,81.0,85.5,85.0,1
Q00005217,C00052267,A049,2025-01-30,99.6,100.0,92.3,94.8,1
Q00005218,C00074940,A070,2025-01-18,97.7,100.0,89.5,82.2,1
Q00005219,C00054777,A051,2025-01-20,100.0,100.0,100.0,100.0,1
Q00005220,C00058733,A055,2025-01-22,79.2,75.4,84.2,76.0,0
Q00005221,C00024573,A023,2025-03-18,87.8,86.4,96.2,87.0,1
Q00005222,C00010694,A010,2025-03-17,84.1,84.0,88.9,97.8,1
Q00005223,C00026603,A025,2025-03-23,77.9,79.8,73.4,87.3,0
Q00005224,C00056745,A053,2025-01-14,83.3,87.1,75.5,87.5,1
Q00005225,C00062866,A059,2025-01-24,86.9,82.3,89.5,87.0,1
Q00005226,C00036291,A034,2025-01-28,74.3,73.6,81.3,73.1,0
Q00005227,C00072514,A068,2025-01-03,87.5,90.6,92.5,85.9,1
Q00005228,C00072029,A067,2025-02-18,87.1,81.2,85.5,90.4,1
Q00005229,C00060923,A057,2025-02-10,90.3,93.8,98.4,80.7,1
Q00005230,C00020021,A020,2025-01-24,97.2,97.8,91.1,93.4,1
Q00005231,C00071017,A066,2025-02-28,89.4,89.8,95.8,83.1,1
Q00005232,C00037397,A035,2025-01-23,80.8,83.7,86.1,82.9,1
Q00005233,C00053213,A049,2025-04-03,100.0,100.0,100.0,100.0,1
Q00005234,C00071405,A066,2025-03-22,77.4,77.8,85.1,82.0,0
Q00005235,C00045749,A042,2025-03-03,89.2,88.9,85.4,99.6,1
Q00005236,C00045760,A042,2025-03-03,70.3,64.3,74.1,76.4,0
Q00005237,C00033450,A031,2025-03-13,85.2,88.6,81.7,84.2,1
Q00005238,C00079472,A073,2025-03-23,94.7,95.4,100.0,95.1,1
Q00005239,C00059888,A056,2025-02-03,85.1,91.4,81.5,91.5,1
Q00005240,C00041732,A038,2025-03-17,75.7,70.6,81.0,68.2,0
Q00005241,C00079521,A073,2025-03-19,88.1,88.5,96.5,88.6,1
Q00005242,C00041687,A038,2025-03-17,87.8,85.1,92.5,100.0,1
Q00005243,C00061038,A057,2025-03-05,81.3,81.5,79.8,80.3,1
Q00005244,C00076506,A071,2025-02-13,84.1,85.1,88.4,89.9,1
Q00005245,C00044286,A041,2025-01-18,81.7,73.7,80.3,77.4,0
Q00005246,C00011752,A011,2025-03-18,79.6,85.8,88.6,76.4,0
Q00005247,C00063858,A060,2025-01-25,95.0,98.7,96.8,90.5,1
Q00005248,C00069569,A065,2025-01-15,77.8,83.7,72.5,82.9,0
Q00005249,C00023836,A023,2025-01-20,100.0,100.0,100.0,100.0,1
Q00005250,C00005006,A005,2025-03-23,78.4,80.8,78.5,78.6,0
Q00005251,C00032537,A031,2025-01-14,89.6,83.8,88.9,92.7,1
Q00005252,C00009431,A009,2025-03-08,82.8,74.9,77.0,81.5,0
Q00005253,C00047002,A043,2025-03-13,91.7,91.2,86.5,100.0,1
Q00005254,C00046555,A043,2025-02-09,81.0,77.6,72.0,96.4,1
Q00005255,C00040606,A038,2025-01-09,87.7,91.2,85.6,88.1,1
Q00005256,C00056284,A052,2025-02-27,77.5,79.7,84.6,60.2,0
Q00005257,C00047721,A044,2025-02-14,93.1,91.1,90.5,90.5,1
Q00005258,C00024774,A023,2025-04-02,98.4,100.0,96.3,100.0,1
Q00005259,C00057356,A053,2025-03-15,90.5,92.1,83.4,69.6,1
Q00005260,C00065090,A061,2025-01-25,82.4,72.7,73.3,67.1,0
Q00005261,C00015767,A016,2025-01-18,67.4,70.4,64.8,63.3,0
Q00005262,C00074108,A069,2025-02-02,79.0,76.5,73.8,82.8,0
Q00005263,C00007784,A008,2025-01-25,72.3,67.1,78.9,97.8,0
Q00005264,C00005074,A005,2025-03-24,78.1,84.0,80.5,73.4,0
Q00005265,C00047740,A044,2025-02-13,86.6,82.6,81.5,91.9,1
Q00005266,C00039571,A036,2025-03-29,94.5,93.9,100.0,89.3,1
Q00005267,C00034231,A032,2025-02-09,89.4,91.2,92.8,88.4,1
Q00005268,C00075510,A070,2025-02-28,91.6,93.6,85.7,79.9,1
Q00005269,C00006995,A007,2025-03-08,86.2,87.4,80.9,93.4,1
Q00005270,C00045645,A042,2025-02-21,94.9,99.2,98.9,100.0,1
Q00005271,C00005224,A006,2025-01-11,97.1,91.2,95.9,90.4,1
Q00005272,C00007252,A007,2025-03-25,91.1,91.1,82.1,84.0,1
Q00005273,C00017761,A018,2025-01-07,92.3,96.2,89.1,83.8,1
Q00005274,C00014474,A014,2025-03-25,87.5,92.9,96.0,81.1,1
Q00005275,C00051915,A048,2025-04-01,90.6,85.0,93.0,82.7,1
Q00005276,C00017396,A017,2025-02-28,75.5,74.4,81.6,62.9,0
Q00005277,C00062431,A058,2025-03-22,86.2,78.2,88.5,88.2,1
Q00005278,C00033977,A032,2025-01-19,83.4,78.9,89.2,79.1,1
Q00005279,C00010333,A010,2025-02-21,91.8,81.8,93.4,81.7,1
Q00005280,C00080202,A074,2025-02-14,75.9,72.0,78.3,84.9,0
Q00005281,C00020296,A020,2025-02-16,90.6,91.1,91.8,92.4,1
Q00005282,C00013184,A013,2025-02-07,82.8,80.5,81.6,90.8,1
Q00005283,C00026964,A026,2025-01-18,89.4,85.4,91.9,91.5,1
Q00005284,C00070366,A066,2025-01-09,96.9,87.6,100.0,91.3,1
Q00005285,C00061632,A058,2025-01-20,87.4,90.1,82.4,100.0,1
Q00005286,C00067852,A063,2025-03-16,90.2,90.8,95.2,97.1,1
Q00005287,C00006659,A007,2025-02-04,88.4,87.2,83.1,83.9,1
Q00005288,C00069896,A065,2025-02-23,70.3,57.7,81.6,68.6,0
Q00005289,C00036911,A034,2025-03-17,83.0,82.3,80.8,74.0,1
Q00005290,C00046879,A043,2025-02-27,92.9,95.2,88.7,89.8,1
Q00005291,C00069781,A065,2025-02-09,82.5,78.6,86.3,76.1,1
Q00005292,C00079318,A073,2025-03-08,85.7,86.1,81.4,75.2,1
Q00005293,C00071383,A066,2025-03-25,76.1,74.8,73.8,74.5,0
Q00005294,C00032521,A031,2025-01-15,87.5,88.3,86.5,92.2,1
Q00005295,C00050801,A047,2025-03-09,88.8,90.5,89.0,80.7,1
Q00005296,C00055342,A051,2025-03-19,89.4,98.1,86.0,100.0,1
Q00005297,C00005661,A006,2025-02-15,76.7,75.0,72.0,83.0,0
Q00005298,C00032611,A031,2025-01-21,95.0,96.6,98.2,100.0,1
Q00005299,C00022218,A022,2025-01-03,84.0,80.3,79.7,88.4,1
Q00005300,C00038861,A036,2025-02-10,91.1,92.0,93.9,87.4,1
Q00005301,C00070089,A065,2025-03-16,84.7,86.3,89.3,89.6,1
Q00005302,C00037524,A035,2025-02-05,97.5,100.0,99.4,100.0,1
Q00005303,C00006791,A007,2025-02-21,98.1,100.0,88.7,92.5,1
Q00005304,C00036012,A034,2025-01-08,78.4,78.8,74.8,71.1,0
Q00005305,C00048639,A045,2025-02-17,84.7,94.4,86.3,84.8,1
Q00005306,C00024640,A023,2025-03-17,99.6,100.0,100.0,92.1,1
Q00005307,C00003873,A004,2025-03-13,87.1,82.7,86.4,82.8,1
Q00005308,C00014330,A014,2025-03-10,84.3,87.8,80.0,70.7,1
Q00005309,C00069314,A064,2025-04-02,94.4,85.9,89.0,88.2,1
Q00005310,C00050697,A047,2025-03-01,95.8,100.0,98.7,100.0,1
Q00005311,C00073324,A068,2025-03-05,84.7,87.9,80.9,93.9,1
Q00005312,C00016031,A016,2025-02-11,81.1,75.9,79.7,72.1,1
Q00005313,C00020365,A020,2025-02-28,89.4,92.4,85.2,90.2,1
Q00005314,C00056291,A052,2025-02-28,88.3,84.6,86.2,88.4,1
Q00005315,C00045066,A041,2025-04-01,71.7,71.5,66.1,63.5,0
Q00005316,C00016568,A016,2025-03-21,100.0,93.3,100.0,87.5,1
Q00005317,C00023580,A023,2025-01-11,87.8,86.5,91.0,90.0,1
Q00005318,C00002744,A003,2025-03-01,77.1,77.4,77.2,83.2,0
Q00005319,C00043997,A040,2025-03-15,92.0,88.5,87.6,96.8,1
Q00005320,C00058371,A054,2025-03-13,95.5,92.0,86.6,100.0,1
Q00005321,C00050053,A046,2025-03-31,81.2,89.5,78.5,88.5,1
Q00005322,C00027975,A026,2025-04-03,80.8,79.6,77.9,92.6,1
Q00005323,C00070300,A065,2025-04-02,90.2,86.6,93.2,83.7,1
Q00005324,C00081673,A075,2025-02-13,85.5,86.2,84.2,91.2,1
Q00005325,C00044282,A041,2025-01-15,93.8,96.1,96.2,100.0,1
Q00005326,C00037924,A035,2025-03-06,79.5,77.1,89.3,76.6,0
Q00005327,C00056572,A052,2025-03-24,91.3,88.2,90.0,89.5,1
Q00005328,C00077545,A072,2025-01-26,83.9,80.8,75.5,79.6,1
Q00005329,C00006167,A007,2025-01-09,86.3,95.8,83.8,91.1,1
Q00005330,C00074611,A069,2025-03-23,83.5,86.1,90.3,80.3,1
Q00005331,C00059187,A055,2025-03-02,84.8,86.9,83.4,85.1,1
Q00005332,C00005744,A006,2025-02-28,77.8,83.3,77.7,78.6,0
Q00005333,C00076409,A071,2025-02-06,90.9,100.0,82.7,85.9,1
Q00005334,C00011762,A011,2025-03-19,77.0,75.2,74.4,84.3,0
Q00005335,C00010366,A010,2025-02-21,83.3,86.9,81.1,70.2,1
Q00005336,C00071362,A066,2025-03-24,77.9,72.7,80.7,81.7,0
Q00005337,C00078486,A072,2025-04-06,73.7,66.8,73.9,71.0,0
Q00005338,C00072058,A067,2025-02-25,96.6,99.7,100.0,96.9,1
Q00005339,C00017962,A018,2025-01-22,94.3,92.0,87.1,81.6,1
Q00005340,C00079212,A073,2025-02-27,85.7,85.7,83.5,77.2,1
Q00005341,C00011048,A011,2025-01-20,94.8,97.3,96.0,92.4,1
Q00005342,C00024501,A023,2025-03-14,80.1,70.9,75.1,74.4,0
Q00005343,C00027180,A026,2025-01-31,88.3,87.1,92.5,95.8,1
Q00005344,C00063037,A059,2025-02-07,89.8,82.9,86.4,88.5,1
Q00005345,C00026891,A026,2025-01-10,98.4,98.9,95.1,94.2,1
Q00005346,C00004614,A005,2025-02-18,82.9,92.3,84.8,86.7,1
Q00005347,C00024388,A023,2025-03-07,93.3,90.2,94.4,89.5,1
Q00005348,C00047769,A044,2025-02-22,78.2,77.6,80.5,70.9,0
Q00005349,C00025292,A024,2025-02-13,77.1,77.6,71.2,78.1,0
Q00005350,C00071515,A066,2025-04-05,84.0,84.8,83.4,88.9,1
Q00005351,C00002321,A003,2025-01-31,84.3,82.2,82.1,88.2,1
Q00005352,C00035809,A033,2025-03-21,87.9,86.6,90.2,100.0,1
Q00005353,C00014494,A014,2025-03-27,92.9,88.4,91.1,100.0,1
Q00005354,C00035792,A033,2025-03-16,88.6,88.7,88.2,97.7,1
Q00005355,C00024391,A023,2025-03-02,89.7,76.3,88.2,94.4,1
Q00005356,C00041789,A038,2025-03-20,73.4,73.0,73.1,64.7,0
Q00005357,C00064143,A060,2025-02-09,81.8,84.3,84.6,89.2,1
Q00005358,C00022216,A022,2025-01-09,78.3,72.5,85.2,75.1,0
Q00005359,C00058961,A055,2025-02-10,90.3,92.1,90.8,95.9,1
Q00005360,C00017294,A017,2025-02-17,75.0,79.3,69.6,74.6,0
Q00005361,C00079679,A074,2025-01-04,90.1,92.4,88.5,94.2,1
Q00005362,C00080764,A074,2025-03-15,84.8,79.6,82.6,79.3,1
Q00005363,C00043708,A040,2025-02-11,92.6,95.7,100.0,86.1,1
Q00005364,C00071342,A066,2025-03-15,84.5,82.5,94.8,61.7,1
Q00005365,C00039626,A036,2025-04-03,95.1,100.0,88.9,88.6,1
Q00005366,C00031879,A030,2025-02-08,79.8,77.6,81.1,73.9,0
Q00005367,C00035239,A033,2025-01-24,89.7,87.9,92.3,94.7,1
Q00005368,C00005267,A006,2025-01-14,97.5,92.7,96.9,99.2,1
Q00005369,C00072746,A068,2025-01-27,87.9,84.6,76.7,84.1,1
Q00005370,C00055878,A052,2025-01-30,89.0,87.3,98.6,82.4,1
Q00005371,C00044243,A041,2025-01-07,86.3,84.5,85.4,84.3,1
Q00005372,C00054651,A051,2025-01-08,77.1,81.1,72.9,69.9,0
Q00005373,C00051919,A048,2025-03-28,91.0,95.9,94.9,89.9,1
Q00005374,C00015819,A016,2025-01-31,87.3,89.8,85.1,79.5,1
Q00005375,C00071198,A066,2025-03-08,89.6,92.4,92.8,97.2,1
Q00005376,C00044692,A041,2025-02-23,87.3,93.8,80.5,90.5,1
Q00005377,C00060230,A056,2025-03-06,75.7,78.6,84.4,79.7,0
Q00005378,C00016427,A016,2025-03-10,79.7,83.2,74.1,87.0,0
Q00005379,C00031528,A030,2025-01-06,98.2,96.8,98.3,95.4,1
Q00005380,C00073086,A068,2025-02-13,90.6,85.3,95.2,96.7,1
Q00005381,C00073608,A068,2025-03-25,70.5,63.3,56.8,75.7,0
Q00005382,C00065265,A061,2025-02-11,90.3,96.5,86.4,97.9,1
Q00005383,C00018087,A018,2025-01-30,94.4,98.5,94.5,88.3,1
Q00005384,C00012451,A012,2025-02-18,88.9,89.3,79.2,98.0,1
Q00005385,C00029638,A028,2025-01-18,100.0,100.0,97.3,100.0,1
Q00005386,C00000574,A001,2025-02-28,100.0,100.0,100.0,90.5,1
Q00005387,C00012558,A012,2025-03-06,79.2,87.5,82.0,93.0,0
Q00005388,C00000821,A001,2025-03-23,89.5,82.1,89.8,94.4,1
Q00005389,C00072603,A068,2025-01-11,83.8,90.2,75.8,84.9,1
Q00005390,C00044438,A041,2025-02-01,86.1,90.5,75.1,78.7,1
Q00005391,C00027287,A026,2025-02-06,85.2,83.1,95.4,100.0,1
Q00005392,C00031935,A030,2025-02-20,87.4,83.0,84.1,88.3,1
Q00005393,C00048177,A044,2025-03-27,94.9,99.8,97.7,96.1,1
Q00005394,C00052037,A049,2025-01-12,87.2,75.4,86.9,89.6,1
Q00005395,C00013722,A013,2025-03-27,74.4,79.3,77.4,73.9,0
Q00005396,C00035045,A032,2025-04-02,87.6,94.5,87.9,84.4,1
Q00005397,C00023874,A023,2025-01-29,89.6,76.9,100.0,91.5,1
Q00005398,C00049882,A046,2025-03-14,92.6,87.3,95.4,93.4,1
Q00005399,C00052200,A049,2025-01-28,96.6,98.5,87.3,96.7,1
Q00005400,C00036984,A034,2025-03-25,95.3,89.9,99.3,93.8,1
Q00005401,C00072657,A068,2025-01-21,81.6,79.6,76.9,89.1,1
Q00005402,C00012605,A012,2025-03-07,85.7,88.7,91.0,87.3,1
Q00005403,C00007845,A008,2025-02-01,89.5,99.9,89.3,100.0,1
Q00005404,C00019039,A019,2025-01-27,94.3,94.5,100.0,88.7,1
Q00005405,C00045732,A042,2025-03-02,85.7,81.1,90.7,86.0,1
Q00005406,C00003320,A004,2025-01-10,93.3,92.1,100.0,95.9,1
Q00005407,C00058851,A055,2025-02-05,75.5,74.5,64.1,83.4,0
Q00005408,C00068220,A064,2025-01-13,93.4,95.7,86.4,86.0,1
Q00005409,C00037498,A035,2025-01-30,74.0,71.8,72.2,66.0,0
Q00005410,C00020299,A020,2025-02-19,84.4,81.3,80.2,87.3,1
Q00005411,C00052451,A049,2025-02-05,88.4,83.3,85.4,81.0,1
Q00005412,C00009554,A009,2025-03-21,80.4,89.5,84.6,75.4,1
Q00005413,C00027993,A026,2025-03-28,91.2,95.8,92.4,94.1,1
Q00005414,C00061045,A057,2025-02-27,75.8,79.6,74.2,73.6,0
Q00005415,C00054365,A050,2025-03-24,81.2,83.3,84.8,79.3,1
Q00005416,C00037038,A034,2025-03-27,84.8,82.1,80.9,89.7,1
Q00005417,C00012347,A012,2025-02-14,76.9,81.2,64.1,76.1,0
Q00005418,C00034311,A032,2025-02-14,88.2,77.7,87.1,87.4,1
Q00005419,C00028638,A027,2025-02-19,78.2,78.1,83.2,72.2,0
Q00005420,C00053086,A049,2025-03-24,91.0,94.7,91.9,82.9,1
Q00005421,C00041727,A038,2025-03-22,92.3,87.9,100.0,97.0,1
Q00005422,C00008914,A009,2025-01-18,92.4,99.5,95.6,86.3,1
Q00005423,C00067920,A063,2025-03-24,93.1,93.7,94.2,98.2,1
Q00005424,C00003586,A004,2025-02-02,96.2,93.6,91.4,88.8,1
Q00005425,C00032966,A031,2025-02-13,89.0,90.0,91.7,94.1,1
Q00005426,C00044363,A041,2025-01-26,93.1,85.8,81.3,82.9,1
Q00005427,C00050663,A047,2025-03-03,68.6,70.9,76.2,65.6,0
Q00005428,C00011200,A011,2025-02-01,94.0,94.4,83.5,91.2,1
Q00005429,C00003243,A004,2025-01-08,86.0,92.3,98.4,85.7,1
Q00005430,C00052221,A049,2025-01-24,78.9,83.4,86.1,82.6,0
Q00005431,C00025649,A024,2025-03-26,79.1,80.6,73.3,87.2,0
Q00005432,C00038374,A035,2025-04-03,86.4,81.0,82.0,91.9,1
Q00005433,C00061957,A058,2025-02-15,74.5,75.8,77.9,75.5,0
Q00005434,C00023492,A022,2025-04-02,91.1,95.4,86.2,89.7,1
Q00005435,C00037224,A035,2025-01-11,84.3,90.2,93.3,95.8,1
Q00005436,C00077827,A072,2025-02-15,93.6,85.9,95.9,82.9,1
Q00005437,C00064669,A060,2025-03-20,84.9,77.6,86.1,79.1,1
Q00005438,C00045744,A042,2025-03-07,84.2,83.9,92.7,83.9,1
Q00005439,C00076854,A071,2025-03-09,86.2,93.5,81.3,86.0,1
Q00005440,C00037332,A035,2025-01-17,75.5,79.6,74.7,74.7,0
Q00005441,C00059762,A056,2025-01-30,82.9,82.7,76.1,81.8,1
Q00005442,C00050274,A047,2025-01-20,73.6,70.8,74.8,78.9,0
Q00005443,C00023844,A023,2025-01-27,87.6,90.6,87.8,86.5,1
Q00005444,C00045829,A042,2025-03-11,90.3,91.3,92.4,95.3,1
Q00005445,C00028840,A027,2025-02-24,88.9,87.1,83.8,93.1,1
Q00005446,C00067721,A063,2025-03-14,73.7,71.3,78.7,69.7,0
Q00005447,C00054728,A051,2025-01-20,94.1,85.9,95.8,98.9,1
Q00005448,C00014842,A015,2025-01-29,81.1,89.9,75.8,83.1,1
Q00005449,C00016871,A017,2025-01-16,96.1,98.3,98.5,89.2,1
Q00005450,C00013864,A014,2025-01-13,94.7,100.0,86.5,100.0,1
Q00005451,C00065746,A061,2025-03-23,89.5,92.7,98.3,90.6,1
Q00005452,C00028179,A027,2025-01-16,85.3,91.3,83.8,85.6,1
Q00005453,C00031447,A029,2025-03-30,89.4,87.0,86.1,86.5,1
Q00005454,C00041777,A038,2025-03-21,85.2,88.5,76.7,73.4,1
Q00005455,C00008075,A008,2025-02-10,79.1,77.2,70.6,90.5,0
Q00005456,C00039527,A036,2025-03-26,94.3,96.8,100.0,84.5,1
Q00005457,C00039967,A037,2025-02-09,94.6,94.3,82.1,100.0,1
Q00005458,C00004088,A004,2025-03-29,85.1,86.5,81.3,89.4,1
Q00005459,C00072817,A068,2025-01-27,80.0,85.2,79.4,85.6,0
Q00005460,C00053462,A050,2025-01-15,89.7,97.9,86.6,99.2,1
Q00005461,C00027766,A026,2025-03-13,87.5,75.4,83.3,91.5,1
Q00005462,C00069900,A065,2025-02-22,92.0,85.7,90.6,100.0,1
Q00005463,C00001181,A002,2025-01-22,97.6,100.0,97.3,99.1,1
Q00005464,C00069205,A064,2025-03-24,86.8,90.7,78.4,86.3,1
Q00005465,C00054561,A050,2025-03-31,84.1,83.8,78.4,88.7,1
Q00005466,C00075792,A070,2025-03-22,90.2,98.4,96.3,96.3,1
Q00005467,C00028551,A027,2025-02-08,83.9,81.1,90.6,77.6,1
Q00005468,C00023884,A023,2025-01-24,88.6,89.5,86.5,78.6,1
Q00005469,C00067744,A063,2025-03-13,91.0,83.9,94.1,93.2,1
Q00005470,C00071142,A066,2025-03-07,88.6,86.9,87.3,82.7,1
Q00005471,C00034096,A032,2025-01-28,83.4,84.0,83.5,74.3,1
Q00005472,C00027184,A026,2025-02-03,86.6,82.6,82.7,89.1,1
Q00005473,C00029782,A028,2025-01-30,83.3,87.7,79.7,75.2,1
Q00005474,C00020950,A021,2025-01-11,90.4,99.9,85.0,95.5,1
Q00005475,C00003712,A004,2025-02-19,72.8,75.9,54.5,83.4,0
Q00005476,C00008899,A009,2025-01-19,77.0,79.1,77.1,72.2,0
Q00005477,C00052847,A049,2025-03-06,84.5,92.0,87.1,90.8,1
Q00005478,C00012173,A012,2025-01-26,100.0,100.0,100.0,100.0,1
Q00005479,C00018330,A018,2025-02-25,94.5,98.6,94.6,93.2,1
Q00005480,C00061580,A058,2025-01-17,86.2,89.0,73.7,80.6,1
Q00005481,C00012515,A012,2025-02-27,92.7,87.0,76.3,97.5,1
Q00005482,C00012419,A012,2025-02-15,92.5,88.0,85.7,98.7,1
Q00005483,C00026389,A025,2025-03-09,90.3,95.4,86.6,99.3,1
Q00005484,C00037176,A035,2025-01-14,79.1,81.0,78.7,81.3,0
Q00005485,C00004144,A004,2025-03-31,85.7,81.9,89.6,94.4,1
Q00005486,C00029314,A027,2025-04-03,94.1,92.3,93.2,86.7,1
Q00005487,C00036857,A034,2025-03-14,84.9,81.6,76.6,80.1,1
Q00005488,C00053659,A050,2025-01-28,89.5,91.3,87.3,95.1,1
Q00005489,C00037840,A035,2025-02-26,79.7,69.8,74.8,81.0,0
Q00005490,C00062200,A058,2025-02-28,83.3,83.4,79.7,87.1,1
Q00005491,C00060781,A057,2025-01-24,86.9,93.1,69.8,79.8,1
Q00005492,C00003636,A004,2025-02-15,91.2,85.3,89.2,79.5,1
Q00005493,C00079996,A074,2025-01-31,77.1,80.0,76.7,71.2,0
Q00005494,C00046115,A042,2025-04-02,81.5,89.3,87.3,78.1,1
Q00005495,C00002936,A003,2025-03-13,80.0,78.5,85.9,72.4,1
Q00005496,C00043494,A040,2025-01-23,91.1,93.3,100.0,91.0,1
Q00005497,C00000477,A001,2025-02-17,75.3,78.7,74.0,73.0,0
Q00005498,C00008580,A008,2025-03-16,78.4,70.2,69.6,80.3,0
Q00005499,C00045362,A042,2025-01-28,90.4,88.7,94.7,100.0,1
Q00005500,C00049789,A046,2025-03-08,87.0,85.0,97.8,80.9,1
Q00005501,C00005344,A006,2025-01-19,77.7,78.6,77.5,76.0,0
Q00005502,C00073026,A068,2025-02-10,84.3,86.5,94.4,69.5,1
Q00005503,C00031962,A030,2025-02-21,80.0,75.6,86.4,80.8,1
Q00005504,C00064852,A060,2025-03-30,92.2,93.8,100.0,92.3,1
Q00005505,C00080281,A074,2025-02-14,90.8,96.5,95.2,96.6,1
Q00005506,C00068002,A063,2025-04-03,80.6,81.0,82.0,86.4,1
Q00005507,C00074944,A070,2025-01-16,94.1,82.8,90.3,96.8,1
Q00005508,C00056942,A053,2025-01-29,93.9,97.4,96.2,95.6,1
Q00005509,C00028010,A026,2025-03-27,87.2,88.9,94.7,87.4,1
Q00005510,C00075446,A070,2025-02-27,92.1,95.5,99.0,94.9,1
Q00005511,C00074947,A070,2025-01-17,86.1,81.3,88.9,87.3,1
Q00005512,C00052771,A049,2025-03-07,72.9,67.7,73.5,66.6,0
Q00005513,C00082278,A075,2025-04-02,74.0,74.4,66.1,74.7,0
Q00005514,C00052392,A049,2025-02-04,88.3,93.1,81.1,73.9,1
Q00005515,C00028158,A027,2025-01-12,92.1,98.6,93.4,95.7,1
Q00005516,C00070684,A066,2025-02-01,90.9,85.7,100.0,100.0,1
Q00005517,C00064791,A060,2025-03-29,95.2,96.4,95.2,90.5,1
Q00005518,C00021329,A021,2025-02-10,79.6,77.0,81.5,77.5,0
Q00005519,C00040651,A038,2025-01-12,99.4,97.6,100.0,100.0,1
Q00005520,C00042959,A039,2025-03-14,80.1,79.5,89.4,79.3,1
Q00005521,C00040317,A037,2025-03-13,89.9,85.0,85.8,99.5,1
Q00005522,C00023446,A022,2025-03-28,78.3,77.1,76.5,72.8,0
Q00005523,C00014436,A014,2025-03-16,85.9,80.7,86.4,87.6,1
Q00005524,C00051854,A048,2025-03-25,81.4,82.5,76.4,89.3,1
Q00005525,C00057539,A053,2025-03-29,70.9,68.7,67.1,88.8,0
Q00005526,C00019920,A020,2025-01-20,91.9,86.4,94.3,100.0,1
Q00005527,C00039794,A037,2025-01-19,96.4,100.0,100.0,89.4,1
Q00005528,C00045394,A042,2025-02-04,90.9,92.2,87.2,90.6,1
Q00005529,C00050170,A047,2025-01-14,90.3,85.8,95.7,95.6,1
Q00005530,C00051055,A047,2025-04-05,74.3,71.3,66.5,74.6,0
Q00005531,C00031890,A030,2025-02-13,79.1,82.8,77.5,77.5,0
Q00005532,C00029882,A028,2025-02-07,89.8,91.8,74.9,97.2,1
Q00005533,C00018024,A018,2025-01-30,95.2,90.8,92.3,91.7,1
Q00005534,C00058211,A054,2025-03-03,94.8,94.4,96.6,79.0,1
Q00005535,C00044472,A041,2025-02-04,92.9,93.7,90.8,100.0,1
Q00005536,C00073882,A069,2025-01-10,96.0,95.8,83.2,93.5,1
Q00005537,C00073027,A068,2025-02-13,93.7,89.9,100.0,97.3,1
Q00005538,C00039976,A037,2025-02-05,90.3,92.0,88.7,87.9,1
Q00005539,C00003215,A003,2025-03-31,78.7,76.0,70.1,83.5,0
Q00005540,C00008547,A008,2025-03-12,86.6,87.8,91.0,82.3,1
Q00005541,C00047980,A044,2025-03-08,78.4,76.4,77.2,75.2,0
Q00005542,C00073425,A068,2025-03-13,93.6,94.2,92.1,100.0,1
Q00005543,C00038694,A036,2025-01-24,80.5,85.5,80.9,91.7,1
Q00005544,C00016232,A016,2025-02-20,92.4,96.5,85.8,91.9,1
Q00005545,C00061004,A057,2025-02-21,84.5,81.2,88.1,89.6,1
Q00005546,C00044680,A041,2025-02-25,100.0,98.6,100.0,95.6,1
Q00005547,C00005087,A005,2025-03-30,98.9,100.0,100.0,100.0,1
Q00005548,C00067244,A063,2025-02-04,94.6,98.1,100.0,90.5,1
Q00005549,C00050708,A047,2025-03-03,86.2,84.9,79.5,68.4,1
Q00005550,C00073289,A068,2025-02-28,66.9,61.7,61.5,64.1,0
Q00005551,C00059033,A055,2025-02-22,86.9,86.2,85.5,84.2,1
Q00005552,C00069481,A065,2025-01-11,93.3,96.9,88.2,89.0,1
Q00005553,C00078035,A072,2025-03-01,87.9,91.1,87.3,87.8,1
Q00005554,C00049918,A046,2025-03-20,87.2,85.6,78.9,89.0,1
Q00005555,C00076377,A071,2025-01-30,86.3,88.1,88.0,90.6,1
Q00005556,C00050491,A047,2025-02-14,87.1,88.9,95.5,86.0,1
Q00005557,C00015253,A015,2025-03-06,81.5,78.4,92.0,94.6,1
Q00005558,C00064417,A060,2025-02-24,76.8,78.8,72.0,76.4,0
Q00005559,C00027802,A026,2025-03-17,77.2,84.0,85.7,91.2,0
Q00005560,C00036402,A034,2025-02-11,76.5,78.5,69.3,64.0,0
Q00005561,C00028780,A027,2025-02-25,81.3,83.9,92.5,84.1,1
Q00005562,C00048375,A045,2025-01-23,92.0,98.5,100.0,92.0,1
Q00005563,C00043931,A040,2025-03-06,88.8,86.5,83.9,91.5,1
Q00005564,C00044866,A041,2025-03-15,78.6,78.9,66.5,77.7,0
Q00005565,C00017296,A017,2025-02-25,88.2,81.0,89.3,81.5,1
Q00005566,C00043065,A039,2025-03-20,72.4,74.9,66.6,72.5,0
Q00005567,C00035563,A033,2025-02-26,79.1,78.9,75.2,70.1,0
Q00005568,C00051230,A048,2025-01-19,84.7,89.5,81.4,91.0,1
Q00005569,C00072924,A068,2025-02-03,88.0,88.1,80.9,96.7,1
Q00005570,C00005955,A006,2025-03-15,89.7,89.6,92.6,98.7,1
Q00005571,C00082155,A075,2025-03-27,92.9,94.6,93.7,88.5,1
Q00005572,C00017248,A017,2025-02-21,95.1,93.8,99.8,87.6,1
Q00005573,C00031493,A029,2025-04-05,72.0,83.7,75.0,77.8,0
Q00005574,C00023866,A023,2025-01-26,81.4,80.3,82.9,88.4,1
Q00005575,C00043231,A039,2025-04-01,82.2,76.8,79.9,76.9,1
Q00005576,C00011276,A011,2025-02-04,96.9,100.0,100.0,94.1,1
Q00005577,C00073151,A068,2025-02-24,96.2,91.3,100.0,100.0,1
Q00005578,C00046393,A043,2025-01-22,80.1,74.8,70.5,79.3,0
Q00005579,C00076527,A071,2025-02-14,94.0,94.5,95.1,94.3,1
Q00005580,C00057167,A053,2025-02-26,90.8,97.0,100.0,90.8,1
Q00005581,C00014410,A014,2025-03-14,87.6,81.4,92.5,80.2,1
Q00005582,C00029643,A028,2025-01-26,72.3,71.1,65.8,62.3,0
Q00005583,C00012540,A012,2025-02-28,89.4,94.4,86.7,99.1,1
Q00005584,C00015303,A015,2025-03-12,91.8,94.7,100.0,100.0,1
Q00005585,C00028532,A027,2025-02-06,89.1,84.9,85.2,94.0,1
Q00005586,C00055540,A052,2025-01-05,96.6,91.6,98.4,100.0,1
Q00005587,C00002868,A003,2025-03-13,85.2,87.3,85.5,91.1,1
Q00005588,C00037559,A035,2025-02-06,95.9,100.0,92.1,92.3,1
Q00005589,C00010078,A010,2025-01-29,89.9,98.1,91.9,84.1,1
Q00005590,C00002494,A003,2025-02-14,76.0,74.7,72.5,80.4,0
Q00005591,C00068868,A064,2025-02-28,87.9,95.1,81.0,81.5,1
Q00005592,C00041429,A038,2025-02-26,97.2,92.5,100.0,94.4,1
Q00005593,C00014650,A015,2025-01-08,83.9,83.9,97.2,77.5,1
Q00005594,C00023126,A022,2025-03-05,88.4,86.3,88.6,88.0,1
Q00005595,C00072031,A067,2025-02-20,80.4,76.5,79.1,87.6,1
Q00005596,C00079159,A073,2025-02-22,99.6,100.0,96.7,99.3,1
Q00005597,C00036852,A034,2025-03-18,79.4,85.6,77.7,67.1,0
Q00005598,C00008915,A009,2025-01-19,76.7,82.0,79.1,82.5,0
Q00005599,C00030096,A028,2025-02-28,83.9,86.7,74.4,79.9,1
Q00005600,C00040418,A037,2025-03-28,79.9,71.7,80.9,99.2,0
Q00005601,C00024220,A023,2025-02-22,90.1,83.5,85.4,76.9,1
Q00005602,C00070373,A066,2025-01-08,80.1,74.0,76.7,79.6,0
Q00005603,C00024778,A023,2025-03-28,88.9,91.8,85.9,90.9,1
Q00005604,C00029232,A027,2025-03-24,89.2,89.7,90.6,100.0,1
Q00005605,C00050656,A047,2025-03-01,77.0,74.7,82.8,69.1,0
Q00005606,C00030403,A028,2025-03-18,89.2,89.9,90.2,86.3,1
Q00005607,C00079518,A073,2025-03-23,64.6,62.7,68.9,73.5,0
Q00005608,C00051822,A048,2025-03-25,88.1,90.7,83.5,82.3,1
Q00005609,C00053934,A050,2025-02-18,89.0,90.4,78.7,82.3,1
Q00005610,C00055440,A051,2025-03-29,90.7,88.6,85.6,88.1,1
Q00005611,C00057319,A053,2025-03-05,85.5,82.8,89.2,94.6,1
Q00005612,C00074102,A069,2025-02-04,92.4,84.9,89.7,89.3,1
Q00005613,C00057524,A053,2025-03-25,81.9,84.4,84.1,75.3,1
Q00005614,C00047232,A043,2025-03-30,96.1,98.2,100.0,85.0,1
Q00005615,C00053668,A050,2025-02-06,90.5,86.7,93.1,91.5,1
Q00005616,C00027032,A026,2025-01-20,51.8,52.0,43.7,55.4,0
Q00005617,C00015341,A015,2025-03-15,90.1,94.8,84.0,78.8,1
Q00005618,C00075481,A070,2025-03-04,90.4,100.0,83.7,80.6,1
Q00005619,C00058055,A054,2025-02-19,83.3,80.8,75.3,78.5,1
Q00005620,C00034051,A032,2025-01-25,77.6,83.5,80.7,78.2,0
Q00005621,C00065028,A061,2025-01-15,98.2,96.7,100.0,92.5,1
Q00005622,C00008064,A008,2025-02-15,71.9,76.5,72.4,69.3,0
Q00005623,C00064546,A060,2025-03-07,85.9,86.8,86.5,91.2,1
Q00005624,C00063248,A059,2025-03-01,88.6,91.6,80.6,84.2,1
Q00005625,C00060281,A056,2025-03-16,73.5,76.9,69.0,68.6,0
Q00005626,C00019502,A019,2025-03-12,95.0,89.2,96.7,89.1,1
Q00005627,C00064466,A060,2025-03-01,93.1,89.5,91.3,84.0,1
Q00005628,C00069476,A065,2025-01-10,93.2,99.4,99.2,100.0,1
Q00005629,C00011528,A011,2025-03-03,76.1,72.2,72.8,69.3,0
Q00005630,C00072135,A067,2025-03-01,72.9,73.8,74.5,59.9,0
Q00005631,C00029519,A028,2025-01-16,89.2,96.5,88.8,99.0,1
Q00005632,C00002010,A003,2025-01-08,82.2,80.6,86.1,82.8,1
Q00005633,C00062333,A058,2025-03-15,85.6,82.3,85.8,96.9,1
Q00005634,C00000721,A001,2025-03-13,94.9,97.0,90.0,100.0,1
Q00005635,C00035605,A033,2025-02-26,87.7,91.1,88.0,89.0,1
Q00005636,C00075694,A070,2025-03-15,87.6,88.6,84.8,82.9,1
Q00005637,C00036311,A034,2025-02-05,81.4,76.5,88.9,78.0,1
Q00005638,C00015352,A015,2025-03-25,90.2,81.9,99.4,80.1,1
Q00005639,C00045777,A042,2025-03-09,88.8,93.4,87.2,81.8,1
Q00005640,C00043568,A040,2025-02-01,68.5,71.1,63.6,62.4,0
Q00005641,C00057784,A054,2025-01-27,87.9,83.7,72.5,88.4,1
Q00005642,C00000950,A001,2025-03-29,84.6,74.9,92.7,77.3,0
Q00005643,C00061516,A058,2025-01-11,81.5,84.5,84.1,83.3,1
Q00005644,C00022148,A021,2025-03-30,93.2,100.0,85.5,100.0,1
Q00005645,C00012048,A012,2025-01-16,93.0,90.8,97.6,94.3,1
Q00005646,C00032337,A030,2025-03-27,78.7,74.0,79.3,67.1,0
Q00005647,C00039099,A036,2025-03-01,76.5,72.7,76.1,80.2,0
Q00005648,C00006990,A007,2025-03-03,81.1,87.0,82.5,90.5,1
Q00005649,C00081551,A075,2025-02-09,82.3,82.1,83.5,78.7,1
Q00005650,C00005346,A006,2025-01-18,75.4,82.0,84.6,70.8,0
Q00005651,C00013956,A014,2025-01-24,72.8,65.3,74.4,64.3,0
Q00005652,C00002389,A003,2025-02-02,81.8,82.0,82.1,85.3,1
Q00005653,C00077525,A072,2025-01-26,90.0,84.4,90.6,93.5,1
Q00005654,C00075522,A070,2025-03-06,90.4,92.8,100.0,91.5,1
Q00005655,C00069231,A064,2025-03-21,88.0,84.1,85.1,83.5,1
Q00005656,C00056991,A053,2025-02-05,79.8,84.5,83.7,81.7,0
Q00005657,C00012489,A012,2025-02-25,83.8,83.3,84.4,86.6,1
Q00005658,C00050492,A047,2025-02-09,79.8,80.0,81.2,75.5,0
Q00005659,C00075814,A070,2025-03-24,74.2,71.9,78.5,72.8,0
Q00005660,C00079463,A073,2025-03-17,83.1,83.3,67.8,75.7,1
Q00005661,C00026744,A025,2025-04-05,87.8,88.1,92.4,79.0,1
Q00005662,C00023374,A022,2025-03-28,88.0,91.2,83.2,75.8,1
Q00005663,C00067703,A063,2025-03-08,91.4,95.3,95.6,89.2,1
Q00005664,C00011498,A011,2025-02-28,90.4,85.8,100.0,85.1,1
Q00005665,C00080999,A074,2025-04-05,87.7,92.8,78.2,80.2,1
Q00005666,C00065089,A061,2025-01-26,80.2,81.1,80.5,75.5,1
Q00005667,C00051705,A048,2025-03-16,76.2,91.8,92.8,75.1,0
Q00005668,C00039965,A037,2025-02-12,84.0,79.1,78.8,67.5,1
Q00005669,C00065535,A061,2025-03-11,90.7,82.0,97.9,96.1,1
Q00005670,C00019724,A019,2025-03-31,96.5,93.4,100.0,97.8,1
Q00005671,C00011979,A012,2025-01-11,88.8,83.6,89.4,83.0,1
Q00005672,C00018344,A018,2025-02-22,86.6,84.9,78.6,92.4,1
Q00005673,C00025077,A024,2025-01-25,88.6,84.1,88.3,95.8,1
Q00005674,C00075863,A070,2025-03-27,94.9,96.4,91.6,95.2,1
Q00005675,C00052194,A049,2025-01-22,100.0,100.0,99.7,100.0,1
Q00005676,C00067530,A063,2025-02-25,90.2,84.2,97.7,94.9,1
Q00005677,C00061369,A057,2025-04-01,80.4,75.3,80.0,79.9,1
Q00005678,C00065607,A061,2025-03-13,90.4,87.8,84.0,96.8,1
Q00005679,C00001995,A003,2025-01-09,73.6,74.8,60.4,83.4,0
Q00005680,C00067923,A063,2025-03-26,76.4,82.7,78.3,62.0,0
Q00005681,C00014793,A015,2025-01-16,78.3,80.1,71.4,84.4,0
Q00005682,C00055483,A051,2025-03-28,87.2,82.7,91.8,84.1,1
Q00005683,C00028516,A027,2025-02-02,98.0,97.2,100.0,86.8,1
Q00005684,C00040626,A038,2025-01-04,87.8,91.5,94.5,81.9,1
Q00005685,C00071314,A066,2025-03-18,89.6,98.8,97.4,86.8,1
Q00005686,C00038041,A035,2025-03-16,73.2,69.0,75.0,88.2,0
Q00005687,C00081543,A075,2025-02-04,85.3,84.9,82.9,76.6,1
Q00005688,C00045468,A042,2025-02-08,86.7,75.6,93.2,73.9,1
Q00005689,C00014882,A015,2025-01-24,81.4,76.2,84.5,65.6,1
Q00005690,C00041904,A038,2025-04-03,92.1,93.2,95.2,91.4,1
Q00005691,C00034428,A032,2025-02-25,82.8,74.6,83.0,93.7,0
Q00005692,C00017874,A018,2025-01-17,85.1,89.4,81.4,79.6,1
Q00005693,C00004913,A005,2025-03-16,89.3,81.9,88.4,89.1,1
Q00005694,C00035276,A033,2025-01-28,81.5,84.7,82.9,86.7,1
Q00005695,C00044992,A041,2025-03-23,77.1,77.4,70.7,89.4,0
Q00005696,C00063901,A060,2025-01-23,83.0,79.7,80.2,75.6,1
Q00005697,C00033434,A031,2025-03-16,88.4,80.1,85.3,94.0,1
Q00005698,C00036040,A034,2025-01-13,92.8,87.3,98.0,100.0,1
Q00005699,C00037802,A035,2025-02-27,75.3,75.7,65.5,64.6,0
Q00005700,C00037795,A035,2025-02-24,91.8,91.3,98.6,100.0,1
Q00005701,C00056178,A052,2025-02-26,100.0,100.0,100.0,90.8,1
Q00005702,C00006692,A007,2025-02-14,87.9,84.6,80.9,84.4,1
Q00005703,C00062194,A058,2025-03-01,83.0,88.5,93.8,77.8,1
Q00005704,C00030075,A028,2025-02-21,86.8,88.0,87.8,93.4,1
Q00005705,C00010814,A010,2025-03-23,86.5,90.3,88.0,95.9,1
Q00005706,C00052828,A049,2025-03-09,75.7,64.2,82.1,64.9,0
Q00005707,C00004250,A005,2025-01-13,79.6,77.9,80.7,62.0,0
Q00005708,C00032368,A030,2025-04-04,90.3,90.4,90.5,82.3,1
Q00005709,C00009898,A010,2025-01-21,99.0,100.0,96.3,84.3,1
Q00005710,C00061381,A057,2025-04-04,89.9,86.6,92.8,99.4,1
Q00005711,C00077158,A071,2025-03-29,78.1,72.9,72.9,87.5,0
Q00005712,C00021599,A021,2025-02-20,80.4,77.8,79.4,73.6,1
Q00005713,C00034181,A032,2025-01-31,82.3,82.4,79.6,90.1,1
Q00005714,C00035531,A033,2025-02-16,94.2,95.1,100.0,92.1,1
Q00005715,C00034638,A032,2025-03-12,88.5,91.7,82.0,88.7,1
Q00005716,C00072405,A067,2025-03-30,93.0,91.4,93.3,100.0,1
Q00005717,C00062154,A058,2025-02-28,94.0,100.0,92.2,98.4,1
Q00005718,C00026861,A026,2025-01-13,86.0,91.3,86.6,83.0,1
Q00005719,C00013153,A013,2025-01-30,78.6,72.6,86.0,78.4,0
Q00005720,C00017300,A017,2025-02-18,89.8,89.1,90.7,90.9,1
Q00005721,C00038688,A036,2025-01-30,94.3,93.8,95.4,87.5,1
Q00005722,C00035885,A033,2025-03-27,85.1,92.5,89.7,95.3,1
Q00005723,C00066914,A063,2025-01-13,88.0,83.4,84.5,84.8,1
Q00005724,C00028810,A027,2025-02-24,81.1,74.2,83.9,75.8,0
Q00005725,C00076139,A071,2025-01-14,88.3,84.5,89.4,91.6,1
Q00005726,C00018658,A018,2025-03-27,72.7,77.8,74.0,69.9,0
Q00005727,C00044273,A041,2025-01-14,75.5,78.0,75.3,77.0,0
Q00005728,C00011386,A011,2025-02-16,83.0,94.1,84.9,83.2,1
Q00005729,C00043232,A039,2025-04-04,82.5,86.3,83.0,84.3,1
Q00005730,C00076404,A071,2025-01-31,63.6,68.0,55.1,77.9,0
Q00005731,C00014620,A014,2025-04-02,93.5,91.4,86.0,100.0,1
Q00005732,C00028772,A027,2025-02-26,87.0,84.8,76.9,97.2,1
Q00005733,C00069707,A065,2025-02-07,82.0,83.8,78.2,83.8,1
Q00005734,C00027583,A026,2025-03-01,93.9,93.9,88.7,93.3,1
Q00005735,C00040704,A038,2025-01-17,81.7,77.4,87.2,78.7,1
Q00005736,C00047087,A043,2025-03-16,95.5,100.0,91.5,89.8,1
Q00005737,C00056647,A052,2025-04-03,83.9,87.1,77.9,99.6,1
Q00005738,C00026913,A026,2025-01-17,90.2,88.6,91.9,98.5,1
Q00005739,C00078123,A072,2025-03-11,92.8,87.5,100.0,100.0,1
Q00005740,C00074139,A069,2025-02-04,99.1,98.0,100.0,94.9,1
Q00005741,C00010607,A010,2025-03-09,86.2,93.9,82.9,82.2,1
Q00005742,C00010937,A011,2025-01-08,89.4,89.7,70.8,76.8,1
Q00005743,C00044588,A041,2025-02-11,86.1,85.6,94.2,89.1,1
Q00005744,C00058304,A054,2025-03-06,77.0,80.7,77.0,71.1,0
Q00005745,C00013801,A014,2025-01-05,81.2,83.8,79.6,78.4,1
Q00005746,C00027897,A026,2025-03-23,99.6,100.0,94.1,100.0,1
Q00005747,C00052437,A049,2025-02-01,89.3,93.0,93.7,84.6,1
Q00005748,C00029084,A027,2025-03-16,84.3,87.1,71.7,84.7,1
Q00005749,C00066626,A062,2025-03-20,84.1,76.8,93.3,75.7,1
Q00005750,C00071703,A067,2025-01-24,100.0,95.5,98.8,100.0,1
Q00005751,C00067490,A063,2025-02-22,89.8,83.7,93.2,83.9,1
Q00005752,C00020511,A020,2025-03-13,88.1,82.3,82.5,87.2,1
Q00005753,C00031545,A030,2025-01-12,86.8,86.9,79.8,83.8,1
Q00005754,C00074177,A069,2025-02-11,80.9,80.8,97.1,72.5,1
Q00005755,C00068990,A064,2025-03-04,94.1,96.8,95.8,88.8,1
Q00005756,C00020260,A020,2025-02-18,84.9,83.8,84.4,87.8,1
Q00005757,C00019572,A019,2025-03-11,85.5,85.1,85.6,90.5,1
Q00005758,C00025211,A024,2025-02-11,79.9,71.9,77.4,84.1,0
Q00005759,C00064921,A060,2025-04-09,88.7,85.9,85.9,86.3,1
Q00005760,C00078015,A072,2025-03-02,88.0,91.7,83.6,84.4,1
Q00005761,C00055405,A051,2025-03-20,82.2,83.4,95.7,80.8,1
Q00005762,C00039458,A036,2025-03-26,75.5,67.3,81.2,74.5,0
Q00005763,C00016235,A016,2025-02-21,79.3,82.6,78.8,58.6,0
Q00005764,C00068003,A063,2025-03-28,85.9,89.1,89.8,88.4,1
Q00005765,C00054927,A051,2025-02-08,83.9,87.5,93.8,78.8,1
Q00005766,C00058721,A055,2025-01-17,80.0,89.4,87.8,75.1,0
Q00005767,C00023300,A022,2025-03-24,87.7,83.1,86.0,96.2,1
Q00005768,C00005993,A006,2025-03-19,77.5,84.9,66.9,74.8,0
Q00005769,C00003057,A003,2025-03-26,80.9,77.8,83.2,83.6,1
Q00005770,C00051140,A048,2025-01-09,89.5,87.3,88.6,97.1,1
Q00005771,C00020697,A020,2025-03-28,86.8,82.6,90.2,79.4,1
Q00005772,C00064432,A060,2025-02-28,89.5,91.6,89.1,98.7,1
Q00005773,C00026046,A025,2025-02-03,94.3,93.9,87.5,90.1,1
Q00005774,C00074956,A070,2025-01-20,88.8,79.1,90.6,80.1,1
Q00005775,C00081323,A075,2025-01-23,86.0,81.2,89.7,84.8,1
Q00005776,C00051936,A048,2025-04-05,85.6,81.7,78.4,84.6,1
Q00005777,C00056856,A053,2025-01-18,91.4,92.6,90.0,89.6,1
Q00005778,C00070108,A065,2025-03-14,81.5,81.0,71.5,88.0,1
Q00005779,C00034222,A032,2025-02-08,86.7,88.2,87.7,84.2,1
Q00005780,C00060233,A056,2025-03-09,90.3,90.4,84.6,94.3,1
Q00005781,C00046086,A042,2025-04-05,80.8,84.2,75.3,74.2,1
Q00005782,C00053932,A050,2025-02-22,92.9,76.5,92.4,89.5,1
Q00005783,C00009129,A009,2025-02-12,90.4,94.2,100.0,80.2,1
Q00005784,C00062066,A058,2025-02-24,85.5,83.0,86.4,73.6,1
Q00005785,C00079467,A073,2025-03-24,92.9,91.1,97.1,91.1,1
Q00005786,C00076033,A071,2025-01-09,77.9,76.3,77.8,72.9,0
Q00005787,C00066723,A062,2025-04-02,82.5,79.8,80.5,78.9,1
Q00005788,C00013970,A014,2025-01-30,81.4,79.4,85.2,90.2,1
Q00005789,C00057835,A054,2025-01-27,79.7,98.5,89.0,72.9,0
Q00005790,C00063409,A059,2025-03-20,87.0,87.1,94.9,83.5,1
Q00005791,C00066672,A062,2025-03-27,89.9,96.8,89.4,88.0,1
Q00005792,C00079757,A074,2025-01-15,100.0,100.0,100.0,100.0,1
Q00005793,C00048684,A045,2025-02-16,86.3,85.2,87.1,96.0,1
Q00005794,C00007256,A007,2025-03-24,72.8,61.4,70.5,60.5,0
Q00005795,C00037058,A034,2025-03-31,72.0,71.0,67.6,79.1,0
Q00005796,C00022669,A022,2025-02-03,88.9,87.6,92.6,77.2,1
Q00005797,C00015464,A015,2025-04-05,94.7,88.5,96.4,100.0,1
Q00005798,C00051147,A048,2025-01-15,76.1,78.7,73.3,83.3,0
Q00005799,C00061594,A058,2025-01-14,82.6,87.4,81.5,92.3,1
Q00005800,C00060832,A057,2025-02-05,76.5,83.0,83.9,69.4,0
Q00005801,C00061556,A058,2025-01-18,83.9,77.8,68.5,84.3,1
Q00005802,C00076930,A071,2025-03-14,82.5,73.4,77.7,99.0,0
Q00005803,C00073604,A068,2025-03-22,75.6,70.5,71.9,75.9,0
Q00005804,C00027681,A026,2025-03-10,89.2,94.7,96.6,100.0,1
Q00005805,C00053276,A050,2025-01-04,88.3,88.7,81.6,83.9,1
Q00005806,C00073829,A069,2025-01-14,79.4,87.2,76.3,72.1,0
Q00005807,C00018819,A019,2025-01-06,88.1,97.2,92.7,88.2,1
Q00005808,C00005289,A006,2025-01-17,89.9,90.3,83.3,91.9,1
Q00005809,C00006469,A007,2025-01-23,81.7,76.5,78.7,79.3,1
Q00005810,C00009404,A009,2025-03-12,84.5,90.2,88.1,79.5,1
Q00005811,C00029464,A028,2025-01-08,80.2,76.1,76.7,79.9,1
Q00005812,C00036557,A034,2025-02-26,88.4,86.6,84.4,91.2,1
Q00005813,C00047314,A043,2025-04-09,83.7,93.0,86.9,74.0,1
Q00005814,C00013727,A013,2025-04-02,96.4,100.0,98.8,100.0,1
Q00005815,C00067185,A063,2025-02-04,89.2,94.7,87.5,76.7,1
Q00005816,C00067381,A063,2025-02-14,93.8,97.7,100.0,98.4,1
Q00005817,C00037351,A035,2025-01-23,88.2,88.0,83.3,86.3,1
Q00005818,C00051924,A048,2025-04-04,85.6,81.3,97.2,90.4,1
Q00005819,C00000115,A001,2025-01-17,88.8,91.0,94.6,76.1,1
Q00005820,C00002869,A003,2025-03-10,92.5,85.4,87.4,82.8,1
Q00005821,C00035284,A033,2025-01-24,100.0,100.0,100.0,99.1,1
Q00005822,C00063719,A060,2025-01-12,89.5,93.2,86.1,84.7,1
Q00005823,C00028800,A027,2025-02-25,87.9,87.3,92.0,97.1,1
Q00005824,C00070030,A065,2025-03-11,89.8,93.9,89.9,96.2,1
Q00005825,C00078935,A073,2025-02-05,93.4,97.7,90.1,92.9,1
Q00005826,C00043880,A040,2025-03-03,75.9,68.8,70.9,60.6,0
Q00005827,C00021131,A021,2025-01-22,88.2,86.0,80.4,81.0,1
Q00005828,C00045719,A042,2025-03-07,68.9,67.5,62.3,62.4,0
Q00005829,C00001222,A002,2025-01-20,84.4,90.8,70.4,90.5,1
Q00005830,C00039246,A036,2025-03-08,89.5,96.4,89.2,84.2,1
Q00005831,C00030070,A028,2025-02-27,93.1,94.6,97.4,86.8,1
Q00005832,C00052144,A049,2025-01-22,76.4,75.6,83.6,84.2,0
Q00005833,C00026128,A025,2025-02-12,85.2,85.9,87.9,76.1,1
Q00005834,C00004270,A005,2025-01-13,83.4,89.4,80.2,87.9,1
Q00005835,C00028044,A026,2025-03-30,83.1,95.0,74.7,78.0,1
Q00005836,C00003503,A004,2025-01-24,79.8,78.1,70.1,85.2,0
Q00005837,C00063252,A059,2025-03-03,89.7,89.7,92.8,87.7,1
Q00005838,C00055473,A051,2025-03-27,94.1,97.2,90.7,95.5,1
Q00005839,C00013558,A013,2025-03-16,90.2,95.9,80.4,98.3,1
Q00005840,C00000619,A001,2025-03-03,81.4,85.8,85.9,81.7,1
Q00005841,C00028996,A027,2025-03-05,92.9,94.8,97.2,95.6,1
Q00005842,C00027791,A026,2025-03-21,89.8,95.5,88.2,95.7,1
Q00005843,C00006267,A007,2025-01-16,81.3,77.7,82.4,76.7,1
Q00005844,C00024981,A024,2025-01-19,97.2,98.6,95.1,100.0,1
Q00005845,C00054781,A051,2025-01-22,95.2,100.0,90.0,94.8,1
Q00005846,C00007726,A008,2025-01-24,76.7,85.5,73.3,81.3,0
Q00005847,C00022360,A022,2025-01-12,87.5,91.4,97.1,78.6,1
Q00005848,C00006831,A007,2025-02-23,87.8,96.3,85.3,91.5,1
Q00005849,C00082064,A075,2025-03-14,99.5,92.1,93.0,93.5,1
Q00005850,C00016528,A016,2025-03-18,93.3,93.5,98.4,76.2,1
Q00005851,C00080117,A074,2025-02-02,78.2,77.7,77.1,83.6,0
Q00005852,C00025871,A025,2025-01-18,85.5,90.4,80.1,80.6,1
Q00005853,C00070555,A066,2025-01-20,80.6,74.8,83.0,74.3,0
Q00005854,C00006940,A007,2025-03-03,84.0,81.6,89.4,80.0,1
Q00005855,C00074693,A069,2025-04-02,85.7,74.3,82.3,94.6,0
Q00005856,C00079573,A073,2025-03-26,75.9,72.0,89.7,76.0,0
Q00005857,C00054131,A050,2025-03-09,94.4,92.1,86.9,92.1,1
Q00005858,C00053419,A050,2025-01-17,83.8,86.4,93.0,83.5,1
Q00005859,C00051122,A048,2025-01-07,88.3,82.6,90.9,90.9,1
Q00005860,C00048574,A045,2025-02-11,84.9,86.6,87.8,76.6,1
Q00005861,C00009987,A010,2025-01-26,89.9,90.0,87.4,94.3,1
Q00005862,C00042450,A039,2025-02-15,85.4,82.9,90.8,89.6,1
Q00005863,C00028140,A027,2025-01-12,96.5,96.2,98.6,91.4,1
Q00005864,C00021045,A021,2025-01-19,86.5,84.3,81.6,84.1,1
Q00005865,C00032994,A031,2025-02-11,73.2,68.5,78.2,80.7,0
Q00005866,C00040510,A037,2025-04-04,80.4,84.1,75.0,80.7,1
Q00005867,C00021233,A021,2025-02-03,85.7,86.3,81.5,86.9,1
Q00005868,C00027848,A026,2025-03-15,97.8,100.0,95.5,100.0,1
Q00005869,C00026747,A025,2025-04-04,88.7,79.3,88.0,99.0,1
Q00005870,C00048590,A045,2025-02-11,88.1,85.9,86.1,93.4,1
Q00005871,C00014595,A014,2025-04-05,84.2,77.1,84.2,86.4,1
Q00005872,C00025803,A025,2025-01-08,83.9,88.0,92.8,90.3,1
Q00005873,C00027138,A026,2025-01-23,85.6,89.7,95.4,88.1,1
Q00005874,C00066929,A063,2025-01-10,81.6,84.6,82.5,86.6,1
Q00005875,C00057047,A053,2025-02-13,72.8,73.6,67.9,65.6,0
Q00005876,C00062349,A058,2025-03-13,88.4,85.1,90.6,87.7,1
Q00005877,C00010950,A011,2025-01-08,86.1,87.3,95.3,89.1,1
Q00005878,C00024732,A023,2025-03-21,84.3,84.3,79.6,79.7,1
Q00005879,C00062161,A058,2025-03-04,79.1,83.4,85.6,76.6,0
Q00005880,C00004146,A004,2025-04-05,91.5,87.4,95.4,82.3,1
Q00005881,C00024543,A023,2025-03-10,94.8,98.7,99.1,89.9,1
Q00005882,C00036708,A034,2025-03-03,88.8,92.2,87.2,93.0,1
Q00005883,C00024405,A023,2025-03-05,87.4,85.7,82.2,91.0,1
Q00005884,C00003004,A003,2025-03-20,81.9,83.1,85.4,85.9,1
Q00005885,C00047278,A043,2025-04-02,90.1,99.4,94.6,97.9,1
Q00005886,C00076712,A071,2025-02-26,93.7,94.9,99.4,83.1,1
Q00005887,C00064752,A060,2025-03-24,88.1,81.1,85.9,98.1,1
Q00005888,C00055412,A051,2025-03-23,90.0,92.3,83.2,90.9,1
Q00005889,C00034464,A032,2025-02-22,84.0,82.9,79.2,90.3,1
Q00005890,C00005602,A006,2025-02-18,86.6,89.0,70.2,81.9,1
Q00005891,C00018073,A018,2025-01-29,87.7,85.5,86.6,88.7,1
Q00005892,C00039262,A036,2025-03-12,80.5,85.0,76.7,86.0,1
Q00005893,C00046870,A043,2025-02-24,87.3,86.3,88.5,93.8,1
Q00005894,C00053481,A050,2025-01-16,84.8,85.8,83.6,79.7,1
Q00005895,C00004728,A005,2025-02-21,77.1,70.7,66.8,68.7,0
Q00005896,C00039569,A036,2025-03-29,86.7,82.4,84.7,80.8,1
Q00005897,C00013932,A014,2025-01-19,69.7,57.5,66.2,62.8,0
Q00005898,C00008526,A008,2025-03-19,74.6,67.3,75.8,69.1,0
Q00005899,C00074888,A070,2025-01-14,85.6,82.6,88.6,100.0,1
Q00005900,C00062667,A058,2025-04-02,80.8,88.5,92.2,81.6,1
Q00005901,C00078256,A072,2025-03-16,99.8,98.9,100.0,100.0,1
Q00005902,C00012294,A012,2025-02-06,90.4,96.8,89.4,81.5,1
Q00005903,C00012751,A012,2025-03-28,85.2,81.7,79.6,90.2,1
Q00005904,C00014216,A014,2025-02-22,88.3,89.4,81.8,97.3,1
Q00005905,C00041694,A038,2025-03-21,83.0,79.6,81.4,68.9,1
Q00005906,C00016751,A016,2025-04-05,87.1,85.3,91.5,92.2,1
Q00005907,C00017502,A017,2025-03-07,95.8,95.7,98.9,100.0,1
Q00005908,C00036271,A034,2025-02-05,82.9,75.9,79.6,83.4,1
Q00005909,C00047779,A044,2025-02-15,89.4,99.6,91.9,95.1,1
Q00005910,C00042289,A039,2025-02-04,93.5,93.3,86.6,96.3,1
Q00005911,C00002308,A003,2025-01-31,80.8,77.6,69.8,82.6,1
Q00005912,C00075254,A070,2025-02-16,89.6,85.0,87.0,97.4,1
Q00005913,C00069019,A064,2025-03-11,89.5,99.7,85.4,88.8,1
Q00005914,C00029008,A027,2025-03-12,77.9,71.4,78.8,79.9,0
Q00005915,C00016157,A016,2025-02-15,86.7,78.8,82.9,74.2,1
Q00005916,C00036057,A034,2025-01-17,83.4,68.4,80.9,78.4,0
Q00005917,C00032412,A030,2025-04-05,90.0,88.1,95.6,93.5,1
Q00005918,C00042075,A039,2025-01-13,83.2,94.1,87.5,77.8,1
Q00005919,C00059172,A055,2025-03-01,79.0,81.9,78.5,77.4,0
Q00005920,C00038868,A036,2025-02-10,76.3,72.4,65.3,85.7,0
Q00005921,C00039012,A036,2025-02-26,76.4,75.8,69.0,80.3,0
Q00005922,C00062071,A058,2025-02-25,79.0,81.4,85.8,78.0,0
Q00005923,C00006932,A007,2025-02-27,98.6,92.2,100.0,100.0,1
Q00005924,C00051506,A048,2025-02-21,85.2,84.8,79.4,93.9,1
Q00005925,C00036236,A034,2025-01-24,83.3,83.6,91.1,87.9,1
Q00005926,C00030157,A028,2025-03-02,79.9,86.5,74.9,70.3,0
Q00005927,C00066765,A062,2025-04-04,75.7,73.0,71.2,83.3,0
Q00005928,C00014277,A014,2025-02-27,79.2,73.9,77.9,67.0,0
Q00005929,C00051202,A048,2025-01-17,79.7,74.5,88.7,75.6,0
Q00005930,C00023070,A022,2025-03-04,95.6,88.8,99.9,93.6,1
Q00005931,C00024765,A023,2025-04-02,83.5,94.0,81.7,97.7,1
Q00005932,C00033644,A031,2025-03-27,85.3,89.8,77.0,95.8,1
Q00005933,C00038540,A036,2025-01-15,82.3,80.5,70.3,84.1,1
Q00005934,C00007758,A008,2025-01-18,80.8,75.8,87.1,73.2,1
Q00005935,C00044967,A041,2025-03-26,87.0,86.7,82.8,83.2,1
Q00005936,C00046427,A043,2025-01-28,99.2,100.0,100.0,91.7,1
Q00005937,C00070134,A065,2025-03-15,81.2,71.6,85.6,81.1,0
Q00005938,C00007493,A008,2025-01-02,83.2,82.2,81.9,87.5,1
Q00005939,C00037326,A035,2025-01-24,77.3,74.2,82.3,90.4,0
Q00005940,C00072159,A067,2025-03-09,86.6,89.8,83.0,77.3,1
Q00005941,C00045957,A042,2025-03-23,86.2,84.0,87.4,93.3,1
Q00005942,C00009407,A009,2025-03-09,84.6,76.7,87.5,94.2,1
Q00005943,C00049921,A046,2025-03-22,91.6,96.2,92.9,92.8,1
Q00005944,C00047793,A044,2025-02-15,81.8,92.3,91.2,80.0,1
Q00005945,C00054276,A050,2025-03-13,90.0,90.8,96.1,83.7,1
Q00005946,C00050838,A047,2025-03-16,92.5,97.7,97.2,89.6,1
Q00005947,C00040232,A037,2025-03-04,94.3,97.0,97.8,90.9,1
Q00005948,C00038210,A035,2025-03-26,90.1,87.4,96.5,87.1,1
Q00005949,C00017349,A017,2025-02-28,87.1,82.4,78.4,96.6,1
Q00005950,C00017553,A017,2025-03-19,81.0,83.0,76.2,78.3,1
Q00005951,C00014999,A015,2025-02-07,91.9,99.8,81.9,100.0,1
Q00005952,C00023254,A022,2025-03-16,90.1,97.6,95.8,99.9,1
Q00005953,C00025030,A024,2025-01-24,93.5,87.2,83.7,99.0,1
Q00005954,C00052937,A049,2025-03-18,88.0,81.3,96.1,92.0,1
Q00005955,C00010591,A010,2025-03-06,90.0,85.7,90.4,83.4,1
Q00005956,C00008453,A008,2025-03-10,79.4,89.7,72.3,78.4,0
Q00005957,C00068569,A064,2025-02-11,100.0,94.7,94.3,96.8,1
Q00005958,C00010056,A010,2025-01-31,85.3,80.6,80.0,83.7,1
Q00005959,C00056352,A052,2025-03-05,79.7,78.2,82.4,72.7,0
Q00005960,C00066399,A062,2025-03-02,90.2,95.5,83.5,88.3,1
Q00005961,C00039617,A036,2025-04-02,75.1,79.1,64.5,73.0,0
Q00005962,C00082071,A075,2025-03-19,83.0,74.0,86.7,80.1,0
Q00005963,C00027759,A026,2025-03-20,98.4,96.8,100.0,100.0,1
Q00005964,C00076023,A071,2025-01-11,91.9,91.0,100.0,89.1,1
Q00005965,C00030854,A029,2025-01-30,76.7,74.4,76.8,83.7,0
Q00005966,C00034952,A032,2025-03-27,92.2,93.9,92.8,93.5,1
Q00005967,C00021355,A021,2025-02-13,86.1,88.6,78.5,84.0,1
Q00005968,C00056337,A052,2025-03-05,89.9,89.2,78.4,89.9,1
Q00005969,C00060323,A056,2025-03-23,89.7,81.6,80.2,88.6,1
Q00005970,C00042614,A039,2025-02-24,82.7,85.6,88.9,86.3,1
Q00005971,C00029627,A028,2025-01-24,94.9,92.1,91.5,97.9,1
Q00005972,C00050918,A047,2025-03-19,79.4,78.2,82.3,84.3,0
Q00005973,C00029915,A028,2025-02-12,97.7,92.4,97.5,97.7,1
Q00005974,C00060051,A056,2025-02-24,89.1,93.2,90.2,96.3,1
Q00005975,C00059025,A055,2025-02-16,88.1,85.2,90.0,80.2,1
Q00005976,C00009024,A009,2025-02-01,86.8,84.5,89.3,82.7,1
Q00005977,C00024211,A023,2025-02-15,84.8,82.9,83.3,68.7,1
Q00005978,C00035889,A033,2025-03-25,87.8,93.7,87.3,71.5,1
Q00005979,C00051440,A048,2025-02-10,93.1,98.5,88.4,95.9,1
Q00005980,C00045123,A042,2025-01-08,77.0,80.3,80.7,61.8,0
Q00005981,C00075076,A070,2025-01-26,87.7,81.1,85.4,86.7,1
Q00005982,C00042932,A039,2025-03-12,81.3,85.5,84.4,74.6,1
Q00005983,C00071019,A066,2025-02-28,87.2,95.9,89.1,94.7,1
Q00005984,C00076200,A071,2025-01-16,93.5,99.4,100.0,93.4,1
Q00005985,C00046656,A043,2025-02-10,81.5,84.0,80.8,78.2,1
Q00005986,C00050248,A047,2025-01-23,84.9,88.5,81.4,82.9,1
Q00005987,C00009627,A009,2025-03-29,90.6,86.1,96.2,87.9,1
Q00005988,C00010165,A010,2025-02-08,90.8,92.3,93.7,87.3,1
Q00005989,C00068983,A064,2025-03-02,93.1,89.9,84.6,99.2,1
Q00005990,C00069466,A065,2025-01-03,88.9,94.1,82.1,72.4,1
Q00005991,C00072292,A067,2025-03-22,87.7,85.4,93.7,91.8,1
Q00005992,C00059258,A055,2025-03-10,93.2,87.1,86.1,81.0,1
Q00005993,C00019056,A019,2025-01-25,95.8,92.8,90.2,100.0,1
Q00005994,C00035406,A033,2025-02-12,79.4,81.4,69.2,74.9,0
Q00005995,C00037512,A035,2025-02-03,89.6,96.6,86.7,89.0,1
Q00005996,C00030670,A029,2025-01-11,80.0,76.4,79.1,78.6,0
Q00005997,C00030577,A028,2025-04-04,84.6,94.5,81.8,83.1,1
Q00005998,C00076636,A071,2025-02-16,91.0,84.9,89.3,95.4,1
Q00005999,C00025765,A025,2025-01-06,90.4,84.9,95.2,76.1,1
Q00006000,C00079494,A073,2025-03-26,82.3,84.4,84.6,77.8,1
Q00006001,C00005821,A006,2025-03-02,89.9,83.2,84.5,97.1,1
Q00006002,C00065579,A061,2025-03-14,85.8,87.1,79.7,84.1,1
Q00006003,C00080237,A074,2025-02-11,92.9,96.6,100.0,85.3,1
Q00006004,C00011422,A011,2025-02-20,89.0,97.5,78.3,92.2,1
Q00006005,C00024974,A024,2025-01-22,96.2,100.0,90.0,100.0,1
Q00006006,C00072411,A067,2025-04-01,82.9,88.5,77.5,82.0,1
Q00006007,C00079846,A074,2025-01-18,82.8,82.6,93.2,78.0,1
Q00006008,C00010882,A010,2025-04-04,77.3,67.8,76.8,82.3,0
Q00006009,C00000111,A001,2025-01-14,88.6,85.5,97.8,84.9,1
Q00006010,C00006137,A006,2025-03-29,82.6,82.0,71.2,71.4,1
Q00006011,C00005103,A005,2025-04-02,87.7,91.2,84.2,87.1,1
Q00006012,C00059856,A056,2025-02-02,82.3,94.8,73.4,84.5,1
Q00006013,C00031666,A030,2025-01-24,76.4,78.9,73.1,79.3,0
Q00006014,C00042031,A039,2025-01-07,95.6,95.9,84.9,89.8,1
Q00006015,C00060904,A057,2025-02-13,82.1,78.4,90.4,83.3,1
Q00006016,C00029111,A027,2025-03-12,81.2,77.1,76.9,66.7,1
Q00006017,C00011349,A011,2025-02-11,87.9,80.0,91.4,87.1,1
Q00006018,C00081836,A075,2025-02-22,90.5,86.5,93.7,90.0,1
Q00006019,C00021561,A021,2025-02-21,87.9,88.3,83.5,99.5,1
Q00006020,C00029257,A027,2025-03-23,90.8,93.2,92.7,93.6,1
Q00006021,C00069730,A065,2025-02-06,83.2,83.3,77.4,86.5,1
Q00006022,C00029884,A028,2025-02-08,94.8,100.0,94.4,86.3,1
Q00006023,C00069343,A064,2025-03-29,74.5,75.5,68.5,87.2,0
Q00006024,C00014443,A014,2025-03-17,88.8,95.5,83.3,89.9,1
Q00006025,C00041545,A038,2025-03-10,90.8,92.2,91.3,88.3,1
Q00006026,C00072005,A067,2025-02-19,85.3,80.8,80.3,96.0,1
Q00006027,C00054281,A050,2025-03-12,81.9,83.0,79.4,83.5,1
Q00006028,C00000268,A001,2025-02-01,90.4,86.7,90.5,88.9,1
Q00006029,C00044705,A041,2025-02-28,77.7,76.0,80.7,88.0,0
Q00006030,C00057297,A053,2025-03-08,84.1,88.4,88.2,85.6,1
Q00006031,C00051027,A047,2025-04-01,73.0,68.1,70.1,81.5,0
Q00006032,C00069028,A064,2025-03-07,91.1,90.8,92.6,100.0,1
Q00006033,C00039293,A036,2025-03-12,76.1,72.8,91.9,79.3,0
Q00006034,C00045352,A042,2025-01-27,84.0,79.4,87.6,78.6,1
Q00006035,C00029441,A028,2025-01-10,100.0,100.0,100.0,98.6,1
Q00006036,C00029862,A028,2025-02-05,82.0,82.9,79.7,75.4,1
Q00006037,C00045545,A042,2025-02-18,87.1,86.5,87.1,94.4,1
Q00006038,C00010341,A010,2025-02-26,82.9,84.5,75.6,82.7,1
Q00006039,C00081949,A075,2025-03-10,74.7,81.0,83.9,70.3,0
Q00006040,C00076547,A071,2025-02-18,87.1,81.1,76.0,89.0,1
Q00006041,C00040593,A038,2025-01-09,71.6,81.0,70.9,71.3,0
Q00006042,C00046564,A043,2025-02-08,94.3,90.4,91.4,100.0,1
Q00006043,C00048305,A045,2025-01-14,83.1,86.4,88.6,87.9,1
Q00006044,C00046246,A043,2025-01-09,78.9,73.1,89.4,82.1,0
Q00006045,C00034674,A032,2025-03-13,94.5,96.3,90.1,96.1,1
Q00006046,C00064961,A061,2025-01-12,87.5,86.5,100.0,79.2,1
Q00006047,C00033820,A032,2025-01-11,83.7,82.7,88.5,82.4,1
Q00006048,C00074629,A069,2025-03-22,78.0,84.6,73.1,73.0,0
Q00006049,C00049414,A046,2025-01-26,92.2,95.5,100.0,89.6,1
Q00006050,C00007699,A008,2025-01-24,85.9,84.0,82.0,84.6,1
Q00006051,C00026895,A026,2025-01-16,86.8,81.0,91.1,85.6,1
Q00006052,C00005717,A006,2025-02-20,83.5,88.4,75.8,78.6,1
Q00006053,C00023942,A023,2025-01-29,94.3,88.5,99.9,100.0,1
Q00006054,C00080089,A074,2025-02-07,81.7,88.5,90.3,90.5,1
Q00006055,C00059710,A056,2025-01-25,84.9,84.4,81.0,79.3,1
Q00006056,C00039974,A037,2025-02-05,78.2,85.5,74.2,72.7,0
Q00006057,C00057482,A053,2025-03-21,88.4,94.5,86.1,84.1,1
Q00006058,C00018013,A018,2025-01-23,89.3,91.6,75.8,73.6,1
Q00006059,C00004421,A005,2025-02-02,85.6,82.4,88.1,93.6,1
Q00006060,C00078024,A072,2025-03-03,89.9,93.2,84.8,84.2,1
Q00006061,C00072770,A068,2025-01-26,97.9,95.3,97.1,98.5,1
Q00006062,C00004196,A005,2025-01-06,76.3,79.8,77.3,76.4,0
Q00006063,C00047327,A044,2025-01-10,88.4,100.0,96.1,84.1,1
Q00006064,C00041757,A038,2025-03-22,78.2,74.9,75.9,75.0,0
Q00006065,C00051224,A048,2025-01-24,82.8,79.6,82.7,75.2,1
Q00006066,C00069917,A065,2025-02-25,89.4,96.9,76.5,93.3,1
Q00006067,C00009121,A009,2025-02-10,78.6,75.5,74.8,88.8,0
Q00006068,C00081881,A075,2025-02-25,88.7,87.5,84.5,91.9,1
Q00006069,C00067603,A063,2025-03-01,86.5,90.4,85.2,93.3,1
Q00006070,C00043141,A039,2025-03-27,85.4,81.4,96.0,76.5,1
Q00006071,C00063068,A059,2025-02-10,97.0,95.3,89.4,80.1,1
Q00006072,C00037736,A035,2025-02-26,79.7,78.3,62.5,80.1,0
Q00006073,C00021657,A021,2025-03-04,97.6,99.1,98.6,93.0,1
Q00006074,C00004516,A005,2025-02-03,84.3,91.5,73.3,85.6,1
Q00006075,C00061364,A057,2025-04-04,95.7,96.5,96.3,90.6,1
Q00006076,C00050820,A047,2025-03-15,87.7,96.8,89.2,93.5,1
Q00006077,C00063385,A059,2025-03-15,95.1,96.9,86.5,84.4,1
Q00006078,C00063381,A059,2025-03-18,98.3,100.0,97.4,99.1,1
Q00006079,C00065717,A061,2025-03-26,100.0,100.0,100.0,100.0,1
Q00006080,C00030943,A029,2025-02-11,87.2,85.2,86.5,80.3,1
Q00006081,C00047841,A044,2025-02-21,73.8,73.7,68.5,68.5,0
Q00006082,C00041408,A038,2025-02-28,78.7,73.6,75.8,70.2,0
Q00006083,C00031342,A029,2025-03-18,75.6,66.2,72.3,93.8,0
Q00006084,C00026872,A026,2025-01-13,87.0,88.3,85.2,90.5,1
Q00006085,C00063052,A059,2025-02-13,91.2,91.9,87.4,86.8,1
Q00006086,C00018214,A018,2025-02-12,93.9,100.0,87.8,97.7,1
Q00006087,C00004066,A004,2025-03-26,83.6,78.5,78.5,85.8,1
Q00006088,C00073251,A068,2025-03-06,91.9,89.5,96.8,74.9,1
Q00006089,C00029006,A027,2025-03-13,85.1,82.9,89.2,85.6,1
Q00006090,C00026181,A025,2025-02-13,100.0,100.0,100.0,90.9,1
Q00006091,C00021298,A021,2025-02-13,94.6,91.6,91.1,88.1,1
Q00006092,C00001291,A002,2025-01-30,81.4,75.4,89.3,84.8,1
Q00006093,C00039905,A037,2025-02-01,81.8,78.6,87.4,82.5,1
Q00006094,C00027364,A026,2025-02-09,83.2,85.0,83.7,79.2,1
Q00006095,C00008677,A008,2025-03-29,98.1,100.0,100.0,90.6,1
Q00006096,C00072376,A067,2025-03-26,90.4,87.6,94.0,98.3,1
Q00006097,C00000564,A001,2025-02-27,86.6,91.5,79.6,93.3,1
Q00006098,C00081241,A075,2025-01-21,94.3,92.5,100.0,100.0,1
Q00006099,C00055267,A051,2025-03-12,81.3,75.0,69.7,86.4,0
Q00006100,C00019246,A019,2025-02-11,92.0,94.4,95.5,100.0,1
Q00006101,C00074707,A069,2025-03-29,100.0,100.0,100.0,100.0,1
Q00006102,C00024115,A023,2025-02-16,84.0,80.9,88.5,82.6,1
Q00006103,C00003364,A004,2025-01-21,100.0,93.7,98.5,100.0,1
Q00006104,C00077998,A072,2025-03-05,66.1,66.9,59.7,64.3,0
Q00006105,C00030630,A029,2025-01-09,78.8,86.4,82.9,78.6,0
Q00006106,C00033796,A032,2025-01-05,100.0,97.1,98.5,96.1,1
Q00006107,C00072696,A068,2025-01-23,74.7,76.4,73.4,80.0,0
Q00006108,C00021550,A021,2025-02-20,91.9,94.9,95.1,77.5,1
Q00006109,C00000370,A001,2025-02-09,86.6,87.1,84.4,92.8,1
Q00006110,C00001484,A002,2025-02-19,85.7,87.2,90.2,83.1,1
Q00006111,C00060089,A056,2025-03-01,76.7,73.9,77.5,73.7,0
Q00006112,C00066460,A062,2025-03-02,92.5,85.7,97.8,100.0,1
Q00006113,C00079739,A074,2025-01-08,90.9,94.0,86.4,88.3,1
Q00006114,C00076511,A071,2025-02-08,71.7,66.7,78.2,74.4,0
Q00006115,C00056131,A052,2025-02-23,87.6,90.5,81.5,93.2,1
Q00006116,C00062395,A058,2025-03-16,89.5,78.9,95.1,92.7,1
Q00006117,C00074912,A070,2025-01-14,95.3,93.1,100.0,100.0,1
Q00006118,C00018219,A018,2025-02-12,83.8,86.0,81.0,94.9,1
Q00006119,C00077419,A072,2025-01-18,84.2,85.1,75.3,96.2,1
Q00006120,C00070909,A066,2025-02-15,81.2,82.1,99.4,79.5,1
Q00006121,C00051496,A048,2025-02-18,76.6,79.9,66.8,78.2,0
Q00006122,C00043853,A040,2025-02-28,74.9,76.0,73.2,74.8,0
Q00006123,C00065941,A062,2025-01-11,80.2,77.0,84.8,85.1,1
Q00006124,C00081009,A074,2025-04-04,94.9,91.3,88.4,92.8,1
Q00006125,C00017595,A017,2025-03-16,84.6,82.7,76.7,90.6,1
Q00006126,C00073267,A068,2025-03-04,94.1,93.5,91.4,89.4,1
Q00006127,C00054223,A050,2025-03-18,85.8,86.1,86.5,89.2,1
Q00006128,C00040550,A037,2025-04-02,83.1,76.8,77.8,79.9,1
Q00006129,C00051157,A048,2025-01-09,83.9,88.1,91.7,94.3,1
Q00006130,C00043313,A040,2025-01-11,100.0,100.0,100.0,100.0,1
Q00006131,C00024423,A023,2025-03-06,85.0,81.2,86.8,81.7,1
Q00006132,C00021600,A021,2025-02-23,77.8,64.3,75.4,78.1,0
Q00006133,C00054736,A051,2025-01-14,79.2,62.8,81.3,87.3,0
Q00006134,C00036592,A034,2025-02-24,92.0,92.3,100.0,93.5,1
Q00006135,C00019380,A019,2025-02-28,74.6,75.6,81.7,81.6,0
Q00006136,C00013517,A013,2025-03-09,77.3,85.0,71.5,72.4,0
Q00006137,C00017241,A017,2025-02-17,70.4,76.0,75.1,80.5,0
Q00006138,C00073369,A068,2025-03-09,83.4,85.6,77.3,83.7,1
Q00006139,C00016101,A016,2025-02-12,66.3,70.7,69.5,77.9,0
Q00006140,C00044664,A041,2025-02-16,85.5,89.5,94.7,100.0,1
Q00006141,C00064771,A060,2025-03-23,96.5,95.5,97.5,94.4,1
Q00006142,C00025487,A024,2025-03-08,86.9,88.0,98.2,81.7,1
Q00006143,C00065656,A061,2025-03-20,72.2,71.5,77.9,62.5,0
Q00006144,C00006109,A006,2025-03-27,88.8,90.4,85.6,75.8,1
Q00006145,C00011213,A011,2025-01-31,91.5,97.7,98.5,100.0,1
Q00006146,C00081618,A075,2025-02-07,79.6,88.0,87.4,85.6,0
Q00006147,C00005713,A006,2025-02-23,80.4,85.6,85.9,73.8,1
Q00006148,C00069699,A065,2025-02-05,82.1,80.0,77.0,90.5,1
Q00006149,C00057849,A054,2025-02-02,86.7,84.2,85.3,95.2,1
Q00006150,C00027828,A026,2025-03-19,92.7,88.8,100.0,94.7,1
Q00006151,C00041730,A038,2025-03-19,73.9,70.1,70.0,70.1,0
Q00006152,C00011077,A011,2025-01-24,96.8,95.9,97.9,99.9,1
Q00006153,C00009895,A010,2025-01-23,93.1,90.4,89.0,100.0,1
Q00006154,C00012352,A012,2025-02-12,90.4,100.0,82.1,83.9,1
Q00006155,C00062629,A058,2025-04-03,78.3,78.4,79.8,81.7,0
Q00006156,C00074301,A069,2025-02-20,79.9,87.0,73.3,78.0,0
Q00006157,C00060227,A056,2025-03-05,90.7,93.0,87.0,95.1,1
Q00006158,C00021271,A021,2025-02-06,81.5,85.3,77.9,83.7,1
Q00006159,C00078460,A072,2025-04-02,89.7,100.0,94.3,86.2,1
Q00006160,C00015727,A016,2025-01-24,85.7,84.7,88.4,93.6,1
Q00006161,C00076774,A071,2025-03-03,72.1,83.2,69.7,68.6,0
Q00006162,C00041568,A038,2025-03-12,85.6,85.1,90.6,71.6,1
Q00006163,C00038909,A036,2025-02-17,88.2,80.3,93.9,88.0,1
Q00006164,C00064655,A060,2025-03-13,76.4,84.9,68.3,70.0,0
Q00006165,C00032648,A031,2025-01-24,82.6,86.1,99.1,82.4,1
Q00006166,C00033479,A031,2025-03-15,88.1,91.2,89.4,90.6,1
Q00006167,C00039197,A036,2025-03-07,90.3,90.9,89.0,87.5,1
Q00006168,C00015823,A016,2025-01-31,97.6,97.5,100.0,87.5,1
Q00006169,C00065652,A061,2025-03-20,100.0,99.0,99.4,100.0,1
Q00006170,C00068576,A064,2025-02-11,100.0,100.0,100.0,100.0,1
Q00006171,C00000343,A001,2025-02-03,87.8,82.7,91.4,76.5,1
Q00006172,C00076073,A071,2025-01-15,90.0,90.8,94.8,90.3,1
Q00006173,C00071943,A067,2025-02-11,90.3,95.8,84.0,75.1,1
Q00006174,C00030743,A029,2025-01-22,85.7,84.8,78.2,81.6,1
Q00006175,C00059099,A055,2025-02-25,100.0,99.8,100.0,100.0,1
Q00006176,C00053661,A050,2025-01-30,94.3,82.2,100.0,98.0,1
Q00006177,C00008704,A008,2025-03-30,83.0,86.9,77.7,78.1,1
Q00006178,C00014082,A014,2025-02-08,87.1,82.8,92.1,93.1,1
Q00006179,C00014480,A014,2025-03-23,86.6,88.0,97.1,86.3,1
Q00006180,C00080902,A074,2025-03-26,99.7,100.0,100.0,96.6,1
Q00006181,C00017213,A017,2025-02-11,83.8,77.5,78.5,84.7,1
Q00006182,C00033508,A031,2025-03-21,93.7,97.8,88.5,91.9,1
Q00006183,C00033703,A031,2025-04-05,100.0,100.0,100.0,98.5,1
Q00006184,C00032890,A031,2025-02-10,81.3,75.7,83.2,72.1,1
Q00006185,C00045392,A042,2025-02-03,75.6,69.8,86.0,73.8,0
Q00006186,C00078381,A072,2025-03-29,97.6,99.9,95.8,100.0,1
Q00006187,C00068543,A064,2025-02-04,83.0,80.2,69.8,84.4,1
Q00006188,C00018686,A018,2025-03-29,90.0,97.2,85.1,88.1,1
Q00006189,C00014044,A014,2025-01-31,93.3,95.4,97.3,89.7,1
Q00006190,C00028472,A027,2025-01-29,93.2,91.5,88.0,96.1,1
Q00006191,C00079820,A074,2025-01-17,83.4,90.3,87.6,92.6,1
Q00006192,C00049549,A046,2025-02-09,88.2,84.0,94.0,84.1,1
Q00006193,C00052870,A049,2025-03-10,85.3,77.9,90.6,84.4,1
Q00006194,C00010036,A010,2025-02-02,93.9,87.8,90.5,100.0,1
Q00006195,C00021681,A021,2025-03-03,86.5,87.0,70.1,85.8,1
Q00006196,C00058251,A054,2025-03-05,83.0,78.7,81.6,87.7,1
Q00006197,C00059666,A056,2025-01-20,76.1,82.2,81.0,74.6,0
Q00006198,C00081707,A075,2025-02-16,90.3,94.4,88.9,94.2,1
Q00006199,C00032682,A031,2025-01-22,79.5,84.2,97.0,75.1,0
Q00006200,C00026212,A025,2025-02-18,84.1,90.0,80.1,84.6,1
Q00006201,C00038386,A035,2025-04-04,82.9,83.1,86.9,62.3,1
Q00006202,C00030228,A028,2025-03-09,78.1,73.7,77.0,73.7,0
Q00006203,C00016108,A016,2025-02-19,86.1,88.5,93.7,90.0,1
Q00006204,C00063903,A060,2025-01-31,96.7,100.0,100.0,100.0,1
Q00006205,C00071566,A067,2025-01-08,90.2,84.4,80.3,88.0,1
Q00006206,C00040673,A038,2025-01-11,87.7,84.7,82.6,89.5,1
Q00006207,C00030822,A029,2025-01-31,93.7,97.9,87.4,81.2,1
Q00006208,C00047628,A044,2025-02-06,85.5,85.3,85.9,80.7,1
Q00006209,C00030068,A028,2025-02-24,92.4,97.0,86.6,93.7,1
Q00006210,C00080839,A074,2025-03-25,86.9,87.1,93.2,94.6,1
Q00006211,C00054368,A050,2025-03-18,84.1,82.9,77.6,83.5,1
Q00006212,C00074870,A070,2025-01-11,76.8,75.8,80.2,75.8,0
Q00006213,C00056803,A053,2025-01-21,89.1,96.4,94.8,90.4,1
Q00006214,C00065293,A061,2025-02-16,85.2,81.4,79.9,85.3,1
Q00006215,C00066643,A062,2025-03-23,93.8,96.7,100.0,95.1,1
Q00006216,C00009978,A010,2025-01-28,97.2,96.2,99.4,92.5,1
Q00006217,C00025752,A024,2025-04-09,90.7,88.6,92.2,96.3,1
Q00006218,C00064973,A061,2025-01-05,81.4,80.1,68.9,84.4,1
Q00006219,C00048584,A045,2025-02-10,91.8,87.5,95.7,93.1,1
Q00006220,C00018975,A019,2025-01-21,94.1,100.0,95.5,91.7,1
Q00006221,C00051271,A048,2025-01-25,87.9,89.8,82.4,97.0,1
Q00006222,C00049100,A045,2025-03-26,94.1,94.3,85.6,91.3,1
Q00006223,C00059174,A055,2025-03-01,85.1,91.8,88.9,76.2,1
Q00006224,C00056183,A052,2025-02-28,87.2,88.6,87.6,74.3,1
Q00006225,C00063980,A060,2025-01-30,81.4,71.0,83.3,75.3,0
Q00006226,C00034100,A032,2025-02-02,90.0,100.0,97.3,77.9,1
Q00006227,C00007626,A008,2025-01-16,92.3,91.6,91.0,90.4,1
Q00006228,C00000143,A001,2025-01-20,79.4,74.3,79.3,80.5,0
Q00006229,C00065369,A061,2025-02-25,82.7,85.7,85.0,74.6,1
Q00006230,C00008076,A008,2025-02-09,82.1,82.6,88.5,78.9,1
Q00006231,C00029973,A028,2025-02-15,86.5,86.0,84.2,85.3,1
Q00006232,C00078787,A073,2025-01-31,87.5,85.9,92.7,79.3,1
Q00006233,C00055369,A051,2025-03-16,98.6,100.0,100.0,93.3,1
Q00006234,C00046787,A043,2025-02-23,96.6,98.5,95.8,100.0,1
Q00006235,C00040034,A037,2025-02-18,96.1,100.0,100.0,100.0,1
Q00006236,C00001669,A002,2025-03-08,95.2,96.0,91.4,100.0,1
Q00006237,C00005565,A006,2025-02-10,88.3,92.3,90.7,91.1,1
Q00006238,C00024472,A023,2025-03-07,97.7,99.7,100.0,93.3,1
Q00006239,C00024014,A023,2025-01-31,95.5,100.0,96.4,100.0,1
Q00006240,C00033351,A031,2025-03-10,78.9,79.3,86.9,71.9,0
Q00006241,C00038353,A035,2025-04-04,84.5,77.1,83.3,76.7,1
Q00006242,C00072551,A068,2025-01-10,88.2,85.7,87.5,89.1,1
Q00006243,C00006393,A007,2025-01-18,94.1,93.7,91.4,82.2,1
Q00006244,C00030674,A029,2025-01-16,77.2,80.0,82.6,78.8,0
Q00006245,C00057367,A053,2025-03-19,91.4,98.4,87.2,89.0,1
Q00006246,C00004302,A005,2025-01-21,93.3,96.4,100.0,89.3,1
Q00006247,C00041294,A038,2025-02-16,91.9,85.2,94.1,91.5,1
Q00006248,C00018495,A018,2025-03-10,92.3,90.4,96.6,73.8,1
Q00006249,C00037900,A035,2025-03-05,88.5,92.5,88.9,92.0,1
Q00006250,C00058516,A054,2025-03-31,80.8,80.4,80.0,79.8,1
Q00006251,C00046809,A043,2025-02-28,80.1,90.7,82.7,82.9,1
Q00006252,C00047468,A044,2025-01-20,83.5,90.6,86.1,85.5,1
Q00006253,C00062442,A058,2025-03-26,81.4,72.9,79.4,68.2,0
Q00006254,C00027344,A026,2025-02-12,82.4,80.7,78.8,80.9,1
Q00006255,C00046808,A043,2025-02-24,87.0,91.1,85.4,80.9,1
Q00006256,C00062657,A058,2025-04-03,90.9,92.5,95.2,95.5,1
Q00006257,C00067034,A063,2025-01-19,95.8,100.0,96.6,89.1,1
Q00006258,C00002404,A003,2025-02-09,89.8,92.8,94.0,90.8,1
Q00006259,C00033101,A031,2025-02-18,87.1,80.1,90.8,74.2,1
Q00006260,C00031777,A030,2025-02-03,72.7,69.1,67.4,61.5,0
Q00006261,C00071886,A067,2025-02-05,92.8,87.4,98.8,76.9,1
Q00006262,C00017013,A017,2025-01-27,82.2,78.5,90.4,75.9,1
Q00006263,C00018714,A018,2025-04-02,89.7,89.1,90.1,81.1,1
Q00006264,C00033176,A031,2025-02-25,100.0,100.0,100.0,96.3,1
Q00006265,C00012310,A012,2025-02-12,87.7,85.8,92.8,82.9,1
Q00006266,C00035545,A033,2025-02-18,92.9,99.8,85.8,100.0,1
Q00006267,C00070737,A066,2025-02-07,89.9,80.2,98.6,86.4,1
Q00006268,C00020285,A020,2025-02-19,93.8,89.3,88.7,97.3,1
Q00006269,C00023459,A022,2025-04-01,88.3,86.8,98.9,92.0,1
Q00006270,C00050815,A047,2025-03-18,98.4,98.7,95.3,93.8,1
Q00006271,C00022530,A022,2025-01-23,83.4,83.2,76.2,87.4,1
Q00006272,C00005183,A006,2025-01-09,85.9,90.9,93.9,91.9,1
Q00006273,C00058258,A054,2025-03-04,92.6,80.7,100.0,80.5,1
Q00006274,C00005245,A006,2025-01-08,79.2,80.3,74.3,83.8,0
Q00006275,C00039749,A037,2025-01-19,100.0,100.0,93.5,98.2,1
Q00006276,C00061660,A058,2025-01-21,82.4,82.3,75.6,90.5,1
Q00006277,C00060420,A056,2025-03-28,89.2,87.7,80.1,91.7,1
Q00006278,C00050717,A047,2025-03-07,81.4,93.6,90.4,81.8,1
Q00006279,C00027562,A026,2025-02-26,80.5,87.0,82.7,84.4,1
Q00006280,C00075271,A070,2025-02-12,85.9,85.3,75.7,98.2,1
Q00006281,C00070361,A066,2025-01-07,77.0,70.4,73.9,80.5,0
Q00006282,C00045456,A042,2025-02-08,90.2,90.1,80.0,84.1,1
Q00006283,C00047761,A044,2025-02-15,71.3,79.0,79.9,86.7,0
Q00006284,C00031688,A030,2025-01-25,67.1,68.3,72.0,57.8,0
Q00006285,C00066542,A062,2025-03-13,89.8,96.1,92.4,89.9,1
Q00006286,C00071351,A066,2025-03-23,93.2,90.1,94.3,95.0,1
Q00006287,C00031320,A029,2025-03-24,98.8,99.7,93.2,94.7,1
Q00006288,C00018458,A018,2025-03-06,81.0,81.3,86.5,77.9,1
Q00006289,C00052028,A049,2025-01-10,80.2,79.0,76.9,77.5,1
Q00006290,C00074819,A070,2025-01-12,84.2,75.9,88.8,88.1,1
Q00006291,C00074233,A069,2025-02-16,93.2,89.5,92.5,88.2,1
Q00006292,C00007334,A007,2025-03-25,83.8,92.0,82.8,87.6,1
Q00006293,C00042302,A039,2025-02-04,84.2,81.5,77.5,81.2,1
Q00006294,C00070362,A066,2025-01-07,95.8,100.0,92.9,93.0,1
Q00006295,C00021071,A021,2025-01-19,83.8,86.5,91.0,72.4,1
Q00006296,C00047608,A044,2025-02-08,72.9,73.5,71.2,76.3,0
Q00006297,C00075272,A070,2025-02-12,89.6,94.4,91.4,91.1,1
Q00006298,C00034157,A032,2025-02-02,93.9,93.9,96.9,93.3,1
Q00006299,C00025890,A025,2025-01-15,86.5,82.8,85.4,88.7,1
Q00006300,C00077837,A072,2025-02-24,90.2,79.3,93.0,93.6,1
Q00006301,C00019118,A019,2025-02-03,92.8,86.6,90.7,91.7,1
Q00006302,C00058517,A054,2025-04-03,79.1,73.8,85.2,90.1,0
Q00006303,C00020466,A020,2025-03-03,81.6,82.8,83.4,78.0,1
Q00006304,C00010026,A010,2025-01-26,88.9,96.3,100.0,65.8,1
Q00006305,C00068716,A064,2025-02-16,87.0,89.5,80.8,94.1,1
Q00006306,C00037803,A035,2025-03-01,78.3,76.7,90.2,82.5,0
Q00006307,C00026659,A025,2025-03-29,96.5,100.0,100.0,94.4,1
Q00006308,C00071774,A067,2025-01-27,91.0,91.6,97.8,89.3,1
Q00006309,C00028102,A027,2025-01-06,92.0,88.0,94.5,96.0,1
Q00006310,C00003190,A003,2025-03-29,75.6,83.8,80.5,80.5,0
Q00006311,C00081994,A075,2025-03-08,87.3,87.0,79.1,87.2,1
Q00006312,C00027837,A026,2025-03-17,86.7,84.7,92.5,90.3,1
Q00006313,C00036211,A034,2025-01-22,89.6,90.4,83.9,95.3,1
Q00006314,C00021357,A021,2025-02-10,81.7,82.3,74.9,71.6,1
Q00006315,C00053611,A050,2025-01-25,85.8,91.3,80.9,81.4,1
Q00006316,C00016468,A016,2025-03-07,93.1,84.0,96.1,93.6,1
Q00006317,C00003863,A004,2025-03-05,81.5,77.4,74.5,80.9,1
Q00006318,C00008467,A008,2025-03-07,85.6,80.0,85.2,79.9,1
Q00006319,C00051729,A048,2025-03-15,85.4,87.1,84.3,91.2,1
Q00006320,C00010998,A011,2025-01-08,94.9,93.3,94.2,96.7,1
Q00006321,C00015324,A015,2025-03-14,82.0,82.7,83.0,83.3,1
Q00006322,C00045299,A042,2025-01-28,80.5,76.0,76.3,79.9,1
Q00006323,C00020872,A021,2025-01-07,82.8,100.0,84.1,74.0,1
Q00006324,C00072700,A068,2025-01-25,90.5,96.0,87.9,84.8,1
Q00006325,C00029830,A028,2025-02-02,81.7,81.2,83.7,93.9,1
Q00006326,C00065759,A061,2025-03-27,77.1,74.3,88.0,87.0,0
Q00006327,C00009282,A009,2025-02-26,88.5,90.2,85.4,100.0,1
Q00006328,C00038004,A035,2025-03-16,83.8,88.2,74.5,96.6,1
Q00006329,C00008876,A009,2025-01-16,98.4,91.7,100.0,93.4,1
Q00006330,C00058624,A055,2025-01-13,89.4,100.0,94.4,93.0,1
Q00006331,C00007438,A007,2025-04-01,92.7,89.9,95.7,87.9,1
Q00006332,C00033657,A031,2025-03-29,96.7,97.5,100.0,98.0,1
Q00006333,C00007428,A007,2025-03-30,90.0,90.4,83.4,92.0,1
Q00006334,C00074487,A069,2025-03-11,88.7,84.0,94.8,97.4,1
Q00006335,C00045999,A042,2025-03-28,79.5,71.7,75.8,75.7,0
Q00006336,C00018426,A018,2025-02-28,96.0,92.5,99.5,100.0,1
Q00006337,C00062698,A059,2025-01-10,95.6,100.0,98.9,100.0,1
Q00006338,C00070728,A066,2025-01-29,76.4,75.8,90.3,90.1,0
Q00006339,C00064328,A060,2025-02-17,88.1,88.0,88.0,89.9,1
Q00006340,C00078950,A073,2025-02-07,100.0,99.3,100.0,100.0,1
Q00006341,C00005513,A006,2025-02-04,89.9,97.4,100.0,90.5,1
Q00006342,C00077440,A072,2025-01-19,90.7,89.0,88.4,81.0,1
Q00006343,C00081163,A075,2025-01-14,95.4,90.5,100.0,91.9,1
Q00006344,C00045223,A042,2025-01-16,93.5,90.4,90.9,86.4,1
Q00006345,C00036281,A034,2025-01-30,80.1,80.0,80.8,76.9,1
Q00006346,C00053794,A050,2025-02-07,80.1,80.2,68.0,65.4,1
Q00006347,C00039956,A037,2025-02-12,91.0,92.8,95.0,88.6,1
Q00006348,C00059139,A055,2025-02-22,81.3,76.4,81.2,78.8,1
Q00006349,C00025251,A024,2025-02-16,92.4,90.5,98.9,93.0,1
Q00006350,C00035044,A032,2025-04-01,77.6,76.5,73.9,79.8,0
Q00006351,C00037943,A035,2025-03-13,83.1,80.1,78.0,85.2,1
Q00006352,C00046726,A043,2025-02-19,77.4,75.1,72.9,76.7,0
Q00006353,C00026597,A025,2025-03-24,74.6,76.2,77.3,77.1,0
Q00006354,C00035370,A033,2025-02-04,79.7,83.9,77.4,79.5,0
Q00006355,C00067591,A063,2025-03-03,95.1,86.5,92.1,95.0,1
Q00006356,C00074588,A069,2025-03-22,85.3,82.0,80.7,98.4,1
Q00006357,C00066467,A062,2025-03-04,89.3,90.2,80.3,93.7,1
Q00006358,C00018829,A019,2025-01-08,86.6,88.4,90.9,97.7,1
Q00006359,C00057986,A054,2025-02-08,89.2,87.7,89.3,90.8,1
Q00006360,C00051179,A048,2025-01-16,75.3,75.6,75.7,79.2,0
Q00006361,C00063932,A060,2025-01-28,89.5,87.9,88.4,86.6,1
Q00006362,C00056022,A052,2025-02-09,80.8,89.6,69.5,77.5,1
Q00006363,C00041235,A038,2025-02-16,68.1,61.4,66.3,63.1,0
Q00006364,C00011251,A011,2025-02-02,85.4,86.0,85.0,79.7,1
Q00006365,C00074060,A069,2025-01-31,90.1,89.7,91.7,84.6,1
Q00006366,C00079783,A074,2025-01-12,93.1,92.0,87.5,94.9,1
Q00006367,C00066045,A062,2025-01-22,83.3,86.0,85.5,77.3,1
Q00006368,C00021895,A021,2025-03-14,93.7,100.0,100.0,92.3,1
Q00006369,C00065692,A061,2025-03-22,82.4,75.2,87.0,71.8,1
Q00006370,C00059531,A055,2025-04-07,74.0,77.0,76.0,79.8,0
Q00006371,C00036504,A034,2025-02-17,96.7,90.5,100.0,94.7,1
Q00006372,C00031784,A030,2025-02-06,91.0,91.6,81.0,96.3,1
Q00006373,C00015128,A015,2025-02-19,86.7,81.4,85.4,80.5,1
Q00006374,C00015895,A016,2025-01-31,64.8,68.0,60.1,71.8,0
Q00006375,C00033240,A031,2025-02-28,89.9,87.4,93.6,93.9,1
Q00006376,C00023035,A022,2025-03-04,89.5,90.2,80.2,88.8,1
Q00006377,C00075303,A070,2025-02-18,86.7,80.2,77.2,87.6,1
Q00006378,C00066881,A063,2025-01-08,83.4,85.1,81.2,83.2,1
Q00006379,C00079490,A073,2025-03-24,88.6,93.9,93.9,100.0,1
Q00006380,C00028970,A027,2025-03-06,97.0,97.8,90.2,100.0,1
Q00006381,C00069405,A064,2025-04-06,86.8,78.3,83.2,86.7,1
Q00006382,C00026585,A025,2025-03-24,96.1,100.0,96.9,100.0,1
Q00006383,C00001031,A002,2025-01-11,85.8,83.6,87.3,91.9,1
Q00006384,C00014155,A014,2025-02-20,77.2,83.2,77.2,84.5,0
Q00006385,C00059934,A056,2025-02-12,78.9,75.8,71.9,74.2,0
Q00006386,C00017377,A017,2025-02-22,89.6,99.1,97.9,99.3,1
Q00006387,C00050870,A047,2025-03-15,70.5,68.4,81.7,63.8,0
Q00006388,C00020622,A020,2025-03-18,91.3,98.3,93.2,95.9,1
Q00006389,C00007678,A008,2025-01-18,80.2,81.2,81.8,73.9,1
Q00006390,C00012320,A012,2025-02-08,89.7,97.3,99.7,90.1,1
Q00006391,C00016332,A016,2025-02-27,88.9,95.6,83.5,91.0,1
Q00006392,C00040628,A038,2025-01-04,91.4,98.9,90.1,90.2,1
Q00006393,C00034421,A032,2025-02-24,85.3,84.2,74.2,79.2,1
Q00006394,C00081006,A074,2025-04-03,93.5,94.8,89.1,80.5,1
Q00006395,C00039288,A036,2025-03-15,83.4,85.6,88.5,83.6,1
Q00006396,C00013447,A013,2025-03-01,88.4,93.1,94.2,90.3,1
Q00006397,C00025405,A024,2025-03-05,88.8,86.1,99.6,85.8,1
Q00006398,C00039590,A036,2025-04-05,86.3,95.8,70.3,86.3,1
Q00006399,C00052751,A049,2025-03-01,89.1,85.1,92.0,93.8,1
Q00006400,C00024897,A024,2025-01-08,91.3,93.5,93.5,96.1,1
Q00006401,C00010213,A010,2025-02-14,93.1,100.0,81.9,90.7,1
Q00006402,C00037239,A035,2025-01-17,86.3,89.2,74.9,77.3,1
Q00006403,C00027584,A026,2025-03-04,79.5,76.3,78.8,78.0,0
Q00006404,C00059392,A055,2025-03-19,81.1,76.5,79.4,84.2,1
Q00006405,C00024278,A023,2025-02-28,87.5,90.1,82.0,82.8,1
Q00006406,C00053387,A050,2025-01-16,80.3,79.0,79.9,81.7,1
Q00006407,C00054118,A050,2025-03-05,91.9,94.6,94.4,84.9,1
Q00006408,C00007738,A008,2025-01-23,87.3,86.7,97.9,89.9,1
Q00006409,C00052315,A049,2025-01-28,88.1,100.0,88.9,95.5,1
Q00006410,C00080507,A074,2025-02-28,84.3,82.2,83.6,87.6,1
Q00006411,C00007357,A007,2025-03-26,71.4,72.8,72.3,65.5,0
Q00006412,C00063048,A059,2025-02-11,87.1,84.1,80.6,86.8,1
Q00006413,C00081076,A075,2025-01-12,94.7,89.5,93.2,89.0,1
Q00006414,C00062420,A058,2025-03-20,85.0,88.1,89.1,81.5,1
Q00006415,C00035594,A033,2025-02-24,95.4,91.6,95.1,91.4,1
Q00006416,C00044903,A041,2025-03-17,81.8,79.1,75.8,78.3,1
Q00006417,C00033266,A031,2025-03-03,100.0,100.0,100.0,100.0,1
Q00006418,C00081883,A075,2025-03-02,90.5,88.1,91.4,88.6,1
Q00006419,C00074151,A069,2025-02-09,93.1,99.5,99.4,100.0,1
Q00006420,C00064424,A060,2025-03-02,78.9,82.6,87.2,88.1,0
Q00006421,C00054074,A050,2025-03-05,100.0,100.0,100.0,100.0,1
Q00006422,C00062197,A058,2025-03-05,96.4,97.9,99.1,87.9,1
Q00006423,C00050814,A047,2025-03-16,76.2,84.7,72.6,84.7,0
Q00006424,C00031694,A030,2025-01-27,76.5,76.6,76.2,80.7,0
Q00006425,C00030394,A028,2025-03-17,82.9,74.3,73.3,90.7,0
Q00006426,C00050921,A047,2025-03-21,94.7,92.2,95.0,95.2,1
Q00006427,C00009756,A010,2025-01-17,96.0,91.8,100.0,99.9,1
Q00006428,C00036129,A034,2025-01-20,100.0,100.0,97.5,95.5,1
Q00006429,C00052545,A049,2025-02-15,79.8,80.9,93.1,80.5,0
Q00006430,C00026025,A025,2025-02-02,92.8,89.2,91.7,97.4,1
Q00006431,C00054666,A051,2025-01-10,88.5,90.9,94.7,74.4,1
Q00006432,C00070520,A066,2025-01-15,87.2,87.2,90.5,95.6,1
Q00006433,C00030928,A029,2025-02-09,96.2,93.3,100.0,99.5,1
Q00006434,C00075088,A070,2025-01-26,89.9,87.7,96.5,92.0,1
Q00006435,C00057974,A054,2025-02-09,76.8,73.6,79.3,81.4,0
Q00006436,C00012815,A012,2025-03-30,89.7,75.3,89.8,89.4,1
Q00006437,C00068709,A064,2025-02-18,88.2,84.3,87.9,100.0,1
Q00006438,C00008791,A009,2025-01-10,79.0,80.8,77.5,87.5,0
Q00006439,C00074295,A069,2025-02-16,80.5,89.9,85.1,80.8,1
Q00006440,C00067316,A063,2025-02-12,80.7,75.6,80.5,86.5,1
Q00006441,C00032293,A030,2025-03-26,82.7,75.6,88.1,80.8,1
Q00006442,C00077726,A072,2025-02-12,92.6,90.7,89.2,99.4,1
Q00006443,C00018216,A018,2025-02-16,96.3,100.0,97.9,100.0,1
Q00006444,C00074556,A069,2025-03-19,87.3,79.0,78.0,93.9,1
Q00006445,C00061911,A058,2025-02-18,89.5,85.0,92.7,94.3,1
Q00006446,C00033936,A032,2025-01-17,88.3,81.2,100.0,82.7,1
Q00006447,C00039881,A037,2025-01-29,82.8,82.6,89.4,78.3,1
Q00006448,C00057709,A054,2025-01-15,66.1,63.6,59.9,69.8,0
Q00006449,C00074717,A069,2025-04-02,69.8,66.7,63.1,74.4,0
Q00006450,C00012946,A013,2025-01-15,92.8,93.8,90.0,88.7,1
Q00006451,C00009061,A009,2025-01-30,83.1,86.4,77.0,81.3,1
Q00006452,C00054601,A050,2025-04-02,93.8,94.9,86.4,99.4,1
Q00006453,C00079405,A073,2025-03-18,76.7,76.7,81.8,82.3,0
Q00006454,C00002991,A003,2025-03-18,81.4,84.7,83.1,81.8,1
Q00006455,C00036855,A034,2025-03-18,84.7,88.5,90.6,84.6,1
Q00006456,C00005090,A005,2025-03-27,82.3,85.7,76.4,79.2,1
Q00006457,C00058364,A054,2025-03-16,90.0,100.0,85.8,100.0,1
Q00006458,C00055559,A052,2025-01-03,86.9,76.4,89.0,83.9,1
Q00006459,C00020665,A020,2025-03-22,81.2,83.2,78.0,90.5,1
Q00006460,C00073116,A068,2025-02-20,79.1,83.2,75.4,75.6,0
Q00006461,C00023946,A023,2025-01-28,88.3,89.1,91.6,97.8,1
Q00006462,C00080128,A074,2025-02-04,98.7,98.7,100.0,88.4,1
Q00006463,C00074822,A070,2025-01-11,77.3,77.1,70.1,72.1,0
Q00006464,C00053511,A050,2025-01-19,78.9,89.6,84.4,81.7,0
Q00006465,C00017974,A018,2025-01-19,76.5,67.5,80.3,75.3,0
Q00006466,C00022638,A022,2025-01-30,96.7,98.3,94.3,92.8,1
Q00006467,C00033686,A031,2025-04-02,100.0,99.1,100.0,100.0,1
Q00006468,C00012215,A012,2025-01-31,88.5,88.6,92.4,100.0,1
Q00006469,C00009805,A010,2025-01-13,82.0,80.2,77.0,71.7,1
Q00006470,C00027299,A026,2025-02-02,94.8,97.1,86.2,85.9,1
Q00006471,C00014225,A014,2025-02-25,70.1,68.8,71.0,81.7,0
Q00006472,C00033174,A031,2025-02-23,83.4,80.0,86.0,77.1,1
Q00006473,C00068986,A064,2025-03-08,94.7,100.0,100.0,88.9,1
Q00006474,C00054245,A050,2025-03-14,85.4,88.3,83.5,100.0,1
Q00006475,C00064013,A060,2025-02-07,85.8,86.3,90.7,83.7,1
Q00006476,C00053121,A049,2025-03-22,87.6,96.9,80.9,88.6,1
Q00006477,C00037718,A035,2025-02-26,91.9,91.1,84.5,87.3,1
Q00006478,C00061866,A058,2025-02-07,91.2,82.4,87.8,84.7,1
Q00006479,C00054494,A050,2025-03-29,95.4,100.0,98.3,88.2,1
Q00006480,C00004104,A004,2025-03-26,85.1,82.7,86.6,80.4,1
Q00006481,C00075170,A070,2025-02-09,76.6,76.1,71.1,77.8,0
Q00006482,C00000305,A001,2025-01-29,97.1,97.3,89.8,84.9,1
Q00006483,C00069665,A065,2025-02-03,90.8,88.2,96.5,85.7,1
Q00006484,C00063206,A059,2025-02-27,83.4,78.2,87.5,78.6,1
Q00006485,C00028817,A027,2025-03-02,96.6,93.2,100.0,92.2,1
Q00006486,C00008182,A008,2025-02-14,69.2,70.8,64.3,74.2,0
Q00006487,C00024037,A023,2025-02-04,82.1,89.0,73.8,83.9,1
Q00006488,C00075509,A070,2025-03-06,73.1,70.8,71.6,57.9,0
Q00006489,C00047918,A044,2025-02-28,90.0,94.6,90.5,96.2,1
Q00006490,C00070930,A066,2025-02-20,83.7,78.2,79.9,93.9,1
Q00006491,C00055321,A051,2025-03-08,98.7,97.7,98.1,100.0,1
Q00006492,C00044982,A041,2025-03-23,99.8,99.0,98.6,100.0,1
Q00006493,C00068984,A064,2025-03-05,83.8,86.6,67.4,81.8,1
Q00006494,C00033625,A031,2025-03-27,89.1,89.6,81.2,88.8,1
Q00006495,C00051542,A048,2025-02-22,84.5,84.9,88.3,94.0,1
Q00006496,C00018094,A018,2025-01-31,78.4,81.7,80.6,74.6,0
Q00006497,C00015886,A016,2025-02-05,92.8,86.1,97.0,85.1,1
Q00006498,C00033284,A031,2025-02-28,70.8,68.5,74.1,63.6,0
Q00006499,C00034086,A032,2025-02-01,92.1,93.2,84.2,97.9,1
Q00006500,C00071662,A067,2025-01-18,88.3,93.2,87.8,92.4,1
Q00006501,C00044889,A041,2025-03-08,86.3,90.7,88.7,91.9,1
Q00006502,C00039035,A036,2025-02-20,83.0,77.9,86.1,89.2,1
Q00006503,C00043901,A040,2025-03-02,86.0,77.9,94.2,80.9,1
Q00006504,C00036686,A034,2025-03-02,83.3,82.1,83.9,99.3,1
Q00006505,C00029160,A027,2025-03-20,73.0,85.0,66.1,81.0,0
Q00006506,C00054380,A050,2025-03-18,95.6,98.0,98.1,96.0,1
Q00006507,C00070559,A066,2025-01-23,80.5,86.7,73.6,74.5,1
Q00006508,C00024036,A023,2025-02-01,99.8,90.3,95.0,100.0,1
Q00006509,C00072174,A067,2025-03-09,82.4,78.6,76.9,85.5,1
Q00006510,C00028785,A027,2025-02-28,91.9,92.4,91.2,97.3,1
Q00006511,C00016972,A017,2025-01-17,78.6,72.6,87.7,76.0,0
Q00006512,C00046223,A043,2025-01-12,75.0,71.8,70.4,81.0,0
Q00006513,C00065322,A061,2025-02-18,87.4,89.9,79.6,96.4,1
Q00006514,C00012679,A012,2025-03-11,91.3,82.0,97.2,90.1,1
Q00006515,C00002727,A003,2025-03-05,92.7,85.5,90.7,84.1,1
Q00006516,C00076044,A071,2025-01-08,82.7,95.8,83.2,73.7,1
Q00006517,C00060175,A056,2025-03-03,88.5,88.6,84.6,71.7,1
Q00006518,C00023922,A023,2025-02-01,85.8,85.0,82.5,83.9,1
Q00006519,C00018603,A018,2025-03-24,81.4,81.8,85.3,77.1,1
Q00006520,C00041347,A038,2025-02-26,81.9,72.9,70.8,93.0,0
Q00006521,C00027349,A026,2025-02-12,88.7,92.0,99.9,90.7,1
Q00006522,C00041646,A038,2025-03-16,81.3,76.5,86.9,78.3,1
Q00006523,C00066533,A062,2025-03-09,82.9,84.6,89.7,83.8,1
Q00006524,C00059238,A055,2025-03-02,75.4,79.1,68.4,83.6,0
Q00006525,C00030666,A029,2025-01-11,76.5,68.9,75.8,63.2,0
Q00006526,C00063697,A060,2025-01-13,88.9,91.9,77.7,99.4,1
Q00006527,C00077922,A072,2025-03-01,87.6,88.0,78.6,89.8,1
Q00006528,C00070990,A066,2025-02-20,99.2,90.9,94.3,90.7,1
Q00006529,C00078067,A072,2025-03-11,90.2,93.1,83.7,96.5,1
Q00006530,C00060716,A057,2025-01-25,90.7,89.0,82.4,81.6,1
Q00006531,C00066483,A062,2025-03-02,92.7,93.7,86.7,100.0,1
Q00006532,C00006068,A006,2025-03-31,92.0,94.1,84.7,99.9,1
Q00006533,C00067423,A063,2025-02-21,86.4,84.0,90.2,90.1,1
Q00006534,C00005498,A006,2025-01-31,74.0,87.4,80.2,72.1,0
Q00006535,C00014580,A014,2025-04-03,81.3,87.6,76.9,92.4,1
Q00006536,C00028614,A027,2025-02-14,94.7,92.9,85.5,94.5,1
Q00006537,C00025307,A024,2025-02-19,92.4,92.2,95.9,100.0,1
Q00006538,C00065266,A061,2025-02-19,89.9,87.7,94.9,92.0,1
Q00006539,C00022005,A021,2025-03-19,95.4,98.6,89.7,97.6,1
Q00006540,C00008148,A008,2025-02-13,84.9,76.4,71.9,79.7,1
Q00006541,C00039028,A036,2025-02-24,87.5,84.4,85.4,86.8,1
Q00006542,C00071553,A066,2025-04-02,80.8,88.0,78.2,87.3,1
Q00006543,C00029307,A027,2025-04-01,91.0,91.1,90.4,86.8,1
Q00006544,C00036365,A034,2025-02-06,86.3,93.2,91.5,78.1,1
Q00006545,C00009027,A009,2025-02-02,87.9,80.2,90.6,76.4,1
Q00006546,C00006193,A007,2025-01-04,78.6,69.9,87.1,77.7,0
Q00006547,C00058379,A054,2025-03-19,78.2,78.1,72.3,73.2,0
Q00006548,C00022504,A022,2025-01-23,91.2,98.4,92.2,90.6,1
Q00006549,C00037613,A035,2025-02-15,93.0,97.2,95.9,84.5,1
Q00006550,C00035992,A034,2025-01-12,87.7,82.8,88.1,88.2,1
Q00006551,C00030370,A028,2025-03-17,87.7,88.3,87.1,100.0,1
Q00006552,C00013465,A013,2025-03-09,77.8,82.2,80.2,78.8,0
Q00006553,C00048541,A045,2025-02-01,96.4,99.1,100.0,100.0,1
Q00006554,C00079605,A073,2025-04-02,87.2,75.3,94.9,89.5,1
Q00006555,C00061130,A057,2025-03-07,85.6,87.5,79.0,89.7,1
Q00006556,C00081415,A075,2025-01-26,87.7,87.9,90.7,93.5,1
Q00006557,C00001793,A002,2025-03-16,75.5,74.4,77.2,79.1,0
Q00006558,C00055230,A051,2025-03-07,79.7,80.5,82.3,80.8,0
Q00006559,C00044647,A041,2025-02-17,86.2,81.3,94.6,79.8,1
Q00006560,C00012374,A012,2025-02-15,86.0,90.3,83.1,82.3,1
Q00006561,C00055154,A051,2025-03-01,97.7,100.0,93.2,100.0,1
Q00006562,C00081021,A074,2025-04-06,94.5,98.8,87.9,87.0,1
Q00006563,C00072468,A067,2025-04-03,77.1,65.9,75.3,84.9,0
Q00006564,C00058682,A055,2025-01-15,77.6,73.8,91.3,94.9,0
Q00006565,C00079243,A073,2025-03-06,86.3,82.0,83.1,76.8,1
Q00006566,C00032938,A031,2025-02-12,83.6,96.0,92.5,85.6,1
Q00006567,C00074409,A069,2025-03-05,82.0,80.7,81.9,73.3,1
Q00006568,C00058834,A055,2025-01-30,75.3,71.2,78.6,88.8,0
Q00006569,C00060148,A056,2025-03-01,92.8,92.5,98.5,98.0,1
Q00006570,C00032432,A031,2025-01-02,83.1,85.1,80.5,77.7,1
Q00006571,C00056315,A052,2025-03-04,87.3,98.5,100.0,87.6,1
Q00006572,C00029312,A027,2025-04-03,87.1,89.8,96.3,100.0,1
Q00006573,C00016444,A016,2025-03-08,98.9,98.3,96.4,93.7,1
Q00006574,C00073990,A069,2025-01-21,94.3,100.0,92.0,88.4,1
Q00006575,C00078543,A073,2025-01-09,96.7,98.4,98.7,90.7,1
Q00006576,C00077281,A072,2025-01-13,82.5,75.6,92.3,91.8,1
Q00006577,C00003180,A003,2025-04-02,82.1,76.6,92.3,83.3,1
Q00006578,C00079346,A073,2025-03-11,80.8,86.1,91.2,68.3,1
Q00006579,C00031597,A030,2025-01-11,88.7,87.3,88.7,99.1,1
Q00006580,C00030619,A029,2025-01-09,94.2,93.4,97.4,91.2,1
Q00006581,C00055956,A052,2025-02-06,95.1,95.1,95.0,85.9,1
Q00006582,C00037666,A035,2025-02-13,81.4,85.8,75.1,74.7,1
Q00006583,C00055661,A052,2025-01-16,89.2,91.1,96.1,76.8,1
Q00006584,C00036847,A034,2025-03-14,100.0,100.0,94.5,100.0,1
Q00006585,C00067087,A063,2025-01-26,86.9,86.8,87.0,71.5,1
