schedule_id,master_agent_id,schedule_date,scheduled_start,scheduled_end,scheduled_minutes,planned_lunch_start,planned_lunch_end,planned_lunch_minutes
S0000001,A001,2025-01-01,2025-01-01 07:00:00,2025-01-01 16:00:00,540,2025-01-01 11:00:00,2025-01-01 11:30:00,30
S0000002,A001,2025-01-02,2025-01-02 07:00:00,2025-01-02 16:00:00,540,2025-01-02 11:00:00,2025-01-02 11:30:00,30
S0000003,A001,2025-01-03,2025-01-03 07:00:00,2025-01-03 16:00:00,540,2025-01-03 11:00:00,2025-01-03 11:30:00,30
S0000004,A001,2025-01-06,2025-01-06 07:00:00,2025-01-06 16:00:00,540,2025-01-06 11:00:00,2025-01-06 11:30:00,30
S0000005,A001,2025-01-07,2025-01-07 07:00:00,2025-01-07 16:00:00,540,2025-01-07 11:00:00,2025-01-07 11:30:00,30
S0000006,A001,2025-01-08,2025-01-08 07:00:00,2025-01-08 16:00:00,540,2025-01-08 11:00:00,2025-01-08 11:30:00,30
S0000007,A001,2025-01-09,2025-01-09 07:00:00,2025-01-09 16:00:00,540,2025-01-09 11:00:00,2025-01-09 11:30:00,30
S0000008,A001,2025-01-10,2025-01-10 07:00:00,2025-01-10 16:00:00,540,2025-01-10 11:00:00,2025-01-10 11:30:00,30
S0000009,A001,2025-01-13,2025-01-13 07:00:00,2025-01-13 16:00:00,540,2025-01-13 11:00:00,2025-01-13 11:30:00,30
S0000010,A001,2025-01-14,2025-01-14 07:00:00,2025-01-14 16:00:00,540,2025-01-14 11:00:00,2025-01-14 11:30:00,30
S0000011,A001,2025-01-15,2025-01-15 07:00:00,2025-01-15 16:00:00,540,2025-01-15 11:00:00,2025-01-15 11:30:00,30
S0000012,A001,2025-01-16,2025-01-16 07:00:00,2025-01-16 16:00:00,540,2025-01-16 11:00:00,2025-01-16 11:30:00,30
S0000013,A001,2025-01-17,2025-01-17 07:00:00,2025-01-17 16:00:00,540,2025-01-17 11:00:00,2025-01-17 11:30:00,30
S0000014,A001,2025-01-20,2025-01-20 07:00:00,2025-01-20 16:00:00,540,2025-01-20 11:00:00,2025-01-20 11:30:00,30
S0000015,A001,2025-01-21,2025-01-21 07:00:00,2025-01-21 16:00:00,540,2025-01-21 11:00:00,2025-01-21 11:30:00,30
S0000016,A001,2025-01-22,2025-01-22 07:00:00,2025-01-22 16:00:00,540,2025-01-22 11:00:00,2025-01-22 11:30:00,30
S0000017,A001,2025-01-23,2025-01-23 07:00:00,2025-01-23 16:00:00,540,2025-01-23 11:00:00,2025-01-23 11:30:00,30
S0000018,A001,2025-01-24,2025-01-24 07:00:00,2025-01-24 16:00:00,540,2025-01-24 11:00:00,2025-01-24 11:30:00,30
S0000019,A001,2025-01-25,2025-01-25 07:00:00,2025-01-25 16:00:00,540,2025-01-25 11:00:00,2025-01-25 11:30:00,30
S0000020,A001,2025-01-26,2025-01-26 07:00:00,2025-01-26 16:00:00,540,2025-01-26 11:00:00,2025-01-26 11:30:00,30
S0000021,A001,2025-01-27,2025-01-27 07:00:00,2025-01-27 16:00:00,540,2025-01-27 11:00:00,2025-01-27 11:30:00,30
S0000022,A001,2025-01-28,2025-01-28 07:00:00,2025-01-28 16:00:00,540,2025-01-28 11:00:00,2025-01-28 11:30:00,30
S0000023,A001,2025-01-29,2025-01-29 07:00:00,2025-01-29 16:00:00,540,2025-01-29 11:00:00,2025-01-29 11:30:00,30
S0000024,A001,2025-01-31,2025-01-31 07:00:00,2025-01-31 16:00:00,540,2025-01-31 11:00:00,2025-01-31 11:30:00,30
S0000025,A001,2025-02-03,2025-02-03 07:00:00,2025-02-03 16:00:00,540,2025-02-03 11:00:00,2025-02-03 11:30:00,30
S0000026,A001,2025-02-04,2025-02-04 07:00:00,2025-02-04 16:00:00,540,2025-02-04 11:00:00,2025-02-04 11:30:00,30
S0000027,A001,2025-02-05,2025-02-05 07:00:00,2025-02-05 16:00:00,540,2025-02-05 11:00:00,2025-02-05 11:30:00,30
S0000028,A001,2025-02-06,2025-02-06 07:00:00,2025-02-06 16:00:00,540,2025-02-06 11:00:00,2025-02-06 11:30:00,30
S0000029,A001,2025-02-07,2025-02-07 07:00:00,2025-02-07 16:00:00,540,2025-02-07 11:00:00,2025-02-07 11:30:00,30
S0000030,A001,2025-02-09,2025-02-09 07:00:00,2025-02-09 16:00:00,540,2025-02-09 11:00:00,2025-02-09 11:30:00,30
S0000031,A001,2025-02-10,2025-02-10 07:00:00,2025-02-10 16:00:00,540,2025-02-10 11:00:00,2025-02-10 11:30:00,30
S0000032,A001,2025-02-11,2025-02-11 07:00:00,2025-02-11 16:00:00,540,2025-02-11 11:00:00,2025-02-11 11:30:00,30
S0000033,A001,2025-02-12,2025-02-12 07:00:00,2025-02-12 16:00:00,540,2025-02-12 11:00:00,2025-02-12 11:30:00,30
S0000034,A001,2025-02-13,2025-02-13 07:00:00,2025-02-13 16:00:00,540,2025-02-13 11:00:00,2025-02-13 11:30:00,30
S0000035,A001,2025-02-14,2025-02-14 07:00:00,2025-02-14 16:00:00,540,2025-02-14 11:00:00,2025-02-14 11:30:00,30
S0000036,A001,2025-02-17,2025-02-17 07:00:00,2025-02-17 16:00:00,540,2025-02-17 11:00:00,2025-02-17 11:30:00,30
S0000037,A001,2025-02-18,2025-02-18 07:00:00,2025-02-18 16:00:00,540,2025-02-18 11:00:00,2025-02-18 11:30:00,30
S0000038,A001,2025-02-19,2025-02-19 07:00:00,2025-02-19 16:00:00,540,2025-02-19 11:00:00,2025-02-19 11:30:00,30
S0000039,A001,2025-02-20,2025-02-20 07:00:00,2025-02-20 16:00:00,540,2025-02-20 11:00:00,2025-02-20 11:30:00,30
S0000040,A001,2025-02-21,2025-02-21 07:00:00,2025-02-21 16:00:00,540,2025-02-21 11:00:00,2025-02-21 11:30:00,30
S0000041,A001,2025-02-24,2025-02-24 07:00:00,2025-02-24 16:00:00,540,2025-02-24 11:00:00,2025-02-24 11:30:00,30
S0000042,A001,2025-02-25,2025-02-25 07:00:00,2025-02-25 16:00:00,540,2025-02-25 11:00:00,2025-02-25 11:30:00,30
S0000043,A001,2025-02-26,2025-02-26 07:00:00,2025-02-26 16:00:00,540,2025-02-26 11:00:00,2025-02-26 11:30:00,30
S0000044,A001,2025-02-27,2025-02-27 07:00:00,2025-02-27 16:00:00,540,2025-02-27 11:00:00,2025-02-27 11:30:00,30
S0000045,A001,2025-02-28,2025-02-28 07:00:00,2025-02-28 16:00:00,540,2025-02-28 11:00:00,2025-02-28 11:30:00,30
S0000046,A001,2025-03-03,2025-03-03 07:00:00,2025-03-03 16:00:00,540,2025-03-03 11:00:00,2025-03-03 11:30:00,30
S0000047,A001,2025-03-04,2025-03-04 07:00:00,2025-03-04 16:00:00,540,2025-03-04 11:00:00,2025-03-04 11:30:00,30
S0000048,A001,2025-03-05,2025-03-05 07:00:00,2025-03-05 16:00:00,540,2025-03-05 11:00:00,2025-03-05 11:30:00,30
S0000049,A001,2025-03-06,2025-03-06 07:00:00,2025-03-06 16:00:00,540,2025-03-06 11:00:00,2025-03-06 11:30:00,30
S0000050,A001,2025-03-07,2025-03-07 07:00:00,2025-03-07 16:00:00,540,2025-03-07 11:00:00,2025-03-07 11:30:00,30
S0000051,A001,2025-03-10,2025-03-10 07:00:00,2025-03-10 16:00:00,540,2025-03-10 11:00:00,2025-03-10 11:30:00,30
S0000052,A001,2025-03-11,2025-03-11 07:00:00,2025-03-11 16:00:00,540,2025-03-11 11:00:00,2025-03-11 11:30:00,30
S0000053,A001,2025-03-12,2025-03-12 07:00:00,2025-03-12 16:00:00,540,2025-03-12 11:00:00,2025-03-12 11:30:00,30
S0000054,A001,2025-03-13,2025-03-13 07:00:00,2025-03-13 16:00:00,540,2025-03-13 11:00:00,2025-03-13 11:30:00,30
S0000055,A001,2025-03-14,2025-03-14 07:00:00,2025-03-14 16:00:00,540,2025-03-14 11:00:00,2025-03-14 11:30:00,30
S0000056,A001,2025-03-15,2025-03-15 07:00:00,2025-03-15 16:00:00,540,2025-03-15 11:00:00,2025-03-15 11:30:00,30
S0000057,A001,2025-03-17,2025-03-17 07:00:00,2025-03-17 16:00:00,540,2025-03-17 11:00:00,2025-03-17 11:30:00,30
S0000058,A001,2025-03-18,2025-03-18 07:00:00,2025-03-18 16:00:00,540,2025-03-18 11:00:00,2025-03-18 11:30:00,30
S0000059,A001,2025-03-19,2025-03-19 07:00:00,2025-03-19 16:00:00,540,2025-03-19 11:00:00,2025-03-19 11:30:00,30
S0000060,A001,2025-03-20,2025-03-20 07:00:00,2025-03-20 16:00:00,540,2025-03-20 11:00:00,2025-03-20 11:30:00,30
S0000061,A001,2025-03-21,2025-03-21 07:00:00,2025-03-21 16:00:00,540,2025-03-21 11:00:00,2025-03-21 11:30:00,30
S0000062,A001,2025-03-22,2025-03-22 07:00:00,2025-03-22 16:00:00,540,2025-03-22 11:00:00,2025-03-22 11:30:00,30
S0000063,A001,2025-03-24,2025-03-24 07:00:00,2025-03-24 16:00:00,540,2025-03-24 11:00:00,2025-03-24 11:30:00,30
S0000064,A001,2025-03-25,2025-03-25 07:00:00,2025-03-25 16:00:00,540,2025-03-25 11:00:00,2025-03-25 11:30:00,30
S0000065,A001,2025-03-26,2025-03-26 07:00:00,2025-03-26 16:00:00,540,2025-03-26 11:00:00,2025-03-26 11:30:00,30
S0000066,A001,2025-03-27,2025-03-27 07:00:00,2025-03-27 16:00:00,540,2025-03-27 11:00:00,2025-03-27 11:30:00,30
S0000067,A001,2025-03-28,2025-03-28 07:00:00,2025-03-28 16:00:00,540,2025-03-28 11:00:00,2025-03-28 11:30:00,30
S0000068,A001,2025-03-31,2025-03-31 07:00:00,2025-03-31 16:00:00,540,2025-03-31 11:00:00,2025-03-31 11:30:00,30
S0000069,A002,2025-01-01,2025-01-01 07:00:00,2025-01-01 16:00:00,540,2025-01-01 11:00:00,2025-01-01 11:30:00,30
S0000070,A002,2025-01-02,2025-01-02 07:00:00,2025-01-02 16:00:00,540,2025-01-02 11:00:00,2025-01-02 11:30:00,30
S0000071,A002,2025-01-03,2025-01-03 07:00:00,2025-01-03 16:00:00,540,2025-01-03 11:00:00,2025-01-03 11:30:00,30
S0000072,A002,2025-01-04,2025-01-04 07:00:00,2025-01-04 16:00:00,540,2025-01-04 11:00:00,2025-01-04 11:30:00,30
S0000073,A002,2025-01-06,2025-01-06 07:00:00,2025-01-06 16:00:00,540,2025-01-06 11:00:00,2025-01-06 11:30:00,30
S0000074,A002,2025-01-07,2025-01-07 07:00:00,2025-01-07 16:00:00,540,2025-01-07 11:00:00,2025-01-07 11:30:00,30
S0000075,A002,2025-01-08,2025-01-08 07:00:00,2025-01-08 16:00:00,540,2025-01-08 11:00:00,2025-01-08 11:30:00,30
S0000076,A002,2025-01-09,2025-01-09 07:00:00,2025-01-09 16:00:00,540,2025-01-09 11:00:00,2025-01-09 11:30:00,30
S0000077,A002,2025-01-10,2025-01-10 07:00:00,2025-01-10 16:00:00,540,2025-01-10 11:00:00,2025-01-10 11:30:00,30
S0000078,A002,2025-01-12,2025-01-12 07:00:00,2025-01-12 16:00:00,540,2025-01-12 11:00:00,2025-01-12 11:30:00,30
S0000079,A002,2025-01-13,2025-01-13 07:00:00,2025-01-13 16:00:00,540,2025-01-13 11:00:00,2025-01-13 11:30:00,30
S0000080,A002,2025-01-14,2025-01-14 07:00:00,2025-01-14 16:00:00,540,2025-01-14 11:00:00,2025-01-14 11:30:00,30
S0000081,A002,2025-01-15,2025-01-15 07:00:00,2025-01-15 16:00:00,540,2025-01-15 11:00:00,2025-01-15 11:30:00,30
S0000082,A002,2025-01-16,2025-01-16 07:00:00,2025-01-16 16:00:00,540,2025-01-16 11:00:00,2025-01-16 11:30:00,30
S0000083,A002,2025-01-17,2025-01-17 07:00:00,2025-01-17 16:00:00,540,2025-01-17 11:00:00,2025-01-17 11:30:00,30
S0000084,A002,2025-01-18,2025-01-18 07:00:00,2025-01-18 16:00:00,540,2025-01-18 11:00:00,2025-01-18 11:30:00,30
S0000085,A002,2025-01-20,2025-01-20 07:00:00,2025-01-20 16:00:00,540,2025-01-20 11:00:00,2025-01-20 11:30:00,30
S0000086,A002,2025-01-21,2025-01-21 07:00:00,2025-01-21 16:00:00,540,2025-01-21 11:00:00,2025-01-21 11:30:00,30
S0000087,A002,2025-01-22,2025-01-22 07:00:00,2025-01-22 16:00:00,540,2025-01-22 11:00:00,2025-01-22 11:30:00,30
S0000088,A002,2025-01-23,2025-01-23 07:00:00,2025-01-23 16:00:00,540,2025-01-23 11:00:00,2025-01-23 11:30:00,30
S0000089,A002,2025-01-24,2025-01-24 07:00:00,2025-01-24 16:00:00,540,2025-01-24 11:00:00,2025-01-24 11:30:00,30
S0000090,A002,2025-01-27,2025-01-27 07:00:00,2025-01-27 16:00:00,540,2025-01-27 11:00:00,2025-01-27 11:30:00,30
S0000091,A002,2025-01-28,2025-01-28 07:00:00,2025-01-28 16:00:00,540,2025-01-28 11:00:00,2025-01-28 11:30:00,30
S0000092,A002,2025-01-29,2025-01-29 07:00:00,2025-01-29 16:00:00,540,2025-01-29 11:00:00,2025-01-29 11:30:00,30
S0000093,A002,2025-01-30,2025-01-30 07:00:00,2025-01-30 16:00:00,540,2025-01-30 11:00:00,2025-01-30 11:30:00,30
S0000094,A002,2025-01-31,2025-01-31 07:00:00,2025-01-31 16:00:00,540,2025-01-31 11:00:00,2025-01-31 11:30:00,30
S0000095,A002,2025-02-03,2025-02-03 07:00:00,2025-02-03 16:00:00,540,2025-02-03 11:00:00,2025-02-03 11:30:00,30
S0000096,A002,2025-02-04,2025-02-04 07:00:00,2025-02-04 16:00:00,540,2025-02-04 11:00:00,2025-02-04 11:30:00,30
S0000097,A002,2025-02-05,2025-02-05 07:00:00,2025-02-05 16:00:00,540,2025-02-05 11:00:00,2025-02-05 11:30:00,30
S0000098,A002,2025-02-06,2025-02-06 07:00:00,2025-02-06 16:00:00,540,2025-02-06 11:00:00,2025-02-06 11:30:00,30
S0000099,A002,2025-02-07,2025-02-07 07:00:00,2025-02-07 16:00:00,540,2025-02-07 11:00:00,2025-02-07 11:30:00,30
S0000100,A002,2025-02-10,2025-02-10 07:00:00,2025-02-10 16:00:00,540,2025-02-10 11:00:00,2025-02-10 11:30:00,30
S0000101,A002,2025-02-11,2025-02-11 07:00:00,2025-02-11 16:00:00,540,2025-02-11 11:00:00,2025-02-11 11:30:00,30
S0000102,A002,2025-02-12,2025-02-12 07:00:00,2025-02-12 16:00:00,540,2025-02-12 11:00:00,2025-02-12 11:30:00,30
S0000103,A002,2025-02-13,2025-02-13 07:00:00,2025-02-13 16:00:00,540,2025-02-13 11:00:00,2025-02-13 11:30:00,30
S0000104,A002,2025-02-14,2025-02-14 07:00:00,2025-02-14 16:00:00,540,2025-02-14 11:00:00,2025-02-14 11:30:00,30
S0000105,A002,2025-02-17,2025-02-17 07:00:00,2025-02-17 16:00:00,540,2025-02-17 11:00:00,2025-02-17 11:30:00,30
S0000106,A002,2025-02-18,2025-02-18 07:00:00,2025-02-18 16:00:00,540,2025-02-18 11:00:00,2025-02-18 11:30:00,30
S0000107,A002,2025-02-19,2025-02-19 07:00:00,2025-02-19 16:00:00,540,2025-02-19 11:00:00,2025-02-19 11:30:00,30
S0000108,A002,2025-02-20,2025-02-20 07:00:00,2025-02-20 16:00:00,540,2025-02-20 11:00:00,2025-02-20 11:30:00,30
S0000109,A002,2025-02-21,2025-02-21 07:00:00,2025-02-21 16:00:00,540,2025-02-21 11:00:00,2025-02-21 11:30:00,30
S0000110,A002,2025-02-24,2025-02-24 07:00:00,2025-02-24 16:00:00,540,2025-02-24 11:00:00,2025-02-24 11:30:00,30
S0000111,A002,2025-02-25,2025-02-25 07:00:00,2025-02-25 16:00:00,540,2025-02-25 11:00:00,2025-02-25 11:30:00,30
S0000112,A002,2025-02-26,2025-02-26 07:00:00,2025-02-26 16:00:00,540,2025-02-26 11:00:00,2025-02-26 11:30:00,30
S0000113,A002,2025-02-27,2025-02-27 07:00:00,2025-02-27 16:00:00,540,2025-02-27 11:00:00,2025-02-27 11:30:00,30
S0000114,A002,2025-02-28,2025-02-28 07:00:00,2025-02-28 16:00:00,540,2025-02-28 11:00:00,2025-02-28 11:30:00,30
S0000115,A002,2025-03-03,2025-03-03 07:00:00,2025-03-03 16:00:00,540,2025-03-03 11:00:00,2025-03-03 11:30:00,30
S0000116,A002,2025-03-04,2025-03-04 07:00:00,2025-03-04 16:00:00,540,2025-03-04 11:00:00,2025-03-04 11:30:00,30
S0000117,A002,2025-03-05,2025-03-05 07:00:00,2025-03-05 16:00:00,540,2025-03-05 11:00:00,2025-03-05 11:30:00,30
S0000118,A002,2025-03-06,2025-03-06 07:00:00,2025-03-06 16:00:00,540,2025-03-06 11:00:00,2025-03-06 11:30:00,30
S0000119,A002,2025-03-07,2025-03-07 07:00:00,2025-03-07 16:00:00,540,2025-03-07 11:00:00,2025-03-07 11:30:00,30
S0000120,A002,2025-03-10,2025-03-10 07:00:00,2025-03-10 16:00:00,540,2025-03-10 11:00:00,2025-03-10 11:30:00,30
S0000121,A002,2025-03-11,2025-03-11 07:00:00,2025-03-11 16:00:00,540,2025-03-11 11:00:00,2025-03-11 11:30:00,30
S0000122,A002,2025-03-12,2025-03-12 07:00:00,2025-03-12 16:00:00,540,2025-03-12 11:00:00,2025-03-12 11:30:00,30
S0000123,A002,2025-03-13,2025-03-13 07:00:00,2025-03-13 16:00:00,540,2025-03-13 11:00:00,2025-03-13 11:30:00,30
S0000124,A002,2025-03-14,2025-03-14 07:00:00,2025-03-14 16:00:00,540,2025-03-14 11:00:00,2025-03-14 11:30:00,30
S0000125,A002,2025-03-15,2025-03-15 07:00:00,2025-03-15 16:00:00,540,2025-03-15 11:00:00,2025-03-15 11:30:00,30
S0000126,A002,2025-03-17,2025-03-17 07:00:00,2025-03-17 16:00:00,540,2025-03-17 11:00:00,2025-03-17 11:30:00,30
S0000127,A002,2025-03-18,2025-03-18 07:00:00,2025-03-18 16:00:00,540,2025-03-18 11:00:00,2025-03-18 11:30:00,30
S0000128,A002,2025-03-19,2025-03-19 07:00:00,2025-03-19 16:00:00,540,2025-03-19 11:00:00,2025-03-19 11:30:00,30
S0000129,A002,2025-03-20,2025-03-20 07:00:00,2025-03-20 16:00:00,540,2025-03-20 11:00:00,2025-03-20 11:30:00,30
S0000130,A002,2025-03-21,2025-03-21 07:00:00,2025-03-21 16:00:00,540,2025-03-21 11:00:00,2025-03-21 11:30:00,30
S0000131,A002,2025-03-24,2025-03-24 07:00:00,2025-03-24 16:00:00,540,2025-03-24 11:00:00,2025-03-24 11:30:00,30
S0000132,A002,2025-03-25,2025-03-25 07:00:00,2025-03-25 16:00:00,540,2025-03-25 11:00:00,2025-03-25 11:30:00,30
S0000133,A002,2025-03-26,2025-03-26 07:00:00,2025-03-26 16:00:00,540,2025-03-26 11:00:00,2025-03-26 11:30:00,30
S0000134,A002,2025-03-27,2025-03-27 07:00:00,2025-03-27 16:00:00,540,2025-03-27 11:00:00,2025-03-27 11:30:00,30
S0000135,A002,2025-03-28,2025-03-28 07:00:00,2025-03-28 16:00:00,540,2025-03-28 11:00:00,2025-03-28 11:30:00,30
S0000136,A002,2025-03-31,2025-03-31 07:00:00,2025-03-31 16:00:00,540,2025-03-31 11:00:00,2025-03-31 11:30:00,30
S0000137,A003,2025-01-01,2025-01-01 09:00:00,2025-01-01 18:00:00,540,2025-01-01 13:00:00,2025-01-01 13:30:00,30
S0000138,A003,2025-01-02,2025-01-02 09:00:00,2025-01-02 18:00:00,540,2025-01-02 13:00:00,2025-01-02 13:30:00,30
S0000139,A003,2025-01-03,2025-01-03 09:00:00,2025-01-03 18:00:00,540,2025-01-03 13:00:00,2025-01-03 13:30:00,30
S0000140,A003,2025-01-05,2025-01-05 09:00:00,2025-01-05 18:00:00,540,2025-01-05 13:00:00,2025-01-05 13:30:00,30
S0000141,A003,2025-01-06,2025-01-06 09:00:00,2025-01-06 18:00:00,540,2025-01-06 13:00:00,2025-01-06 13:30:00,30
S0000142,A003,2025-01-07,2025-01-07 09:00:00,2025-01-07 18:00:00,540,2025-01-07 13:00:00,2025-01-07 13:30:00,30
S0000143,A003,2025-01-08,2025-01-08 09:00:00,2025-01-08 18:00:00,540,2025-01-08 13:00:00,2025-01-08 13:30:00,30
S0000144,A003,2025-01-09,2025-01-09 09:00:00,2025-01-09 18:00:00,540,2025-01-09 13:00:00,2025-01-09 13:30:00,30
S0000145,A003,2025-01-10,2025-01-10 09:00:00,2025-01-10 18:00:00,540,2025-01-10 13:00:00,2025-01-10 13:30:00,30
S0000146,A003,2025-01-13,2025-01-13 09:00:00,2025-01-13 18:00:00,540,2025-01-13 13:00:00,2025-01-13 13:30:00,30
S0000147,A003,2025-01-14,2025-01-14 09:00:00,2025-01-14 18:00:00,540,2025-01-14 13:00:00,2025-01-14 13:30:00,30
S0000148,A003,2025-01-15,2025-01-15 09:00:00,2025-01-15 18:00:00,540,2025-01-15 13:00:00,2025-01-15 13:30:00,30
S0000149,A003,2025-01-16,2025-01-16 09:00:00,2025-01-16 18:00:00,540,2025-01-16 13:00:00,2025-01-16 13:30:00,30
S0000150,A003,2025-01-17,2025-01-17 09:00:00,2025-01-17 18:00:00,540,2025-01-17 13:00:00,2025-01-17 13:30:00,30
S0000151,A003,2025-01-18,2025-01-18 09:00:00,2025-01-18 18:00:00,540,2025-01-18 13:00:00,2025-01-18 13:30:00,30
S0000152,A003,2025-01-20,2025-01-20 09:00:00,2025-01-20 18:00:00,540,2025-01-20 13:00:00,2025-01-20 13:30:00,30
S0000153,A003,2025-01-21,2025-01-21 09:00:00,2025-01-21 18:00:00,540,2025-01-21 13:00:00,2025-01-21 13:30:00,30
S0000154,A003,2025-01-22,2025-01-22 09:00:00,2025-01-22 18:00:00,540,2025-01-22 13:00:00,2025-01-22 13:30:00,30
S0000155,A003,2025-01-23,2025-01-23 09:00:00,2025-01-23 18:00:00,540,2025-01-23 13:00:00,2025-01-23 13:30:00,30
S0000156,A003,2025-01-24,2025-01-24 09:00:00,2025-01-24 18:00:00,540,2025-01-24 13:00:00,2025-01-24 13:30:00,30
S0000157,A003,2025-01-27,2025-01-27 09:00:00,2025-01-27 18:00:00,540,2025-01-27 13:00:00,2025-01-27 13:30:00,30
S0000158,A003,2025-01-28,2025-01-28 09:00:00,2025-01-28 18:00:00,540,2025-01-28 13:00:00,2025-01-28 13:30:00,30
S0000159,A003,2025-01-29,2025-01-29 09:00:00,2025-01-29 18:00:00,540,2025-01-29 13:00:00,2025-01-29 13:30:00,30
S0000160,A003,2025-01-31,2025-01-31 09:00:00,2025-01-31 18:00:00,540,2025-01-31 13:00:00,2025-01-31 13:30:00,30
S0000161,A003,2025-02-03,2025-02-03 09:00:00,2025-02-03 18:00:00,540,2025-02-03 13:00:00,2025-02-03 13:30:00,30
S0000162,A003,2025-02-04,2025-02-04 09:00:00,2025-02-04 18:00:00,540,2025-02-04 13:00:00,2025-02-04 13:30:00,30
S0000163,A003,2025-02-05,2025-02-05 09:00:00,2025-02-05 18:00:00,540,2025-02-05 13:00:00,2025-02-05 13:30:00,30
S0000164,A003,2025-02-06,2025-02-06 09:00:00,2025-02-06 18:00:00,540,2025-02-06 13:00:00,2025-02-06 13:30:00,30
S0000165,A003,2025-02-07,2025-02-07 09:00:00,2025-02-07 18:00:00,540,2025-02-07 13:00:00,2025-02-07 13:30:00,30
S0000166,A003,2025-02-10,2025-02-10 09:00:00,2025-02-10 18:00:00,540,2025-02-10 13:00:00,2025-02-10 13:30:00,30
S0000167,A003,2025-02-11,2025-02-11 09:00:00,2025-02-11 18:00:00,540,2025-02-11 13:00:00,2025-02-11 13:30:00,30
S0000168,A003,2025-02-12,2025-02-12 09:00:00,2025-02-12 18:00:00,540,2025-02-12 13:00:00,2025-02-12 13:30:00,30
S0000169,A003,2025-02-13,2025-02-13 09:00:00,2025-02-13 18:00:00,540,2025-02-13 13:00:00,2025-02-13 13:30:00,30
S0000170,A003,2025-02-14,2025-02-14 09:00:00,2025-02-14 18:00:00,540,2025-02-14 13:00:00,2025-02-14 13:30:00,30
S0000171,A003,2025-02-16,2025-02-16 09:00:00,2025-02-16 18:00:00,540,2025-02-16 13:00:00,2025-02-16 13:30:00,30
S0000172,A003,2025-02-18,2025-02-18 09:00:00,2025-02-18 18:00:00,540,2025-02-18 13:00:00,2025-02-18 13:30:00,30
S0000173,A003,2025-02-19,2025-02-19 09:00:00,2025-02-19 18:00:00,540,2025-02-19 13:00:00,2025-02-19 13:30:00,30
S0000174,A003,2025-02-20,2025-02-20 09:00:00,2025-02-20 18:00:00,540,2025-02-20 13:00:00,2025-02-20 13:30:00,30
S0000175,A003,2025-02-21,2025-02-21 09:00:00,2025-02-21 18:00:00,540,2025-02-21 13:00:00,2025-02-21 13:30:00,30
S0000176,A003,2025-02-24,2025-02-24 09:00:00,2025-02-24 18:00:00,540,2025-02-24 13:00:00,2025-02-24 13:30:00,30
S0000177,A003,2025-02-25,2025-02-25 09:00:00,2025-02-25 18:00:00,540,2025-02-25 13:00:00,2025-02-25 13:30:00,30
S0000178,A003,2025-02-26,2025-02-26 09:00:00,2025-02-26 18:00:00,540,2025-02-26 13:00:00,2025-02-26 13:30:00,30
S0000179,A003,2025-02-27,2025-02-27 09:00:00,2025-02-27 18:00:00,540,2025-02-27 13:00:00,2025-02-27 13:30:00,30
S0000180,A003,2025-02-28,2025-02-28 09:00:00,2025-02-28 18:00:00,540,2025-02-28 13:00:00,2025-02-28 13:30:00,30
S0000181,A003,2025-03-03,2025-03-03 09:00:00,2025-03-03 18:00:00,540,2025-03-03 13:00:00,2025-03-03 13:30:00,30
S0000182,A003,2025-03-04,2025-03-04 09:00:00,2025-03-04 18:00:00,540,2025-03-04 13:00:00,2025-03-04 13:30:00,30
S0000183,A003,2025-03-05,2025-03-05 09:00:00,2025-03-05 18:00:00,540,2025-03-05 13:00:00,2025-03-05 13:30:00,30
S0000184,A003,2025-03-06,2025-03-06 09:00:00,2025-03-06 18:00:00,540,2025-03-06 13:00:00,2025-03-06 13:30:00,30
S0000185,A003,2025-03-07,2025-03-07 09:00:00,2025-03-07 18:00:00,540,2025-03-07 13:00:00,2025-03-07 13:30:00,30
S0000186,A003,2025-03-10,2025-03-10 09:00:00,2025-03-10 18:00:00,540,2025-03-10 13:00:00,2025-03-10 13:30:00,30
S0000187,A003,2025-03-11,2025-03-11 09:00:00,2025-03-11 18:00:00,540,2025-03-11 13:00:00,2025-03-11 13:30:00,30
S0000188,A003,2025-03-12,2025-03-12 09:00:00,2025-03-12 18:00:00,540,2025-03-12 13:00:00,2025-03-12 13:30:00,30
S0000189,A003,2025-03-13,2025-03-13 09:00:00,2025-03-13 18:00:00,540,2025-03-13 13:00:00,2025-03-13 13:30:00,30
S0000190,A003,2025-03-14,2025-03-14 09:00:00,2025-03-14 18:00:00,540,2025-03-14 13:00:00,2025-03-14 13:30:00,30
S0000191,A003,2025-03-17,2025-03-17 09:00:00,2025-03-17 18:00:00,540,2025-03-17 13:00:00,2025-03-17 13:30:00,30
S0000192,A003,2025-03-18,2025-03-18 09:00:00,2025-03-18 18:00:00,540,2025-03-18 13:00:00,2025-03-18 13:30:00,30
S0000193,A003,2025-03-19,2025-03-19 09:00:00,2025-03-19 18:00:00,540,2025-03-19 13:00:00,2025-03-19 13:30:00,30
S0000194,A003,2025-03-20,2025-03-20 09:00:00,2025-03-20 18:00:00,540,2025-03-20 13:00:00,2025-03-20 13:30:00,30
S0000195,A003,2025-03-21,2025-03-21 09:00:00,2025-03-21 18:00:00,540,2025-03-21 13:00:00,2025-03-21 13:30:00,30
S0000196,A003,2025-03-22,2025-03-22 09:00:00,2025-03-22 18:00:00,540,2025-03-22 13:00:00,2025-03-22 13:30:00,30
S0000197,A003,2025-03-24,2025-03-24 09:00:00,2025-03-24 18:00:00,540,2025-03-24 13:00:00,2025-03-24 13:30:00,30
S0000198,A003,2025-03-25,2025-03-25 09:00:00,2025-03-25 18:00:00,540,2025-03-25 13:00:00,2025-03-25 13:30:00,30
S0000199,A003,2025-03-26,2025-03-26 09:00:00,2025-03-26 18:00:00,540,2025-03-26 13:00:00,2025-03-26 13:30:00,30
S0000200,A003,2025-03-27,2025-03-27 09:00:00,2025-03-27 18:00:00,540,2025-03-27 13:00:00,2025-03-27 13:30:00,30
S0000201,A003,2025-03-28,2025-03-28 09:00:00,2025-03-28 18:00:00,540,2025-03-28 13:00:00,2025-03-28 13:30:00,30
S0000202,A003,2025-03-31,2025-03-31 09:00:00,2025-03-31 18:00:00,540,2025-03-31 13:00:00,2025-03-31 13:30:00,30
S0000203,A004,2025-01-01,2025-01-01 08:00:00,2025-01-01 17:00:00,540,2025-01-01 12:00:00,2025-01-01 12:30:00,30
S0000204,A004,2025-01-02,2025-01-02 08:00:00,2025-01-02 17:00:00,540,2025-01-02 12:00:00,2025-01-02 12:30:00,30
S0000205,A004,2025-01-03,2025-01-03 08:00:00,2025-01-03 17:00:00,540,2025-01-03 12:00:00,2025-01-03 12:30:00,30
S0000206,A004,2025-01-06,2025-01-06 08:00:00,2025-01-06 17:00:00,540,2025-01-06 12:00:00,2025-01-06 12:30:00,30
S0000207,A004,2025-01-07,2025-01-07 08:00:00,2025-01-07 17:00:00,540,2025-01-07 12:00:00,2025-01-07 12:30:00,30
S0000208,A004,2025-01-08,2025-01-08 08:00:00,2025-01-08 17:00:00,540,2025-01-08 12:00:00,2025-01-08 12:30:00,30
S0000209,A004,2025-01-09,2025-01-09 08:00:00,2025-01-09 17:00:00,540,2025-01-09 12:00:00,2025-01-09 12:30:00,30
S0000210,A004,2025-01-10,2025-01-10 08:00:00,2025-01-10 17:00:00,540,2025-01-10 12:00:00,2025-01-10 12:30:00,30
S0000211,A004,2025-01-13,2025-01-13 08:00:00,2025-01-13 17:00:00,540,2025-01-13 12:00:00,2025-01-13 12:30:00,30
S0000212,A004,2025-01-14,2025-01-14 08:00:00,2025-01-14 17:00:00,540,2025-01-14 12:00:00,2025-01-14 12:30:00,30
S0000213,A004,2025-01-15,2025-01-15 08:00:00,2025-01-15 17:00:00,540,2025-01-15 12:00:00,2025-01-15 12:30:00,30
S0000214,A004,2025-01-16,2025-01-16 08:00:00,2025-01-16 17:00:00,540,2025-01-16 12:00:00,2025-01-16 12:30:00,30
S0000215,A004,2025-01-17,2025-01-17 08:00:00,2025-01-17 17:00:00,540,2025-01-17 12:00:00,2025-01-17 12:30:00,30
S0000216,A004,2025-01-18,2025-01-18 08:00:00,2025-01-18 17:00:00,540,2025-01-18 12:00:00,2025-01-18 12:30:00,30
S0000217,A004,2025-01-20,2025-01-20 08:00:00,2025-01-20 17:00:00,540,2025-01-20 12:00:00,2025-01-20 12:30:00,30
S0000218,A004,2025-01-21,2025-01-21 08:00:00,2025-01-21 17:00:00,540,2025-01-21 12:00:00,2025-01-21 12:30:00,30
S0000219,A004,2025-01-22,2025-01-22 08:00:00,2025-01-22 17:00:00,540,2025-01-22 12:00:00,2025-01-22 12:30:00,30
S0000220,A004,2025-01-23,2025-01-23 08:00:00,2025-01-23 17:00:00,540,2025-01-23 12:00:00,2025-01-23 12:30:00,30
S0000221,A004,2025-01-24,2025-01-24 08:00:00,2025-01-24 17:00:00,540,2025-01-24 12:00:00,2025-01-24 12:30:00,30
S0000222,A004,2025-01-26,2025-01-26 08:00:00,2025-01-26 17:00:00,540,2025-01-26 12:00:00,2025-01-26 12:30:00,30
S0000223,A004,2025-01-27,2025-01-27 08:00:00,2025-01-27 17:00:00,540,2025-01-27 12:00:00,2025-01-27 12:30:00,30
S0000224,A004,2025-01-28,2025-01-28 08:00:00,2025-01-28 17:00:00,540,2025-01-28 12:00:00,2025-01-28 12:30:00,30
S0000225,A004,2025-01-29,2025-01-29 08:00:00,2025-01-29 17:00:00,540,2025-01-29 12:00:00,2025-01-29 12:30:00,30
S0000226,A004,2025-01-30,2025-01-30 08:00:00,2025-01-30 17:00:00,540,2025-01-30 12:00:00,2025-01-30 12:30:00,30
S0000227,A004,2025-01-31,2025-01-31 08:00:00,2025-01-31 17:00:00,540,2025-01-31 12:00:00,2025-01-31 12:30:00,30
S0000228,A004,2025-02-03,2025-02-03 08:00:00,2025-02-03 17:00:00,540,2025-02-03 12:00:00,2025-02-03 12:30:00,30
S0000229,A004,2025-02-04,2025-02-04 08:00:00,2025-02-04 17:00:00,540,2025-02-04 12:00:00,2025-02-04 12:30:00,30
S0000230,A004,2025-02-05,2025-02-05 08:00:00,2025-02-05 17:00:00,540,2025-02-05 12:00:00,2025-02-05 12:30:00,30
S0000231,A004,2025-02-06,2025-02-06 08:00:00,2025-02-06 17:00:00,540,2025-02-06 12:00:00,2025-02-06 12:30:00,30
S0000232,A004,2025-02-07,2025-02-07 08:00:00,2025-02-07 17:00:00,540,2025-02-07 12:00:00,2025-02-07 12:30:00,30
S0000233,A004,2025-02-10,2025-02-10 08:00:00,2025-02-10 17:00:00,540,2025-02-10 12:00:00,2025-02-10 12:30:00,30
S0000234,A004,2025-02-11,2025-02-11 08:00:00,2025-02-11 17:00:00,540,2025-02-11 12:00:00,2025-02-11 12:30:00,30
S0000235,A004,2025-02-12,2025-02-12 08:00:00,2025-02-12 17:00:00,540,2025-02-12 12:00:00,2025-02-12 12:30:00,30
S0000236,A004,2025-02-13,2025-02-13 08:00:00,2025-02-13 17:00:00,540,2025-02-13 12:00:00,2025-02-13 12:30:00,30
S0000237,A004,2025-02-14,2025-02-14 08:00:00,2025-02-14 17:00:00,540,2025-02-14 12:00:00,2025-02-14 12:30:00,30
S0000238,A004,2025-02-15,2025-02-15 08:00:00,2025-02-15 17:00:00,540,2025-02-15 12:00:00,2025-02-15 12:30:00,30
S0000239,A004,2025-02-17,2025-02-17 08:00:00,2025-02-17 17:00:00,540,2025-02-17 12:00:00,2025-02-17 12:30:00,30
S0000240,A004,2025-02-18,2025-02-18 08:00:00,2025-02-18 17:00:00,540,2025-02-18 12:00:00,2025-02-18 12:30:00,30
S0000241,A004,2025-02-19,2025-02-19 08:00:00,2025-02-19 17:00:00,540,2025-02-19 12:00:00,2025-02-19 12:30:00,30
S0000242,A004,2025-02-20,2025-02-20 08:00:00,2025-02-20 17:00:00,540,2025-02-20 12:00:00,2025-02-20 12:30:00,30
S0000243,A004,2025-02-21,2025-02-21 08:00:00,2025-02-21 17:00:00,540,2025-02-21 12:00:00,2025-02-21 12:30:00,30
S0000244,A004,2025-02-24,2025-02-24 08:00:00,2025-02-24 17:00:00,540,2025-02-24 12:00:00,2025-02-24 12:30:00,30
S0000245,A004,2025-02-25,2025-02-25 08:00:00,2025-02-25 17:00:00,540,2025-02-25 12:00:00,2025-02-25 12:30:00,30
S0000246,A004,2025-02-26,2025-02-26 08:00:00,2025-02-26 17:00:00,540,2025-02-26 12:00:00,2025-02-26 12:30:00,30
S0000247,A004,2025-02-27,2025-02-27 08:00:00,2025-02-27 17:00:00,540,2025-02-27 12:00:00,2025-02-27 12:30:00,30
S0000248,A004,2025-02-28,2025-02-28 08:00:00,2025-02-28 17:00:00,540,2025-02-28 12:00:00,2025-02-28 12:30:00,30
S0000249,A004,2025-03-03,2025-03-03 08:00:00,2025-03-03 17:00:00,540,2025-03-03 12:00:00,2025-03-03 12:30:00,30
S0000250,A004,2025-03-04,2025-03-04 08:00:00,2025-03-04 17:00:00,540,2025-03-04 12:00:00,2025-03-04 12:30:00,30
S0000251,A004,2025-03-05,2025-03-05 08:00:00,2025-03-05 17:00:00,540,2025-03-05 12:00:00,2025-03-05 12:30:00,30
S0000252,A004,2025-03-06,2025-03-06 08:00:00,2025-03-06 17:00:00,540,2025-03-06 12:00:00,2025-03-06 12:30:00,30
S0000253,A004,2025-03-07,2025-03-07 08:00:00,2025-03-07 17:00:00,540,2025-03-07 12:00:00,2025-03-07 12:30:00,30
S0000254,A004,2025-03-10,2025-03-10 08:00:00,2025-03-10 17:00:00,540,2025-03-10 12:00:00,2025-03-10 12:30:00,30
S0000255,A004,2025-03-11,2025-03-11 08:00:00,2025-03-11 17:00:00,540,2025-03-11 12:00:00,2025-03-11 12:30:00,30
S0000256,A004,2025-03-13,2025-03-13 08:00:00,2025-03-13 17:00:00,540,2025-03-13 12:00:00,2025-03-13 12:30:00,30
S0000257,A004,2025-03-14,2025-03-14 08:00:00,2025-03-14 17:00:00,540,2025-03-14 12:00:00,2025-03-14 12:30:00,30
S0000258,A004,2025-03-17,2025-03-17 08:00:00,2025-03-17 17:00:00,540,2025-03-17 12:00:00,2025-03-17 12:30:00,30
S0000259,A004,2025-03-18,2025-03-18 08:00:00,2025-03-18 17:00:00,540,2025-03-18 12:00:00,2025-03-18 12:30:00,30
S0000260,A004,2025-03-19,2025-03-19 08:00:00,2025-03-19 17:00:00,540,2025-03-19 12:00:00,2025-03-19 12:30:00,30
S0000261,A004,2025-03-20,2025-03-20 08:00:00,2025-03-20 17:00:00,540,2025-03-20 12:00:00,2025-03-20 12:30:00,30
S0000262,A004,2025-03-21,2025-03-21 08:00:00,2025-03-21 17:00:00,540,2025-03-21 12:00:00,2025-03-21 12:30:00,30
S0000263,A004,2025-03-22,2025-03-22 08:00:00,2025-03-22 17:00:00,540,2025-03-22 12:00:00,2025-03-22 12:30:00,30
S0000264,A004,2025-03-24,2025-03-24 08:00:00,2025-03-24 17:00:00,540,2025-03-24 12:00:00,2025-03-24 12:30:00,30
S0000265,A004,2025-03-25,2025-03-25 08:00:00,2025-03-25 17:00:00,540,2025-03-25 12:00:00,2025-03-25 12:30:00,30
S0000266,A004,2025-03-26,2025-03-26 08:00:00,2025-03-26 17:00:00,540,2025-03-26 12:00:00,2025-03-26 12:30:00,30
S0000267,A004,2025-03-28,2025-03-28 08:00:00,2025-03-28 17:00:00,540,2025-03-28 12:00:00,2025-03-28 12:30:00,30
S0000268,A004,2025-03-31,2025-03-31 08:00:00,2025-03-31 17:00:00,540,2025-03-31 12:00:00,2025-03-31 12:30:00,30
S0000269,A005,2025-01-01,2025-01-01 08:00:00,2025-01-01 17:00:00,540,2025-01-01 12:00:00,2025-01-01 12:30:00,30
S0000270,A005,2025-01-02,2025-01-02 08:00:00,2025-01-02 17:00:00,540,2025-01-02 12:00:00,2025-01-02 12:30:00,30
S0000271,A005,2025-01-03,2025-01-03 08:00:00,2025-01-03 17:00:00,540,2025-01-03 12:00:00,2025-01-03 12:30:00,30
S0000272,A005,2025-01-06,2025-01-06 08:00:00,2025-01-06 17:00:00,540,2025-01-06 12:00:00,2025-01-06 12:30:00,30
S0000273,A005,2025-01-07,2025-01-07 08:00:00,2025-01-07 17:00:00,540,2025-01-07 12:00:00,2025-01-07 12:30:00,30
S0000274,A005,2025-01-08,2025-01-08 08:00:00,2025-01-08 17:00:00,540,2025-01-08 12:00:00,2025-01-08 12:30:00,30
S0000275,A005,2025-01-09,2025-01-09 08:00:00,2025-01-09 17:00:00,540,2025-01-09 12:00:00,2025-01-09 12:30:00,30
S0000276,A005,2025-01-10,2025-01-10 08:00:00,2025-01-10 17:00:00,540,2025-01-10 12:00:00,2025-01-10 12:30:00,30
S0000277,A005,2025-01-13,2025-01-13 08:00:00,2025-01-13 17:00:00,540,2025-01-13 12:00:00,2025-01-13 12:30:00,30
S0000278,A005,2025-01-14,2025-01-14 08:00:00,2025-01-14 17:00:00,540,2025-01-14 12:00:00,2025-01-14 12:30:00,30
S0000279,A005,2025-01-15,2025-01-15 08:00:00,2025-01-15 17:00:00,540,2025-01-15 12:00:00,2025-01-15 12:30:00,30
S0000280,A005,2025-01-16,2025-01-16 08:00:00,2025-01-16 17:00:00,540,2025-01-16 12:00:00,2025-01-16 12:30:00,30
S0000281,A005,2025-01-17,2025-01-17 08:00:00,2025-01-17 17:00:00,540,2025-01-17 12:00:00,2025-01-17 12:30:00,30
S0000282,A005,2025-01-20,2025-01-20 08:00:00,2025-01-20 17:00:00,540,2025-01-20 12:00:00,2025-01-20 12:30:00,30
S0000283,A005,2025-01-21,2025-01-21 08:00:00,2025-01-21 17:00:00,540,2025-01-21 12:00:00,2025-01-21 12:30:00,30
S0000284,A005,2025-01-22,2025-01-22 08:00:00,2025-01-22 17:00:00,540,2025-01-22 12:00:00,2025-01-22 12:30:00,30
S0000285,A005,2025-01-23,2025-01-23 08:00:00,2025-01-23 17:00:00,540,2025-01-23 12:00:00,2025-01-23 12:30:00,30
S0000286,A005,2025-01-24,2025-01-24 08:00:00,2025-01-24 17:00:00,540,2025-01-24 12:00:00,2025-01-24 12:30:00,30
S0000287,A005,2025-01-26,2025-01-26 08:00:00,2025-01-26 17:00:00,540,2025-01-26 12:00:00,2025-01-26 12:30:00,30
S0000288,A005,2025-01-27,2025-01-27 08:00:00,2025-01-27 17:00:00,540,2025-01-27 12:00:00,2025-01-27 12:30:00,30
S0000289,A005,2025-01-28,2025-01-28 08:00:00,2025-01-28 17:00:00,540,2025-01-28 12:00:00,2025-01-28 12:30:00,30
S0000290,A005,2025-01-29,2025-01-29 08:00:00,2025-01-29 17:00:00,540,2025-01-29 12:00:00,2025-01-29 12:30:00,30
S0000291,A005,2025-01-30,2025-01-30 08:00:00,2025-01-30 17:00:00,540,2025-01-30 12:00:00,2025-01-30 12:30:00,30
S0000292,A005,2025-01-31,2025-01-31 08:00:00,2025-01-31 17:00:00,540,2025-01-31 12:00:00,2025-01-31 12:30:00,30
S0000293,A005,2025-02-03,2025-02-03 08:00:00,2025-02-03 17:00:00,540,2025-02-03 12:00:00,2025-02-03 12:30:00,30
S0000294,A005,2025-02-04,2025-02-04 08:00:00,2025-02-04 17:00:00,540,2025-02-04 12:00:00,2025-02-04 12:30:00,30
S0000295,A005,2025-02-05,2025-02-05 08:00:00,2025-02-05 17:00:00,540,2025-02-05 12:00:00,2025-02-05 12:30:00,30
S0000296,A005,2025-02-06,2025-02-06 08:00:00,2025-02-06 17:00:00,540,2025-02-06 12:00:00,2025-02-06 12:30:00,30
S0000297,A005,2025-02-07,2025-02-07 08:00:00,2025-02-07 17:00:00,540,2025-02-07 12:00:00,2025-02-07 12:30:00,30
S0000298,A005,2025-02-08,2025-02-08 08:00:00,2025-02-08 17:00:00,540,2025-02-08 12:00:00,2025-02-08 12:30:00,30
S0000299,A005,2025-02-10,2025-02-10 08:00:00,2025-02-10 17:00:00,540,2025-02-10 12:00:00,2025-02-10 12:30:00,30
S0000300,A005,2025-02-11,2025-02-11 08:00:00,2025-02-11 17:00:00,540,2025-02-11 12:00:00,2025-02-11 12:30:00,30
S0000301,A005,2025-02-12,2025-02-12 08:00:00,2025-02-12 17:00:00,540,2025-02-12 12:00:00,2025-02-12 12:30:00,30
S0000302,A005,2025-02-13,2025-02-13 08:00:00,2025-02-13 17:00:00,540,2025-02-13 12:00:00,2025-02-13 12:30:00,30
S0000303,A005,2025-02-14,2025-02-14 08:00:00,2025-02-14 17:00:00,540,2025-02-14 12:00:00,2025-02-14 12:30:00,30
S0000304,A005,2025-02-17,2025-02-17 08:00:00,2025-02-17 17:00:00,540,2025-02-17 12:00:00,2025-02-17 12:30:00,30
S0000305,A005,2025-02-18,2025-02-18 08:00:00,2025-02-18 17:00:00,540,2025-02-18 12:00:00,2025-02-18 12:30:00,30
S0000306,A005,2025-02-19,2025-02-19 08:00:00,2025-02-19 17:00:00,540,2025-02-19 12:00:00,2025-02-19 12:30:00,30
S0000307,A005,2025-02-20,2025-02-20 08:00:00,2025-02-20 17:00:00,540,2025-02-20 12:00:00,2025-02-20 12:30:00,30
S0000308,A005,2025-02-21,2025-02-21 08:00:00,2025-02-21 17:00:00,540,2025-02-21 12:00:00,2025-02-21 12:30:00,30
S0000309,A005,2025-02-24,2025-02-24 08:00:00,2025-02-24 17:00:00,540,2025-02-24 12:00:00,2025-02-24 12:30:00,30
S0000310,A005,2025-02-25,2025-02-25 08:00:00,2025-02-25 17:00:00,540,2025-02-25 12:00:00,2025-02-25 12:30:00,30
S0000311,A005,2025-02-26,2025-02-26 08:00:00,2025-02-26 17:00:00,540,2025-02-26 12:00:00,2025-02-26 12:30:00,30
S0000312,A005,2025-02-27,2025-02-27 08:00:00,2025-02-27 17:00:00,540,2025-02-27 12:00:00,2025-02-27 12:30:00,30
S0000313,A005,2025-02-28,2025-02-28 08:00:00,2025-02-28 17:00:00,540,2025-02-28 12:00:00,2025-02-28 12:30:00,30
S0000314,A005,2025-03-02,2025-03-02 08:00:00,2025-03-02 17:00:00,540,2025-03-02 12:00:00,2025-03-02 12:30:00,30
S0000315,A005,2025-03-03,2025-03-03 08:00:00,2025-03-03 17:00:00,540,2025-03-03 12:00:00,2025-03-03 12:30:00,30
S0000316,A005,2025-03-04,2025-03-04 08:00:00,2025-03-04 17:00:00,540,2025-03-04 12:00:00,2025-03-04 12:30:00,30
S0000317,A005,2025-03-05,2025-03-05 08:00:00,2025-03-05 17:00:00,540,2025-03-05 12:00:00,2025-03-05 12:30:00,30
S0000318,A005,2025-03-06,2025-03-06 08:00:00,2025-03-06 17:00:00,540,2025-03-06 12:00:00,2025-03-06 12:30:00,30
S0000319,A005,2025-03-07,2025-03-07 08:00:00,2025-03-07 17:00:00,540,2025-03-07 12:00:00,2025-03-07 12:30:00,30
S0000320,A005,2025-03-08,2025-03-08 08:00:00,2025-03-08 17:00:00,540,2025-03-08 12:00:00,2025-03-08 12:30:00,30
S0000321,A005,2025-03-10,2025-03-10 08:00:00,2025-03-10 17:00:00,540,2025-03-10 12:00:00,2025-03-10 12:30:00,30
S0000322,A005,2025-03-11,2025-03-11 08:00:00,2025-03-11 17:00:00,540,2025-03-11 12:00:00,2025-03-11 12:30:00,30
S0000323,A005,2025-03-12,2025-03-12 08:00:00,2025-03-12 17:00:00,540,2025-03-12 12:00:00,2025-03-12 12:30:00,30
S0000324,A005,2025-03-13,2025-03-13 08:00:00,2025-03-13 17:00:00,540,2025-03-13 12:00:00,2025-03-13 12:30:00,30
S0000325,A005,2025-03-14,2025-03-14 08:00:00,2025-03-14 17:00:00,540,2025-03-14 12:00:00,2025-03-14 12:30:00,30
S0000326,A005,2025-03-16,2025-03-16 08:00:00,2025-03-16 17:00:00,540,2025-03-16 12:00:00,2025-03-16 12:30:00,30
S0000327,A005,2025-03-17,2025-03-17 08:00:00,2025-03-17 17:00:00,540,2025-03-17 12:00:00,2025-03-17 12:30:00,30
S0000328,A005,2025-03-18,2025-03-18 08:00:00,2025-03-18 17:00:00,540,2025-03-18 12:00:00,2025-03-18 12:30:00,30
S0000329,A005,2025-03-19,2025-03-19 08:00:00,2025-03-19 17:00:00,540,2025-03-19 12:00:00,2025-03-19 12:30:00,30
S0000330,A005,2025-03-20,2025-03-20 08:00:00,2025-03-20 17:00:00,540,2025-03-20 12:00:00,2025-03-20 12:30:00,30
S0000331,A005,2025-03-21,2025-03-21 08:00:00,2025-03-21 17:00:00,540,2025-03-21 12:00:00,2025-03-21 12:30:00,30
S0000332,A005,2025-03-24,2025-03-24 08:00:00,2025-03-24 17:00:00,540,2025-03-24 12:00:00,2025-03-24 12:30:00,30
S0000333,A005,2025-03-25,2025-03-25 08:00:00,2025-03-25 17:00:00,540,2025-03-25 12:00:00,2025-03-25 12:30:00,30
S0000334,A005,2025-03-26,2025-03-26 08:00:00,2025-03-26 17:00:00,540,2025-03-26 12:00:00,2025-03-26 12:30:00,30
S0000335,A005,2025-03-27,2025-03-27 08:00:00,2025-03-27 17:00:00,540,2025-03-27 12:00:00,2025-03-27 12:30:00,30
S0000336,A005,2025-03-28,2025-03-28 08:00:00,2025-03-28 17:00:00,540,2025-03-28 12:00:00,2025-03-28 12:30:00,30
S0000337,A005,2025-03-30,2025-03-30 08:00:00,2025-03-30 17:00:00,540,2025-03-30 12:00:00,2025-03-30 12:30:00,30
S0000338,A005,2025-03-31,2025-03-31 08:00:00,2025-03-31 17:00:00,540,2025-03-31 12:00:00,2025-03-31 12:30:00,30
S0000339,A006,2025-01-01,2025-01-01 08:00:00,2025-01-01 17:00:00,540,2025-01-01 12:00:00,2025-01-01 12:30:00,30
S0000340,A006,2025-01-02,2025-01-02 08:00:00,2025-01-02 17:00:00,540,2025-01-02 12:00:00,2025-01-02 12:30:00,30
S0000341,A006,2025-01-03,2025-01-03 08:00:00,2025-01-03 17:00:00,540,2025-01-03 12:00:00,2025-01-03 12:30:00,30
S0000342,A006,2025-01-06,2025-01-06 08:00:00,2025-01-06 17:00:00,540,2025-01-06 12:00:00,2025-01-06 12:30:00,30
S0000343,A006,2025-01-07,2025-01-07 08:00:00,2025-01-07 17:00:00,540,2025-01-07 12:00:00,2025-01-07 12:30:00,30
S0000344,A006,2025-01-08,2025-01-08 08:00:00,2025-01-08 17:00:00,540,2025-01-08 12:00:00,2025-01-08 12:30:00,30
S0000345,A006,2025-01-09,2025-01-09 08:00:00,2025-01-09 17:00:00,540,2025-01-09 12:00:00,2025-01-09 12:30:00,30
S0000346,A006,2025-01-10,2025-01-10 08:00:00,2025-01-10 17:00:00,540,2025-01-10 12:00:00,2025-01-10 12:30:00,30
S0000347,A006,2025-01-11,2025-01-11 08:00:00,2025-01-11 17:00:00,540,2025-01-11 12:00:00,2025-01-11 12:30:00,30
S0000348,A006,2025-01-13,2025-01-13 08:00:00,2025-01-13 17:00:00,540,2025-01-13 12:00:00,2025-01-13 12:30:00,30
S0000349,A006,2025-01-14,2025-01-14 08:00:00,2025-01-14 17:00:00,540,2025-01-14 12:00:00,2025-01-14 12:30:00,30
S0000350,A006,2025-01-15,2025-01-15 08:00:00,2025-01-15 17:00:00,540,2025-01-15 12:00:00,2025-01-15 12:30:00,30
S0000351,A006,2025-01-16,2025-01-16 08:00:00,2025-01-16 17:00:00,540,2025-01-16 12:00:00,2025-01-16 12:30:00,30
S0000352,A006,2025-01-17,2025-01-17 08:00:00,2025-01-17 17:00:00,540,2025-01-17 12:00:00,2025-01-17 12:30:00,30
S0000353,A006,2025-01-18,2025-01-18 08:00:00,2025-01-18 17:00:00,540,2025-01-18 12:00:00,2025-01-18 12:30:00,30
S0000354,A006,2025-01-20,2025-01-20 08:00:00,2025-01-20 17:00:00,540,2025-01-20 12:00:00,2025-01-20 12:30:00,30
S0000355,A006,2025-01-21,2025-01-21 08:00:00,2025-01-21 17:00:00,540,2025-01-21 12:00:00,2025-01-21 12:30:00,30
S0000356,A006,2025-01-22,2025-01-22 08:00:00,2025-01-22 17:00:00,540,2025-01-22 12:00:00,2025-01-22 12:30:00,30
S0000357,A006,2025-01-23,2025-01-23 08:00:00,2025-01-23 17:00:00,540,2025-01-23 12:00:00,2025-01-23 12:30:00,30
S0000358,A006,2025-01-24,2025-01-24 08:00:00,2025-01-24 17:00:00,540,2025-01-24 12:00:00,2025-01-24 12:30:00,30
S0000359,A006,2025-01-26,2025-01-26 08:00:00,2025-01-26 17:00:00,540,2025-01-26 12:00:00,2025-01-26 12:30:00,30
S0000360,A006,2025-01-27,2025-01-27 08:00:00,2025-01-27 17:00:00,540,2025-01-27 12:00:00,2025-01-27 12:30:00,30
S0000361,A006,2025-01-28,2025-01-28 08:00:00,2025-01-28 17:00:00,540,2025-01-28 12:00:00,2025-01-28 12:30:00,30
S0000362,A006,2025-01-29,2025-01-29 08:00:00,2025-01-29 17:00:00,540,2025-01-29 12:00:00,2025-01-29 12:30:00,30
S0000363,A006,2025-01-30,2025-01-30 08:00:00,2025-01-30 17:00:00,540,2025-01-30 12:00:00,2025-01-30 12:30:00,30
S0000364,A006,2025-01-31,2025-01-31 08:00:00,2025-01-31 17:00:00,540,2025-01-31 12:00:00,2025-01-31 12:30:00,30
S0000365,A006,2025-02-03,2025-02-03 08:00:00,2025-02-03 17:00:00,540,2025-02-03 12:00:00,2025-02-03 12:30:00,30
S0000366,A006,2025-02-04,2025-02-04 08:00:00,2025-02-04 17:00:00,540,2025-02-04 12:00:00,2025-02-04 12:30:00,30
S0000367,A006,2025-02-05,2025-02-05 08:00:00,2025-02-05 17:00:00,540,2025-02-05 12:00:00,2025-02-05 12:30:00,30
S0000368,A006,2025-02-06,2025-02-06 08:00:00,2025-02-06 17:00:00,540,2025-02-06 12:00:00,2025-02-06 12:30:00,30
S0000369,A006,2025-02-07,2025-02-07 08:00:00,2025-02-07 17:00:00,540,2025-02-07 12:00:00,2025-02-07 12:30:00,30
S0000370,A006,2025-02-08,2025-02-08 08:00:00,2025-02-08 17:00:00,540,2025-02-08 12:00:00,2025-02-08 12:30:00,30
S0000371,A006,2025-02-10,2025-02-10 08:00:00,2025-02-10 17:00:00,540,2025-02-10 12:00:00,2025-02-10 12:30:00,30
S0000372,A006,2025-02-11,2025-02-11 08:00:00,2025-02-11 17:00:00,540,2025-02-11 12:00:00,2025-02-11 12:30:00,30
S0000373,A006,2025-02-12,2025-02-12 08:00:00,2025-02-12 17:00:00,540,2025-02-12 12:00:00,2025-02-12 12:30:00,30
S0000374,A006,2025-02-13,2025-02-13 08:00:00,2025-02-13 17:00:00,540,2025-02-13 12:00:00,2025-02-13 12:30:00,30
S0000375,A006,2025-02-14,2025-02-14 08:00:00,2025-02-14 17:00:00,540,2025-02-14 12:00:00,2025-02-14 12:30:00,30
S0000376,A006,2025-02-15,2025-02-15 08:00:00,2025-02-15 17:00:00,540,2025-02-15 12:00:00,2025-02-15 12:30:00,30
S0000377,A006,2025-02-17,2025-02-17 08:00:00,2025-02-17 17:00:00,540,2025-02-17 12:00:00,2025-02-17 12:30:00,30
S0000378,A006,2025-02-18,2025-02-18 08:00:00,2025-02-18 17:00:00,540,2025-02-18 12:00:00,2025-02-18 12:30:00,30
S0000379,A006,2025-02-19,2025-02-19 08:00:00,2025-02-19 17:00:00,540,2025-02-19 12:00:00,2025-02-19 12:30:00,30
S0000380,A006,2025-02-20,2025-02-20 08:00:00,2025-02-20 17:00:00,540,2025-02-20 12:00:00,2025-02-20 12:30:00,30
S0000381,A006,2025-02-21,2025-02-21 08:00:00,2025-02-21 17:00:00,540,2025-02-21 12:00:00,2025-02-21 12:30:00,30
S0000382,A006,2025-02-24,2025-02-24 08:00:00,2025-02-24 17:00:00,540,2025-02-24 12:00:00,2025-02-24 12:30:00,30
S0000383,A006,2025-02-25,2025-02-25 08:00:00,2025-02-25 17:00:00,540,2025-02-25 12:00:00,2025-02-25 12:30:00,30
S0000384,A006,2025-02-26,2025-02-26 08:00:00,2025-02-26 17:00:00,540,2025-02-26 12:00:00,2025-02-26 12:30:00,30
S0000385,A006,2025-02-27,2025-02-27 08:00:00,2025-02-27 17:00:00,540,2025-02-27 12:00:00,2025-02-27 12:30:00,30
S0000386,A006,2025-02-28,2025-02-28 08:00:00,2025-02-28 17:00:00,540,2025-02-28 12:00:00,2025-02-28 12:30:00,30
S0000387,A006,2025-03-03,2025-03-03 08:00:00,2025-03-03 17:00:00,540,2025-03-03 12:00:00,2025-03-03 12:30:00,30
S0000388,A006,2025-03-04,2025-03-04 08:00:00,2025-03-04 17:00:00,540,2025-03-04 12:00:00,2025-03-04 12:30:00,30
S0000389,A006,2025-03-05,2025-03-05 08:00:00,2025-03-05 17:00:00,540,2025-03-05 12:00:00,2025-03-05 12:30:00,30
S0000390,A006,2025-03-06,2025-03-06 08:00:00,2025-03-06 17:00:00,540,2025-03-06 12:00:00,2025-03-06 12:30:00,30
S0000391,A006,2025-03-07,2025-03-07 08:00:00,2025-03-07 17:00:00,540,2025-03-07 12:00:00,2025-03-07 12:30:00,30
S0000392,A006,2025-03-10,2025-03-10 08:00:00,2025-03-10 17:00:00,540,2025-03-10 12:00:00,2025-03-10 12:30:00,30
S0000393,A006,2025-03-11,2025-03-11 08:00:00,2025-03-11 17:00:00,540,2025-03-11 12:00:00,2025-03-11 12:30:00,30
S0000394,A006,2025-03-12,2025-03-12 08:00:00,2025-03-12 17:00:00,540,2025-03-12 12:00:00,2025-03-12 12:30:00,30
S0000395,A006,2025-03-13,2025-03-13 08:00:00,2025-03-13 17:00:00,540,2025-03-13 12:00:00,2025-03-13 12:30:00,30
S0000396,A006,2025-03-14,2025-03-14 08:00:00,2025-03-14 17:00:00,540,2025-03-14 12:00:00,2025-03-14 12:30:00,30
S0000397,A006,2025-03-17,2025-03-17 08:00:00,2025-03-17 17:00:00,540,2025-03-17 12:00:00,2025-03-17 12:30:00,30
S0000398,A006,2025-03-18,2025-03-18 08:00:00,2025-03-18 17:00:00,540,2025-03-18 12:00:00,2025-03-18 12:30:00,30
S0000399,A006,2025-03-19,2025-03-19 08:00:00,2025-03-19 17:00:00,540,2025-03-19 12:00:00,2025-03-19 12:30:00,30
S0000400,A006,2025-03-20,2025-03-20 08:00:00,2025-03-20 17:00:00,540,2025-03-20 12:00:00,2025-03-20 12:30:00,30
S0000401,A006,2025-03-21,2025-03-21 08:00:00,2025-03-21 17:00:00,540,2025-03-21 12:00:00,2025-03-21 12:30:00,30
S0000402,A006,2025-03-22,2025-03-22 08:00:00,2025-03-22 17:00:00,540,2025-03-22 12:00:00,2025-03-22 12:30:00,30
S0000403,A006,2025-03-23,2025-03-23 08:00:00,2025-03-23 17:00:00,540,2025-03-23 12:00:00,2025-03-23 12:30:00,30
S0000404,A006,2025-03-24,2025-03-24 08:00:00,2025-03-24 17:00:00,540,2025-03-24 12:00:00,2025-03-24 12:30:00,30
S0000405,A006,2025-03-25,2025-03-25 08:00:00,2025-03-25 17:00:00,540,2025-03-25 12:00:00,2025-03-25 12:30:00,30
S0000406,A006,2025-03-26,2025-03-26 08:00:00,2025-03-26 17:00:00,540,2025-03-26 12:00:00,2025-03-26 12:30:00,30
S0000407,A006,2025-03-27,2025-03-27 08:00:00,2025-03-27 17:00:00,540,2025-03-27 12:00:00,2025-03-27 12:30:00,30
S0000408,A006,2025-03-28,2025-03-28 08:00:00,2025-03-28 17:00:00,540,2025-03-28 12:00:00,2025-03-28 12:30:00,30
S0000409,A006,2025-03-31,2025-03-31 08:00:00,2025-03-31 17:00:00,540,2025-03-31 12:00:00,2025-03-31 12:30:00,30
S0000410,A007,2025-01-01,2025-01-01 07:00:00,2025-01-01 16:00:00,540,2025-01-01 11:00:00,2025-01-01 11:30:00,30
S0000411,A007,2025-01-02,2025-01-02 07:00:00,2025-01-02 16:00:00,540,2025-01-02 11:00:00,2025-01-02 11:30:00,30
S0000412,A007,2025-01-03,2025-01-03 07:00:00,2025-01-03 16:00:00,540,2025-01-03 11:00:00,2025-01-03 11:30:00,30
S0000413,A007,2025-01-06,2025-01-06 07:00:00,2025-01-06 16:00:00,540,2025-01-06 11:00:00,2025-01-06 11:30:00,30
S0000414,A007,2025-01-07,2025-01-07 07:00:00,2025-01-07 16:00:00,540,2025-01-07 11:00:00,2025-01-07 11:30:00,30
S0000415,A007,2025-01-08,2025-01-08 07:00:00,2025-01-08 16:00:00,540,2025-01-08 11:00:00,2025-01-08 11:30:00,30
S0000416,A007,2025-01-09,2025-01-09 07:00:00,2025-01-09 16:00:00,540,2025-01-09 11:00:00,2025-01-09 11:30:00,30
S0000417,A007,2025-01-10,2025-01-10 07:00:00,2025-01-10 16:00:00,540,2025-01-10 11:00:00,2025-01-10 11:30:00,30
S0000418,A007,2025-01-13,2025-01-13 07:00:00,2025-01-13 16:00:00,540,2025-01-13 11:00:00,2025-01-13 11:30:00,30
S0000419,A007,2025-01-14,2025-01-14 07:00:00,2025-01-14 16:00:00,540,2025-01-14 11:00:00,2025-01-14 11:30:00,30
S0000420,A007,2025-01-15,2025-01-15 07:00:00,2025-01-15 16:00:00,540,2025-01-15 11:00:00,2025-01-15 11:30:00,30
S0000421,A007,2025-01-16,2025-01-16 07:00:00,2025-01-16 16:00:00,540,2025-01-16 11:00:00,2025-01-16 11:30:00,30
S0000422,A007,2025-01-17,2025-01-17 07:00:00,2025-01-17 16:00:00,540,2025-01-17 11:00:00,2025-01-17 11:30:00,30
S0000423,A007,2025-01-20,2025-01-20 07:00:00,2025-01-20 16:00:00,540,2025-01-20 11:00:00,2025-01-20 11:30:00,30
S0000424,A007,2025-01-21,2025-01-21 07:00:00,2025-01-21 16:00:00,540,2025-01-21 11:00:00,2025-01-21 11:30:00,30
S0000425,A007,2025-01-22,2025-01-22 07:00:00,2025-01-22 16:00:00,540,2025-01-22 11:00:00,2025-01-22 11:30:00,30
S0000426,A007,2025-01-23,2025-01-23 07:00:00,2025-01-23 16:00:00,540,2025-01-23 11:00:00,2025-01-23 11:30:00,30
S0000427,A007,2025-01-24,2025-01-24 07:00:00,2025-01-24 16:00:00,540,2025-01-24 11:00:00,2025-01-24 11:30:00,30
S0000428,A007,2025-01-27,2025-01-27 07:00:00,2025-01-27 16:00:00,540,2025-01-27 11:00:00,2025-01-27 11:30:00,30
S0000429,A007,2025-01-28,2025-01-28 07:00:00,2025-01-28 16:00:00,540,2025-01-28 11:00:00,2025-01-28 11:30:00,30
S0000430,A007,2025-01-29,2025-01-29 07:00:00,2025-01-29 16:00:00,540,2025-01-29 11:00:00,2025-01-29 11:30:00,30
S0000431,A007,2025-01-30,2025-01-30 07:00:00,2025-01-30 16:00:00,540,2025-01-30 11:00:00,2025-01-30 11:30:00,30
S0000432,A007,2025-01-31,2025-01-31 07:00:00,2025-01-31 16:00:00,540,2025-01-31 11:00:00,2025-01-31 11:30:00,30
S0000433,A007,2025-02-02,2025-02-02 07:00:00,2025-02-02 16:00:00,540,2025-02-02 11:00:00,2025-02-02 11:30:00,30
S0000434,A007,2025-02-03,2025-02-03 07:00:00,2025-02-03 16:00:00,540,2025-02-03 11:00:00,2025-02-03 11:30:00,30
S0000435,A007,2025-02-04,2025-02-04 07:00:00,2025-02-04 16:00:00,540,2025-02-04 11:00:00,2025-02-04 11:30:00,30
S0000436,A007,2025-02-05,2025-02-05 07:00:00,2025-02-05 16:00:00,540,2025-02-05 11:00:00,2025-02-05 11:30:00,30
S0000437,A007,2025-02-06,2025-02-06 07:00:00,2025-02-06 16:00:00,540,2025-02-06 11:00:00,2025-02-06 11:30:00,30
S0000438,A007,2025-02-07,2025-02-07 07:00:00,2025-02-07 16:00:00,540,2025-02-07 11:00:00,2025-02-07 11:30:00,30
S0000439,A007,2025-02-10,2025-02-10 07:00:00,2025-02-10 16:00:00,540,2025-02-10 11:00:00,2025-02-10 11:30:00,30
S0000440,A007,2025-02-11,2025-02-11 07:00:00,2025-02-11 16:00:00,540,2025-02-11 11:00:00,2025-02-11 11:30:00,30
S0000441,A007,2025-02-12,2025-02-12 07:00:00,2025-02-12 16:00:00,540,2025-02-12 11:00:00,2025-02-12 11:30:00,30
S0000442,A007,2025-02-13,2025-02-13 07:00:00,2025-02-13 16:00:00,540,2025-02-13 11:00:00,2025-02-13 11:30:00,30
S0000443,A007,2025-02-14,2025-02-14 07:00:00,2025-02-14 16:00:00,540,2025-02-14 11:00:00,2025-02-14 11:30:00,30
S0000444,A007,2025-02-17,2025-02-17 07:00:00,2025-02-17 16:00:00,540,2025-02-17 11:00:00,2025-02-17 11:30:00,30
S0000445,A007,2025-02-18,2025-02-18 07:00:00,2025-02-18 16:00:00,540,2025-02-18 11:00:00,2025-02-18 11:30:00,30
S0000446,A007,2025-02-19,2025-02-19 07:00:00,2025-02-19 16:00:00,540,2025-02-19 11:00:00,2025-02-19 11:30:00,30
S0000447,A007,2025-02-20,2025-02-20 07:00:00,2025-02-20 16:00:00,540,2025-02-20 11:00:00,2025-02-20 11:30:00,30
S0000448,A007,2025-02-21,2025-02-21 07:00:00,2025-02-21 16:00:00,540,2025-02-21 11:00:00,2025-02-21 11:30:00,30
S0000449,A007,2025-02-23,2025-02-23 07:00:00,2025-02-23 16:00:00,540,2025-02-23 11:00:00,2025-02-23 11:30:00,30
S0000450,A007,2025-02-24,2025-02-24 07:00:00,2025-02-24 16:00:00,540,2025-02-24 11:00:00,2025-02-24 11:30:00,30
S0000451,A007,2025-02-25,2025-02-25 07:00:00,2025-02-25 16:00:00,540,2025-02-25 11:00:00,2025-02-25 11:30:00,30
S0000452,A007,2025-02-26,2025-02-26 07:00:00,2025-02-26 16:00:00,540,2025-02-26 11:00:00,2025-02-26 11:30:00,30
S0000453,A007,2025-02-27,2025-02-27 07:00:00,2025-02-27 16:00:00,540,2025-02-27 11:00:00,2025-02-27 11:30:00,30
S0000454,A007,2025-02-28,2025-02-28 07:00:00,2025-02-28 16:00:00,540,2025-02-28 11:00:00,2025-02-28 11:30:00,30
S0000455,A007,2025-03-02,2025-03-02 07:00:00,2025-03-02 16:00:00,540,2025-03-02 11:00:00,2025-03-02 11:30:00,30
S0000456,A007,2025-03-03,2025-03-03 07:00:00,2025-03-03 16:00:00,540,2025-03-03 11:00:00,2025-03-03 11:30:00,30
S0000457,A007,2025-03-04,2025-03-04 07:00:00,2025-03-04 16:00:00,540,2025-03-04 11:00:00,2025-03-04 11:30:00,30
S0000458,A007,2025-03-05,2025-03-05 07:00:00,2025-03-05 16:00:00,540,2025-03-05 11:00:00,2025-03-05 11:30:00,30
S0000459,A007,2025-03-06,2025-03-06 07:00:00,2025-03-06 16:00:00,540,2025-03-06 11:00:00,2025-03-06 11:30:00,30
S0000460,A007,2025-03-07,2025-03-07 07:00:00,2025-03-07 16:00:00,540,2025-03-07 11:00:00,2025-03-07 11:30:00,30
S0000461,A007,2025-03-10,2025-03-10 07:00:00,2025-03-10 16:00:00,540,2025-03-10 11:00:00,2025-03-10 11:30:00,30
S0000462,A007,2025-03-11,2025-03-11 07:00:00,2025-03-11 16:00:00,540,2025-03-11 11:00:00,2025-03-11 11:30:00,30
S0000463,A007,2025-03-12,2025-03-12 07:00:00,2025-03-12 16:00:00,540,2025-03-12 11:00:00,2025-03-12 11:30:00,30
S0000464,A007,2025-03-13,2025-03-13 07:00:00,2025-03-13 16:00:00,540,2025-03-13 11:00:00,2025-03-13 11:30:00,30
S0000465,A007,2025-03-14,2025-03-14 07:00:00,2025-03-14 16:00:00,540,2025-03-14 11:00:00,2025-03-14 11:30:00,30
S0000466,A007,2025-03-17,2025-03-17 07:00:00,2025-03-17 16:00:00,540,2025-03-17 11:00:00,2025-03-17 11:30:00,30
S0000467,A007,2025-03-18,2025-03-18 07:00:00,2025-03-18 16:00:00,540,2025-03-18 11:00:00,2025-03-18 11:30:00,30
S0000468,A007,2025-03-19,2025-03-19 07:00:00,2025-03-19 16:00:00,540,2025-03-19 11:00:00,2025-03-19 11:30:00,30
S0000469,A007,2025-03-20,2025-03-20 07:00:00,2025-03-20 16:00:00,540,2025-03-20 11:00:00,2025-03-20 11:30:00,30
S0000470,A007,2025-03-21,2025-03-21 07:00:00,2025-03-21 16:00:00,540,2025-03-21 11:00:00,2025-03-21 11:30:00,30
S0000471,A007,2025-03-23,2025-03-23 07:00:00,2025-03-23 16:00:00,540,2025-03-23 11:00:00,2025-03-23 11:30:00,30
S0000472,A007,2025-03-24,2025-03-24 07:00:00,2025-03-24 16:00:00,540,2025-03-24 11:00:00,2025-03-24 11:30:00,30
S0000473,A007,2025-03-25,2025-03-25 07:00:00,2025-03-25 16:00:00,540,2025-03-25 11:00:00,2025-03-25 11:30:00,30
S0000474,A007,2025-03-26,2025-03-26 07:00:00,2025-03-26 16:00:00,540,2025-03-26 11:00:00,2025-03-26 11:30:00,30
S0000475,A007,2025-03-27,2025-03-27 07:00:00,2025-03-27 16:00:00,540,2025-03-27 11:00:00,2025-03-27 11:30:00,30
S0000476,A007,2025-03-28,2025-03-28 07:00:00,2025-03-28 16:00:00,540,2025-03-28 11:00:00,2025-03-28 11:30:00,30
S0000477,A007,2025-03-31,2025-03-31 07:00:00,2025-03-31 16:00:00,540,2025-03-31 11:00:00,2025-03-31 11:30:00,30
S0000478,A008,2025-01-01,2025-01-01 07:00:00,2025-01-01 16:00:00,540,2025-01-01 11:00:00,2025-01-01 11:30:00,30
S0000479,A008,2025-01-02,2025-01-02 07:00:00,2025-01-02 16:00:00,540,2025-01-02 11:00:00,2025-01-02 11:30:00,30
S0000480,A008,2025-01-03,2025-01-03 07:00:00,2025-01-03 16:00:00,540,2025-01-03 11:00:00,2025-01-03 11:30:00,30
S0000481,A008,2025-01-04,2025-01-04 07:00:00,2025-01-04 16:00:00,540,2025-01-04 11:00:00,2025-01-04 11:30:00,30
S0000482,A008,2025-01-06,2025-01-06 07:00:00,2025-01-06 16:00:00,540,2025-01-06 11:00:00,2025-01-06 11:30:00,30
S0000483,A008,2025-01-07,2025-01-07 07:00:00,2025-01-07 16:00:00,540,2025-01-07 11:00:00,2025-01-07 11:30:00,30
S0000484,A008,2025-01-08,2025-01-08 07:00:00,2025-01-08 16:00:00,540,2025-01-08 11:00:00,2025-01-08 11:30:00,30
S0000485,A008,2025-01-09,2025-01-09 07:00:00,2025-01-09 16:00:00,540,2025-01-09 11:00:00,2025-01-09 11:30:00,30
S0000486,A008,2025-01-10,2025-01-10 07:00:00,2025-01-10 16:00:00,540,2025-01-10 11:00:00,2025-01-10 11:30:00,30
S0000487,A008,2025-01-13,2025-01-13 07:00:00,2025-01-13 16:00:00,540,2025-01-13 11:00:00,2025-01-13 11:30:00,30
S0000488,A008,2025-01-14,2025-01-14 07:00:00,2025-01-14 16:00:00,540,2025-01-14 11:00:00,2025-01-14 11:30:00,30
S0000489,A008,2025-01-15,2025-01-15 07:00:00,2025-01-15 16:00:00,540,2025-01-15 11:00:00,2025-01-15 11:30:00,30
S0000490,A008,2025-01-16,2025-01-16 07:00:00,2025-01-16 16:00:00,540,2025-01-16 11:00:00,2025-01-16 11:30:00,30
S0000491,A008,2025-01-17,2025-01-17 07:00:00,2025-01-17 16:00:00,540,2025-01-17 11:00:00,2025-01-17 11:30:00,30
S0000492,A008,2025-01-18,2025-01-18 07:00:00,2025-01-18 16:00:00,540,2025-01-18 11:00:00,2025-01-18 11:30:00,30
S0000493,A008,2025-01-19,2025-01-19 07:00:00,2025-01-19 16:00:00,540,2025-01-19 11:00:00,2025-01-19 11:30:00,30
S0000494,A008,2025-01-20,2025-01-20 07:00:00,2025-01-20 16:00:00,540,2025-01-20 11:00:00,2025-01-20 11:30:00,30
S0000495,A008,2025-01-21,2025-01-21 07:00:00,2025-01-21 16:00:00,540,2025-01-21 11:00:00,2025-01-21 11:30:00,30
S0000496,A008,2025-01-22,2025-01-22 07:00:00,2025-01-22 16:00:00,540,2025-01-22 11:00:00,2025-01-22 11:30:00,30
S0000497,A008,2025-01-23,2025-01-23 07:00:00,2025-01-23 16:00:00,540,2025-01-23 11:00:00,2025-01-23 11:30:00,30
S0000498,A008,2025-01-24,2025-01-24 07:00:00,2025-01-24 16:00:00,540,2025-01-24 11:00:00,2025-01-24 11:30:00,30
S0000499,A008,2025-01-26,2025-01-26 07:00:00,2025-01-26 16:00:00,540,2025-01-26 11:00:00,2025-01-26 11:30:00,30
S0000500,A008,2025-01-27,2025-01-27 07:00:00,2025-01-27 16:00:00,540,2025-01-27 11:00:00,2025-01-27 11:30:00,30
S0000501,A008,2025-01-28,2025-01-28 07:00:00,2025-01-28 16:00:00,540,2025-01-28 11:00:00,2025-01-28 11:30:00,30
S0000502,A008,2025-01-29,2025-01-29 07:00:00,2025-01-29 16:00:00,540,2025-01-29 11:00:00,2025-01-29 11:30:00,30
S0000503,A008,2025-01-30,2025-01-30 07:00:00,2025-01-30 16:00:00,540,2025-01-30 11:00:00,2025-01-30 11:30:00,30
S0000504,A008,2025-01-31,2025-01-31 07:00:00,2025-01-31 16:00:00,540,2025-01-31 11:00:00,2025-01-31 11:30:00,30
S0000505,A008,2025-02-03,2025-02-03 07:00:00,2025-02-03 16:00:00,540,2025-02-03 11:00:00,2025-02-03 11:30:00,30
S0000506,A008,2025-02-04,2025-02-04 07:00:00,2025-02-04 16:00:00,540,2025-02-04 11:00:00,2025-02-04 11:30:00,30
S0000507,A008,2025-02-05,2025-02-05 07:00:00,2025-02-05 16:00:00,540,2025-02-05 11:00:00,2025-02-05 11:30:00,30
S0000508,A008,2025-02-06,2025-02-06 07:00:00,2025-02-06 16:00:00,540,2025-02-06 11:00:00,2025-02-06 11:30:00,30
S0000509,A008,2025-02-07,2025-02-07 07:00:00,2025-02-07 16:00:00,540,2025-02-07 11:00:00,2025-02-07 11:30:00,30
S0000510,A008,2025-02-10,2025-02-10 07:00:00,2025-02-10 16:00:00,540,2025-02-10 11:00:00,2025-02-10 11:30:00,30
S0000511,A008,2025-02-11,2025-02-11 07:00:00,2025-02-11 16:00:00,540,2025-02-11 11:00:00,2025-02-11 11:30:00,30
S0000512,A008,2025-02-12,2025-02-12 07:00:00,2025-02-12 16:00:00,540,2025-02-12 11:00:00,2025-02-12 11:30:00,30
S0000513,A008,2025-02-13,2025-02-13 07:00:00,2025-02-13 16:00:00,540,2025-02-13 11:00:00,2025-02-13 11:30:00,30
S0000514,A008,2025-02-14,2025-02-14 07:00:00,2025-02-14 16:00:00,540,2025-02-14 11:00:00,2025-02-14 11:30:00,30
S0000515,A008,2025-02-16,2025-02-16 07:00:00,2025-02-16 16:00:00,540,2025-02-16 11:00:00,2025-02-16 11:30:00,30
S0000516,A008,2025-02-17,2025-02-17 07:00:00,2025-02-17 16:00:00,540,2025-02-17 11:00:00,2025-02-17 11:30:00,30
S0000517,A008,2025-02-18,2025-02-18 07:00:00,2025-02-18 16:00:00,540,2025-02-18 11:00:00,2025-02-18 11:30:00,30
S0000518,A008,2025-02-19,2025-02-19 07:00:00,2025-02-19 16:00:00,540,2025-02-19 11:00:00,2025-02-19 11:30:00,30
S0000519,A008,2025-02-20,2025-02-20 07:00:00,2025-02-20 16:00:00,540,2025-02-20 11:00:00,2025-02-20 11:30:00,30
S0000520,A008,2025-02-21,2025-02-21 07:00:00,2025-02-21 16:00:00,540,2025-02-21 11:00:00,2025-02-21 11:30:00,30
S0000521,A008,2025-02-24,2025-02-24 07:00:00,2025-02-24 16:00:00,540,2025-02-24 11:00:00,2025-02-24 11:30:00,30
S0000522,A008,2025-02-25,2025-02-25 07:00:00,2025-02-25 16:00:00,540,2025-02-25 11:00:00,2025-02-25 11:30:00,30
S0000523,A008,2025-02-26,2025-02-26 07:00:00,2025-02-26 16:00:00,540,2025-02-26 11:00:00,2025-02-26 11:30:00,30
S0000524,A008,2025-02-27,2025-02-27 07:00:00,2025-02-27 16:00:00,540,2025-02-27 11:00:00,2025-02-27 11:30:00,30
S0000525,A008,2025-02-28,2025-02-28 07:00:00,2025-02-28 16:00:00,540,2025-02-28 11:00:00,2025-02-28 11:30:00,30
S0000526,A008,2025-03-03,2025-03-03 07:00:00,2025-03-03 16:00:00,540,2025-03-03 11:00:00,2025-03-03 11:30:00,30
S0000527,A008,2025-03-04,2025-03-04 07:00:00,2025-03-04 16:00:00,540,2025-03-04 11:00:00,2025-03-04 11:30:00,30
S0000528,A008,2025-03-05,2025-03-05 07:00:00,2025-03-05 16:00:00,540,2025-03-05 11:00:00,2025-03-05 11:30:00,30
S0000529,A008,2025-03-06,2025-03-06 07:00:00,2025-03-06 16:00:00,540,2025-03-06 11:00:00,2025-03-06 11:30:00,30
S0000530,A008,2025-03-07,2025-03-07 07:00:00,2025-03-07 16:00:00,540,2025-03-07 11:00:00,2025-03-07 11:30:00,30
S0000531,A008,2025-03-10,2025-03-10 07:00:00,2025-03-10 16:00:00,540,2025-03-10 11:00:00,2025-03-10 11:30:00,30
S0000532,A008,2025-03-11,2025-03-11 07:00:00,2025-03-11 16:00:00,540,2025-03-11 11:00:00,2025-03-11 11:30:00,30
S0000533,A008,2025-03-12,2025-03-12 07:00:00,2025-03-12 16:00:00,540,2025-03-12 11:00:00,2025-03-12 11:30:00,30
S0000534,A008,2025-03-13,2025-03-13 07:00:00,2025-03-13 16:00:00,540,2025-03-13 11:00:00,2025-03-13 11:30:00,30
S0000535,A008,2025-03-17,2025-03-17 07:00:00,2025-03-17 16:00:00,540,2025-03-17 11:00:00,2025-03-17 11:30:00,30
S0000536,A008,2025-03-18,2025-03-18 07:00:00,2025-03-18 16:00:00,540,2025-03-18 11:00:00,2025-03-18 11:30:00,30
S0000537,A008,2025-03-20,2025-03-20 07:00:00,2025-03-20 16:00:00,540,2025-03-20 11:00:00,2025-03-20 11:30:00,30
S0000538,A008,2025-03-21,2025-03-21 07:00:00,2025-03-21 16:00:00,540,2025-03-21 11:00:00,2025-03-21 11:30:00,30
S0000539,A008,2025-03-22,2025-03-22 07:00:00,2025-03-22 16:00:00,540,2025-03-22 11:00:00,2025-03-22 11:30:00,30
S0000540,A008,2025-03-24,2025-03-24 07:00:00,2025-03-24 16:00:00,540,2025-03-24 11:00:00,2025-03-24 11:30:00,30
S0000541,A008,2025-03-25,2025-03-25 07:00:00,2025-03-25 16:00:00,540,2025-03-25 11:00:00,2025-03-25 11:30:00,30
S0000542,A008,2025-03-26,2025-03-26 07:00:00,2025-03-26 16:00:00,540,2025-03-26 11:00:00,2025-03-26 11:30:00,30
S0000543,A008,2025-03-27,2025-03-27 07:00:00,2025-03-27 16:00:00,540,2025-03-27 11:00:00,2025-03-27 11:30:00,30
S0000544,A008,2025-03-28,2025-03-28 07:00:00,2025-03-28 16:00:00,540,2025-03-28 11:00:00,2025-03-28 11:30:00,30
S0000545,A008,2025-03-30,2025-03-30 07:00:00,2025-03-30 16:00:00,540,2025-03-30 11:00:00,2025-03-30 11:30:00,30
S0000546,A008,2025-03-31,2025-03-31 07:00:00,2025-03-31 16:00:00,540,2025-03-31 11:00:00,2025-03-31 11:30:00,30
S0000547,A009,2025-01-01,2025-01-01 10:00:00,2025-01-01 19:00:00,540,2025-01-01 14:00:00,2025-01-01 14:30:00,30
S0000548,A009,2025-01-02,2025-01-02 10:00:00,2025-01-02 19:00:00,540,2025-01-02 14:00:00,2025-01-02 14:30:00,30
S0000549,A009,2025-01-03,2025-01-03 10:00:00,2025-01-03 19:00:00,540,2025-01-03 14:00:00,2025-01-03 14:30:00,30
S0000550,A009,2025-01-06,2025-01-06 10:00:00,2025-01-06 19:00:00,540,2025-01-06 14:00:00,2025-01-06 14:30:00,30
S0000551,A009,2025-01-07,2025-01-07 10:00:00,2025-01-07 19:00:00,540,2025-01-07 14:00:00,2025-01-07 14:30:00,30
S0000552,A009,2025-01-08,2025-01-08 10:00:00,2025-01-08 19:00:00,540,2025-01-08 14:00:00,2025-01-08 14:30:00,30
S0000553,A009,2025-01-09,2025-01-09 10:00:00,2025-01-09 19:00:00,540,2025-01-09 14:00:00,2025-01-09 14:30:00,30
S0000554,A009,2025-01-10,2025-01-10 10:00:00,2025-01-10 19:00:00,540,2025-01-10 14:00:00,2025-01-10 14:30:00,30
S0000555,A009,2025-01-13,2025-01-13 10:00:00,2025-01-13 19:00:00,540,2025-01-13 14:00:00,2025-01-13 14:30:00,30
S0000556,A009,2025-01-14,2025-01-14 10:00:00,2025-01-14 19:00:00,540,2025-01-14 14:00:00,2025-01-14 14:30:00,30
S0000557,A009,2025-01-15,2025-01-15 10:00:00,2025-01-15 19:00:00,540,2025-01-15 14:00:00,2025-01-15 14:30:00,30
S0000558,A009,2025-01-16,2025-01-16 10:00:00,2025-01-16 19:00:00,540,2025-01-16 14:00:00,2025-01-16 14:30:00,30
S0000559,A009,2025-01-17,2025-01-17 10:00:00,2025-01-17 19:00:00,540,2025-01-17 14:00:00,2025-01-17 14:30:00,30
S0000560,A009,2025-01-20,2025-01-20 10:00:00,2025-01-20 19:00:00,540,2025-01-20 14:00:00,2025-01-20 14:30:00,30
S0000561,A009,2025-01-21,2025-01-21 10:00:00,2025-01-21 19:00:00,540,2025-01-21 14:00:00,2025-01-21 14:30:00,30
S0000562,A009,2025-01-22,2025-01-22 10:00:00,2025-01-22 19:00:00,540,2025-01-22 14:00:00,2025-01-22 14:30:00,30
S0000563,A009,2025-01-23,2025-01-23 10:00:00,2025-01-23 19:00:00,540,2025-01-23 14:00:00,2025-01-23 14:30:00,30
S0000564,A009,2025-01-24,2025-01-24 10:00:00,2025-01-24 19:00:00,540,2025-01-24 14:00:00,2025-01-24 14:30:00,30
S0000565,A009,2025-01-25,2025-01-25 10:00:00,2025-01-25 19:00:00,540,2025-01-25 14:00:00,2025-01-25 14:30:00,30
S0000566,A009,2025-01-27,2025-01-27 10:00:00,2025-01-27 19:00:00,540,2025-01-27 14:00:00,2025-01-27 14:30:00,30
S0000567,A009,2025-01-28,2025-01-28 10:00:00,2025-01-28 19:00:00,540,2025-01-28 14:00:00,2025-01-28 14:30:00,30
S0000568,A009,2025-01-29,2025-01-29 10:00:00,2025-01-29 19:00:00,540,2025-01-29 14:00:00,2025-01-29 14:30:00,30
S0000569,A009,2025-01-30,2025-01-30 10:00:00,2025-01-30 19:00:00,540,2025-01-30 14:00:00,2025-01-30 14:30:00,30
S0000570,A009,2025-01-31,2025-01-31 10:00:00,2025-01-31 19:00:00,540,2025-01-31 14:00:00,2025-01-31 14:30:00,30
S0000571,A009,2025-02-03,2025-02-03 10:00:00,2025-02-03 19:00:00,540,2025-02-03 14:00:00,2025-02-03 14:30:00,30
S0000572,A009,2025-02-04,2025-02-04 10:00:00,2025-02-04 19:00:00,540,2025-02-04 14:00:00,2025-02-04 14:30:00,30
S0000573,A009,2025-02-05,2025-02-05 10:00:00,2025-02-05 19:00:00,540,2025-02-05 14:00:00,2025-02-05 14:30:00,30
S0000574,A009,2025-02-06,2025-02-06 10:00:00,2025-02-06 19:00:00,540,2025-02-06 14:00:00,2025-02-06 14:30:00,30
S0000575,A009,2025-02-07,2025-02-07 10:00:00,2025-02-07 19:00:00,540,2025-02-07 14:00:00,2025-02-07 14:30:00,30
S0000576,A009,2025-02-10,2025-02-10 10:00:00,2025-02-10 19:00:00,540,2025-02-10 14:00:00,2025-02-10 14:30:00,30
S0000577,A009,2025-02-11,2025-02-11 10:00:00,2025-02-11 19:00:00,540,2025-02-11 14:00:00,2025-02-11 14:30:00,30
S0000578,A009,2025-02-12,2025-02-12 10:00:00,2025-02-12 19:00:00,540,2025-02-12 14:00:00,2025-02-12 14:30:00,30
S0000579,A009,2025-02-13,2025-02-13 10:00:00,2025-02-13 19:00:00,540,2025-02-13 14:00:00,2025-02-13 14:30:00,30
S0000580,A009,2025-02-14,2025-02-14 10:00:00,2025-02-14 19:00:00,540,2025-02-14 14:00:00,2025-02-14 14:30:00,30
S0000581,A009,2025-02-17,2025-02-17 10:00:00,2025-02-17 19:00:00,540,2025-02-17 14:00:00,2025-02-17 14:30:00,30
S0000582,A009,2025-02-18,2025-02-18 10:00:00,2025-02-18 19:00:00,540,2025-02-18 14:00:00,2025-02-18 14:30:00,30
S0000583,A009,2025-02-19,2025-02-19 10:00:00,2025-02-19 19:00:00,540,2025-02-19 14:00:00,2025-02-19 14:30:00,30
S0000584,A009,2025-02-20,2025-02-20 10:00:00,2025-02-20 19:00:00,540,2025-02-20 14:00:00,2025-02-20 14:30:00,30
S0000585,A009,2025-02-21,2025-02-21 10:00:00,2025-02-21 19:00:00,540,2025-02-21 14:00:00,2025-02-21 14:30:00,30
S0000586,A009,2025-02-22,2025-02-22 10:00:00,2025-02-22 19:00:00,540,2025-02-22 14:00:00,2025-02-22 14:30:00,30
S0000587,A009,2025-02-24,2025-02-24 10:00:00,2025-02-24 19:00:00,540,2025-02-24 14:00:00,2025-02-24 14:30:00,30
S0000588,A009,2025-02-25,2025-02-25 10:00:00,2025-02-25 19:00:00,540,2025-02-25 14:00:00,2025-02-25 14:30:00,30
S0000589,A009,2025-02-26,2025-02-26 10:00:00,2025-02-26 19:00:00,540,2025-02-26 14:00:00,2025-02-26 14:30:00,30
S0000590,A009,2025-02-28,2025-02-28 10:00:00,2025-02-28 19:00:00,540,2025-02-28 14:00:00,2025-02-28 14:30:00,30
S0000591,A009,2025-03-01,2025-03-01 10:00:00,2025-03-01 19:00:00,540,2025-03-01 14:00:00,2025-03-01 14:30:00,30
S0000592,A009,2025-03-03,2025-03-03 10:00:00,2025-03-03 19:00:00,540,2025-03-03 14:00:00,2025-03-03 14:30:00,30
S0000593,A009,2025-03-04,2025-03-04 10:00:00,2025-03-04 19:00:00,540,2025-03-04 14:00:00,2025-03-04 14:30:00,30
S0000594,A009,2025-03-05,2025-03-05 10:00:00,2025-03-05 19:00:00,540,2025-03-05 14:00:00,2025-03-05 14:30:00,30
S0000595,A009,2025-03-06,2025-03-06 10:00:00,2025-03-06 19:00:00,540,2025-03-06 14:00:00,2025-03-06 14:30:00,30
S0000596,A009,2025-03-07,2025-03-07 10:00:00,2025-03-07 19:00:00,540,2025-03-07 14:00:00,2025-03-07 14:30:00,30
S0000597,A009,2025-03-10,2025-03-10 10:00:00,2025-03-10 19:00:00,540,2025-03-10 14:00:00,2025-03-10 14:30:00,30
S0000598,A009,2025-03-11,2025-03-11 10:00:00,2025-03-11 19:00:00,540,2025-03-11 14:00:00,2025-03-11 14:30:00,30
S0000599,A009,2025-03-12,2025-03-12 10:00:00,2025-03-12 19:00:00,540,2025-03-12 14:00:00,2025-03-12 14:30:00,30
S0000600,A009,2025-03-13,2025-03-13 10:00:00,2025-03-13 19:00:00,540,2025-03-13 14:00:00,2025-03-13 14:30:00,30
S0000601,A009,2025-03-14,2025-03-14 10:00:00,2025-03-14 19:00:00,540,2025-03-14 14:00:00,2025-03-14 14:30:00,30
S0000602,A009,2025-03-17,2025-03-17 10:00:00,2025-03-17 19:00:00,540,2025-03-17 14:00:00,2025-03-17 14:30:00,30
S0000603,A009,2025-03-18,2025-03-18 10:00:00,2025-03-18 19:00:00,540,2025-03-18 14:00:00,2025-03-18 14:30:00,30
S0000604,A009,2025-03-19,2025-03-19 10:00:00,2025-03-19 19:00:00,540,2025-03-19 14:00:00,2025-03-19 14:30:00,30
S0000605,A009,2025-03-20,2025-03-20 10:00:00,2025-03-20 19:00:00,540,2025-03-20 14:00:00,2025-03-20 14:30:00,30
S0000606,A009,2025-03-21,2025-03-21 10:00:00,2025-03-21 19:00:00,540,2025-03-21 14:00:00,2025-03-21 14:30:00,30
S0000607,A009,2025-03-23,2025-03-23 10:00:00,2025-03-23 19:00:00,540,2025-03-23 14:00:00,2025-03-23 14:30:00,30
S0000608,A009,2025-03-24,2025-03-24 10:00:00,2025-03-24 19:00:00,540,2025-03-24 14:00:00,2025-03-24 14:30:00,30
S0000609,A009,2025-03-25,2025-03-25 10:00:00,2025-03-25 19:00:00,540,2025-03-25 14:00:00,2025-03-25 14:30:00,30
S0000610,A009,2025-03-26,2025-03-26 10:00:00,2025-03-26 19:00:00,540,2025-03-26 14:00:00,2025-03-26 14:30:00,30
S0000611,A009,2025-03-27,2025-03-27 10:00:00,2025-03-27 19:00:00,540,2025-03-27 14:00:00,2025-03-27 14:30:00,30
S0000612,A009,2025-03-28,2025-03-28 10:00:00,2025-03-28 19:00:00,540,2025-03-28 14:00:00,2025-03-28 14:30:00,30
S0000613,A009,2025-03-29,2025-03-29 10:00:00,2025-03-29 19:00:00,540,2025-03-29 14:00:00,2025-03-29 14:30:00,30
S0000614,A009,2025-03-31,2025-03-31 10:00:00,2025-03-31 19:00:00,540,2025-03-31 14:00:00,2025-03-31 14:30:00,30
S0000615,A010,2025-01-02,2025-01-02 07:00:00,2025-01-02 16:00:00,540,2025-01-02 11:00:00,2025-01-02 11:30:00,30
S0000616,A010,2025-01-03,2025-01-03 07:00:00,2025-01-03 16:00:00,540,2025-01-03 11:00:00,2025-01-03 11:30:00,30
S0000617,A010,2025-01-06,2025-01-06 07:00:00,2025-01-06 16:00:00,540,2025-01-06 11:00:00,2025-01-06 11:30:00,30
S0000618,A010,2025-01-07,2025-01-07 07:00:00,2025-01-07 16:00:00,540,2025-01-07 11:00:00,2025-01-07 11:30:00,30
S0000619,A010,2025-01-08,2025-01-08 07:00:00,2025-01-08 16:00:00,540,2025-01-08 11:00:00,2025-01-08 11:30:00,30
S0000620,A010,2025-01-09,2025-01-09 07:00:00,2025-01-09 16:00:00,540,2025-01-09 11:00:00,2025-01-09 11:30:00,30
S0000621,A010,2025-01-10,2025-01-10 07:00:00,2025-01-10 16:00:00,540,2025-01-10 11:00:00,2025-01-10 11:30:00,30
S0000622,A010,2025-01-11,2025-01-11 07:00:00,2025-01-11 16:00:00,540,2025-01-11 11:00:00,2025-01-11 11:30:00,30
S0000623,A010,2025-01-12,2025-01-12 07:00:00,2025-01-12 16:00:00,540,2025-01-12 11:00:00,2025-01-12 11:30:00,30
S0000624,A010,2025-01-14,2025-01-14 07:00:00,2025-01-14 16:00:00,540,2025-01-14 11:00:00,2025-01-14 11:30:00,30
S0000625,A010,2025-01-15,2025-01-15 07:00:00,2025-01-15 16:00:00,540,2025-01-15 11:00:00,2025-01-15 11:30:00,30
S0000626,A010,2025-01-16,2025-01-16 07:00:00,2025-01-16 16:00:00,540,2025-01-16 11:00:00,2025-01-16 11:30:00,30
S0000627,A010,2025-01-17,2025-01-17 07:00:00,2025-01-17 16:00:00,540,2025-01-17 11:00:00,2025-01-17 11:30:00,30
S0000628,A010,2025-01-20,2025-01-20 07:00:00,2025-01-20 16:00:00,540,2025-01-20 11:00:00,2025-01-20 11:30:00,30
S0000629,A010,2025-01-21,2025-01-21 07:00:00,2025-01-21 16:00:00,540,2025-01-21 11:00:00,2025-01-21 11:30:00,30
S0000630,A010,2025-01-22,2025-01-22 07:00:00,2025-01-22 16:00:00,540,2025-01-22 11:00:00,2025-01-22 11:30:00,30
S0000631,A010,2025-01-23,2025-01-23 07:00:00,2025-01-23 16:00:00,540,2025-01-23 11:00:00,2025-01-23 11:30:00,30
S0000632,A010,2025-01-24,2025-01-24 07:00:00,2025-01-24 16:00:00,540,2025-01-24 11:00:00,2025-01-24 11:30:00,30
S0000633,A010,2025-01-27,2025-01-27 07:00:00,2025-01-27 16:00:00,540,2025-01-27 11:00:00,2025-01-27 11:30:00,30
S0000634,A010,2025-01-28,2025-01-28 07:00:00,2025-01-28 16:00:00,540,2025-01-28 11:00:00,2025-01-28 11:30:00,30
S0000635,A010,2025-01-29,2025-01-29 07:00:00,2025-01-29 16:00:00,540,2025-01-29 11:00:00,2025-01-29 11:30:00,30
S0000636,A010,2025-01-30,2025-01-30 07:00:00,2025-01-30 16:00:00,540,2025-01-30 11:00:00,2025-01-30 11:30:00,30
S0000637,A010,2025-01-31,2025-01-31 07:00:00,2025-01-31 16:00:00,540,2025-01-31 11:00:00,2025-01-31 11:30:00,30
S0000638,A010,2025-02-03,2025-02-03 07:00:00,2025-02-03 16:00:00,540,2025-02-03 11:00:00,2025-02-03 11:30:00,30
S0000639,A010,2025-02-04,2025-02-04 07:00:00,2025-02-04 16:00:00,540,2025-02-04 11:00:00,2025-02-04 11:30:00,30
S0000640,A010,2025-02-05,2025-02-05 07:00:00,2025-02-05 16:00:00,540,2025-02-05 11:00:00,2025-02-05 11:30:00,30
S0000641,A010,2025-02-06,2025-02-06 07:00:00,2025-02-06 16:00:00,540,2025-02-06 11:00:00,2025-02-06 11:30:00,30
S0000642,A010,2025-02-07,2025-02-07 07:00:00,2025-02-07 16:00:00,540,2025-02-07 11:00:00,2025-02-07 11:30:00,30
S0000643,A010,2025-02-11,2025-02-11 07:00:00,2025-02-11 16:00:00,540,2025-02-11 11:00:00,2025-02-11 11:30:00,30
S0000644,A010,2025-02-12,2025-02-12 07:00:00,2025-02-12 16:00:00,540,2025-02-12 11:00:00,2025-02-12 11:30:00,30
S0000645,A010,2025-02-13,2025-02-13 07:00:00,2025-02-13 16:00:00,540,2025-02-13 11:00:00,2025-02-13 11:30:00,30
S0000646,A010,2025-02-14,2025-02-14 07:00:00,2025-02-14 16:00:00,540,2025-02-14 11:00:00,2025-02-14 11:30:00,30
S0000647,A010,2025-02-17,2025-02-17 07:00:00,2025-02-17 16:00:00,540,2025-02-17 11:00:00,2025-02-17 11:30:00,30
S0000648,A010,2025-02-18,2025-02-18 07:00:00,2025-02-18 16:00:00,540,2025-02-18 11:00:00,2025-02-18 11:30:00,30
S0000649,A010,2025-02-19,2025-02-19 07:00:00,2025-02-19 16:00:00,540,2025-02-19 11:00:00,2025-02-19 11:30:00,30
S0000650,A010,2025-02-20,2025-02-20 07:00:00,2025-02-20 16:00:00,540,2025-02-20 11:00:00,2025-02-20 11:30:00,30
S0000651,A010,2025-02-21,2025-02-21 07:00:00,2025-02-21 16:00:00,540,2025-02-21 11:00:00,2025-02-21 11:30:00,30
S0000652,A010,2025-02-22,2025-02-22 07:00:00,2025-02-22 16:00:00,540,2025-02-22 11:00:00,2025-02-22 11:30:00,30
S0000653,A010,2025-02-24,2025-02-24 07:00:00,2025-02-24 16:00:00,540,2025-02-24 11:00:00,2025-02-24 11:30:00,30
S0000654,A010,2025-02-25,2025-02-25 07:00:00,2025-02-25 16:00:00,540,2025-02-25 11:00:00,2025-02-25 11:30:00,30
S0000655,A010,2025-02-26,2025-02-26 07:00:00,2025-02-26 16:00:00,540,2025-02-26 11:00:00,2025-02-26 11:30:00,30
S0000656,A010,2025-02-27,2025-02-27 07:00:00,2025-02-27 16:00:00,540,2025-02-27 11:00:00,2025-02-27 11:30:00,30
S0000657,A010,2025-02-28,2025-02-28 07:00:00,2025-02-28 16:00:00,540,2025-02-28 11:00:00,2025-02-28 11:30:00,30
S0000658,A010,2025-03-03,2025-03-03 07:00:00,2025-03-03 16:00:00,540,2025-03-03 11:00:00,2025-03-03 11:30:00,30
S0000659,A010,2025-03-04,2025-03-04 07:00:00,2025-03-04 16:00:00,540,2025-03-04 11:00:00,2025-03-04 11:30:00,30
S0000660,A010,2025-03-05,2025-03-05 07:00:00,2025-03-05 16:00:00,540,2025-03-05 11:00:00,2025-03-05 11:30:00,30
S0000661,A010,2025-03-06,2025-03-06 07:00:00,2025-03-06 16:00:00,540,2025-03-06 11:00:00,2025-03-06 11:30:00,30
S0000662,A010,2025-03-07,2025-03-07 07:00:00,2025-03-07 16:00:00,540,2025-03-07 11:00:00,2025-03-07 11:30:00,30
S0000663,A010,2025-03-10,2025-03-10 07:00:00,2025-03-10 16:00:00,540,2025-03-10 11:00:00,2025-03-10 11:30:00,30
S0000664,A010,2025-03-11,2025-03-11 07:00:00,2025-03-11 16:00:00,540,2025-03-11 11:00:00,2025-03-11 11:30:00,30
S0000665,A010,2025-03-12,2025-03-12 07:00:00,2025-03-12 16:00:00,540,2025-03-12 11:00:00,2025-03-12 11:30:00,30
S0000666,A010,2025-03-13,2025-03-13 07:00:00,2025-03-13 16:00:00,540,2025-03-13 11:00:00,2025-03-13 11:30:00,30
S0000667,A010,2025-03-14,2025-03-14 07:00:00,2025-03-14 16:00:00,540,2025-03-14 11:00:00,2025-03-14 11:30:00,30
S0000668,A010,2025-03-15,2025-03-15 07:00:00,2025-03-15 16:00:00,540,2025-03-15 11:00:00,2025-03-15 11:30:00,30
S0000669,A010,2025-03-17,2025-03-17 07:00:00,2025-03-17 16:00:00,540,2025-03-17 11:00:00,2025-03-17 11:30:00,30
S0000670,A010,2025-03-19,2025-03-19 07:00:00,2025-03-19 16:00:00,540,2025-03-19 11:00:00,2025-03-19 11:30:00,30
S0000671,A010,2025-03-20,2025-03-20 07:00:00,2025-03-20 16:00:00,540,2025-03-20 11:00:00,2025-03-20 11:30:00,30
S0000672,A010,2025-03-21,2025-03-21 07:00:00,2025-03-21 16:00:00,540,2025-03-21 11:00:00,2025-03-21 11:30:00,30
S0000673,A010,2025-03-24,2025-03-24 07:00:00,2025-03-24 16:00:00,540,2025-03-24 11:00:00,2025-03-24 11:30:00,30
S0000674,A010,2025-03-26,2025-03-26 07:00:00,2025-03-26 16:00:00,540,2025-03-26 11:00:00,2025-03-26 11:30:00,30
S0000675,A010,2025-03-27,2025-03-27 07:00:00,2025-03-27 16:00:00,540,2025-03-27 11:00:00,2025-03-27 11:30:00,30
S0000676,A010,2025-03-28,2025-03-28 07:00:00,2025-03-28 16:00:00,540,2025-03-28 11:00:00,2025-03-28 11:30:00,30
S0000677,A010,2025-03-31,2025-03-31 07:00:00,2025-03-31 16:00:00,540,2025-03-31 11:00:00,2025-03-31 11:30:00,30
S0000678,A011,2025-01-01,2025-01-01 07:00:00,2025-01-01 16:00:00,540,2025-01-01 11:00:00,2025-01-01 11:30:00,30
S0000679,A011,2025-01-02,2025-01-02 07:00:00,2025-01-02 16:00:00,540,2025-01-02 11:00:00,2025-01-02 11:30:00,30
S0000680,A011,2025-01-03,2025-01-03 07:00:00,2025-01-03 16:00:00,540,2025-01-03 11:00:00,2025-01-03 11:30:00,30
S0000681,A011,2025-01-06,2025-01-06 07:00:00,2025-01-06 16:00:00,540,2025-01-06 11:00:00,2025-01-06 11:30:00,30
S0000682,A011,2025-01-07,2025-01-07 07:00:00,2025-01-07 16:00:00,540,2025-01-07 11:00:00,2025-01-07 11:30:00,30
S0000683,A011,2025-01-08,2025-01-08 07:00:00,2025-01-08 16:00:00,540,2025-01-08 11:00:00,2025-01-08 11:30:00,30
S0000684,A011,2025-01-09,2025-01-09 07:00:00,2025-01-09 16:00:00,540,2025-01-09 11:00:00,2025-01-09 11:30:00,30
S0000685,A011,2025-01-10,2025-01-10 07:00:00,2025-01-10 16:00:00,540,2025-01-10 11:00:00,2025-01-10 11:30:00,30
S0000686,A011,2025-01-13,2025-01-13 07:00:00,2025-01-13 16:00:00,540,2025-01-13 11:00:00,2025-01-13 11:30:00,30
S0000687,A011,2025-01-14,2025-01-14 07:00:00,2025-01-14 16:00:00,540,2025-01-14 11:00:00,2025-01-14 11:30:00,30
S0000688,A011,2025-01-15,2025-01-15 07:00:00,2025-01-15 16:00:00,540,2025-01-15 11:00:00,2025-01-15 11:30:00,30
S0000689,A011,2025-01-16,2025-01-16 07:00:00,2025-01-16 16:00:00,540,2025-01-16 11:00:00,2025-01-16 11:30:00,30
S0000690,A011,2025-01-17,2025-01-17 07:00:00,2025-01-17 16:00:00,540,2025-01-17 11:00:00,2025-01-17 11:30:00,30
S0000691,A011,2025-01-18,2025-01-18 07:00:00,2025-01-18 16:00:00,540,2025-01-18 11:00:00,2025-01-18 11:30:00,30
S0000692,A011,2025-01-21,2025-01-21 07:00:00,2025-01-21 16:00:00,540,2025-01-21 11:00:00,2025-01-21 11:30:00,30
S0000693,A011,2025-01-22,2025-01-22 07:00:00,2025-01-22 16:00:00,540,2025-01-22 11:00:00,2025-01-22 11:30:00,30
S0000694,A011,2025-01-23,2025-01-23 07:00:00,2025-01-23 16:00:00,540,2025-01-23 11:00:00,2025-01-23 11:30:00,30
S0000695,A011,2025-01-24,2025-01-24 07:00:00,2025-01-24 16:00:00,540,2025-01-24 11:00:00,2025-01-24 11:30:00,30
S0000696,A011,2025-01-26,2025-01-26 07:00:00,2025-01-26 16:00:00,540,2025-01-26 11:00:00,2025-01-26 11:30:00,30
S0000697,A011,2025-01-27,2025-01-27 07:00:00,2025-01-27 16:00:00,540,2025-01-27 11:00:00,2025-01-27 11:30:00,30
S0000698,A011,2025-01-28,2025-01-28 07:00:00,2025-01-28 16:00:00,540,2025-01-28 11:00:00,2025-01-28 11:30:00,30
S0000699,A011,2025-01-29,2025-01-29 07:00:00,2025-01-29 16:00:00,540,2025-01-29 11:00:00,2025-01-29 11:30:00,30
S0000700,A011,2025-01-30,2025-01-30 07:00:00,2025-01-30 16:00:00,540,2025-01-30 11:00:00,2025-01-30 11:30:00,30
S0000701,A011,2025-01-31,2025-01-31 07:00:00,2025-01-31 16:00:00,540,2025-01-31 11:00:00,2025-01-31 11:30:00,30
S0000702,A011,2025-02-03,2025-02-03 07:00:00,2025-02-03 16:00:00,540,2025-02-03 11:00:00,2025-02-03 11:30:00,30
S0000703,A011,2025-02-04,2025-02-04 07:00:00,2025-02-04 16:00:00,540,2025-02-04 11:00:00,2025-02-04 11:30:00,30
S0000704,A011,2025-02-05,2025-02-05 07:00:00,2025-02-05 16:00:00,540,2025-02-05 11:00:00,2025-02-05 11:30:00,30
S0000705,A011,2025-02-06,2025-02-06 07:00:00,2025-02-06 16:00:00,540,2025-02-06 11:00:00,2025-02-06 11:30:00,30
S0000706,A011,2025-02-07,2025-02-07 07:00:00,2025-02-07 16:00:00,540,2025-02-07 11:00:00,2025-02-07 11:30:00,30
S0000707,A011,2025-02-08,2025-02-08 07:00:00,2025-02-08 16:00:00,540,2025-02-08 11:00:00,2025-02-08 11:30:00,30
S0000708,A011,2025-02-10,2025-02-10 07:00:00,2025-02-10 16:00:00,540,2025-02-10 11:00:00,2025-02-10 11:30:00,30
S0000709,A011,2025-02-11,2025-02-11 07:00:00,2025-02-11 16:00:00,540,2025-02-11 11:00:00,2025-02-11 11:30:00,30
S0000710,A011,2025-02-12,2025-02-12 07:00:00,2025-02-12 16:00:00,540,2025-02-12 11:00:00,2025-02-12 11:30:00,30
S0000711,A011,2025-02-13,2025-02-13 07:00:00,2025-02-13 16:00:00,540,2025-02-13 11:00:00,2025-02-13 11:30:00,30
S0000712,A011,2025-02-14,2025-02-14 07:00:00,2025-02-14 16:00:00,540,2025-02-14 11:00:00,2025-02-14 11:30:00,30
S0000713,A011,2025-02-17,2025-02-17 07:00:00,2025-02-17 16:00:00,540,2025-02-17 11:00:00,2025-02-17 11:30:00,30
S0000714,A011,2025-02-18,2025-02-18 07:00:00,2025-02-18 16:00:00,540,2025-02-18 11:00:00,2025-02-18 11:30:00,30
S0000715,A011,2025-02-19,2025-02-19 07:00:00,2025-02-19 16:00:00,540,2025-02-19 11:00:00,2025-02-19 11:30:00,30
S0000716,A011,2025-02-20,2025-02-20 07:00:00,2025-02-20 16:00:00,540,2025-02-20 11:00:00,2025-02-20 11:30:00,30
S0000717,A011,2025-02-21,2025-02-21 07:00:00,2025-02-21 16:00:00,540,2025-02-21 11:00:00,2025-02-21 11:30:00,30
S0000718,A011,2025-02-24,2025-02-24 07:00:00,2025-02-24 16:00:00,540,2025-02-24 11:00:00,2025-02-24 11:30:00,30
S0000719,A011,2025-02-25,2025-02-25 07:00:00,2025-02-25 16:00:00,540,2025-02-25 11:00:00,2025-02-25 11:30:00,30
S0000720,A011,2025-02-26,2025-02-26 07:00:00,2025-02-26 16:00:00,540,2025-02-26 11:00:00,2025-02-26 11:30:00,30
S0000721,A011,2025-02-27,2025-02-27 07:00:00,2025-02-27 16:00:00,540,2025-02-27 11:00:00,2025-02-27 11:30:00,30
S0000722,A011,2025-02-28,2025-02-28 07:00:00,2025-02-28 16:00:00,540,2025-02-28 11:00:00,2025-02-28 11:30:00,30
S0000723,A011,2025-03-03,2025-03-03 07:00:00,2025-03-03 16:00:00,540,2025-03-03 11:00:00,2025-03-03 11:30:00,30
S0000724,A011,2025-03-04,2025-03-04 07:00:00,2025-03-04 16:00:00,540,2025-03-04 11:00:00,2025-03-04 11:30:00,30
S0000725,A011,2025-03-05,2025-03-05 07:00:00,2025-03-05 16:00:00,540,2025-03-05 11:00:00,2025-03-05 11:30:00,30
S0000726,A011,2025-03-06,2025-03-06 07:00:00,2025-03-06 16:00:00,540,2025-03-06 11:00:00,2025-03-06 11:30:00,30
S0000727,A011,2025-03-07,2025-03-07 07:00:00,2025-03-07 16:00:00,540,2025-03-07 11:00:00,2025-03-07 11:30:00,30
S0000728,A011,2025-03-09,2025-03-09 07:00:00,2025-03-09 16:00:00,540,2025-03-09 11:00:00,2025-03-09 11:30:00,30
S0000729,A011,2025-03-11,2025-03-11 07:00:00,2025-03-11 16:00:00,540,2025-03-11 11:00:00,2025-03-11 11:30:00,30
S0000730,A011,2025-03-12,2025-03-12 07:00:00,2025-03-12 16:00:00,540,2025-03-12 11:00:00,2025-03-12 11:30:00,30
S0000731,A011,2025-03-13,2025-03-13 07:00:00,2025-03-13 16:00:00,540,2025-03-13 11:00:00,2025-03-13 11:30:00,30
S0000732,A011,2025-03-14,2025-03-14 07:00:00,2025-03-14 16:00:00,540,2025-03-14 11:00:00,2025-03-14 11:30:00,30
S0000733,A011,2025-03-15,2025-03-15 07:00:00,2025-03-15 16:00:00,540,2025-03-15 11:00:00,2025-03-15 11:30:00,30
S0000734,A011,2025-03-17,2025-03-17 07:00:00,2025-03-17 16:00:00,540,2025-03-17 11:00:00,2025-03-17 11:30:00,30
S0000735,A011,2025-03-18,2025-03-18 07:00:00,2025-03-18 16:00:00,540,2025-03-18 11:00:00,2025-03-18 11:30:00,30
S0000736,A011,2025-03-19,2025-03-19 07:00:00,2025-03-19 16:00:00,540,2025-03-19 11:00:00,2025-03-19 11:30:00,30
S0000737,A011,2025-03-20,2025-03-20 07:00:00,2025-03-20 16:00:00,540,2025-03-20 11:00:00,2025-03-20 11:30:00,30
S0000738,A011,2025-03-21,2025-03-21 07:00:00,2025-03-21 16:00:00,540,2025-03-21 11:00:00,2025-03-21 11:30:00,30
S0000739,A011,2025-03-24,2025-03-24 07:00:00,2025-03-24 16:00:00,540,2025-03-24 11:00:00,2025-03-24 11:30:00,30
S0000740,A011,2025-03-25,2025-03-25 07:00:00,2025-03-25 16:00:00,540,2025-03-25 11:00:00,2025-03-25 11:30:00,30
S0000741,A011,2025-03-26,2025-03-26 07:00:00,2025-03-26 16:00:00,540,2025-03-26 11:00:00,2025-03-26 11:30:00,30
S0000742,A011,2025-03-27,2025-03-27 07:00:00,2025-03-27 16:00:00,540,2025-03-27 11:00:00,2025-03-27 11:30:00,30
S0000743,A011,2025-03-28,2025-03-28 07:00:00,2025-03-28 16:00:00,540,2025-03-28 11:00:00,2025-03-28 11:30:00,30
S0000744,A011,2025-03-31,2025-03-31 07:00:00,2025-03-31 16:00:00,540,2025-03-31 11:00:00,2025-03-31 11:30:00,30
S0000745,A012,2025-01-01,2025-01-01 07:00:00,2025-01-01 16:00:00,540,2025-01-01 11:00:00,2025-01-01 11:30:00,30
S0000746,A012,2025-01-02,2025-01-02 07:00:00,2025-01-02 16:00:00,540,2025-01-02 11:00:00,2025-01-02 11:30:00,30
S0000747,A012,2025-01-03,2025-01-03 07:00:00,2025-01-03 16:00:00,540,2025-01-03 11:00:00,2025-01-03 11:30:00,30
S0000748,A012,2025-01-06,2025-01-06 07:00:00,2025-01-06 16:00:00,540,2025-01-06 11:00:00,2025-01-06 11:30:00,30
S0000749,A012,2025-01-07,2025-01-07 07:00:00,2025-01-07 16:00:00,540,2025-01-07 11:00:00,2025-01-07 11:30:00,30
S0000750,A012,2025-01-08,2025-01-08 07:00:00,2025-01-08 16:00:00,540,2025-01-08 11:00:00,2025-01-08 11:30:00,30
S0000751,A012,2025-01-09,2025-01-09 07:00:00,2025-01-09 16:00:00,540,2025-01-09 11:00:00,2025-01-09 11:30:00,30
S0000752,A012,2025-01-10,2025-01-10 07:00:00,2025-01-10 16:00:00,540,2025-01-10 11:00:00,2025-01-10 11:30:00,30
S0000753,A012,2025-01-13,2025-01-13 07:00:00,2025-01-13 16:00:00,540,2025-01-13 11:00:00,2025-01-13 11:30:00,30
S0000754,A012,2025-01-14,2025-01-14 07:00:00,2025-01-14 16:00:00,540,2025-01-14 11:00:00,2025-01-14 11:30:00,30
S0000755,A012,2025-01-15,2025-01-15 07:00:00,2025-01-15 16:00:00,540,2025-01-15 11:00:00,2025-01-15 11:30:00,30
S0000756,A012,2025-01-16,2025-01-16 07:00:00,2025-01-16 16:00:00,540,2025-01-16 11:00:00,2025-01-16 11:30:00,30
S0000757,A012,2025-01-17,2025-01-17 07:00:00,2025-01-17 16:00:00,540,2025-01-17 11:00:00,2025-01-17 11:30:00,30
S0000758,A012,2025-01-20,2025-01-20 07:00:00,2025-01-20 16:00:00,540,2025-01-20 11:00:00,2025-01-20 11:30:00,30
S0000759,A012,2025-01-21,2025-01-21 07:00:00,2025-01-21 16:00:00,540,2025-01-21 11:00:00,2025-01-21 11:30:00,30
S0000760,A012,2025-01-22,2025-01-22 07:00:00,2025-01-22 16:00:00,540,2025-01-22 11:00:00,2025-01-22 11:30:00,30
S0000761,A012,2025-01-23,2025-01-23 07:00:00,2025-01-23 16:00:00,540,2025-01-23 11:00:00,2025-01-23 11:30:00,30
S0000762,A012,2025-01-24,2025-01-24 07:00:00,2025-01-24 16:00:00,540,2025-01-24 11:00:00,2025-01-24 11:30:00,30
S0000763,A012,2025-01-27,2025-01-27 07:00:00,2025-01-27 16:00:00,540,2025-01-27 11:00:00,2025-01-27 11:30:00,30
S0000764,A012,2025-01-28,2025-01-28 07:00:00,2025-01-28 16:00:00,540,2025-01-28 11:00:00,2025-01-28 11:30:00,30
S0000765,A012,2025-01-29,2025-01-29 07:00:00,2025-01-29 16:00:00,540,2025-01-29 11:00:00,2025-01-29 11:30:00,30
S0000766,A012,2025-01-30,2025-01-30 07:00:00,2025-01-30 16:00:00,540,2025-01-30 11:00:00,2025-01-30 11:30:00,30
S0000767,A012,2025-01-31,2025-01-31 07:00:00,2025-01-31 16:00:00,540,2025-01-31 11:00:00,2025-01-31 11:30:00,30
S0000768,A012,2025-02-01,2025-02-01 07:00:00,2025-02-01 16:00:00,540,2025-02-01 11:00:00,2025-02-01 11:30:00,30
S0000769,A012,2025-02-03,2025-02-03 07:00:00,2025-02-03 16:00:00,540,2025-02-03 11:00:00,2025-02-03 11:30:00,30
S0000770,A012,2025-02-04,2025-02-04 07:00:00,2025-02-04 16:00:00,540,2025-02-04 11:00:00,2025-02-04 11:30:00,30
S0000771,A012,2025-02-05,2025-02-05 07:00:00,2025-02-05 16:00:00,540,2025-02-05 11:00:00,2025-02-05 11:30:00,30
S0000772,A012,2025-02-06,2025-02-06 07:00:00,2025-02-06 16:00:00,540,2025-02-06 11:00:00,2025-02-06 11:30:00,30
S0000773,A012,2025-02-07,2025-02-07 07:00:00,2025-02-07 16:00:00,540,2025-02-07 11:00:00,2025-02-07 11:30:00,30
S0000774,A012,2025-02-10,2025-02-10 07:00:00,2025-02-10 16:00:00,540,2025-02-10 11:00:00,2025-02-10 11:30:00,30
S0000775,A012,2025-02-11,2025-02-11 07:00:00,2025-02-11 16:00:00,540,2025-02-11 11:00:00,2025-02-11 11:30:00,30
S0000776,A012,2025-02-12,2025-02-12 07:00:00,2025-02-12 16:00:00,540,2025-02-12 11:00:00,2025-02-12 11:30:00,30
S0000777,A012,2025-02-13,2025-02-13 07:00:00,2025-02-13 16:00:00,540,2025-02-13 11:00:00,2025-02-13 11:30:00,30
S0000778,A012,2025-02-14,2025-02-14 07:00:00,2025-02-14 16:00:00,540,2025-02-14 11:00:00,2025-02-14 11:30:00,30
S0000779,A012,2025-02-17,2025-02-17 07:00:00,2025-02-17 16:00:00,540,2025-02-17 11:00:00,2025-02-17 11:30:00,30
S0000780,A012,2025-02-18,2025-02-18 07:00:00,2025-02-18 16:00:00,540,2025-02-18 11:00:00,2025-02-18 11:30:00,30
S0000781,A012,2025-02-19,2025-02-19 07:00:00,2025-02-19 16:00:00,540,2025-02-19 11:00:00,2025-02-19 11:30:00,30
S0000782,A012,2025-02-20,2025-02-20 07:00:00,2025-02-20 16:00:00,540,2025-02-20 11:00:00,2025-02-20 11:30:00,30
S0000783,A012,2025-02-21,2025-02-21 07:00:00,2025-02-21 16:00:00,540,2025-02-21 11:00:00,2025-02-21 11:30:00,30
S0000784,A012,2025-02-24,2025-02-24 07:00:00,2025-02-24 16:00:00,540,2025-02-24 11:00:00,2025-02-24 11:30:00,30
S0000785,A012,2025-02-25,2025-02-25 07:00:00,2025-02-25 16:00:00,540,2025-02-25 11:00:00,2025-02-25 11:30:00,30
S0000786,A012,2025-02-26,2025-02-26 07:00:00,2025-02-26 16:00:00,540,2025-02-26 11:00:00,2025-02-26 11:30:00,30
S0000787,A012,2025-02-27,2025-02-27 07:00:00,2025-02-27 16:00:00,540,2025-02-27 11:00:00,2025-02-27 11:30:00,30
S0000788,A012,2025-02-28,2025-02-28 07:00:00,2025-02-28 16:00:00,540,2025-02-28 11:00:00,2025-02-28 11:30:00,30
S0000789,A012,2025-03-01,2025-03-01 07:00:00,2025-03-01 16:00:00,540,2025-03-01 11:00:00,2025-03-01 11:30:00,30
S0000790,A012,2025-03-02,2025-03-02 07:00:00,2025-03-02 16:00:00,540,2025-03-02 11:00:00,2025-03-02 11:30:00,30
S0000791,A012,2025-03-03,2025-03-03 07:00:00,2025-03-03 16:00:00,540,2025-03-03 11:00:00,2025-03-03 11:30:00,30
S0000792,A012,2025-03-04,2025-03-04 07:00:00,2025-03-04 16:00:00,540,2025-03-04 11:00:00,2025-03-04 11:30:00,30
S0000793,A012,2025-03-05,2025-03-05 07:00:00,2025-03-05 16:00:00,540,2025-03-05 11:00:00,2025-03-05 11:30:00,30
S0000794,A012,2025-03-06,2025-03-06 07:00:00,2025-03-06 16:00:00,540,2025-03-06 11:00:00,2025-03-06 11:30:00,30
S0000795,A012,2025-03-07,2025-03-07 07:00:00,2025-03-07 16:00:00,540,2025-03-07 11:00:00,2025-03-07 11:30:00,30
S0000796,A012,2025-03-10,2025-03-10 07:00:00,2025-03-10 16:00:00,540,2025-03-10 11:00:00,2025-03-10 11:30:00,30
S0000797,A012,2025-03-11,2025-03-11 07:00:00,2025-03-11 16:00:00,540,2025-03-11 11:00:00,2025-03-11 11:30:00,30
S0000798,A012,2025-03-13,2025-03-13 07:00:00,2025-03-13 16:00:00,540,2025-03-13 11:00:00,2025-03-13 11:30:00,30
S0000799,A012,2025-03-14,2025-03-14 07:00:00,2025-03-14 16:00:00,540,2025-03-14 11:00:00,2025-03-14 11:30:00,30
S0000800,A012,2025-03-17,2025-03-17 07:00:00,2025-03-17 16:00:00,540,2025-03-17 11:00:00,2025-03-17 11:30:00,30
S0000801,A012,2025-03-18,2025-03-18 07:00:00,2025-03-18 16:00:00,540,2025-03-18 11:00:00,2025-03-18 11:30:00,30
S0000802,A012,2025-03-19,2025-03-19 07:00:00,2025-03-19 16:00:00,540,2025-03-19 11:00:00,2025-03-19 11:30:00,30
S0000803,A012,2025-03-20,2025-03-20 07:00:00,2025-03-20 16:00:00,540,2025-03-20 11:00:00,2025-03-20 11:30:00,30
S0000804,A012,2025-03-21,2025-03-21 07:00:00,2025-03-21 16:00:00,540,2025-03-21 11:00:00,2025-03-21 11:30:00,30
S0000805,A012,2025-03-22,2025-03-22 07:00:00,2025-03-22 16:00:00,540,2025-03-22 11:00:00,2025-03-22 11:30:00,30
S0000806,A012,2025-03-24,2025-03-24 07:00:00,2025-03-24 16:00:00,540,2025-03-24 11:00:00,2025-03-24 11:30:00,30
S0000807,A012,2025-03-25,2025-03-25 07:00:00,2025-03-25 16:00:00,540,2025-03-25 11:00:00,2025-03-25 11:30:00,30
S0000808,A012,2025-03-26,2025-03-26 07:00:00,2025-03-26 16:00:00,540,2025-03-26 11:00:00,2025-03-26 11:30:00,30
S0000809,A012,2025-03-27,2025-03-27 07:00:00,2025-03-27 16:00:00,540,2025-03-27 11:00:00,2025-03-27 11:30:00,30
S0000810,A012,2025-03-28,2025-03-28 07:00:00,2025-03-28 16:00:00,540,2025-03-28 11:00:00,2025-03-28 11:30:00,30
S0000811,A012,2025-03-31,2025-03-31 07:00:00,2025-03-31 16:00:00,540,2025-03-31 11:00:00,2025-03-31 11:30:00,30
S0000812,A013,2025-01-01,2025-01-01 08:00:00,2025-01-01 17:00:00,540,2025-01-01 12:00:00,2025-01-01 12:30:00,30
S0000813,A013,2025-01-02,2025-01-02 08:00:00,2025-01-02 17:00:00,540,2025-01-02 12:00:00,2025-01-02 12:30:00,30
S0000814,A013,2025-01-06,2025-01-06 08:00:00,2025-01-06 17:00:00,540,2025-01-06 12:00:00,2025-01-06 12:30:00,30
S0000815,A013,2025-01-07,2025-01-07 08:00:00,2025-01-07 17:00:00,540,2025-01-07 12:00:00,2025-01-07 12:30:00,30
S0000816,A013,2025-01-08,2025-01-08 08:00:00,2025-01-08 17:00:00,540,2025-01-08 12:00:00,2025-01-08 12:30:00,30
S0000817,A013,2025-01-09,2025-01-09 08:00:00,2025-01-09 17:00:00,540,2025-01-09 12:00:00,2025-01-09 12:30:00,30
S0000818,A013,2025-01-10,2025-01-10 08:00:00,2025-01-10 17:00:00,540,2025-01-10 12:00:00,2025-01-10 12:30:00,30
S0000819,A013,2025-01-13,2025-01-13 08:00:00,2025-01-13 17:00:00,540,2025-01-13 12:00:00,2025-01-13 12:30:00,30
S0000820,A013,2025-01-14,2025-01-14 08:00:00,2025-01-14 17:00:00,540,2025-01-14 12:00:00,2025-01-14 12:30:00,30
S0000821,A013,2025-01-15,2025-01-15 08:00:00,2025-01-15 17:00:00,540,2025-01-15 12:00:00,2025-01-15 12:30:00,30
S0000822,A013,2025-01-16,2025-01-16 08:00:00,2025-01-16 17:00:00,540,2025-01-16 12:00:00,2025-01-16 12:30:00,30
S0000823,A013,2025-01-17,2025-01-17 08:00:00,2025-01-17 17:00:00,540,2025-01-17 12:00:00,2025-01-17 12:30:00,30
S0000824,A013,2025-01-20,2025-01-20 08:00:00,2025-01-20 17:00:00,540,2025-01-20 12:00:00,2025-01-20 12:30:00,30
S0000825,A013,2025-01-21,2025-01-21 08:00:00,2025-01-21 17:00:00,540,2025-01-21 12:00:00,2025-01-21 12:30:00,30
S0000826,A013,2025-01-22,2025-01-22 08:00:00,2025-01-22 17:00:00,540,2025-01-22 12:00:00,2025-01-22 12:30:00,30
S0000827,A013,2025-01-23,2025-01-23 08:00:00,2025-01-23 17:00:00,540,2025-01-23 12:00:00,2025-01-23 12:30:00,30
S0000828,A013,2025-01-24,2025-01-24 08:00:00,2025-01-24 17:00:00,540,2025-01-24 12:00:00,2025-01-24 12:30:00,30
S0000829,A013,2025-01-25,2025-01-25 08:00:00,2025-01-25 17:00:00,540,2025-01-25 12:00:00,2025-01-25 12:30:00,30
S0000830,A013,2025-01-27,2025-01-27 08:00:00,2025-01-27 17:00:00,540,2025-01-27 12:00:00,2025-01-27 12:30:00,30
S0000831,A013,2025-01-28,2025-01-28 08:00:00,2025-01-28 17:00:00,540,2025-01-28 12:00:00,2025-01-28 12:30:00,30
S0000832,A013,2025-01-29,2025-01-29 08:00:00,2025-01-29 17:00:00,540,2025-01-29 12:00:00,2025-01-29 12:30:00,30
S0000833,A013,2025-01-30,2025-01-30 08:00:00,2025-01-30 17:00:00,540,2025-01-30 12:00:00,2025-01-30 12:30:00,30
S0000834,A013,2025-01-31,2025-01-31 08:00:00,2025-01-31 17:00:00,540,2025-01-31 12:00:00,2025-01-31 12:30:00,30
S0000835,A013,2025-02-03,2025-02-03 08:00:00,2025-02-03 17:00:00,540,2025-02-03 12:00:00,2025-02-03 12:30:00,30
S0000836,A013,2025-02-04,2025-02-04 08:00:00,2025-02-04 17:00:00,540,2025-02-04 12:00:00,2025-02-04 12:30:00,30
S0000837,A013,2025-02-05,2025-02-05 08:00:00,2025-02-05 17:00:00,540,2025-02-05 12:00:00,2025-02-05 12:30:00,30
S0000838,A013,2025-02-06,2025-02-06 08:00:00,2025-02-06 17:00:00,540,2025-02-06 12:00:00,2025-02-06 12:30:00,30
S0000839,A013,2025-02-07,2025-02-07 08:00:00,2025-02-07 17:00:00,540,2025-02-07 12:00:00,2025-02-07 12:30:00,30
S0000840,A013,2025-02-10,2025-02-10 08:00:00,2025-02-10 17:00:00,540,2025-02-10 12:00:00,2025-02-10 12:30:00,30
S0000841,A013,2025-02-11,2025-02-11 08:00:00,2025-02-11 17:00:00,540,2025-02-11 12:00:00,2025-02-11 12:30:00,30
S0000842,A013,2025-02-12,2025-02-12 08:00:00,2025-02-12 17:00:00,540,2025-02-12 12:00:00,2025-02-12 12:30:00,30
S0000843,A013,2025-02-13,2025-02-13 08:00:00,2025-02-13 17:00:00,540,2025-02-13 12:00:00,2025-02-13 12:30:00,30
S0000844,A013,2025-02-16,2025-02-16 08:00:00,2025-02-16 17:00:00,540,2025-02-16 12:00:00,2025-02-16 12:30:00,30
S0000845,A013,2025-02-17,2025-02-17 08:00:00,2025-02-17 17:00:00,540,2025-02-17 12:00:00,2025-02-17 12:30:00,30
S0000846,A013,2025-02-18,2025-02-18 08:00:00,2025-02-18 17:00:00,540,2025-02-18 12:00:00,2025-02-18 12:30:00,30
S0000847,A013,2025-02-19,2025-02-19 08:00:00,2025-02-19 17:00:00,540,2025-02-19 12:00:00,2025-02-19 12:30:00,30
S0000848,A013,2025-02-20,2025-02-20 08:00:00,2025-02-20 17:00:00,540,2025-02-20 12:00:00,2025-02-20 12:30:00,30
S0000849,A013,2025-02-21,2025-02-21 08:00:00,2025-02-21 17:00:00,540,2025-02-21 12:00:00,2025-02-21 12:30:00,30
S0000850,A013,2025-02-24,2025-02-24 08:00:00,2025-02-24 17:00:00,540,2025-02-24 12:00:00,2025-02-24 12:30:00,30
S0000851,A013,2025-02-25,2025-02-25 08:00:00,2025-02-25 17:00:00,540,2025-02-25 12:00:00,2025-02-25 12:30:00,30
S0000852,A013,2025-02-26,2025-02-26 08:00:00,2025-02-26 17:00:00,540,2025-02-26 12:00:00,2025-02-26 12:30:00,30
S0000853,A013,2025-02-27,2025-02-27 08:00:00,2025-02-27 17:00:00,540,2025-02-27 12:00:00,2025-02-27 12:30:00,30
S0000854,A013,2025-02-28,2025-02-28 08:00:00,2025-02-28 17:00:00,540,2025-02-28 12:00:00,2025-02-28 12:30:00,30
S0000855,A013,2025-03-03,2025-03-03 08:00:00,2025-03-03 17:00:00,540,2025-03-03 12:00:00,2025-03-03 12:30:00,30
S0000856,A013,2025-03-04,2025-03-04 08:00:00,2025-03-04 17:00:00,540,2025-03-04 12:00:00,2025-03-04 12:30:00,30
S0000857,A013,2025-03-05,2025-03-05 08:00:00,2025-03-05 17:00:00,540,2025-03-05 12:00:00,2025-03-05 12:30:00,30
S0000858,A013,2025-03-06,2025-03-06 08:00:00,2025-03-06 17:00:00,540,2025-03-06 12:00:00,2025-03-06 12:30:00,30
S0000859,A013,2025-03-07,2025-03-07 08:00:00,2025-03-07 17:00:00,540,2025-03-07 12:00:00,2025-03-07 12:30:00,30
S0000860,A013,2025-03-09,2025-03-09 08:00:00,2025-03-09 17:00:00,540,2025-03-09 12:00:00,2025-03-09 12:30:00,30
S0000861,A013,2025-03-10,2025-03-10 08:00:00,2025-03-10 17:00:00,540,2025-03-10 12:00:00,2025-03-10 12:30:00,30
S0000862,A013,2025-03-11,2025-03-11 08:00:00,2025-03-11 17:00:00,540,2025-03-11 12:00:00,2025-03-11 12:30:00,30
S0000863,A013,2025-03-12,2025-03-12 08:00:00,2025-03-12 17:00:00,540,2025-03-12 12:00:00,2025-03-12 12:30:00,30
S0000864,A013,2025-03-13,2025-03-13 08:00:00,2025-03-13 17:00:00,540,2025-03-13 12:00:00,2025-03-13 12:30:00,30
S0000865,A013,2025-03-14,2025-03-14 08:00:00,2025-03-14 17:00:00,540,2025-03-14 12:00:00,2025-03-14 12:30:00,30
S0000866,A013,2025-03-15,2025-03-15 08:00:00,2025-03-15 17:00:00,540,2025-03-15 12:00:00,2025-03-15 12:30:00,30
S0000867,A013,2025-03-17,2025-03-17 08:00:00,2025-03-17 17:00:00,540,2025-03-17 12:00:00,2025-03-17 12:30:00,30
S0000868,A013,2025-03-18,2025-03-18 08:00:00,2025-03-18 17:00:00,540,2025-03-18 12:00:00,2025-03-18 12:30:00,30
S0000869,A013,2025-03-19,2025-03-19 08:00:00,2025-03-19 17:00:00,540,2025-03-19 12:00:00,2025-03-19 12:30:00,30
S0000870,A013,2025-03-20,2025-03-20 08:00:00,2025-03-20 17:00:00,540,2025-03-20 12:00:00,2025-03-20 12:30:00,30
S0000871,A013,2025-03-21,2025-03-21 08:00:00,2025-03-21 17:00:00,540,2025-03-21 12:00:00,2025-03-21 12:30:00,30
S0000872,A013,2025-03-24,2025-03-24 08:00:00,2025-03-24 17:00:00,540,2025-03-24 12:00:00,2025-03-24 12:30:00,30
S0000873,A013,2025-03-25,2025-03-25 08:00:00,2025-03-25 17:00:00,540,2025-03-25 12:00:00,2025-03-25 12:30:00,30
S0000874,A013,2025-03-26,2025-03-26 08:00:00,2025-03-26 17:00:00,540,2025-03-26 12:00:00,2025-03-26 12:30:00,30
S0000875,A013,2025-03-27,2025-03-27 08:00:00,2025-03-27 17:00:00,540,2025-03-27 12:00:00,2025-03-27 12:30:00,30
S0000876,A013,2025-03-28,2025-03-28 08:00:00,2025-03-28 17:00:00,540,2025-03-28 12:00:00,2025-03-28 12:30:00,30
S0000877,A013,2025-03-31,2025-03-31 08:00:00,2025-03-31 17:00:00,540,2025-03-31 12:00:00,2025-03-31 12:30:00,30
S0000878,A014,2025-01-01,2025-01-01 08:00:00,2025-01-01 17:00:00,540,2025-01-01 12:00:00,2025-01-01 12:30:00,30
S0000879,A014,2025-01-02,2025-01-02 08:00:00,2025-01-02 17:00:00,540,2025-01-02 12:00:00,2025-01-02 12:30:00,30
S0000880,A014,2025-01-03,2025-01-03 08:00:00,2025-01-03 17:00:00,540,2025-01-03 12:00:00,2025-01-03 12:30:00,30
S0000881,A014,2025-01-05,2025-01-05 08:00:00,2025-01-05 17:00:00,540,2025-01-05 12:00:00,2025-01-05 12:30:00,30
S0000882,A014,2025-01-06,2025-01-06 08:00:00,2025-01-06 17:00:00,540,2025-01-06 12:00:00,2025-01-06 12:30:00,30
S0000883,A014,2025-01-07,2025-01-07 08:00:00,2025-01-07 17:00:00,540,2025-01-07 12:00:00,2025-01-07 12:30:00,30
S0000884,A014,2025-01-08,2025-01-08 08:00:00,2025-01-08 17:00:00,540,2025-01-08 12:00:00,2025-01-08 12:30:00,30
S0000885,A014,2025-01-10,2025-01-10 08:00:00,2025-01-10 17:00:00,540,2025-01-10 12:00:00,2025-01-10 12:30:00,30
S0000886,A014,2025-01-13,2025-01-13 08:00:00,2025-01-13 17:00:00,540,2025-01-13 12:00:00,2025-01-13 12:30:00,30
S0000887,A014,2025-01-14,2025-01-14 08:00:00,2025-01-14 17:00:00,540,2025-01-14 12:00:00,2025-01-14 12:30:00,30
S0000888,A014,2025-01-15,2025-01-15 08:00:00,2025-01-15 17:00:00,540,2025-01-15 12:00:00,2025-01-15 12:30:00,30
S0000889,A014,2025-01-16,2025-01-16 08:00:00,2025-01-16 17:00:00,540,2025-01-16 12:00:00,2025-01-16 12:30:00,30
S0000890,A014,2025-01-17,2025-01-17 08:00:00,2025-01-17 17:00:00,540,2025-01-17 12:00:00,2025-01-17 12:30:00,30
S0000891,A014,2025-01-20,2025-01-20 08:00:00,2025-01-20 17:00:00,540,2025-01-20 12:00:00,2025-01-20 12:30:00,30
S0000892,A014,2025-01-21,2025-01-21 08:00:00,2025-01-21 17:00:00,540,2025-01-21 12:00:00,2025-01-21 12:30:00,30
S0000893,A014,2025-01-22,2025-01-22 08:00:00,2025-01-22 17:00:00,540,2025-01-22 12:00:00,2025-01-22 12:30:00,30
S0000894,A014,2025-01-23,2025-01-23 08:00:00,2025-01-23 17:00:00,540,2025-01-23 12:00:00,2025-01-23 12:30:00,30
S0000895,A014,2025-01-24,2025-01-24 08:00:00,2025-01-24 17:00:00,540,2025-01-24 12:00:00,2025-01-24 12:30:00,30
S0000896,A014,2025-01-27,2025-01-27 08:00:00,2025-01-27 17:00:00,540,2025-01-27 12:00:00,2025-01-27 12:30:00,30
S0000897,A014,2025-01-28,2025-01-28 08:00:00,2025-01-28 17:00:00,540,2025-01-28 12:00:00,2025-01-28 12:30:00,30
S0000898,A014,2025-01-29,2025-01-29 08:00:00,2025-01-29 17:00:00,540,2025-01-29 12:00:00,2025-01-29 12:30:00,30
S0000899,A014,2025-01-30,2025-01-30 08:00:00,2025-01-30 17:00:00,540,2025-01-30 12:00:00,2025-01-30 12:30:00,30
S0000900,A014,2025-01-31,2025-01-31 08:00:00,2025-01-31 17:00:00,540,2025-01-31 12:00:00,2025-01-31 12:30:00,30
S0000901,A014,2025-02-03,2025-02-03 08:00:00,2025-02-03 17:00:00,540,2025-02-03 12:00:00,2025-02-03 12:30:00,30
S0000902,A014,2025-02-04,2025-02-04 08:00:00,2025-02-04 17:00:00,540,2025-02-04 12:00:00,2025-02-04 12:30:00,30
S0000903,A014,2025-02-05,2025-02-05 08:00:00,2025-02-05 17:00:00,540,2025-02-05 12:00:00,2025-02-05 12:30:00,30
S0000904,A014,2025-02-06,2025-02-06 08:00:00,2025-02-06 17:00:00,540,2025-02-06 12:00:00,2025-02-06 12:30:00,30
S0000905,A014,2025-02-07,2025-02-07 08:00:00,2025-02-07 17:00:00,540,2025-02-07 12:00:00,2025-02-07 12:30:00,30
S0000906,A014,2025-02-10,2025-02-10 08:00:00,2025-02-10 17:00:00,540,2025-02-10 12:00:00,2025-02-10 12:30:00,30
S0000907,A014,2025-02-11,2025-02-11 08:00:00,2025-02-11 17:00:00,540,2025-02-11 12:00:00,2025-02-11 12:30:00,30
S0000908,A014,2025-02-12,2025-02-12 08:00:00,2025-02-12 17:00:00,540,2025-02-12 12:00:00,2025-02-12 12:30:00,30
S0000909,A014,2025-02-13,2025-02-13 08:00:00,2025-02-13 17:00:00,540,2025-02-13 12:00:00,2025-02-13 12:30:00,30
S0000910,A014,2025-02-14,2025-02-14 08:00:00,2025-02-14 17:00:00,540,2025-02-14 12:00:00,2025-02-14 12:30:00,30
S0000911,A014,2025-02-17,2025-02-17 08:00:00,2025-02-17 17:00:00,540,2025-02-17 12:00:00,2025-02-17 12:30:00,30
S0000912,A014,2025-02-19,2025-02-19 08:00:00,2025-02-19 17:00:00,540,2025-02-19 12:00:00,2025-02-19 12:30:00,30
S0000913,A014,2025-02-20,2025-02-20 08:00:00,2025-02-20 17:00:00,540,2025-02-20 12:00:00,2025-02-20 12:30:00,30
S0000914,A014,2025-02-21,2025-02-21 08:00:00,2025-02-21 17:00:00,540,2025-02-21 12:00:00,2025-02-21 12:30:00,30
S0000915,A014,2025-02-24,2025-02-24 08:00:00,2025-02-24 17:00:00,540,2025-02-24 12:00:00,2025-02-24 12:30:00,30
S0000916,A014,2025-02-25,2025-02-25 08:00:00,2025-02-25 17:00:00,540,2025-02-25 12:00:00,2025-02-25 12:30:00,30
S0000917,A014,2025-02-26,2025-02-26 08:00:00,2025-02-26 17:00:00,540,2025-02-26 12:00:00,2025-02-26 12:30:00,30
S0000918,A014,2025-02-27,2025-02-27 08:00:00,2025-02-27 17:00:00,540,2025-02-27 12:00:00,2025-02-27 12:30:00,30
S0000919,A014,2025-02-28,2025-02-28 08:00:00,2025-02-28 17:00:00,540,2025-02-28 12:00:00,2025-02-28 12:30:00,30
S0000920,A014,2025-03-03,2025-03-03 08:00:00,2025-03-03 17:00:00,540,2025-03-03 12:00:00,2025-03-03 12:30:00,30
S0000921,A014,2025-03-04,2025-03-04 08:00:00,2025-03-04 17:00:00,540,2025-03-04 12:00:00,2025-03-04 12:30:00,30
S0000922,A014,2025-03-05,2025-03-05 08:00:00,2025-03-05 17:00:00,540,2025-03-05 12:00:00,2025-03-05 12:30:00,30
S0000923,A014,2025-03-06,2025-03-06 08:00:00,2025-03-06 17:00:00,540,2025-03-06 12:00:00,2025-03-06 12:30:00,30
S0000924,A014,2025-03-07,2025-03-07 08:00:00,2025-03-07 17:00:00,540,2025-03-07 12:00:00,2025-03-07 12:30:00,30
S0000925,A014,2025-03-10,2025-03-10 08:00:00,2025-03-10 17:00:00,540,2025-03-10 12:00:00,2025-03-10 12:30:00,30
S0000926,A014,2025-03-11,2025-03-11 08:00:00,2025-03-11 17:00:00,540,2025-03-11 12:00:00,2025-03-11 12:30:00,30
S0000927,A014,2025-03-12,2025-03-12 08:00:00,2025-03-12 17:00:00,540,2025-03-12 12:00:00,2025-03-12 12:30:00,30
S0000928,A014,2025-03-13,2025-03-13 08:00:00,2025-03-13 17:00:00,540,2025-03-13 12:00:00,2025-03-13 12:30:00,30
S0000929,A014,2025-03-14,2025-03-14 08:00:00,2025-03-14 17:00:00,540,2025-03-14 12:00:00,2025-03-14 12:30:00,30
S0000930,A014,2025-03-15,2025-03-15 08:00:00,2025-03-15 17:00:00,540,2025-03-15 12:00:00,2025-03-15 12:30:00,30
S0000931,A014,2025-03-17,2025-03-17 08:00:00,2025-03-17 17:00:00,540,2025-03-17 12:00:00,2025-03-17 12:30:00,30
S0000932,A014,2025-03-18,2025-03-18 08:00:00,2025-03-18 17:00:00,540,2025-03-18 12:00:00,2025-03-18 12:30:00,30
S0000933,A014,2025-03-19,2025-03-19 08:00:00,2025-03-19 17:00:00,540,2025-03-19 12:00:00,2025-03-19 12:30:00,30
S0000934,A014,2025-03-20,2025-03-20 08:00:00,2025-03-20 17:00:00,540,2025-03-20 12:00:00,2025-03-20 12:30:00,30
S0000935,A014,2025-03-21,2025-03-21 08:00:00,2025-03-21 17:00:00,540,2025-03-21 12:00:00,2025-03-21 12:30:00,30
S0000936,A014,2025-03-24,2025-03-24 08:00:00,2025-03-24 17:00:00,540,2025-03-24 12:00:00,2025-03-24 12:30:00,30
S0000937,A014,2025-03-25,2025-03-25 08:00:00,2025-03-25 17:00:00,540,2025-03-25 12:00:00,2025-03-25 12:30:00,30
S0000938,A014,2025-03-26,2025-03-26 08:00:00,2025-03-26 17:00:00,540,2025-03-26 12:00:00,2025-03-26 12:30:00,30
S0000939,A014,2025-03-27,2025-03-27 08:00:00,2025-03-27 17:00:00,540,2025-03-27 12:00:00,2025-03-27 12:30:00,30
S0000940,A014,2025-03-28,2025-03-28 08:00:00,2025-03-28 17:00:00,540,2025-03-28 12:00:00,2025-03-28 12:30:00,30
S0000941,A014,2025-03-29,2025-03-29 08:00:00,2025-03-29 17:00:00,540,2025-03-29 12:00:00,2025-03-29 12:30:00,30
S0000942,A014,2025-03-31,2025-03-31 08:00:00,2025-03-31 17:00:00,540,2025-03-31 12:00:00,2025-03-31 12:30:00,30
S0000943,A015,2025-01-01,2025-01-01 07:00:00,2025-01-01 16:00:00,540,2025-01-01 11:00:00,2025-01-01 11:30:00,30
S0000944,A015,2025-01-02,2025-01-02 07:00:00,2025-01-02 16:00:00,540,2025-01-02 11:00:00,2025-01-02 11:30:00,30
S0000945,A015,2025-01-03,2025-01-03 07:00:00,2025-01-03 16:00:00,540,2025-01-03 11:00:00,2025-01-03 11:30:00,30
S0000946,A015,2025-01-04,2025-01-04 07:00:00,2025-01-04 16:00:00,540,2025-01-04 11:00:00,2025-01-04 11:30:00,30
S0000947,A015,2025-01-06,2025-01-06 07:00:00,2025-01-06 16:00:00,540,2025-01-06 11:00:00,2025-01-06 11:30:00,30
S0000948,A015,2025-01-07,2025-01-07 07:00:00,2025-01-07 16:00:00,540,2025-01-07 11:00:00,2025-01-07 11:30:00,30
S0000949,A015,2025-01-08,2025-01-08 07:00:00,2025-01-08 16:00:00,540,2025-01-08 11:00:00,2025-01-08 11:30:00,30
S0000950,A015,2025-01-09,2025-01-09 07:00:00,2025-01-09 16:00:00,540,2025-01-09 11:00:00,2025-01-09 11:30:00,30
S0000951,A015,2025-01-10,2025-01-10 07:00:00,2025-01-10 16:00:00,540,2025-01-10 11:00:00,2025-01-10 11:30:00,30
S0000952,A015,2025-01-13,2025-01-13 07:00:00,2025-01-13 16:00:00,540,2025-01-13 11:00:00,2025-01-13 11:30:00,30
S0000953,A015,2025-01-14,2025-01-14 07:00:00,2025-01-14 16:00:00,540,2025-01-14 11:00:00,2025-01-14 11:30:00,30
S0000954,A015,2025-01-15,2025-01-15 07:00:00,2025-01-15 16:00:00,540,2025-01-15 11:00:00,2025-01-15 11:30:00,30
S0000955,A015,2025-01-16,2025-01-16 07:00:00,2025-01-16 16:00:00,540,2025-01-16 11:00:00,2025-01-16 11:30:00,30
S0000956,A015,2025-01-17,2025-01-17 07:00:00,2025-01-17 16:00:00,540,2025-01-17 11:00:00,2025-01-17 11:30:00,30
S0000957,A015,2025-01-20,2025-01-20 07:00:00,2025-01-20 16:00:00,540,2025-01-20 11:00:00,2025-01-20 11:30:00,30
S0000958,A015,2025-01-21,2025-01-21 07:00:00,2025-01-21 16:00:00,540,2025-01-21 11:00:00,2025-01-21 11:30:00,30
S0000959,A015,2025-01-22,2025-01-22 07:00:00,2025-01-22 16:00:00,540,2025-01-22 11:00:00,2025-01-22 11:30:00,30
S0000960,A015,2025-01-23,2025-01-23 07:00:00,2025-01-23 16:00:00,540,2025-01-23 11:00:00,2025-01-23 11:30:00,30
S0000961,A015,2025-01-24,2025-01-24 07:00:00,2025-01-24 16:00:00,540,2025-01-24 11:00:00,2025-01-24 11:30:00,30
S0000962,A015,2025-01-27,2025-01-27 07:00:00,2025-01-27 16:00:00,540,2025-01-27 11:00:00,2025-01-27 11:30:00,30
S0000963,A015,2025-01-28,2025-01-28 07:00:00,2025-01-28 16:00:00,540,2025-01-28 11:00:00,2025-01-28 11:30:00,30
S0000964,A015,2025-01-29,2025-01-29 07:00:00,2025-01-29 16:00:00,540,2025-01-29 11:00:00,2025-01-29 11:30:00,30
S0000965,A015,2025-01-30,2025-01-30 07:00:00,2025-01-30 16:00:00,540,2025-01-30 11:00:00,2025-01-30 11:30:00,30
S0000966,A015,2025-01-31,2025-01-31 07:00:00,2025-01-31 16:00:00,540,2025-01-31 11:00:00,2025-01-31 11:30:00,30
S0000967,A015,2025-02-03,2025-02-03 07:00:00,2025-02-03 16:00:00,540,2025-02-03 11:00:00,2025-02-03 11:30:00,30
S0000968,A015,2025-02-04,2025-02-04 07:00:00,2025-02-04 16:00:00,540,2025-02-04 11:00:00,2025-02-04 11:30:00,30
S0000969,A015,2025-02-05,2025-02-05 07:00:00,2025-02-05 16:00:00,540,2025-02-05 11:00:00,2025-02-05 11:30:00,30
S0000970,A015,2025-02-06,2025-02-06 07:00:00,2025-02-06 16:00:00,540,2025-02-06 11:00:00,2025-02-06 11:30:00,30
S0000971,A015,2025-02-07,2025-02-07 07:00:00,2025-02-07 16:00:00,540,2025-02-07 11:00:00,2025-02-07 11:30:00,30
S0000972,A015,2025-02-08,2025-02-08 07:00:00,2025-02-08 16:00:00,540,2025-02-08 11:00:00,2025-02-08 11:30:00,30
S0000973,A015,2025-02-10,2025-02-10 07:00:00,2025-02-10 16:00:00,540,2025-02-10 11:00:00,2025-02-10 11:30:00,30
S0000974,A015,2025-02-12,2025-02-12 07:00:00,2025-02-12 16:00:00,540,2025-02-12 11:00:00,2025-02-12 11:30:00,30
S0000975,A015,2025-02-13,2025-02-13 07:00:00,2025-02-13 16:00:00,540,2025-02-13 11:00:00,2025-02-13 11:30:00,30
S0000976,A015,2025-02-14,2025-02-14 07:00:00,2025-02-14 16:00:00,540,2025-02-14 11:00:00,2025-02-14 11:30:00,30
S0000977,A015,2025-02-17,2025-02-17 07:00:00,2025-02-17 16:00:00,540,2025-02-17 11:00:00,2025-02-17 11:30:00,30
S0000978,A015,2025-02-18,2025-02-18 07:00:00,2025-02-18 16:00:00,540,2025-02-18 11:00:00,2025-02-18 11:30:00,30
S0000979,A015,2025-02-19,2025-02-19 07:00:00,2025-02-19 16:00:00,540,2025-02-19 11:00:00,2025-02-19 11:30:00,30
S0000980,A015,2025-02-20,2025-02-20 07:00:00,2025-02-20 16:00:00,540,2025-02-20 11:00:00,2025-02-20 11:30:00,30
S0000981,A015,2025-02-21,2025-02-21 07:00:00,2025-02-21 16:00:00,540,2025-02-21 11:00:00,2025-02-21 11:30:00,30
S0000982,A015,2025-02-24,2025-02-24 07:00:00,2025-02-24 16:00:00,540,2025-02-24 11:00:00,2025-02-24 11:30:00,30
S0000983,A015,2025-02-25,2025-02-25 07:00:00,2025-02-25 16:00:00,540,2025-02-25 11:00:00,2025-02-25 11:30:00,30
S0000984,A015,2025-02-26,2025-02-26 07:00:00,2025-02-26 16:00:00,540,2025-02-26 11:00:00,2025-02-26 11:30:00,30
S0000985,A015,2025-02-27,2025-02-27 07:00:00,2025-02-27 16:00:00,540,2025-02-27 11:00:00,2025-02-27 11:30:00,30
S0000986,A015,2025-02-28,2025-02-28 07:00:00,2025-02-28 16:00:00,540,2025-02-28 11:00:00,2025-02-28 11:30:00,30
S0000987,A015,2025-03-03,2025-03-03 07:00:00,2025-03-03 16:00:00,540,2025-03-03 11:00:00,2025-03-03 11:30:00,30
S0000988,A015,2025-03-04,2025-03-04 07:00:00,2025-03-04 16:00:00,540,2025-03-04 11:00:00,2025-03-04 11:30:00,30
S0000989,A015,2025-03-05,2025-03-05 07:00:00,2025-03-05 16:00:00,540,2025-03-05 11:00:00,2025-03-05 11:30:00,30
S0000990,A015,2025-03-06,2025-03-06 07:00:00,2025-03-06 16:00:00,540,2025-03-06 11:00:00,2025-03-06 11:30:00,30
S0000991,A015,2025-03-07,2025-03-07 07:00:00,2025-03-07 16:00:00,540,2025-03-07 11:00:00,2025-03-07 11:30:00,30
S0000992,A015,2025-03-10,2025-03-10 07:00:00,2025-03-10 16:00:00,540,2025-03-10 11:00:00,2025-03-10 11:30:00,30
S0000993,A015,2025-03-11,2025-03-11 07:00:00,2025-03-11 16:00:00,540,2025-03-11 11:00:00,2025-03-11 11:30:00,30
S0000994,A015,2025-03-14,2025-03-14 07:00:00,2025-03-14 16:00:00,540,2025-03-14 11:00:00,2025-03-14 11:30:00,30
S0000995,A015,2025-03-17,2025-03-17 07:00:00,2025-03-17 16:00:00,540,2025-03-17 11:00:00,2025-03-17 11:30:00,30
S0000996,A015,2025-03-18,2025-03-18 07:00:00,2025-03-18 16:00:00,540,2025-03-18 11:00:00,2025-03-18 11:30:00,30
S0000997,A015,2025-03-19,2025-03-19 07:00:00,2025-03-19 16:00:00,540,2025-03-19 11:00:00,2025-03-19 11:30:00,30
S0000998,A015,2025-03-20,2025-03-20 07:00:00,2025-03-20 16:00:00,540,2025-03-20 11:00:00,2025-03-20 11:30:00,30
S0000999,A015,2025-03-21,2025-03-21 07:00:00,2025-03-21 16:00:00,540,2025-03-21 11:00:00,2025-03-21 11:30:00,30
S0001000,A015,2025-03-24,2025-03-24 07:00:00,2025-03-24 16:00:00,540,2025-03-24 11:00:00,2025-03-24 11:30:00,30
S0001001,A015,2025-03-25,2025-03-25 07:00:00,2025-03-25 16:00:00,540,2025-03-25 11:00:00,2025-03-25 11:30:00,30
S0001002,A015,2025-03-26,2025-03-26 07:00:00,2025-03-26 16:00:00,540,2025-03-26 11:00:00,2025-03-26 11:30:00,30
S0001003,A015,2025-03-27,2025-03-27 07:00:00,2025-03-27 16:00:00,540,2025-03-27 11:00:00,2025-03-27 11:30:00,30
S0001004,A015,2025-03-28,2025-03-28 07:00:00,2025-03-28 16:00:00,540,2025-03-28 11:00:00,2025-03-28 11:30:00,30
S0001005,A015,2025-03-29,2025-03-29 07:00:00,2025-03-29 16:00:00,540,2025-03-29 11:00:00,2025-03-29 11:30:00,30
S0001006,A015,2025-03-31,2025-03-31 07:00:00,2025-03-31 16:00:00,540,2025-03-31 11:00:00,2025-03-31 11:30:00,30
S0001007,A016,2025-01-01,2025-01-01 08:00:00,2025-01-01 17:00:00,540,2025-01-01 12:00:00,2025-01-01 12:30:00,30
S0001008,A016,2025-01-02,2025-01-02 08:00:00,2025-01-02 17:00:00,540,2025-01-02 12:00:00,2025-01-02 12:30:00,30
S0001009,A016,2025-01-03,2025-01-03 08:00:00,2025-01-03 17:00:00,540,2025-01-03 12:00:00,2025-01-03 12:30:00,30
S0001010,A016,2025-01-04,2025-01-04 08:00:00,2025-01-04 17:00:00,540,2025-01-04 12:00:00,2025-01-04 12:30:00,30
S0001011,A016,2025-01-06,2025-01-06 08:00:00,2025-01-06 17:00:00,540,2025-01-06 12:00:00,2025-01-06 12:30:00,30
S0001012,A016,2025-01-07,2025-01-07 08:00:00,2025-01-07 17:00:00,540,2025-01-07 12:00:00,2025-01-07 12:30:00,30
S0001013,A016,2025-01-08,2025-01-08 08:00:00,2025-01-08 17:00:00,540,2025-01-08 12:00:00,2025-01-08 12:30:00,30
S0001014,A016,2025-01-09,2025-01-09 08:00:00,2025-01-09 17:00:00,540,2025-01-09 12:00:00,2025-01-09 12:30:00,30
S0001015,A016,2025-01-10,2025-01-10 08:00:00,2025-01-10 17:00:00,540,2025-01-10 12:00:00,2025-01-10 12:30:00,30
S0001016,A016,2025-01-13,2025-01-13 08:00:00,2025-01-13 17:00:00,540,2025-01-13 12:00:00,2025-01-13 12:30:00,30
S0001017,A016,2025-01-14,2025-01-14 08:00:00,2025-01-14 17:00:00,540,2025-01-14 12:00:00,2025-01-14 12:30:00,30
S0001018,A016,2025-01-15,2025-01-15 08:00:00,2025-01-15 17:00:00,540,2025-01-15 12:00:00,2025-01-15 12:30:00,30
S0001019,A016,2025-01-16,2025-01-16 08:00:00,2025-01-16 17:00:00,540,2025-01-16 12:00:00,2025-01-16 12:30:00,30
S0001020,A016,2025-01-17,2025-01-17 08:00:00,2025-01-17 17:00:00,540,2025-01-17 12:00:00,2025-01-17 12:30:00,30
S0001021,A016,2025-01-20,2025-01-20 08:00:00,2025-01-20 17:00:00,540,2025-01-20 12:00:00,2025-01-20 12:30:00,30
S0001022,A016,2025-01-21,2025-01-21 08:00:00,2025-01-21 17:00:00,540,2025-01-21 12:00:00,2025-01-21 12:30:00,30
S0001023,A016,2025-01-22,2025-01-22 08:00:00,2025-01-22 17:00:00,540,2025-01-22 12:00:00,2025-01-22 12:30:00,30
S0001024,A016,2025-01-23,2025-01-23 08:00:00,2025-01-23 17:00:00,540,2025-01-23 12:00:00,2025-01-23 12:30:00,30
S0001025,A016,2025-01-24,2025-01-24 08:00:00,2025-01-24 17:00:00,540,2025-01-24 12:00:00,2025-01-24 12:30:00,30
S0001026,A016,2025-01-27,2025-01-27 08:00:00,2025-01-27 17:00:00,540,2025-01-27 12:00:00,2025-01-27 12:30:00,30
S0001027,A016,2025-01-28,2025-01-28 08:00:00,2025-01-28 17:00:00,540,2025-01-28 12:00:00,2025-01-28 12:30:00,30
S0001028,A016,2025-01-29,2025-01-29 08:00:00,2025-01-29 17:00:00,540,2025-01-29 12:00:00,2025-01-29 12:30:00,30
S0001029,A016,2025-01-30,2025-01-30 08:00:00,2025-01-30 17:00:00,540,2025-01-30 12:00:00,2025-01-30 12:30:00,30
S0001030,A016,2025-01-31,2025-01-31 08:00:00,2025-01-31 17:00:00,540,2025-01-31 12:00:00,2025-01-31 12:30:00,30
S0001031,A016,2025-02-03,2025-02-03 08:00:00,2025-02-03 17:00:00,540,2025-02-03 12:00:00,2025-02-03 12:30:00,30
S0001032,A016,2025-02-04,2025-02-04 08:00:00,2025-02-04 17:00:00,540,2025-02-04 12:00:00,2025-02-04 12:30:00,30
S0001033,A016,2025-02-05,2025-02-05 08:00:00,2025-02-05 17:00:00,540,2025-02-05 12:00:00,2025-02-05 12:30:00,30
S0001034,A016,2025-02-06,2025-02-06 08:00:00,2025-02-06 17:00:00,540,2025-02-06 12:00:00,2025-02-06 12:30:00,30
S0001035,A016,2025-02-07,2025-02-07 08:00:00,2025-02-07 17:00:00,540,2025-02-07 12:00:00,2025-02-07 12:30:00,30
S0001036,A016,2025-02-10,2025-02-10 08:00:00,2025-02-10 17:00:00,540,2025-02-10 12:00:00,2025-02-10 12:30:00,30
S0001037,A016,2025-02-11,2025-02-11 08:00:00,2025-02-11 17:00:00,540,2025-02-11 12:00:00,2025-02-11 12:30:00,30
S0001038,A016,2025-02-12,2025-02-12 08:00:00,2025-02-12 17:00:00,540,2025-02-12 12:00:00,2025-02-12 12:30:00,30
S0001039,A016,2025-02-13,2025-02-13 08:00:00,2025-02-13 17:00:00,540,2025-02-13 12:00:00,2025-02-13 12:30:00,30
S0001040,A016,2025-02-14,2025-02-14 08:00:00,2025-02-14 17:00:00,540,2025-02-14 12:00:00,2025-02-14 12:30:00,30
S0001041,A016,2025-02-15,2025-02-15 08:00:00,2025-02-15 17:00:00,540,2025-02-15 12:00:00,2025-02-15 12:30:00,30
S0001042,A016,2025-02-17,2025-02-17 08:00:00,2025-02-17 17:00:00,540,2025-02-17 12:00:00,2025-02-17 12:30:00,30
S0001043,A016,2025-02-18,2025-02-18 08:00:00,2025-02-18 17:00:00,540,2025-02-18 12:00:00,2025-02-18 12:30:00,30
S0001044,A016,2025-02-19,2025-02-19 08:00:00,2025-02-19 17:00:00,540,2025-02-19 12:00:00,2025-02-19 12:30:00,30
S0001045,A016,2025-02-20,2025-02-20 08:00:00,2025-02-20 17:00:00,540,2025-02-20 12:00:00,2025-02-20 12:30:00,30
S0001046,A016,2025-02-21,2025-02-21 08:00:00,2025-02-21 17:00:00,540,2025-02-21 12:00:00,2025-02-21 12:30:00,30
S0001047,A016,2025-02-24,2025-02-24 08:00:00,2025-02-24 17:00:00,540,2025-02-24 12:00:00,2025-02-24 12:30:00,30
S0001048,A016,2025-02-25,2025-02-25 08:00:00,2025-02-25 17:00:00,540,2025-02-25 12:00:00,2025-02-25 12:30:00,30
S0001049,A016,2025-02-26,2025-02-26 08:00:00,2025-02-26 17:00:00,540,2025-02-26 12:00:00,2025-02-26 12:30:00,30
S0001050,A016,2025-02-27,2025-02-27 08:00:00,2025-02-27 17:00:00,540,2025-02-27 12:00:00,2025-02-27 12:30:00,30
S0001051,A016,2025-02-28,2025-02-28 08:00:00,2025-02-28 17:00:00,540,2025-02-28 12:00:00,2025-02-28 12:30:00,30
S0001052,A016,2025-03-03,2025-03-03 08:00:00,2025-03-03 17:00:00,540,2025-03-03 12:00:00,2025-03-03 12:30:00,30
S0001053,A016,2025-03-04,2025-03-04 08:00:00,2025-03-04 17:00:00,540,2025-03-04 12:00:00,2025-03-04 12:30:00,30
S0001054,A016,2025-03-05,2025-03-05 08:00:00,2025-03-05 17:00:00,540,2025-03-05 12:00:00,2025-03-05 12:30:00,30
S0001055,A016,2025-03-06,2025-03-06 08:00:00,2025-03-06 17:00:00,540,2025-03-06 12:00:00,2025-03-06 12:30:00,30
S0001056,A016,2025-03-07,2025-03-07 08:00:00,2025-03-07 17:00:00,540,2025-03-07 12:00:00,2025-03-07 12:30:00,30
S0001057,A016,2025-03-10,2025-03-10 08:00:00,2025-03-10 17:00:00,540,2025-03-10 12:00:00,2025-03-10 12:30:00,30
S0001058,A016,2025-03-11,2025-03-11 08:00:00,2025-03-11 17:00:00,540,2025-03-11 12:00:00,2025-03-11 12:30:00,30
S0001059,A016,2025-03-12,2025-03-12 08:00:00,2025-03-12 17:00:00,540,2025-03-12 12:00:00,2025-03-12 12:30:00,30
S0001060,A016,2025-03-13,2025-03-13 08:00:00,2025-03-13 17:00:00,540,2025-03-13 12:00:00,2025-03-13 12:30:00,30
S0001061,A016,2025-03-14,2025-03-14 08:00:00,2025-03-14 17:00:00,540,2025-03-14 12:00:00,2025-03-14 12:30:00,30
S0001062,A016,2025-03-17,2025-03-17 08:00:00,2025-03-17 17:00:00,540,2025-03-17 12:00:00,2025-03-17 12:30:00,30
S0001063,A016,2025-03-18,2025-03-18 08:00:00,2025-03-18 17:00:00,540,2025-03-18 12:00:00,2025-03-18 12:30:00,30
S0001064,A016,2025-03-19,2025-03-19 08:00:00,2025-03-19 17:00:00,540,2025-03-19 12:00:00,2025-03-19 12:30:00,30
S0001065,A016,2025-03-20,2025-03-20 08:00:00,2025-03-20 17:00:00,540,2025-03-20 12:00:00,2025-03-20 12:30:00,30
S0001066,A016,2025-03-21,2025-03-21 08:00:00,2025-03-21 17:00:00,540,2025-03-21 12:00:00,2025-03-21 12:30:00,30
S0001067,A016,2025-03-24,2025-03-24 08:00:00,2025-03-24 17:00:00,540,2025-03-24 12:00:00,2025-03-24 12:30:00,30
S0001068,A016,2025-03-25,2025-03-25 08:00:00,2025-03-25 17:00:00,540,2025-03-25 12:00:00,2025-03-25 12:30:00,30
S0001069,A016,2025-03-26,2025-03-26 08:00:00,2025-03-26 17:00:00,540,2025-03-26 12:00:00,2025-03-26 12:30:00,30
S0001070,A016,2025-03-27,2025-03-27 08:00:00,2025-03-27 17:00:00,540,2025-03-27 12:00:00,2025-03-27 12:30:00,30
S0001071,A016,2025-03-28,2025-03-28 08:00:00,2025-03-28 17:00:00,540,2025-03-28 12:00:00,2025-03-28 12:30:00,30
S0001072,A016,2025-03-31,2025-03-31 08:00:00,2025-03-31 17:00:00,540,2025-03-31 12:00:00,2025-03-31 12:30:00,30
S0001073,A017,2025-01-01,2025-01-01 10:00:00,2025-01-01 19:00:00,540,2025-01-01 14:00:00,2025-01-01 14:30:00,30
S0001074,A017,2025-01-03,2025-01-03 10:00:00,2025-01-03 19:00:00,540,2025-01-03 14:00:00,2025-01-03 14:30:00,30
S0001075,A017,2025-01-05,2025-01-05 10:00:00,2025-01-05 19:00:00,540,2025-01-05 14:00:00,2025-01-05 14:30:00,30
S0001076,A017,2025-01-06,2025-01-06 10:00:00,2025-01-06 19:00:00,540,2025-01-06 14:00:00,2025-01-06 14:30:00,30
S0001077,A017,2025-01-07,2025-01-07 10:00:00,2025-01-07 19:00:00,540,2025-01-07 14:00:00,2025-01-07 14:30:00,30
S0001078,A017,2025-01-08,2025-01-08 10:00:00,2025-01-08 19:00:00,540,2025-01-08 14:00:00,2025-01-08 14:30:00,30
S0001079,A017,2025-01-09,2025-01-09 10:00:00,2025-01-09 19:00:00,540,2025-01-09 14:00:00,2025-01-09 14:30:00,30
S0001080,A017,2025-01-10,2025-01-10 10:00:00,2025-01-10 19:00:00,540,2025-01-10 14:00:00,2025-01-10 14:30:00,30
S0001081,A017,2025-01-11,2025-01-11 10:00:00,2025-01-11 19:00:00,540,2025-01-11 14:00:00,2025-01-11 14:30:00,30
S0001082,A017,2025-01-13,2025-01-13 10:00:00,2025-01-13 19:00:00,540,2025-01-13 14:00:00,2025-01-13 14:30:00,30
S0001083,A017,2025-01-14,2025-01-14 10:00:00,2025-01-14 19:00:00,540,2025-01-14 14:00:00,2025-01-14 14:30:00,30
S0001084,A017,2025-01-15,2025-01-15 10:00:00,2025-01-15 19:00:00,540,2025-01-15 14:00:00,2025-01-15 14:30:00,30
S0001085,A017,2025-01-16,2025-01-16 10:00:00,2025-01-16 19:00:00,540,2025-01-16 14:00:00,2025-01-16 14:30:00,30
S0001086,A017,2025-01-17,2025-01-17 10:00:00,2025-01-17 19:00:00,540,2025-01-17 14:00:00,2025-01-17 14:30:00,30
S0001087,A017,2025-01-19,2025-01-19 10:00:00,2025-01-19 19:00:00,540,2025-01-19 14:00:00,2025-01-19 14:30:00,30
S0001088,A017,2025-01-20,2025-01-20 10:00:00,2025-01-20 19:00:00,540,2025-01-20 14:00:00,2025-01-20 14:30:00,30
S0001089,A017,2025-01-21,2025-01-21 10:00:00,2025-01-21 19:00:00,540,2025-01-21 14:00:00,2025-01-21 14:30:00,30
S0001090,A017,2025-01-22,2025-01-22 10:00:00,2025-01-22 19:00:00,540,2025-01-22 14:00:00,2025-01-22 14:30:00,30
S0001091,A017,2025-01-23,2025-01-23 10:00:00,2025-01-23 19:00:00,540,2025-01-23 14:00:00,2025-01-23 14:30:00,30
S0001092,A017,2025-01-24,2025-01-24 10:00:00,2025-01-24 19:00:00,540,2025-01-24 14:00:00,2025-01-24 14:30:00,30
S0001093,A017,2025-01-28,2025-01-28 10:00:00,2025-01-28 19:00:00,540,2025-01-28 14:00:00,2025-01-28 14:30:00,30
S0001094,A017,2025-01-29,2025-01-29 10:00:00,2025-01-29 19:00:00,540,2025-01-29 14:00:00,2025-01-29 14:30:00,30
S0001095,A017,2025-01-30,2025-01-30 10:00:00,2025-01-30 19:00:00,540,2025-01-30 14:00:00,2025-01-30 14:30:00,30
S0001096,A017,2025-01-31,2025-01-31 10:00:00,2025-01-31 19:00:00,540,2025-01-31 14:00:00,2025-01-31 14:30:00,30
S0001097,A017,2025-02-03,2025-02-03 10:00:00,2025-02-03 19:00:00,540,2025-02-03 14:00:00,2025-02-03 14:30:00,30
S0001098,A017,2025-02-04,2025-02-04 10:00:00,2025-02-04 19:00:00,540,2025-02-04 14:00:00,2025-02-04 14:30:00,30
S0001099,A017,2025-02-05,2025-02-05 10:00:00,2025-02-05 19:00:00,540,2025-02-05 14:00:00,2025-02-05 14:30:00,30
S0001100,A017,2025-02-06,2025-02-06 10:00:00,2025-02-06 19:00:00,540,2025-02-06 14:00:00,2025-02-06 14:30:00,30
S0001101,A017,2025-02-07,2025-02-07 10:00:00,2025-02-07 19:00:00,540,2025-02-07 14:00:00,2025-02-07 14:30:00,30
S0001102,A017,2025-02-09,2025-02-09 10:00:00,2025-02-09 19:00:00,540,2025-02-09 14:00:00,2025-02-09 14:30:00,30
S0001103,A017,2025-02-10,2025-02-10 10:00:00,2025-02-10 19:00:00,540,2025-02-10 14:00:00,2025-02-10 14:30:00,30
S0001104,A017,2025-02-11,2025-02-11 10:00:00,2025-02-11 19:00:00,540,2025-02-11 14:00:00,2025-02-11 14:30:00,30
S0001105,A017,2025-02-12,2025-02-12 10:00:00,2025-02-12 19:00:00,540,2025-02-12 14:00:00,2025-02-12 14:30:00,30
S0001106,A017,2025-02-13,2025-02-13 10:00:00,2025-02-13 19:00:00,540,2025-02-13 14:00:00,2025-02-13 14:30:00,30
S0001107,A017,2025-02-14,2025-02-14 10:00:00,2025-02-14 19:00:00,540,2025-02-14 14:00:00,2025-02-14 14:30:00,30
S0001108,A017,2025-02-16,2025-02-16 10:00:00,2025-02-16 19:00:00,540,2025-02-16 14:00:00,2025-02-16 14:30:00,30
S0001109,A017,2025-02-17,2025-02-17 10:00:00,2025-02-17 19:00:00,540,2025-02-17 14:00:00,2025-02-17 14:30:00,30
S0001110,A017,2025-02-18,2025-02-18 10:00:00,2025-02-18 19:00:00,540,2025-02-18 14:00:00,2025-02-18 14:30:00,30
S0001111,A017,2025-02-19,2025-02-19 10:00:00,2025-02-19 19:00:00,540,2025-02-19 14:00:00,2025-02-19 14:30:00,30
S0001112,A017,2025-02-20,2025-02-20 10:00:00,2025-02-20 19:00:00,540,2025-02-20 14:00:00,2025-02-20 14:30:00,30
S0001113,A017,2025-02-21,2025-02-21 10:00:00,2025-02-21 19:00:00,540,2025-02-21 14:00:00,2025-02-21 14:30:00,30
S0001114,A017,2025-02-24,2025-02-24 10:00:00,2025-02-24 19:00:00,540,2025-02-24 14:00:00,2025-02-24 14:30:00,30
S0001115,A017,2025-02-25,2025-02-25 10:00:00,2025-02-25 19:00:00,540,2025-02-25 14:00:00,2025-02-25 14:30:00,30
S0001116,A017,2025-02-26,2025-02-26 10:00:00,2025-02-26 19:00:00,540,2025-02-26 14:00:00,2025-02-26 14:30:00,30
S0001117,A017,2025-02-27,2025-02-27 10:00:00,2025-02-27 19:00:00,540,2025-02-27 14:00:00,2025-02-27 14:30:00,30
S0001118,A017,2025-02-28,2025-02-28 10:00:00,2025-02-28 19:00:00,540,2025-02-28 14:00:00,2025-02-28 14:30:00,30
S0001119,A017,2025-03-02,2025-03-02 10:00:00,2025-03-02 19:00:00,540,2025-03-02 14:00:00,2025-03-02 14:30:00,30
S0001120,A017,2025-03-03,2025-03-03 10:00:00,2025-03-03 19:00:00,540,2025-03-03 14:00:00,2025-03-03 14:30:00,30
S0001121,A017,2025-03-04,2025-03-04 10:00:00,2025-03-04 19:00:00,540,2025-03-04 14:00:00,2025-03-04 14:30:00,30
S0001122,A017,2025-03-05,2025-03-05 10:00:00,2025-03-05 19:00:00,540,2025-03-05 14:00:00,2025-03-05 14:30:00,30
S0001123,A017,2025-03-06,2025-03-06 10:00:00,2025-03-06 19:00:00,540,2025-03-06 14:00:00,2025-03-06 14:30:00,30
S0001124,A017,2025-03-07,2025-03-07 10:00:00,2025-03-07 19:00:00,540,2025-03-07 14:00:00,2025-03-07 14:30:00,30
S0001125,A017,2025-03-10,2025-03-10 10:00:00,2025-03-10 19:00:00,540,2025-03-10 14:00:00,2025-03-10 14:30:00,30
S0001126,A017,2025-03-11,2025-03-11 10:00:00,2025-03-11 19:00:00,540,2025-03-11 14:00:00,2025-03-11 14:30:00,30
S0001127,A017,2025-03-12,2025-03-12 10:00:00,2025-03-12 19:00:00,540,2025-03-12 14:00:00,2025-03-12 14:30:00,30
S0001128,A017,2025-03-13,2025-03-13 10:00:00,2025-03-13 19:00:00,540,2025-03-13 14:00:00,2025-03-13 14:30:00,30
S0001129,A017,2025-03-14,2025-03-14 10:00:00,2025-03-14 19:00:00,540,2025-03-14 14:00:00,2025-03-14 14:30:00,30
S0001130,A017,2025-03-17,2025-03-17 10:00:00,2025-03-17 19:00:00,540,2025-03-17 14:00:00,2025-03-17 14:30:00,30
S0001131,A017,2025-03-18,2025-03-18 10:00:00,2025-03-18 19:00:00,540,2025-03-18 14:00:00,2025-03-18 14:30:00,30
S0001132,A017,2025-03-19,2025-03-19 10:00:00,2025-03-19 19:00:00,540,2025-03-19 14:00:00,2025-03-19 14:30:00,30
S0001133,A017,2025-03-20,2025-03-20 10:00:00,2025-03-20 19:00:00,540,2025-03-20 14:00:00,2025-03-20 14:30:00,30
S0001134,A017,2025-03-24,2025-03-24 10:00:00,2025-03-24 19:00:00,540,2025-03-24 14:00:00,2025-03-24 14:30:00,30
S0001135,A017,2025-03-25,2025-03-25 10:00:00,2025-03-25 19:00:00,540,2025-03-25 14:00:00,2025-03-25 14:30:00,30
S0001136,A017,2025-03-26,2025-03-26 10:00:00,2025-03-26 19:00:00,540,2025-03-26 14:00:00,2025-03-26 14:30:00,30
S0001137,A017,2025-03-27,2025-03-27 10:00:00,2025-03-27 19:00:00,540,2025-03-27 14:00:00,2025-03-27 14:30:00,30
S0001138,A017,2025-03-28,2025-03-28 10:00:00,2025-03-28 19:00:00,540,2025-03-28 14:00:00,2025-03-28 14:30:00,30
S0001139,A017,2025-03-29,2025-03-29 10:00:00,2025-03-29 19:00:00,540,2025-03-29 14:00:00,2025-03-29 14:30:00,30
S0001140,A017,2025-03-31,2025-03-31 10:00:00,2025-03-31 19:00:00,540,2025-03-31 14:00:00,2025-03-31 14:30:00,30
S0001141,A018,2025-01-01,2025-01-01 08:00:00,2025-01-01 17:00:00,540,2025-01-01 12:00:00,2025-01-01 12:30:00,30
S0001142,A018,2025-01-02,2025-01-02 08:00:00,2025-01-02 17:00:00,540,2025-01-02 12:00:00,2025-01-02 12:30:00,30
S0001143,A018,2025-01-03,2025-01-03 08:00:00,2025-01-03 17:00:00,540,2025-01-03 12:00:00,2025-01-03 12:30:00,30
S0001144,A018,2025-01-04,2025-01-04 08:00:00,2025-01-04 17:00:00,540,2025-01-04 12:00:00,2025-01-04 12:30:00,30
S0001145,A018,2025-01-05,2025-01-05 08:00:00,2025-01-05 17:00:00,540,2025-01-05 12:00:00,2025-01-05 12:30:00,30
S0001146,A018,2025-01-06,2025-01-06 08:00:00,2025-01-06 17:00:00,540,2025-01-06 12:00:00,2025-01-06 12:30:00,30
S0001147,A018,2025-01-07,2025-01-07 08:00:00,2025-01-07 17:00:00,540,2025-01-07 12:00:00,2025-01-07 12:30:00,30
S0001148,A018,2025-01-08,2025-01-08 08:00:00,2025-01-08 17:00:00,540,2025-01-08 12:00:00,2025-01-08 12:30:00,30
S0001149,A018,2025-01-09,2025-01-09 08:00:00,2025-01-09 17:00:00,540,2025-01-09 12:00:00,2025-01-09 12:30:00,30
S0001150,A018,2025-01-10,2025-01-10 08:00:00,2025-01-10 17:00:00,540,2025-01-10 12:00:00,2025-01-10 12:30:00,30
S0001151,A018,2025-01-12,2025-01-12 08:00:00,2025-01-12 17:00:00,540,2025-01-12 12:00:00,2025-01-12 12:30:00,30
S0001152,A018,2025-01-13,2025-01-13 08:00:00,2025-01-13 17:00:00,540,2025-01-13 12:00:00,2025-01-13 12:30:00,30
S0001153,A018,2025-01-14,2025-01-14 08:00:00,2025-01-14 17:00:00,540,2025-01-14 12:00:00,2025-01-14 12:30:00,30
S0001154,A018,2025-01-15,2025-01-15 08:00:00,2025-01-15 17:00:00,540,2025-01-15 12:00:00,2025-01-15 12:30:00,30
S0001155,A018,2025-01-16,2025-01-16 08:00:00,2025-01-16 17:00:00,540,2025-01-16 12:00:00,2025-01-16 12:30:00,30
S0001156,A018,2025-01-17,2025-01-17 08:00:00,2025-01-17 17:00:00,540,2025-01-17 12:00:00,2025-01-17 12:30:00,30
S0001157,A018,2025-01-18,2025-01-18 08:00:00,2025-01-18 17:00:00,540,2025-01-18 12:00:00,2025-01-18 12:30:00,30
S0001158,A018,2025-01-20,2025-01-20 08:00:00,2025-01-20 17:00:00,540,2025-01-20 12:00:00,2025-01-20 12:30:00,30
S0001159,A018,2025-01-21,2025-01-21 08:00:00,2025-01-21 17:00:00,540,2025-01-21 12:00:00,2025-01-21 12:30:00,30
S0001160,A018,2025-01-22,2025-01-22 08:00:00,2025-01-22 17:00:00,540,2025-01-22 12:00:00,2025-01-22 12:30:00,30
S0001161,A018,2025-01-23,2025-01-23 08:00:00,2025-01-23 17:00:00,540,2025-01-23 12:00:00,2025-01-23 12:30:00,30
S0001162,A018,2025-01-24,2025-01-24 08:00:00,2025-01-24 17:00:00,540,2025-01-24 12:00:00,2025-01-24 12:30:00,30
S0001163,A018,2025-01-27,2025-01-27 08:00:00,2025-01-27 17:00:00,540,2025-01-27 12:00:00,2025-01-27 12:30:00,30
S0001164,A018,2025-01-28,2025-01-28 08:00:00,2025-01-28 17:00:00,540,2025-01-28 12:00:00,2025-01-28 12:30:00,30
S0001165,A018,2025-01-29,2025-01-29 08:00:00,2025-01-29 17:00:00,540,2025-01-29 12:00:00,2025-01-29 12:30:00,30
S0001166,A018,2025-01-30,2025-01-30 08:00:00,2025-01-30 17:00:00,540,2025-01-30 12:00:00,2025-01-30 12:30:00,30
S0001167,A018,2025-01-31,2025-01-31 08:00:00,2025-01-31 17:00:00,540,2025-01-31 12:00:00,2025-01-31 12:30:00,30
S0001168,A018,2025-02-01,2025-02-01 08:00:00,2025-02-01 17:00:00,540,2025-02-01 12:00:00,2025-02-01 12:30:00,30
S0001169,A018,2025-02-03,2025-02-03 08:00:00,2025-02-03 17:00:00,540,2025-02-03 12:00:00,2025-02-03 12:30:00,30
S0001170,A018,2025-02-04,2025-02-04 08:00:00,2025-02-04 17:00:00,540,2025-02-04 12:00:00,2025-02-04 12:30:00,30
S0001171,A018,2025-02-05,2025-02-05 08:00:00,2025-02-05 17:00:00,540,2025-02-05 12:00:00,2025-02-05 12:30:00,30
S0001172,A018,2025-02-06,2025-02-06 08:00:00,2025-02-06 17:00:00,540,2025-02-06 12:00:00,2025-02-06 12:30:00,30
S0001173,A018,2025-02-07,2025-02-07 08:00:00,2025-02-07 17:00:00,540,2025-02-07 12:00:00,2025-02-07 12:30:00,30
S0001174,A018,2025-02-08,2025-02-08 08:00:00,2025-02-08 17:00:00,540,2025-02-08 12:00:00,2025-02-08 12:30:00,30
S0001175,A018,2025-02-10,2025-02-10 08:00:00,2025-02-10 17:00:00,540,2025-02-10 12:00:00,2025-02-10 12:30:00,30
S0001176,A018,2025-02-11,2025-02-11 08:00:00,2025-02-11 17:00:00,540,2025-02-11 12:00:00,2025-02-11 12:30:00,30
S0001177,A018,2025-02-12,2025-02-12 08:00:00,2025-02-12 17:00:00,540,2025-02-12 12:00:00,2025-02-12 12:30:00,30
S0001178,A018,2025-02-13,2025-02-13 08:00:00,2025-02-13 17:00:00,540,2025-02-13 12:00:00,2025-02-13 12:30:00,30
S0001179,A018,2025-02-14,2025-02-14 08:00:00,2025-02-14 17:00:00,540,2025-02-14 12:00:00,2025-02-14 12:30:00,30
S0001180,A018,2025-02-16,2025-02-16 08:00:00,2025-02-16 17:00:00,540,2025-02-16 12:00:00,2025-02-16 12:30:00,30
S0001181,A018,2025-02-17,2025-02-17 08:00:00,2025-02-17 17:00:00,540,2025-02-17 12:00:00,2025-02-17 12:30:00,30
S0001182,A018,2025-02-18,2025-02-18 08:00:00,2025-02-18 17:00:00,540,2025-02-18 12:00:00,2025-02-18 12:30:00,30
S0001183,A018,2025-02-19,2025-02-19 08:00:00,2025-02-19 17:00:00,540,2025-02-19 12:00:00,2025-02-19 12:30:00,30
S0001184,A018,2025-02-20,2025-02-20 08:00:00,2025-02-20 17:00:00,540,2025-02-20 12:00:00,2025-02-20 12:30:00,30
S0001185,A018,2025-02-21,2025-02-21 08:00:00,2025-02-21 17:00:00,540,2025-02-21 12:00:00,2025-02-21 12:30:00,30
S0001186,A018,2025-02-22,2025-02-22 08:00:00,2025-02-22 17:00:00,540,2025-02-22 12:00:00,2025-02-22 12:30:00,30
S0001187,A018,2025-02-24,2025-02-24 08:00:00,2025-02-24 17:00:00,540,2025-02-24 12:00:00,2025-02-24 12:30:00,30
S0001188,A018,2025-02-25,2025-02-25 08:00:00,2025-02-25 17:00:00,540,2025-02-25 12:00:00,2025-02-25 12:30:00,30
S0001189,A018,2025-02-26,2025-02-26 08:00:00,2025-02-26 17:00:00,540,2025-02-26 12:00:00,2025-02-26 12:30:00,30
S0001190,A018,2025-02-27,2025-02-27 08:00:00,2025-02-27 17:00:00,540,2025-02-27 12:00:00,2025-02-27 12:30:00,30
S0001191,A018,2025-02-28,2025-02-28 08:00:00,2025-02-28 17:00:00,540,2025-02-28 12:00:00,2025-02-28 12:30:00,30
S0001192,A018,2025-03-03,2025-03-03 08:00:00,2025-03-03 17:00:00,540,2025-03-03 12:00:00,2025-03-03 12:30:00,30
S0001193,A018,2025-03-04,2025-03-04 08:00:00,2025-03-04 17:00:00,540,2025-03-04 12:00:00,2025-03-04 12:30:00,30
S0001194,A018,2025-03-05,2025-03-05 08:00:00,2025-03-05 17:00:00,540,2025-03-05 12:00:00,2025-03-05 12:30:00,30
S0001195,A018,2025-03-06,2025-03-06 08:00:00,2025-03-06 17:00:00,540,2025-03-06 12:00:00,2025-03-06 12:30:00,30
S0001196,A018,2025-03-08,2025-03-08 08:00:00,2025-03-08 17:00:00,540,2025-03-08 12:00:00,2025-03-08 12:30:00,30
S0001197,A018,2025-03-09,2025-03-09 08:00:00,2025-03-09 17:00:00,540,2025-03-09 12:00:00,2025-03-09 12:30:00,30
S0001198,A018,2025-03-10,2025-03-10 08:00:00,2025-03-10 17:00:00,540,2025-03-10 12:00:00,2025-03-10 12:30:00,30
S0001199,A018,2025-03-11,2025-03-11 08:00:00,2025-03-11 17:00:00,540,2025-03-11 12:00:00,2025-03-11 12:30:00,30
S0001200,A018,2025-03-13,2025-03-13 08:00:00,2025-03-13 17:00:00,540,2025-03-13 12:00:00,2025-03-13 12:30:00,30
S0001201,A018,2025-03-14,2025-03-14 08:00:00,2025-03-14 17:00:00,540,2025-03-14 12:00:00,2025-03-14 12:30:00,30
S0001202,A018,2025-03-15,2025-03-15 08:00:00,2025-03-15 17:00:00,540,2025-03-15 12:00:00,2025-03-15 12:30:00,30
S0001203,A018,2025-03-17,2025-03-17 08:00:00,2025-03-17 17:00:00,540,2025-03-17 12:00:00,2025-03-17 12:30:00,30
S0001204,A018,2025-03-18,2025-03-18 08:00:00,2025-03-18 17:00:00,540,2025-03-18 12:00:00,2025-03-18 12:30:00,30
S0001205,A018,2025-03-19,2025-03-19 08:00:00,2025-03-19 17:00:00,540,2025-03-19 12:00:00,2025-03-19 12:30:00,30
S0001206,A018,2025-03-20,2025-03-20 08:00:00,2025-03-20 17:00:00,540,2025-03-20 12:00:00,2025-03-20 12:30:00,30
S0001207,A018,2025-03-21,2025-03-21 08:00:00,2025-03-21 17:00:00,540,2025-03-21 12:00:00,2025-03-21 12:30:00,30
S0001208,A018,2025-03-23,2025-03-23 08:00:00,2025-03-23 17:00:00,540,2025-03-23 12:00:00,2025-03-23 12:30:00,30
S0001209,A018,2025-03-24,2025-03-24 08:00:00,2025-03-24 17:00:00,540,2025-03-24 12:00:00,2025-03-24 12:30:00,30
S0001210,A018,2025-03-25,2025-03-25 08:00:00,2025-03-25 17:00:00,540,2025-03-25 12:00:00,2025-03-25 12:30:00,30
S0001211,A018,2025-03-26,2025-03-26 08:00:00,2025-03-26 17:00:00,540,2025-03-26 12:00:00,2025-03-26 12:30:00,30
S0001212,A018,2025-03-27,2025-03-27 08:00:00,2025-03-27 17:00:00,540,2025-03-27 12:00:00,2025-03-27 12:30:00,30
S0001213,A018,2025-03-28,2025-03-28 08:00:00,2025-03-28 17:00:00,540,2025-03-28 12:00:00,2025-03-28 12:30:00,30
S0001214,A018,2025-03-30,2025-03-30 08:00:00,2025-03-30 17:00:00,540,2025-03-30 12:00:00,2025-03-30 12:30:00,30
S0001215,A018,2025-03-31,2025-03-31 08:00:00,2025-03-31 17:00:00,540,2025-03-31 12:00:00,2025-03-31 12:30:00,30
S0001216,A019,2025-01-01,2025-01-01 10:00:00,2025-01-01 19:00:00,540,2025-01-01 14:00:00,2025-01-01 14:30:00,30
S0001217,A019,2025-01-02,2025-01-02 10:00:00,2025-01-02 19:00:00,540,2025-01-02 14:00:00,2025-01-02 14:30:00,30
S0001218,A019,2025-01-03,2025-01-03 10:00:00,2025-01-03 19:00:00,540,2025-01-03 14:00:00,2025-01-03 14:30:00,30
S0001219,A019,2025-01-06,2025-01-06 10:00:00,2025-01-06 19:00:00,540,2025-01-06 14:00:00,2025-01-06 14:30:00,30
S0001220,A019,2025-01-07,2025-01-07 10:00:00,2025-01-07 19:00:00,540,2025-01-07 14:00:00,2025-01-07 14:30:00,30
S0001221,A019,2025-01-08,2025-01-08 10:00:00,2025-01-08 19:00:00,540,2025-01-08 14:00:00,2025-01-08 14:30:00,30
S0001222,A019,2025-01-09,2025-01-09 10:00:00,2025-01-09 19:00:00,540,2025-01-09 14:00:00,2025-01-09 14:30:00,30
S0001223,A019,2025-01-10,2025-01-10 10:00:00,2025-01-10 19:00:00,540,2025-01-10 14:00:00,2025-01-10 14:30:00,30
S0001224,A019,2025-01-13,2025-01-13 10:00:00,2025-01-13 19:00:00,540,2025-01-13 14:00:00,2025-01-13 14:30:00,30
S0001225,A019,2025-01-14,2025-01-14 10:00:00,2025-01-14 19:00:00,540,2025-01-14 14:00:00,2025-01-14 14:30:00,30
S0001226,A019,2025-01-15,2025-01-15 10:00:00,2025-01-15 19:00:00,540,2025-01-15 14:00:00,2025-01-15 14:30:00,30
S0001227,A019,2025-01-16,2025-01-16 10:00:00,2025-01-16 19:00:00,540,2025-01-16 14:00:00,2025-01-16 14:30:00,30
S0001228,A019,2025-01-17,2025-01-17 10:00:00,2025-01-17 19:00:00,540,2025-01-17 14:00:00,2025-01-17 14:30:00,30
S0001229,A019,2025-01-18,2025-01-18 10:00:00,2025-01-18 19:00:00,540,2025-01-18 14:00:00,2025-01-18 14:30:00,30
S0001230,A019,2025-01-20,2025-01-20 10:00:00,2025-01-20 19:00:00,540,2025-01-20 14:00:00,2025-01-20 14:30:00,30
S0001231,A019,2025-01-21,2025-01-21 10:00:00,2025-01-21 19:00:00,540,2025-01-21 14:00:00,2025-01-21 14:30:00,30
S0001232,A019,2025-01-22,2025-01-22 10:00:00,2025-01-22 19:00:00,540,2025-01-22 14:00:00,2025-01-22 14:30:00,30
S0001233,A019,2025-01-23,2025-01-23 10:00:00,2025-01-23 19:00:00,540,2025-01-23 14:00:00,2025-01-23 14:30:00,30
S0001234,A019,2025-01-24,2025-01-24 10:00:00,2025-01-24 19:00:00,540,2025-01-24 14:00:00,2025-01-24 14:30:00,30
S0001235,A019,2025-01-27,2025-01-27 10:00:00,2025-01-27 19:00:00,540,2025-01-27 14:00:00,2025-01-27 14:30:00,30
S0001236,A019,2025-01-28,2025-01-28 10:00:00,2025-01-28 19:00:00,540,2025-01-28 14:00:00,2025-01-28 14:30:00,30
S0001237,A019,2025-01-29,2025-01-29 10:00:00,2025-01-29 19:00:00,540,2025-01-29 14:00:00,2025-01-29 14:30:00,30
S0001238,A019,2025-01-30,2025-01-30 10:00:00,2025-01-30 19:00:00,540,2025-01-30 14:00:00,2025-01-30 14:30:00,30
S0001239,A019,2025-01-31,2025-01-31 10:00:00,2025-01-31 19:00:00,540,2025-01-31 14:00:00,2025-01-31 14:30:00,30
S0001240,A019,2025-02-02,2025-02-02 10:00:00,2025-02-02 19:00:00,540,2025-02-02 14:00:00,2025-02-02 14:30:00,30
S0001241,A019,2025-02-03,2025-02-03 10:00:00,2025-02-03 19:00:00,540,2025-02-03 14:00:00,2025-02-03 14:30:00,30
S0001242,A019,2025-02-04,2025-02-04 10:00:00,2025-02-04 19:00:00,540,2025-02-04 14:00:00,2025-02-04 14:30:00,30
S0001243,A019,2025-02-05,2025-02-05 10:00:00,2025-02-05 19:00:00,540,2025-02-05 14:00:00,2025-02-05 14:30:00,30
S0001244,A019,2025-02-06,2025-02-06 10:00:00,2025-02-06 19:00:00,540,2025-02-06 14:00:00,2025-02-06 14:30:00,30
S0001245,A019,2025-02-07,2025-02-07 10:00:00,2025-02-07 19:00:00,540,2025-02-07 14:00:00,2025-02-07 14:30:00,30
S0001246,A019,2025-02-10,2025-02-10 10:00:00,2025-02-10 19:00:00,540,2025-02-10 14:00:00,2025-02-10 14:30:00,30
S0001247,A019,2025-02-11,2025-02-11 10:00:00,2025-02-11 19:00:00,540,2025-02-11 14:00:00,2025-02-11 14:30:00,30
S0001248,A019,2025-02-12,2025-02-12 10:00:00,2025-02-12 19:00:00,540,2025-02-12 14:00:00,2025-02-12 14:30:00,30
S0001249,A019,2025-02-13,2025-02-13 10:00:00,2025-02-13 19:00:00,540,2025-02-13 14:00:00,2025-02-13 14:30:00,30
S0001250,A019,2025-02-14,2025-02-14 10:00:00,2025-02-14 19:00:00,540,2025-02-14 14:00:00,2025-02-14 14:30:00,30
S0001251,A019,2025-02-17,2025-02-17 10:00:00,2025-02-17 19:00:00,540,2025-02-17 14:00:00,2025-02-17 14:30:00,30
S0001252,A019,2025-02-18,2025-02-18 10:00:00,2025-02-18 19:00:00,540,2025-02-18 14:00:00,2025-02-18 14:30:00,30
S0001253,A019,2025-02-19,2025-02-19 10:00:00,2025-02-19 19:00:00,540,2025-02-19 14:00:00,2025-02-19 14:30:00,30
S0001254,A019,2025-02-21,2025-02-21 10:00:00,2025-02-21 19:00:00,540,2025-02-21 14:00:00,2025-02-21 14:30:00,30
S0001255,A019,2025-02-23,2025-02-23 10:00:00,2025-02-23 19:00:00,540,2025-02-23 14:00:00,2025-02-23 14:30:00,30
S0001256,A019,2025-02-24,2025-02-24 10:00:00,2025-02-24 19:00:00,540,2025-02-24 14:00:00,2025-02-24 14:30:00,30
S0001257,A019,2025-02-25,2025-02-25 10:00:00,2025-02-25 19:00:00,540,2025-02-25 14:00:00,2025-02-25 14:30:00,30
S0001258,A019,2025-02-26,2025-02-26 10:00:00,2025-02-26 19:00:00,540,2025-02-26 14:00:00,2025-02-26 14:30:00,30
S0001259,A019,2025-02-27,2025-02-27 10:00:00,2025-02-27 19:00:00,540,2025-02-27 14:00:00,2025-02-27 14:30:00,30
S0001260,A019,2025-02-28,2025-02-28 10:00:00,2025-02-28 19:00:00,540,2025-02-28 14:00:00,2025-02-28 14:30:00,30
S0001261,A019,2025-03-01,2025-03-01 10:00:00,2025-03-01 19:00:00,540,2025-03-01 14:00:00,2025-03-01 14:30:00,30
S0001262,A019,2025-03-03,2025-03-03 10:00:00,2025-03-03 19:00:00,540,2025-03-03 14:00:00,2025-03-03 14:30:00,30
S0001263,A019,2025-03-04,2025-03-04 10:00:00,2025-03-04 19:00:00,540,2025-03-04 14:00:00,2025-03-04 14:30:00,30
S0001264,A019,2025-03-05,2025-03-05 10:00:00,2025-03-05 19:00:00,540,2025-03-05 14:00:00,2025-03-05 14:30:00,30
S0001265,A019,2025-03-06,2025-03-06 10:00:00,2025-03-06 19:00:00,540,2025-03-06 14:00:00,2025-03-06 14:30:00,30
S0001266,A019,2025-03-07,2025-03-07 10:00:00,2025-03-07 19:00:00,540,2025-03-07 14:00:00,2025-03-07 14:30:00,30
S0001267,A019,2025-03-08,2025-03-08 10:00:00,2025-03-08 19:00:00,540,2025-03-08 14:00:00,2025-03-08 14:30:00,30
S0001268,A019,2025-03-10,2025-03-10 10:00:00,2025-03-10 19:00:00,540,2025-03-10 14:00:00,2025-03-10 14:30:00,30
S0001269,A019,2025-03-11,2025-03-11 10:00:00,2025-03-11 19:00:00,540,2025-03-11 14:00:00,2025-03-11 14:30:00,30
S0001270,A019,2025-03-12,2025-03-12 10:00:00,2025-03-12 19:00:00,540,2025-03-12 14:00:00,2025-03-12 14:30:00,30
S0001271,A019,2025-03-13,2025-03-13 10:00:00,2025-03-13 19:00:00,540,2025-03-13 14:00:00,2025-03-13 14:30:00,30
S0001272,A019,2025-03-14,2025-03-14 10:00:00,2025-03-14 19:00:00,540,2025-03-14 14:00:00,2025-03-14 14:30:00,30
S0001273,A019,2025-03-17,2025-03-17 10:00:00,2025-03-17 19:00:00,540,2025-03-17 14:00:00,2025-03-17 14:30:00,30
S0001274,A019,2025-03-18,2025-03-18 10:00:00,2025-03-18 19:00:00,540,2025-03-18 14:00:00,2025-03-18 14:30:00,30
S0001275,A019,2025-03-19,2025-03-19 10:00:00,2025-03-19 19:00:00,540,2025-03-19 14:00:00,2025-03-19 14:30:00,30
S0001276,A019,2025-03-20,2025-03-20 10:00:00,2025-03-20 19:00:00,540,2025-03-20 14:00:00,2025-03-20 14:30:00,30
S0001277,A019,2025-03-21,2025-03-21 10:00:00,2025-03-21 19:00:00,540,2025-03-21 14:00:00,2025-03-21 14:30:00,30
S0001278,A019,2025-03-22,2025-03-22 10:00:00,2025-03-22 19:00:00,540,2025-03-22 14:00:00,2025-03-22 14:30:00,30
S0001279,A019,2025-03-24,2025-03-24 10:00:00,2025-03-24 19:00:00,540,2025-03-24 14:00:00,2025-03-24 14:30:00,30
S0001280,A019,2025-03-25,2025-03-25 10:00:00,2025-03-25 19:00:00,540,2025-03-25 14:00:00,2025-03-25 14:30:00,30
S0001281,A019,2025-03-26,2025-03-26 10:00:00,2025-03-26 19:00:00,540,2025-03-26 14:00:00,2025-03-26 14:30:00,30
S0001282,A019,2025-03-27,2025-03-27 10:00:00,2025-03-27 19:00:00,540,2025-03-27 14:00:00,2025-03-27 14:30:00,30
S0001283,A019,2025-03-28,2025-03-28 10:00:00,2025-03-28 19:00:00,540,2025-03-28 14:00:00,2025-03-28 14:30:00,30
S0001284,A019,2025-03-31,2025-03-31 10:00:00,2025-03-31 19:00:00,540,2025-03-31 14:00:00,2025-03-31 14:30:00,30
S0001285,A020,2025-01-01,2025-01-01 09:00:00,2025-01-01 18:00:00,540,2025-01-01 13:00:00,2025-01-01 13:30:00,30
S0001286,A020,2025-01-02,2025-01-02 09:00:00,2025-01-02 18:00:00,540,2025-01-02 13:00:00,2025-01-02 13:30:00,30
S0001287,A020,2025-01-03,2025-01-03 09:00:00,2025-01-03 18:00:00,540,2025-01-03 13:00:00,2025-01-03 13:30:00,30
S0001288,A020,2025-01-05,2025-01-05 09:00:00,2025-01-05 18:00:00,540,2025-01-05 13:00:00,2025-01-05 13:30:00,30
S0001289,A020,2025-01-06,2025-01-06 09:00:00,2025-01-06 18:00:00,540,2025-01-06 13:00:00,2025-01-06 13:30:00,30
S0001290,A020,2025-01-07,2025-01-07 09:00:00,2025-01-07 18:00:00,540,2025-01-07 13:00:00,2025-01-07 13:30:00,30
S0001291,A020,2025-01-08,2025-01-08 09:00:00,2025-01-08 18:00:00,540,2025-01-08 13:00:00,2025-01-08 13:30:00,30
S0001292,A020,2025-01-09,2025-01-09 09:00:00,2025-01-09 18:00:00,540,2025-01-09 13:00:00,2025-01-09 13:30:00,30
S0001293,A020,2025-01-10,2025-01-10 09:00:00,2025-01-10 18:00:00,540,2025-01-10 13:00:00,2025-01-10 13:30:00,30
S0001294,A020,2025-01-13,2025-01-13 09:00:00,2025-01-13 18:00:00,540,2025-01-13 13:00:00,2025-01-13 13:30:00,30
S0001295,A020,2025-01-14,2025-01-14 09:00:00,2025-01-14 18:00:00,540,2025-01-14 13:00:00,2025-01-14 13:30:00,30
S0001296,A020,2025-01-15,2025-01-15 09:00:00,2025-01-15 18:00:00,540,2025-01-15 13:00:00,2025-01-15 13:30:00,30
S0001297,A020,2025-01-16,2025-01-16 09:00:00,2025-01-16 18:00:00,540,2025-01-16 13:00:00,2025-01-16 13:30:00,30
S0001298,A020,2025-01-17,2025-01-17 09:00:00,2025-01-17 18:00:00,540,2025-01-17 13:00:00,2025-01-17 13:30:00,30
S0001299,A020,2025-01-18,2025-01-18 09:00:00,2025-01-18 18:00:00,540,2025-01-18 13:00:00,2025-01-18 13:30:00,30
S0001300,A020,2025-01-20,2025-01-20 09:00:00,2025-01-20 18:00:00,540,2025-01-20 13:00:00,2025-01-20 13:30:00,30
S0001301,A020,2025-01-21,2025-01-21 09:00:00,2025-01-21 18:00:00,540,2025-01-21 13:00:00,2025-01-21 13:30:00,30
S0001302,A020,2025-01-22,2025-01-22 09:00:00,2025-01-22 18:00:00,540,2025-01-22 13:00:00,2025-01-22 13:30:00,30
S0001303,A020,2025-01-23,2025-01-23 09:00:00,2025-01-23 18:00:00,540,2025-01-23 13:00:00,2025-01-23 13:30:00,30
S0001304,A020,2025-01-24,2025-01-24 09:00:00,2025-01-24 18:00:00,540,2025-01-24 13:00:00,2025-01-24 13:30:00,30
S0001305,A020,2025-01-25,2025-01-25 09:00:00,2025-01-25 18:00:00,540,2025-01-25 13:00:00,2025-01-25 13:30:00,30
S0001306,A020,2025-01-27,2025-01-27 09:00:00,2025-01-27 18:00:00,540,2025-01-27 13:00:00,2025-01-27 13:30:00,30
S0001307,A020,2025-01-28,2025-01-28 09:00:00,2025-01-28 18:00:00,540,2025-01-28 13:00:00,2025-01-28 13:30:00,30
S0001308,A020,2025-01-29,2025-01-29 09:00:00,2025-01-29 18:00:00,540,2025-01-29 13:00:00,2025-01-29 13:30:00,30
S0001309,A020,2025-01-30,2025-01-30 09:00:00,2025-01-30 18:00:00,540,2025-01-30 13:00:00,2025-01-30 13:30:00,30
S0001310,A020,2025-01-31,2025-01-31 09:00:00,2025-01-31 18:00:00,540,2025-01-31 13:00:00,2025-01-31 13:30:00,30
S0001311,A020,2025-02-03,2025-02-03 09:00:00,2025-02-03 18:00:00,540,2025-02-03 13:00:00,2025-02-03 13:30:00,30
S0001312,A020,2025-02-04,2025-02-04 09:00:00,2025-02-04 18:00:00,540,2025-02-04 13:00:00,2025-02-04 13:30:00,30
S0001313,A020,2025-02-05,2025-02-05 09:00:00,2025-02-05 18:00:00,540,2025-02-05 13:00:00,2025-02-05 13:30:00,30
S0001314,A020,2025-02-06,2025-02-06 09:00:00,2025-02-06 18:00:00,540,2025-02-06 13:00:00,2025-02-06 13:30:00,30
S0001315,A020,2025-02-07,2025-02-07 09:00:00,2025-02-07 18:00:00,540,2025-02-07 13:00:00,2025-02-07 13:30:00,30
S0001316,A020,2025-02-10,2025-02-10 09:00:00,2025-02-10 18:00:00,540,2025-02-10 13:00:00,2025-02-10 13:30:00,30
S0001317,A020,2025-02-11,2025-02-11 09:00:00,2025-02-11 18:00:00,540,2025-02-11 13:00:00,2025-02-11 13:30:00,30
S0001318,A020,2025-02-12,2025-02-12 09:00:00,2025-02-12 18:00:00,540,2025-02-12 13:00:00,2025-02-12 13:30:00,30
S0001319,A020,2025-02-13,2025-02-13 09:00:00,2025-02-13 18:00:00,540,2025-02-13 13:00:00,2025-02-13 13:30:00,30
S0001320,A020,2025-02-14,2025-02-14 09:00:00,2025-02-14 18:00:00,540,2025-02-14 13:00:00,2025-02-14 13:30:00,30
S0001321,A020,2025-02-17,2025-02-17 09:00:00,2025-02-17 18:00:00,540,2025-02-17 13:00:00,2025-02-17 13:30:00,30
S0001322,A020,2025-02-18,2025-02-18 09:00:00,2025-02-18 18:00:00,540,2025-02-18 13:00:00,2025-02-18 13:30:00,30
S0001323,A020,2025-02-19,2025-02-19 09:00:00,2025-02-19 18:00:00,540,2025-02-19 13:00:00,2025-02-19 13:30:00,30
S0001324,A020,2025-02-20,2025-02-20 09:00:00,2025-02-20 18:00:00,540,2025-02-20 13:00:00,2025-02-20 13:30:00,30
S0001325,A020,2025-02-21,2025-02-21 09:00:00,2025-02-21 18:00:00,540,2025-02-21 13:00:00,2025-02-21 13:30:00,30
S0001326,A020,2025-02-22,2025-02-22 09:00:00,2025-02-22 18:00:00,540,2025-02-22 13:00:00,2025-02-22 13:30:00,30
S0001327,A020,2025-02-23,2025-02-23 09:00:00,2025-02-23 18:00:00,540,2025-02-23 13:00:00,2025-02-23 13:30:00,30
S0001328,A020,2025-02-24,2025-02-24 09:00:00,2025-02-24 18:00:00,540,2025-02-24 13:00:00,2025-02-24 13:30:00,30
S0001329,A020,2025-02-25,2025-02-25 09:00:00,2025-02-25 18:00:00,540,2025-02-25 13:00:00,2025-02-25 13:30:00,30
S0001330,A020,2025-02-26,2025-02-26 09:00:00,2025-02-26 18:00:00,540,2025-02-26 13:00:00,2025-02-26 13:30:00,30
S0001331,A020,2025-02-27,2025-02-27 09:00:00,2025-02-27 18:00:00,540,2025-02-27 13:00:00,2025-02-27 13:30:00,30
S0001332,A020,2025-02-28,2025-02-28 09:00:00,2025-02-28 18:00:00,540,2025-02-28 13:00:00,2025-02-28 13:30:00,30
S0001333,A020,2025-03-03,2025-03-03 09:00:00,2025-03-03 18:00:00,540,2025-03-03 13:00:00,2025-03-03 13:30:00,30
S0001334,A020,2025-03-04,2025-03-04 09:00:00,2025-03-04 18:00:00,540,2025-03-04 13:00:00,2025-03-04 13:30:00,30
S0001335,A020,2025-03-05,2025-03-05 09:00:00,2025-03-05 18:00:00,540,2025-03-05 13:00:00,2025-03-05 13:30:00,30
S0001336,A020,2025-03-06,2025-03-06 09:00:00,2025-03-06 18:00:00,540,2025-03-06 13:00:00,2025-03-06 13:30:00,30
S0001337,A020,2025-03-07,2025-03-07 09:00:00,2025-03-07 18:00:00,540,2025-03-07 13:00:00,2025-03-07 13:30:00,30
S0001338,A020,2025-03-10,2025-03-10 09:00:00,2025-03-10 18:00:00,540,2025-03-10 13:00:00,2025-03-10 13:30:00,30
S0001339,A020,2025-03-11,2025-03-11 09:00:00,2025-03-11 18:00:00,540,2025-03-11 13:00:00,2025-03-11 13:30:00,30
S0001340,A020,2025-03-12,2025-03-12 09:00:00,2025-03-12 18:00:00,540,2025-03-12 13:00:00,2025-03-12 13:30:00,30
S0001341,A020,2025-03-13,2025-03-13 09:00:00,2025-03-13 18:00:00,540,2025-03-13 13:00:00,2025-03-13 13:30:00,30
S0001342,A020,2025-03-15,2025-03-15 09:00:00,2025-03-15 18:00:00,540,2025-03-15 13:00:00,2025-03-15 13:30:00,30
S0001343,A020,2025-03-17,2025-03-17 09:00:00,2025-03-17 18:00:00,540,2025-03-17 13:00:00,2025-03-17 13:30:00,30
S0001344,A020,2025-03-18,2025-03-18 09:00:00,2025-03-18 18:00:00,540,2025-03-18 13:00:00,2025-03-18 13:30:00,30
S0001345,A020,2025-03-19,2025-03-19 09:00:00,2025-03-19 18:00:00,540,2025-03-19 13:00:00,2025-03-19 13:30:00,30
S0001346,A020,2025-03-20,2025-03-20 09:00:00,2025-03-20 18:00:00,540,2025-03-20 13:00:00,2025-03-20 13:30:00,30
S0001347,A020,2025-03-21,2025-03-21 09:00:00,2025-03-21 18:00:00,540,2025-03-21 13:00:00,2025-03-21 13:30:00,30
S0001348,A020,2025-03-23,2025-03-23 09:00:00,2025-03-23 18:00:00,540,2025-03-23 13:00:00,2025-03-23 13:30:00,30
S0001349,A020,2025-03-24,2025-03-24 09:00:00,2025-03-24 18:00:00,540,2025-03-24 13:00:00,2025-03-24 13:30:00,30
S0001350,A020,2025-03-25,2025-03-25 09:00:00,2025-03-25 18:00:00,540,2025-03-25 13:00:00,2025-03-25 13:30:00,30
S0001351,A020,2025-03-26,2025-03-26 09:00:00,2025-03-26 18:00:00,540,2025-03-26 13:00:00,2025-03-26 13:30:00,30
S0001352,A020,2025-03-27,2025-03-27 09:00:00,2025-03-27 18:00:00,540,2025-03-27 13:00:00,2025-03-27 13:30:00,30
S0001353,A020,2025-03-28,2025-03-28 09:00:00,2025-03-28 18:00:00,540,2025-03-28 13:00:00,2025-03-28 13:30:00,30
S0001354,A020,2025-03-31,2025-03-31 09:00:00,2025-03-31 18:00:00,540,2025-03-31 13:00:00,2025-03-31 13:30:00,30
S0001355,A021,2025-01-01,2025-01-01 07:00:00,2025-01-01 16:00:00,540,2025-01-01 11:00:00,2025-01-01 11:30:00,30
S0001356,A021,2025-01-02,2025-01-02 07:00:00,2025-01-02 16:00:00,540,2025-01-02 11:00:00,2025-01-02 11:30:00,30
S0001357,A021,2025-01-03,2025-01-03 07:00:00,2025-01-03 16:00:00,540,2025-01-03 11:00:00,2025-01-03 11:30:00,30
S0001358,A021,2025-01-06,2025-01-06 07:00:00,2025-01-06 16:00:00,540,2025-01-06 11:00:00,2025-01-06 11:30:00,30
S0001359,A021,2025-01-07,2025-01-07 07:00:00,2025-01-07 16:00:00,540,2025-01-07 11:00:00,2025-01-07 11:30:00,30
S0001360,A021,2025-01-08,2025-01-08 07:00:00,2025-01-08 16:00:00,540,2025-01-08 11:00:00,2025-01-08 11:30:00,30
S0001361,A021,2025-01-09,2025-01-09 07:00:00,2025-01-09 16:00:00,540,2025-01-09 11:00:00,2025-01-09 11:30:00,30
S0001362,A021,2025-01-10,2025-01-10 07:00:00,2025-01-10 16:00:00,540,2025-01-10 11:00:00,2025-01-10 11:30:00,30
S0001363,A021,2025-01-12,2025-01-12 07:00:00,2025-01-12 16:00:00,540,2025-01-12 11:00:00,2025-01-12 11:30:00,30
S0001364,A021,2025-01-13,2025-01-13 07:00:00,2025-01-13 16:00:00,540,2025-01-13 11:00:00,2025-01-13 11:30:00,30
S0001365,A021,2025-01-14,2025-01-14 07:00:00,2025-01-14 16:00:00,540,2025-01-14 11:00:00,2025-01-14 11:30:00,30
S0001366,A021,2025-01-15,2025-01-15 07:00:00,2025-01-15 16:00:00,540,2025-01-15 11:00:00,2025-01-15 11:30:00,30
S0001367,A021,2025-01-16,2025-01-16 07:00:00,2025-01-16 16:00:00,540,2025-01-16 11:00:00,2025-01-16 11:30:00,30
S0001368,A021,2025-01-17,2025-01-17 07:00:00,2025-01-17 16:00:00,540,2025-01-17 11:00:00,2025-01-17 11:30:00,30
S0001369,A021,2025-01-19,2025-01-19 07:00:00,2025-01-19 16:00:00,540,2025-01-19 11:00:00,2025-01-19 11:30:00,30
S0001370,A021,2025-01-20,2025-01-20 07:00:00,2025-01-20 16:00:00,540,2025-01-20 11:00:00,2025-01-20 11:30:00,30
S0001371,A021,2025-01-21,2025-01-21 07:00:00,2025-01-21 16:00:00,540,2025-01-21 11:00:00,2025-01-21 11:30:00,30
S0001372,A021,2025-01-22,2025-01-22 07:00:00,2025-01-22 16:00:00,540,2025-01-22 11:00:00,2025-01-22 11:30:00,30
S0001373,A021,2025-01-23,2025-01-23 07:00:00,2025-01-23 16:00:00,540,2025-01-23 11:00:00,2025-01-23 11:30:00,30
S0001374,A021,2025-01-24,2025-01-24 07:00:00,2025-01-24 16:00:00,540,2025-01-24 11:00:00,2025-01-24 11:30:00,30
S0001375,A021,2025-01-27,2025-01-27 07:00:00,2025-01-27 16:00:00,540,2025-01-27 11:00:00,2025-01-27 11:30:00,30
S0001376,A021,2025-01-28,2025-01-28 07:00:00,2025-01-28 16:00:00,540,2025-01-28 11:00:00,2025-01-28 11:30:00,30
S0001377,A021,2025-01-29,2025-01-29 07:00:00,2025-01-29 16:00:00,540,2025-01-29 11:00:00,2025-01-29 11:30:00,30
S0001378,A021,2025-01-30,2025-01-30 07:00:00,2025-01-30 16:00:00,540,2025-01-30 11:00:00,2025-01-30 11:30:00,30
S0001379,A021,2025-01-31,2025-01-31 07:00:00,2025-01-31 16:00:00,540,2025-01-31 11:00:00,2025-01-31 11:30:00,30
S0001380,A021,2025-02-03,2025-02-03 07:00:00,2025-02-03 16:00:00,540,2025-02-03 11:00:00,2025-02-03 11:30:00,30
S0001381,A021,2025-02-04,2025-02-04 07:00:00,2025-02-04 16:00:00,540,2025-02-04 11:00:00,2025-02-04 11:30:00,30
S0001382,A021,2025-02-05,2025-02-05 07:00:00,2025-02-05 16:00:00,540,2025-02-05 11:00:00,2025-02-05 11:30:00,30
S0001383,A021,2025-02-06,2025-02-06 07:00:00,2025-02-06 16:00:00,540,2025-02-06 11:00:00,2025-02-06 11:30:00,30
S0001384,A021,2025-02-07,2025-02-07 07:00:00,2025-02-07 16:00:00,540,2025-02-07 11:00:00,2025-02-07 11:30:00,30
S0001385,A021,2025-02-09,2025-02-09 07:00:00,2025-02-09 16:00:00,540,2025-02-09 11:00:00,2025-02-09 11:30:00,30
S0001386,A021,2025-02-10,2025-02-10 07:00:00,2025-02-10 16:00:00,540,2025-02-10 11:00:00,2025-02-10 11:30:00,30
S0001387,A021,2025-02-11,2025-02-11 07:00:00,2025-02-11 16:00:00,540,2025-02-11 11:00:00,2025-02-11 11:30:00,30
S0001388,A021,2025-02-12,2025-02-12 07:00:00,2025-02-12 16:00:00,540,2025-02-12 11:00:00,2025-02-12 11:30:00,30
S0001389,A021,2025-02-13,2025-02-13 07:00:00,2025-02-13 16:00:00,540,2025-02-13 11:00:00,2025-02-13 11:30:00,30
S0001390,A021,2025-02-14,2025-02-14 07:00:00,2025-02-14 16:00:00,540,2025-02-14 11:00:00,2025-02-14 11:30:00,30
S0001391,A021,2025-02-15,2025-02-15 07:00:00,2025-02-15 16:00:00,540,2025-02-15 11:00:00,2025-02-15 11:30:00,30
S0001392,A021,2025-02-16,2025-02-16 07:00:00,2025-02-16 16:00:00,540,2025-02-16 11:00:00,2025-02-16 11:30:00,30
S0001393,A021,2025-02-17,2025-02-17 07:00:00,2025-02-17 16:00:00,540,2025-02-17 11:00:00,2025-02-17 11:30:00,30
S0001394,A021,2025-02-18,2025-02-18 07:00:00,2025-02-18 16:00:00,540,2025-02-18 11:00:00,2025-02-18 11:30:00,30
S0001395,A021,2025-02-19,2025-02-19 07:00:00,2025-02-19 16:00:00,540,2025-02-19 11:00:00,2025-02-19 11:30:00,30
S0001396,A021,2025-02-20,2025-02-20 07:00:00,2025-02-20 16:00:00,540,2025-02-20 11:00:00,2025-02-20 11:30:00,30
S0001397,A021,2025-02-21,2025-02-21 07:00:00,2025-02-21 16:00:00,540,2025-02-21 11:00:00,2025-02-21 11:30:00,30
S0001398,A021,2025-02-22,2025-02-22 07:00:00,2025-02-22 16:00:00,540,2025-02-22 11:00:00,2025-02-22 11:30:00,30
S0001399,A021,2025-02-24,2025-02-24 07:00:00,2025-02-24 16:00:00,540,2025-02-24 11:00:00,2025-02-24 11:30:00,30
S0001400,A021,2025-02-25,2025-02-25 07:00:00,2025-02-25 16:00:00,540,2025-02-25 11:00:00,2025-02-25 11:30:00,30
S0001401,A021,2025-02-26,2025-02-26 07:00:00,2025-02-26 16:00:00,540,2025-02-26 11:00:00,2025-02-26 11:30:00,30
S0001402,A021,2025-02-27,2025-02-27 07:00:00,2025-02-27 16:00:00,540,2025-02-27 11:00:00,2025-02-27 11:30:00,30
S0001403,A021,2025-02-28,2025-02-28 07:00:00,2025-02-28 16:00:00,540,2025-02-28 11:00:00,2025-02-28 11:30:00,30
S0001404,A021,2025-03-03,2025-03-03 07:00:00,2025-03-03 16:00:00,540,2025-03-03 11:00:00,2025-03-03 11:30:00,30
S0001405,A021,2025-03-05,2025-03-05 07:00:00,2025-03-05 16:00:00,540,2025-03-05 11:00:00,2025-03-05 11:30:00,30
S0001406,A021,2025-03-06,2025-03-06 07:00:00,2025-03-06 16:00:00,540,2025-03-06 11:00:00,2025-03-06 11:30:00,30
S0001407,A021,2025-03-07,2025-03-07 07:00:00,2025-03-07 16:00:00,540,2025-03-07 11:00:00,2025-03-07 11:30:00,30
S0001408,A021,2025-03-10,2025-03-10 07:00:00,2025-03-10 16:00:00,540,2025-03-10 11:00:00,2025-03-10 11:30:00,30
S0001409,A021,2025-03-11,2025-03-11 07:00:00,2025-03-11 16:00:00,540,2025-03-11 11:00:00,2025-03-11 11:30:00,30
S0001410,A021,2025-03-12,2025-03-12 07:00:00,2025-03-12 16:00:00,540,2025-03-12 11:00:00,2025-03-12 11:30:00,30
S0001411,A021,2025-03-13,2025-03-13 07:00:00,2025-03-13 16:00:00,540,2025-03-13 11:00:00,2025-03-13 11:30:00,30
S0001412,A021,2025-03-14,2025-03-14 07:00:00,2025-03-14 16:00:00,540,2025-03-14 11:00:00,2025-03-14 11:30:00,30
S0001413,A021,2025-03-17,2025-03-17 07:00:00,2025-03-17 16:00:00,540,2025-03-17 11:00:00,2025-03-17 11:30:00,30
S0001414,A021,2025-03-18,2025-03-18 07:00:00,2025-03-18 16:00:00,540,2025-03-18 11:00:00,2025-03-18 11:30:00,30
S0001415,A021,2025-03-19,2025-03-19 07:00:00,2025-03-19 16:00:00,540,2025-03-19 11:00:00,2025-03-19 11:30:00,30
S0001416,A021,2025-03-20,2025-03-20 07:00:00,2025-03-20 16:00:00,540,2025-03-20 11:00:00,2025-03-20 11:30:00,30
S0001417,A021,2025-03-21,2025-03-21 07:00:00,2025-03-21 16:00:00,540,2025-03-21 11:00:00,2025-03-21 11:30:00,30
S0001418,A021,2025-03-24,2025-03-24 07:00:00,2025-03-24 16:00:00,540,2025-03-24 11:00:00,2025-03-24 11:30:00,30
S0001419,A021,2025-03-25,2025-03-25 07:00:00,2025-03-25 16:00:00,540,2025-03-25 11:00:00,2025-03-25 11:30:00,30
S0001420,A021,2025-03-26,2025-03-26 07:00:00,2025-03-26 16:00:00,540,2025-03-26 11:00:00,2025-03-26 11:30:00,30
S0001421,A021,2025-03-27,2025-03-27 07:00:00,2025-03-27 16:00:00,540,2025-03-27 11:00:00,2025-03-27 11:30:00,30
S0001422,A021,2025-03-28,2025-03-28 07:00:00,2025-03-28 16:00:00,540,2025-03-28 11:00:00,2025-03-28 11:30:00,30
S0001423,A021,2025-03-31,2025-03-31 07:00:00,2025-03-31 16:00:00,540,2025-03-31 11:00:00,2025-03-31 11:30:00,30
S0001424,A022,2025-01-01,2025-01-01 08:00:00,2025-01-01 17:00:00,540,2025-01-01 12:00:00,2025-01-01 12:30:00,30
S0001425,A022,2025-01-02,2025-01-02 08:00:00,2025-01-02 17:00:00,540,2025-01-02 12:00:00,2025-01-02 12:30:00,30
S0001426,A022,2025-01-03,2025-01-03 08:00:00,2025-01-03 17:00:00,540,2025-01-03 12:00:00,2025-01-03 12:30:00,30
S0001427,A022,2025-01-04,2025-01-04 08:00:00,2025-01-04 17:00:00,540,2025-01-04 12:00:00,2025-01-04 12:30:00,30
S0001428,A022,2025-01-05,2025-01-05 08:00:00,2025-01-05 17:00:00,540,2025-01-05 12:00:00,2025-01-05 12:30:00,30
S0001429,A022,2025-01-06,2025-01-06 08:00:00,2025-01-06 17:00:00,540,2025-01-06 12:00:00,2025-01-06 12:30:00,30
S0001430,A022,2025-01-07,2025-01-07 08:00:00,2025-01-07 17:00:00,540,2025-01-07 12:00:00,2025-01-07 12:30:00,30
S0001431,A022,2025-01-08,2025-01-08 08:00:00,2025-01-08 17:00:00,540,2025-01-08 12:00:00,2025-01-08 12:30:00,30
S0001432,A022,2025-01-09,2025-01-09 08:00:00,2025-01-09 17:00:00,540,2025-01-09 12:00:00,2025-01-09 12:30:00,30
S0001433,A022,2025-01-10,2025-01-10 08:00:00,2025-01-10 17:00:00,540,2025-01-10 12:00:00,2025-01-10 12:30:00,30
S0001434,A022,2025-01-13,2025-01-13 08:00:00,2025-01-13 17:00:00,540,2025-01-13 12:00:00,2025-01-13 12:30:00,30
S0001435,A022,2025-01-14,2025-01-14 08:00:00,2025-01-14 17:00:00,540,2025-01-14 12:00:00,2025-01-14 12:30:00,30
S0001436,A022,2025-01-15,2025-01-15 08:00:00,2025-01-15 17:00:00,540,2025-01-15 12:00:00,2025-01-15 12:30:00,30
S0001437,A022,2025-01-16,2025-01-16 08:00:00,2025-01-16 17:00:00,540,2025-01-16 12:00:00,2025-01-16 12:30:00,30
S0001438,A022,2025-01-17,2025-01-17 08:00:00,2025-01-17 17:00:00,540,2025-01-17 12:00:00,2025-01-17 12:30:00,30
S0001439,A022,2025-01-19,2025-01-19 08:00:00,2025-01-19 17:00:00,540,2025-01-19 12:00:00,2025-01-19 12:30:00,30
S0001440,A022,2025-01-20,2025-01-20 08:00:00,2025-01-20 17:00:00,540,2025-01-20 12:00:00,2025-01-20 12:30:00,30
S0001441,A022,2025-01-21,2025-01-21 08:00:00,2025-01-21 17:00:00,540,2025-01-21 12:00:00,2025-01-21 12:30:00,30
S0001442,A022,2025-01-22,2025-01-22 08:00:00,2025-01-22 17:00:00,540,2025-01-22 12:00:00,2025-01-22 12:30:00,30
S0001443,A022,2025-01-23,2025-01-23 08:00:00,2025-01-23 17:00:00,540,2025-01-23 12:00:00,2025-01-23 12:30:00,30
S0001444,A022,2025-01-24,2025-01-24 08:00:00,2025-01-24 17:00:00,540,2025-01-24 12:00:00,2025-01-24 12:30:00,30
S0001445,A022,2025-01-27,2025-01-27 08:00:00,2025-01-27 17:00:00,540,2025-01-27 12:00:00,2025-01-27 12:30:00,30
S0001446,A022,2025-01-28,2025-01-28 08:00:00,2025-01-28 17:00:00,540,2025-01-28 12:00:00,2025-01-28 12:30:00,30
S0001447,A022,2025-01-29,2025-01-29 08:00:00,2025-01-29 17:00:00,540,2025-01-29 12:00:00,2025-01-29 12:30:00,30
S0001448,A022,2025-01-30,2025-01-30 08:00:00,2025-01-30 17:00:00,540,2025-01-30 12:00:00,2025-01-30 12:30:00,30
S0001449,A022,2025-01-31,2025-01-31 08:00:00,2025-01-31 17:00:00,540,2025-01-31 12:00:00,2025-01-31 12:30:00,30
S0001450,A022,2025-02-03,2025-02-03 08:00:00,2025-02-03 17:00:00,540,2025-02-03 12:00:00,2025-02-03 12:30:00,30
S0001451,A022,2025-02-04,2025-02-04 08:00:00,2025-02-04 17:00:00,540,2025-02-04 12:00:00,2025-02-04 12:30:00,30
S0001452,A022,2025-02-05,2025-02-05 08:00:00,2025-02-05 17:00:00,540,2025-02-05 12:00:00,2025-02-05 12:30:00,30
S0001453,A022,2025-02-06,2025-02-06 08:00:00,2025-02-06 17:00:00,540,2025-02-06 12:00:00,2025-02-06 12:30:00,30
S0001454,A022,2025-02-07,2025-02-07 08:00:00,2025-02-07 17:00:00,540,2025-02-07 12:00:00,2025-02-07 12:30:00,30
S0001455,A022,2025-02-09,2025-02-09 08:00:00,2025-02-09 17:00:00,540,2025-02-09 12:00:00,2025-02-09 12:30:00,30
S0001456,A022,2025-02-10,2025-02-10 08:00:00,2025-02-10 17:00:00,540,2025-02-10 12:00:00,2025-02-10 12:30:00,30
S0001457,A022,2025-02-11,2025-02-11 08:00:00,2025-02-11 17:00:00,540,2025-02-11 12:00:00,2025-02-11 12:30:00,30
S0001458,A022,2025-02-12,2025-02-12 08:00:00,2025-02-12 17:00:00,540,2025-02-12 12:00:00,2025-02-12 12:30:00,30
S0001459,A022,2025-02-13,2025-02-13 08:00:00,2025-02-13 17:00:00,540,2025-02-13 12:00:00,2025-02-13 12:30:00,30
S0001460,A022,2025-02-14,2025-02-14 08:00:00,2025-02-14 17:00:00,540,2025-02-14 12:00:00,2025-02-14 12:30:00,30
S0001461,A022,2025-02-17,2025-02-17 08:00:00,2025-02-17 17:00:00,540,2025-02-17 12:00:00,2025-02-17 12:30:00,30
S0001462,A022,2025-02-18,2025-02-18 08:00:00,2025-02-18 17:00:00,540,2025-02-18 12:00:00,2025-02-18 12:30:00,30
S0001463,A022,2025-02-19,2025-02-19 08:00:00,2025-02-19 17:00:00,540,2025-02-19 12:00:00,2025-02-19 12:30:00,30
S0001464,A022,2025-02-20,2025-02-20 08:00:00,2025-02-20 17:00:00,540,2025-02-20 12:00:00,2025-02-20 12:30:00,30
S0001465,A022,2025-02-21,2025-02-21 08:00:00,2025-02-21 17:00:00,540,2025-02-21 12:00:00,2025-02-21 12:30:00,30
S0001466,A022,2025-02-24,2025-02-24 08:00:00,2025-02-24 17:00:00,540,2025-02-24 12:00:00,2025-02-24 12:30:00,30
S0001467,A022,2025-02-25,2025-02-25 08:00:00,2025-02-25 17:00:00,540,2025-02-25 12:00:00,2025-02-25 12:30:00,30
S0001468,A022,2025-02-26,2025-02-26 08:00:00,2025-02-26 17:00:00,540,2025-02-26 12:00:00,2025-02-26 12:30:00,30
S0001469,A022,2025-02-27,2025-02-27 08:00:00,2025-02-27 17:00:00,540,2025-02-27 12:00:00,2025-02-27 12:30:00,30
S0001470,A022,2025-02-28,2025-02-28 08:00:00,2025-02-28 17:00:00,540,2025-02-28 12:00:00,2025-02-28 12:30:00,30
S0001471,A022,2025-03-03,2025-03-03 08:00:00,2025-03-03 17:00:00,540,2025-03-03 12:00:00,2025-03-03 12:30:00,30
S0001472,A022,2025-03-04,2025-03-04 08:00:00,2025-03-04 17:00:00,540,2025-03-04 12:00:00,2025-03-04 12:30:00,30
S0001473,A022,2025-03-05,2025-03-05 08:00:00,2025-03-05 17:00:00,540,2025-03-05 12:00:00,2025-03-05 12:30:00,30
S0001474,A022,2025-03-06,2025-03-06 08:00:00,2025-03-06 17:00:00,540,2025-03-06 12:00:00,2025-03-06 12:30:00,30
S0001475,A022,2025-03-07,2025-03-07 08:00:00,2025-03-07 17:00:00,540,2025-03-07 12:00:00,2025-03-07 12:30:00,30
S0001476,A022,2025-03-10,2025-03-10 08:00:00,2025-03-10 17:00:00,540,2025-03-10 12:00:00,2025-03-10 12:30:00,30
S0001477,A022,2025-03-11,2025-03-11 08:00:00,2025-03-11 17:00:00,540,2025-03-11 12:00:00,2025-03-11 12:30:00,30
S0001478,A022,2025-03-12,2025-03-12 08:00:00,2025-03-12 17:00:00,540,2025-03-12 12:00:00,2025-03-12 12:30:00,30
S0001479,A022,2025-03-13,2025-03-13 08:00:00,2025-03-13 17:00:00,540,2025-03-13 12:00:00,2025-03-13 12:30:00,30
S0001480,A022,2025-03-14,2025-03-14 08:00:00,2025-03-14 17:00:00,540,2025-03-14 12:00:00,2025-03-14 12:30:00,30
S0001481,A022,2025-03-15,2025-03-15 08:00:00,2025-03-15 17:00:00,540,2025-03-15 12:00:00,2025-03-15 12:30:00,30
S0001482,A022,2025-03-16,2025-03-16 08:00:00,2025-03-16 17:00:00,540,2025-03-16 12:00:00,2025-03-16 12:30:00,30
S0001483,A022,2025-03-17,2025-03-17 08:00:00,2025-03-17 17:00:00,540,2025-03-17 12:00:00,2025-03-17 12:30:00,30
S0001484,A022,2025-03-18,2025-03-18 08:00:00,2025-03-18 17:00:00,540,2025-03-18 12:00:00,2025-03-18 12:30:00,30
S0001485,A022,2025-03-19,2025-03-19 08:00:00,2025-03-19 17:00:00,540,2025-03-19 12:00:00,2025-03-19 12:30:00,30
S0001486,A022,2025-03-20,2025-03-20 08:00:00,2025-03-20 17:00:00,540,2025-03-20 12:00:00,2025-03-20 12:30:00,30
S0001487,A022,2025-03-21,2025-03-21 08:00:00,2025-03-21 17:00:00,540,2025-03-21 12:00:00,2025-03-21 12:30:00,30
S0001488,A022,2025-03-24,2025-03-24 08:00:00,2025-03-24 17:00:00,540,2025-03-24 12:00:00,2025-03-24 12:30:00,30
S0001489,A022,2025-03-25,2025-03-25 08:00:00,2025-03-25 17:00:00,540,2025-03-25 12:00:00,2025-03-25 12:30:00,30
S0001490,A022,2025-03-26,2025-03-26 08:00:00,2025-03-26 17:00:00,540,2025-03-26 12:00:00,2025-03-26 12:30:00,30
S0001491,A022,2025-03-28,2025-03-28 08:00:00,2025-03-28 17:00:00,540,2025-03-28 12:00:00,2025-03-28 12:30:00,30
S0001492,A022,2025-03-31,2025-03-31 08:00:00,2025-03-31 17:00:00,540,2025-03-31 12:00:00,2025-03-31 12:30:00,30
S0001493,A023,2025-01-01,2025-01-01 10:00:00,2025-01-01 19:00:00,540,2025-01-01 14:00:00,2025-01-01 14:30:00,30
S0001494,A023,2025-01-02,2025-01-02 10:00:00,2025-01-02 19:00:00,540,2025-01-02 14:00:00,2025-01-02 14:30:00,30
S0001495,A023,2025-01-03,2025-01-03 10:00:00,2025-01-03 19:00:00,540,2025-01-03 14:00:00,2025-01-03 14:30:00,30
S0001496,A023,2025-01-06,2025-01-06 10:00:00,2025-01-06 19:00:00,540,2025-01-06 14:00:00,2025-01-06 14:30:00,30
S0001497,A023,2025-01-07,2025-01-07 10:00:00,2025-01-07 19:00:00,540,2025-01-07 14:00:00,2025-01-07 14:30:00,30
S0001498,A023,2025-01-08,2025-01-08 10:00:00,2025-01-08 19:00:00,540,2025-01-08 14:00:00,2025-01-08 14:30:00,30
S0001499,A023,2025-01-09,2025-01-09 10:00:00,2025-01-09 19:00:00,540,2025-01-09 14:00:00,2025-01-09 14:30:00,30
S0001500,A023,2025-01-10,2025-01-10 10:00:00,2025-01-10 19:00:00,540,2025-01-10 14:00:00,2025-01-10 14:30:00,30
S0001501,A023,2025-01-12,2025-01-12 10:00:00,2025-01-12 19:00:00,540,2025-01-12 14:00:00,2025-01-12 14:30:00,30
S0001502,A023,2025-01-13,2025-01-13 10:00:00,2025-01-13 19:00:00,540,2025-01-13 14:00:00,2025-01-13 14:30:00,30
S0001503,A023,2025-01-14,2025-01-14 10:00:00,2025-01-14 19:00:00,540,2025-01-14 14:00:00,2025-01-14 14:30:00,30
S0001504,A023,2025-01-15,2025-01-15 10:00:00,2025-01-15 19:00:00,540,2025-01-15 14:00:00,2025-01-15 14:30:00,30
S0001505,A023,2025-01-16,2025-01-16 10:00:00,2025-01-16 19:00:00,540,2025-01-16 14:00:00,2025-01-16 14:30:00,30
S0001506,A023,2025-01-17,2025-01-17 10:00:00,2025-01-17 19:00:00,540,2025-01-17 14:00:00,2025-01-17 14:30:00,30
S0001507,A023,2025-01-18,2025-01-18 10:00:00,2025-01-18 19:00:00,540,2025-01-18 14:00:00,2025-01-18 14:30:00,30
S0001508,A023,2025-01-19,2025-01-19 10:00:00,2025-01-19 19:00:00,540,2025-01-19 14:00:00,2025-01-19 14:30:00,30
S0001509,A023,2025-01-20,2025-01-20 10:00:00,2025-01-20 19:00:00,540,2025-01-20 14:00:00,2025-01-20 14:30:00,30
S0001510,A023,2025-01-21,2025-01-21 10:00:00,2025-01-21 19:00:00,540,2025-01-21 14:00:00,2025-01-21 14:30:00,30
S0001511,A023,2025-01-22,2025-01-22 10:00:00,2025-01-22 19:00:00,540,2025-01-22 14:00:00,2025-01-22 14:30:00,30
S0001512,A023,2025-01-23,2025-01-23 10:00:00,2025-01-23 19:00:00,540,2025-01-23 14:00:00,2025-01-23 14:30:00,30
S0001513,A023,2025-01-24,2025-01-24 10:00:00,2025-01-24 19:00:00,540,2025-01-24 14:00:00,2025-01-24 14:30:00,30
S0001514,A023,2025-01-26,2025-01-26 10:00:00,2025-01-26 19:00:00,540,2025-01-26 14:00:00,2025-01-26 14:30:00,30
S0001515,A023,2025-01-27,2025-01-27 10:00:00,2025-01-27 19:00:00,540,2025-01-27 14:00:00,2025-01-27 14:30:00,30
S0001516,A023,2025-01-28,2025-01-28 10:00:00,2025-01-28 19:00:00,540,2025-01-28 14:00:00,2025-01-28 14:30:00,30
S0001517,A023,2025-01-29,2025-01-29 10:00:00,2025-01-29 19:00:00,540,2025-01-29 14:00:00,2025-01-29 14:30:00,30
S0001518,A023,2025-01-30,2025-01-30 10:00:00,2025-01-30 19:00:00,540,2025-01-30 14:00:00,2025-01-30 14:30:00,30
S0001519,A023,2025-01-31,2025-01-31 10:00:00,2025-01-31 19:00:00,540,2025-01-31 14:00:00,2025-01-31 14:30:00,30
S0001520,A023,2025-02-03,2025-02-03 10:00:00,2025-02-03 19:00:00,540,2025-02-03 14:00:00,2025-02-03 14:30:00,30
S0001521,A023,2025-02-04,2025-02-04 10:00:00,2025-02-04 19:00:00,540,2025-02-04 14:00:00,2025-02-04 14:30:00,30
S0001522,A023,2025-02-05,2025-02-05 10:00:00,2025-02-05 19:00:00,540,2025-02-05 14:00:00,2025-02-05 14:30:00,30
S0001523,A023,2025-02-06,2025-02-06 10:00:00,2025-02-06 19:00:00,540,2025-02-06 14:00:00,2025-02-06 14:30:00,30
S0001524,A023,2025-02-07,2025-02-07 10:00:00,2025-02-07 19:00:00,540,2025-02-07 14:00:00,2025-02-07 14:30:00,30
S0001525,A023,2025-02-09,2025-02-09 10:00:00,2025-02-09 19:00:00,540,2025-02-09 14:00:00,2025-02-09 14:30:00,30
S0001526,A023,2025-02-10,2025-02-10 10:00:00,2025-02-10 19:00:00,540,2025-02-10 14:00:00,2025-02-10 14:30:00,30
S0001527,A023,2025-02-11,2025-02-11 10:00:00,2025-02-11 19:00:00,540,2025-02-11 14:00:00,2025-02-11 14:30:00,30
S0001528,A023,2025-02-12,2025-02-12 10:00:00,2025-02-12 19:00:00,540,2025-02-12 14:00:00,2025-02-12 14:30:00,30
S0001529,A023,2025-02-13,2025-02-13 10:00:00,2025-02-13 19:00:00,540,2025-02-13 14:00:00,2025-02-13 14:30:00,30
S0001530,A023,2025-02-14,2025-02-14 10:00:00,2025-02-14 19:00:00,540,2025-02-14 14:00:00,2025-02-14 14:30:00,30
S0001531,A023,2025-02-17,2025-02-17 10:00:00,2025-02-17 19:00:00,540,2025-02-17 14:00:00,2025-02-17 14:30:00,30
S0001532,A023,2025-02-18,2025-02-18 10:00:00,2025-02-18 19:00:00,540,2025-02-18 14:00:00,2025-02-18 14:30:00,30
S0001533,A023,2025-02-19,2025-02-19 10:00:00,2025-02-19 19:00:00,540,2025-02-19 14:00:00,2025-02-19 14:30:00,30
S0001534,A023,2025-02-20,2025-02-20 10:00:00,2025-02-20 19:00:00,540,2025-02-20 14:00:00,2025-02-20 14:30:00,30
S0001535,A023,2025-02-21,2025-02-21 10:00:00,2025-02-21 19:00:00,540,2025-02-21 14:00:00,2025-02-21 14:30:00,30
S0001536,A023,2025-02-24,2025-02-24 10:00:00,2025-02-24 19:00:00,540,2025-02-24 14:00:00,2025-02-24 14:30:00,30
S0001537,A023,2025-02-25,2025-02-25 10:00:00,2025-02-25 19:00:00,540,2025-02-25 14:00:00,2025-02-25 14:30:00,30
S0001538,A023,2025-02-26,2025-02-26 10:00:00,2025-02-26 19:00:00,540,2025-02-26 14:00:00,2025-02-26 14:30:00,30
S0001539,A023,2025-02-27,2025-02-27 10:00:00,2025-02-27 19:00:00,540,2025-02-27 14:00:00,2025-02-27 14:30:00,30
S0001540,A023,2025-02-28,2025-02-28 10:00:00,2025-02-28 19:00:00,540,2025-02-28 14:00:00,2025-02-28 14:30:00,30
S0001541,A023,2025-03-03,2025-03-03 10:00:00,2025-03-03 19:00:00,540,2025-03-03 14:00:00,2025-03-03 14:30:00,30
S0001542,A023,2025-03-04,2025-03-04 10:00:00,2025-03-04 19:00:00,540,2025-03-04 14:00:00,2025-03-04 14:30:00,30
S0001543,A023,2025-03-05,2025-03-05 10:00:00,2025-03-05 19:00:00,540,2025-03-05 14:00:00,2025-03-05 14:30:00,30
S0001544,A023,2025-03-06,2025-03-06 10:00:00,2025-03-06 19:00:00,540,2025-03-06 14:00:00,2025-03-06 14:30:00,30
S0001545,A023,2025-03-07,2025-03-07 10:00:00,2025-03-07 19:00:00,540,2025-03-07 14:00:00,2025-03-07 14:30:00,30
S0001546,A023,2025-03-08,2025-03-08 10:00:00,2025-03-08 19:00:00,540,2025-03-08 14:00:00,2025-03-08 14:30:00,30
S0001547,A023,2025-03-10,2025-03-10 10:00:00,2025-03-10 19:00:00,540,2025-03-10 14:00:00,2025-03-10 14:30:00,30
S0001548,A023,2025-03-11,2025-03-11 10:00:00,2025-03-11 19:00:00,540,2025-03-11 14:00:00,2025-03-11 14:30:00,30
S0001549,A023,2025-03-12,2025-03-12 10:00:00,2025-03-12 19:00:00,540,2025-03-12 14:00:00,2025-03-12 14:30:00,30
S0001550,A023,2025-03-13,2025-03-13 10:00:00,2025-03-13 19:00:00,540,2025-03-13 14:00:00,2025-03-13 14:30:00,30
S0001551,A023,2025-03-14,2025-03-14 10:00:00,2025-03-14 19:00:00,540,2025-03-14 14:00:00,2025-03-14 14:30:00,30
S0001552,A023,2025-03-17,2025-03-17 10:00:00,2025-03-17 19:00:00,540,2025-03-17 14:00:00,2025-03-17 14:30:00,30
S0001553,A023,2025-03-18,2025-03-18 10:00:00,2025-03-18 19:00:00,540,2025-03-18 14:00:00,2025-03-18 14:30:00,30
S0001554,A023,2025-03-19,2025-03-19 10:00:00,2025-03-19 19:00:00,540,2025-03-19 14:00:00,2025-03-19 14:30:00,30
S0001555,A023,2025-03-20,2025-03-20 10:00:00,2025-03-20 19:00:00,540,2025-03-20 14:00:00,2025-03-20 14:30:00,30
S0001556,A023,2025-03-21,2025-03-21 10:00:00,2025-03-21 19:00:00,540,2025-03-21 14:00:00,2025-03-21 14:30:00,30
S0001557,A023,2025-03-24,2025-03-24 10:00:00,2025-03-24 19:00:00,540,2025-03-24 14:00:00,2025-03-24 14:30:00,30
S0001558,A023,2025-03-25,2025-03-25 10:00:00,2025-03-25 19:00:00,540,2025-03-25 14:00:00,2025-03-25 14:30:00,30
S0001559,A023,2025-03-26,2025-03-26 10:00:00,2025-03-26 19:00:00,540,2025-03-26 14:00:00,2025-03-26 14:30:00,30
S0001560,A023,2025-03-27,2025-03-27 10:00:00,2025-03-27 19:00:00,540,2025-03-27 14:00:00,2025-03-27 14:30:00,30
S0001561,A023,2025-03-28,2025-03-28 10:00:00,2025-03-28 19:00:00,540,2025-03-28 14:00:00,2025-03-28 14:30:00,30
S0001562,A023,2025-03-31,2025-03-31 10:00:00,2025-03-31 19:00:00,540,2025-03-31 14:00:00,2025-03-31 14:30:00,30
S0001563,A024,2025-01-01,2025-01-01 09:00:00,2025-01-01 18:00:00,540,2025-01-01 13:00:00,2025-01-01 13:30:00,30
S0001564,A024,2025-01-02,2025-01-02 09:00:00,2025-01-02 18:00:00,540,2025-01-02 13:00:00,2025-01-02 13:30:00,30
S0001565,A024,2025-01-03,2025-01-03 09:00:00,2025-01-03 18:00:00,540,2025-01-03 13:00:00,2025-01-03 13:30:00,30
S0001566,A024,2025-01-06,2025-01-06 09:00:00,2025-01-06 18:00:00,540,2025-01-06 13:00:00,2025-01-06 13:30:00,30
S0001567,A024,2025-01-08,2025-01-08 09:00:00,2025-01-08 18:00:00,540,2025-01-08 13:00:00,2025-01-08 13:30:00,30
S0001568,A024,2025-01-09,2025-01-09 09:00:00,2025-01-09 18:00:00,540,2025-01-09 13:00:00,2025-01-09 13:30:00,30
S0001569,A024,2025-01-10,2025-01-10 09:00:00,2025-01-10 18:00:00,540,2025-01-10 13:00:00,2025-01-10 13:30:00,30
S0001570,A024,2025-01-13,2025-01-13 09:00:00,2025-01-13 18:00:00,540,2025-01-13 13:00:00,2025-01-13 13:30:00,30
S0001571,A024,2025-01-14,2025-01-14 09:00:00,2025-01-14 18:00:00,540,2025-01-14 13:00:00,2025-01-14 13:30:00,30
S0001572,A024,2025-01-15,2025-01-15 09:00:00,2025-01-15 18:00:00,540,2025-01-15 13:00:00,2025-01-15 13:30:00,30
S0001573,A024,2025-01-16,2025-01-16 09:00:00,2025-01-16 18:00:00,540,2025-01-16 13:00:00,2025-01-16 13:30:00,30
S0001574,A024,2025-01-17,2025-01-17 09:00:00,2025-01-17 18:00:00,540,2025-01-17 13:00:00,2025-01-17 13:30:00,30
S0001575,A024,2025-01-19,2025-01-19 09:00:00,2025-01-19 18:00:00,540,2025-01-19 13:00:00,2025-01-19 13:30:00,30
S0001576,A024,2025-01-20,2025-01-20 09:00:00,2025-01-20 18:00:00,540,2025-01-20 13:00:00,2025-01-20 13:30:00,30
S0001577,A024,2025-01-21,2025-01-21 09:00:00,2025-01-21 18:00:00,540,2025-01-21 13:00:00,2025-01-21 13:30:00,30
S0001578,A024,2025-01-22,2025-01-22 09:00:00,2025-01-22 18:00:00,540,2025-01-22 13:00:00,2025-01-22 13:30:00,30
S0001579,A024,2025-01-23,2025-01-23 09:00:00,2025-01-23 18:00:00,540,2025-01-23 13:00:00,2025-01-23 13:30:00,30
S0001580,A024,2025-01-24,2025-01-24 09:00:00,2025-01-24 18:00:00,540,2025-01-24 13:00:00,2025-01-24 13:30:00,30
S0001581,A024,2025-01-27,2025-01-27 09:00:00,2025-01-27 18:00:00,540,2025-01-27 13:00:00,2025-01-27 13:30:00,30
S0001582,A024,2025-01-28,2025-01-28 09:00:00,2025-01-28 18:00:00,540,2025-01-28 13:00:00,2025-01-28 13:30:00,30
S0001583,A024,2025-01-29,2025-01-29 09:00:00,2025-01-29 18:00:00,540,2025-01-29 13:00:00,2025-01-29 13:30:00,30
S0001584,A024,2025-01-30,2025-01-30 09:00:00,2025-01-30 18:00:00,540,2025-01-30 13:00:00,2025-01-30 13:30:00,30
S0001585,A024,2025-01-31,2025-01-31 09:00:00,2025-01-31 18:00:00,540,2025-01-31 13:00:00,2025-01-31 13:30:00,30
S0001586,A024,2025-02-01,2025-02-01 09:00:00,2025-02-01 18:00:00,540,2025-02-01 13:00:00,2025-02-01 13:30:00,30
S0001587,A024,2025-02-03,2025-02-03 09:00:00,2025-02-03 18:00:00,540,2025-02-03 13:00:00,2025-02-03 13:30:00,30
S0001588,A024,2025-02-04,2025-02-04 09:00:00,2025-02-04 18:00:00,540,2025-02-04 13:00:00,2025-02-04 13:30:00,30
S0001589,A024,2025-02-06,2025-02-06 09:00:00,2025-02-06 18:00:00,540,2025-02-06 13:00:00,2025-02-06 13:30:00,30
S0001590,A024,2025-02-07,2025-02-07 09:00:00,2025-02-07 18:00:00,540,2025-02-07 13:00:00,2025-02-07 13:30:00,30
S0001591,A024,2025-02-10,2025-02-10 09:00:00,2025-02-10 18:00:00,540,2025-02-10 13:00:00,2025-02-10 13:30:00,30
S0001592,A024,2025-02-11,2025-02-11 09:00:00,2025-02-11 18:00:00,540,2025-02-11 13:00:00,2025-02-11 13:30:00,30
S0001593,A024,2025-02-12,2025-02-12 09:00:00,2025-02-12 18:00:00,540,2025-02-12 13:00:00,2025-02-12 13:30:00,30
S0001594,A024,2025-02-13,2025-02-13 09:00:00,2025-02-13 18:00:00,540,2025-02-13 13:00:00,2025-02-13 13:30:00,30
S0001595,A024,2025-02-14,2025-02-14 09:00:00,2025-02-14 18:00:00,540,2025-02-14 13:00:00,2025-02-14 13:30:00,30
S0001596,A024,2025-02-16,2025-02-16 09:00:00,2025-02-16 18:00:00,540,2025-02-16 13:00:00,2025-02-16 13:30:00,30
S0001597,A024,2025-02-17,2025-02-17 09:00:00,2025-02-17 18:00:00,540,2025-02-17 13:00:00,2025-02-17 13:30:00,30
S0001598,A024,2025-02-18,2025-02-18 09:00:00,2025-02-18 18:00:00,540,2025-02-18 13:00:00,2025-02-18 13:30:00,30
S0001599,A024,2025-02-19,2025-02-19 09:00:00,2025-02-19 18:00:00,540,2025-02-19 13:00:00,2025-02-19 13:30:00,30
S0001600,A024,2025-02-20,2025-02-20 09:00:00,2025-02-20 18:00:00,540,2025-02-20 13:00:00,2025-02-20 13:30:00,30
S0001601,A024,2025-02-22,2025-02-22 09:00:00,2025-02-22 18:00:00,540,2025-02-22 13:00:00,2025-02-22 13:30:00,30
S0001602,A024,2025-02-24,2025-02-24 09:00:00,2025-02-24 18:00:00,540,2025-02-24 13:00:00,2025-02-24 13:30:00,30
S0001603,A024,2025-02-25,2025-02-25 09:00:00,2025-02-25 18:00:00,540,2025-02-25 13:00:00,2025-02-25 13:30:00,30
S0001604,A024,2025-02-26,2025-02-26 09:00:00,2025-02-26 18:00:00,540,2025-02-26 13:00:00,2025-02-26 13:30:00,30
S0001605,A024,2025-02-27,2025-02-27 09:00:00,2025-02-27 18:00:00,540,2025-02-27 13:00:00,2025-02-27 13:30:00,30
S0001606,A024,2025-02-28,2025-02-28 09:00:00,2025-02-28 18:00:00,540,2025-02-28 13:00:00,2025-02-28 13:30:00,30
S0001607,A024,2025-03-03,2025-03-03 09:00:00,2025-03-03 18:00:00,540,2025-03-03 13:00:00,2025-03-03 13:30:00,30
S0001608,A024,2025-03-04,2025-03-04 09:00:00,2025-03-04 18:00:00,540,2025-03-04 13:00:00,2025-03-04 13:30:00,30
S0001609,A024,2025-03-05,2025-03-05 09:00:00,2025-03-05 18:00:00,540,2025-03-05 13:00:00,2025-03-05 13:30:00,30
S0001610,A024,2025-03-06,2025-03-06 09:00:00,2025-03-06 18:00:00,540,2025-03-06 13:00:00,2025-03-06 13:30:00,30
S0001611,A024,2025-03-07,2025-03-07 09:00:00,2025-03-07 18:00:00,540,2025-03-07 13:00:00,2025-03-07 13:30:00,30
S0001612,A024,2025-03-09,2025-03-09 09:00:00,2025-03-09 18:00:00,540,2025-03-09 13:00:00,2025-03-09 13:30:00,30
S0001613,A024,2025-03-10,2025-03-10 09:00:00,2025-03-10 18:00:00,540,2025-03-10 13:00:00,2025-03-10 13:30:00,30
S0001614,A024,2025-03-11,2025-03-11 09:00:00,2025-03-11 18:00:00,540,2025-03-11 13:00:00,2025-03-11 13:30:00,30
S0001615,A024,2025-03-12,2025-03-12 09:00:00,2025-03-12 18:00:00,540,2025-03-12 13:00:00,2025-03-12 13:30:00,30
S0001616,A024,2025-03-13,2025-03-13 09:00:00,2025-03-13 18:00:00,540,2025-03-13 13:00:00,2025-03-13 13:30:00,30
S0001617,A024,2025-03-14,2025-03-14 09:00:00,2025-03-14 18:00:00,540,2025-03-14 13:00:00,2025-03-14 13:30:00,30
S0001618,A024,2025-03-17,2025-03-17 09:00:00,2025-03-17 18:00:00,540,2025-03-17 13:00:00,2025-03-17 13:30:00,30
S0001619,A024,2025-03-18,2025-03-18 09:00:00,2025-03-18 18:00:00,540,2025-03-18 13:00:00,2025-03-18 13:30:00,30
S0001620,A024,2025-03-19,2025-03-19 09:00:00,2025-03-19 18:00:00,540,2025-03-19 13:00:00,2025-03-19 13:30:00,30
S0001621,A024,2025-03-20,2025-03-20 09:00:00,2025-03-20 18:00:00,540,2025-03-20 13:00:00,2025-03-20 13:30:00,30
S0001622,A024,2025-03-21,2025-03-21 09:00:00,2025-03-21 18:00:00,540,2025-03-21 13:00:00,2025-03-21 13:30:00,30
S0001623,A024,2025-03-24,2025-03-24 09:00:00,2025-03-24 18:00:00,540,2025-03-24 13:00:00,2025-03-24 13:30:00,30
S0001624,A024,2025-03-25,2025-03-25 09:00:00,2025-03-25 18:00:00,540,2025-03-25 13:00:00,2025-03-25 13:30:00,30
S0001625,A024,2025-03-26,2025-03-26 09:00:00,2025-03-26 18:00:00,540,2025-03-26 13:00:00,2025-03-26 13:30:00,30
S0001626,A024,2025-03-27,2025-03-27 09:00:00,2025-03-27 18:00:00,540,2025-03-27 13:00:00,2025-03-27 13:30:00,30
S0001627,A024,2025-03-28,2025-03-28 09:00:00,2025-03-28 18:00:00,540,2025-03-28 13:00:00,2025-03-28 13:30:00,30
S0001628,A024,2025-03-30,2025-03-30 09:00:00,2025-03-30 18:00:00,540,2025-03-30 13:00:00,2025-03-30 13:30:00,30
S0001629,A024,2025-03-31,2025-03-31 09:00:00,2025-03-31 18:00:00,540,2025-03-31 13:00:00,2025-03-31 13:30:00,30
S0001630,A025,2025-01-01,2025-01-01 09:00:00,2025-01-01 18:00:00,540,2025-01-01 13:00:00,2025-01-01 13:30:00,30
S0001631,A025,2025-01-02,2025-01-02 09:00:00,2025-01-02 18:00:00,540,2025-01-02 13:00:00,2025-01-02 13:30:00,30
S0001632,A025,2025-01-03,2025-01-03 09:00:00,2025-01-03 18:00:00,540,2025-01-03 13:00:00,2025-01-03 13:30:00,30
S0001633,A025,2025-01-06,2025-01-06 09:00:00,2025-01-06 18:00:00,540,2025-01-06 13:00:00,2025-01-06 13:30:00,30
S0001634,A025,2025-01-07,2025-01-07 09:00:00,2025-01-07 18:00:00,540,2025-01-07 13:00:00,2025-01-07 13:30:00,30
S0001635,A025,2025-01-08,2025-01-08 09:00:00,2025-01-08 18:00:00,540,2025-01-08 13:00:00,2025-01-08 13:30:00,30
S0001636,A025,2025-01-09,2025-01-09 09:00:00,2025-01-09 18:00:00,540,2025-01-09 13:00:00,2025-01-09 13:30:00,30
S0001637,A025,2025-01-10,2025-01-10 09:00:00,2025-01-10 18:00:00,540,2025-01-10 13:00:00,2025-01-10 13:30:00,30
S0001638,A025,2025-01-13,2025-01-13 09:00:00,2025-01-13 18:00:00,540,2025-01-13 13:00:00,2025-01-13 13:30:00,30
S0001639,A025,2025-01-14,2025-01-14 09:00:00,2025-01-14 18:00:00,540,2025-01-14 13:00:00,2025-01-14 13:30:00,30
S0001640,A025,2025-01-15,2025-01-15 09:00:00,2025-01-15 18:00:00,540,2025-01-15 13:00:00,2025-01-15 13:30:00,30
S0001641,A025,2025-01-16,2025-01-16 09:00:00,2025-01-16 18:00:00,540,2025-01-16 13:00:00,2025-01-16 13:30:00,30
S0001642,A025,2025-01-17,2025-01-17 09:00:00,2025-01-17 18:00:00,540,2025-01-17 13:00:00,2025-01-17 13:30:00,30
S0001643,A025,2025-01-18,2025-01-18 09:00:00,2025-01-18 18:00:00,540,2025-01-18 13:00:00,2025-01-18 13:30:00,30
S0001644,A025,2025-01-20,2025-01-20 09:00:00,2025-01-20 18:00:00,540,2025-01-20 13:00:00,2025-01-20 13:30:00,30
S0001645,A025,2025-01-21,2025-01-21 09:00:00,2025-01-21 18:00:00,540,2025-01-21 13:00:00,2025-01-21 13:30:00,30
S0001646,A025,2025-01-22,2025-01-22 09:00:00,2025-01-22 18:00:00,540,2025-01-22 13:00:00,2025-01-22 13:30:00,30
S0001647,A025,2025-01-23,2025-01-23 09:00:00,2025-01-23 18:00:00,540,2025-01-23 13:00:00,2025-01-23 13:30:00,30
S0001648,A025,2025-01-24,2025-01-24 09:00:00,2025-01-24 18:00:00,540,2025-01-24 13:00:00,2025-01-24 13:30:00,30
S0001649,A025,2025-01-27,2025-01-27 09:00:00,2025-01-27 18:00:00,540,2025-01-27 13:00:00,2025-01-27 13:30:00,30
S0001650,A025,2025-01-28,2025-01-28 09:00:00,2025-01-28 18:00:00,540,2025-01-28 13:00:00,2025-01-28 13:30:00,30
S0001651,A025,2025-01-29,2025-01-29 09:00:00,2025-01-29 18:00:00,540,2025-01-29 13:00:00,2025-01-29 13:30:00,30
S0001652,A025,2025-01-30,2025-01-30 09:00:00,2025-01-30 18:00:00,540,2025-01-30 13:00:00,2025-01-30 13:30:00,30
S0001653,A025,2025-01-31,2025-01-31 09:00:00,2025-01-31 18:00:00,540,2025-01-31 13:00:00,2025-01-31 13:30:00,30
S0001654,A025,2025-02-03,2025-02-03 09:00:00,2025-02-03 18:00:00,540,2025-02-03 13:00:00,2025-02-03 13:30:00,30
S0001655,A025,2025-02-04,2025-02-04 09:00:00,2025-02-04 18:00:00,540,2025-02-04 13:00:00,2025-02-04 13:30:00,30
S0001656,A025,2025-02-05,2025-02-05 09:00:00,2025-02-05 18:00:00,540,2025-02-05 13:00:00,2025-02-05 13:30:00,30
S0001657,A025,2025-02-06,2025-02-06 09:00:00,2025-02-06 18:00:00,540,2025-02-06 13:00:00,2025-02-06 13:30:00,30
S0001658,A025,2025-02-07,2025-02-07 09:00:00,2025-02-07 18:00:00,540,2025-02-07 13:00:00,2025-02-07 13:30:00,30
S0001659,A025,2025-02-10,2025-02-10 09:00:00,2025-02-10 18:00:00,540,2025-02-10 13:00:00,2025-02-10 13:30:00,30
S0001660,A025,2025-02-11,2025-02-11 09:00:00,2025-02-11 18:00:00,540,2025-02-11 13:00:00,2025-02-11 13:30:00,30
S0001661,A025,2025-02-12,2025-02-12 09:00:00,2025-02-12 18:00:00,540,2025-02-12 13:00:00,2025-02-12 13:30:00,30
S0001662,A025,2025-02-13,2025-02-13 09:00:00,2025-02-13 18:00:00,540,2025-02-13 13:00:00,2025-02-13 13:30:00,30
S0001663,A025,2025-02-14,2025-02-14 09:00:00,2025-02-14 18:00:00,540,2025-02-14 13:00:00,2025-02-14 13:30:00,30
S0001664,A025,2025-02-17,2025-02-17 09:00:00,2025-02-17 18:00:00,540,2025-02-17 13:00:00,2025-02-17 13:30:00,30
S0001665,A025,2025-02-18,2025-02-18 09:00:00,2025-02-18 18:00:00,540,2025-02-18 13:00:00,2025-02-18 13:30:00,30
S0001666,A025,2025-02-19,2025-02-19 09:00:00,2025-02-19 18:00:00,540,2025-02-19 13:00:00,2025-02-19 13:30:00,30
S0001667,A025,2025-02-20,2025-02-20 09:00:00,2025-02-20 18:00:00,540,2025-02-20 13:00:00,2025-02-20 13:30:00,30
S0001668,A025,2025-02-21,2025-02-21 09:00:00,2025-02-21 18:00:00,540,2025-02-21 13:00:00,2025-02-21 13:30:00,30
S0001669,A025,2025-02-22,2025-02-22 09:00:00,2025-02-22 18:00:00,540,2025-02-22 13:00:00,2025-02-22 13:30:00,30
S0001670,A025,2025-02-25,2025-02-25 09:00:00,2025-02-25 18:00:00,540,2025-02-25 13:00:00,2025-02-25 13:30:00,30
S0001671,A025,2025-02-26,2025-02-26 09:00:00,2025-02-26 18:00:00,540,2025-02-26 13:00:00,2025-02-26 13:30:00,30
S0001672,A025,2025-02-27,2025-02-27 09:00:00,2025-02-27 18:00:00,540,2025-02-27 13:00:00,2025-02-27 13:30:00,30
S0001673,A025,2025-02-28,2025-02-28 09:00:00,2025-02-28 18:00:00,540,2025-02-28 13:00:00,2025-02-28 13:30:00,30
S0001674,A025,2025-03-03,2025-03-03 09:00:00,2025-03-03 18:00:00,540,2025-03-03 13:00:00,2025-03-03 13:30:00,30
S0001675,A025,2025-03-04,2025-03-04 09:00:00,2025-03-04 18:00:00,540,2025-03-04 13:00:00,2025-03-04 13:30:00,30
S0001676,A025,2025-03-05,2025-03-05 09:00:00,2025-03-05 18:00:00,540,2025-03-05 13:00:00,2025-03-05 13:30:00,30
S0001677,A025,2025-03-06,2025-03-06 09:00:00,2025-03-06 18:00:00,540,2025-03-06 13:00:00,2025-03-06 13:30:00,30
S0001678,A025,2025-03-07,2025-03-07 09:00:00,2025-03-07 18:00:00,540,2025-03-07 13:00:00,2025-03-07 13:30:00,30
S0001679,A025,2025-03-08,2025-03-08 09:00:00,2025-03-08 18:00:00,540,2025-03-08 13:00:00,2025-03-08 13:30:00,30
S0001680,A025,2025-03-10,2025-03-10 09:00:00,2025-03-10 18:00:00,540,2025-03-10 13:00:00,2025-03-10 13:30:00,30
S0001681,A025,2025-03-11,2025-03-11 09:00:00,2025-03-11 18:00:00,540,2025-03-11 13:00:00,2025-03-11 13:30:00,30
S0001682,A025,2025-03-12,2025-03-12 09:00:00,2025-03-12 18:00:00,540,2025-03-12 13:00:00,2025-03-12 13:30:00,30
S0001683,A025,2025-03-13,2025-03-13 09:00:00,2025-03-13 18:00:00,540,2025-03-13 13:00:00,2025-03-13 13:30:00,30
S0001684,A025,2025-03-14,2025-03-14 09:00:00,2025-03-14 18:00:00,540,2025-03-14 13:00:00,2025-03-14 13:30:00,30
S0001685,A025,2025-03-17,2025-03-17 09:00:00,2025-03-17 18:00:00,540,2025-03-17 13:00:00,2025-03-17 13:30:00,30
S0001686,A025,2025-03-18,2025-03-18 09:00:00,2025-03-18 18:00:00,540,2025-03-18 13:00:00,2025-03-18 13:30:00,30
S0001687,A025,2025-03-19,2025-03-19 09:00:00,2025-03-19 18:00:00,540,2025-03-19 13:00:00,2025-03-19 13:30:00,30
S0001688,A025,2025-03-20,2025-03-20 09:00:00,2025-03-20 18:00:00,540,2025-03-20 13:00:00,2025-03-20 13:30:00,30
S0001689,A025,2025-03-21,2025-03-21 09:00:00,2025-03-21 18:00:00,540,2025-03-21 13:00:00,2025-03-21 13:30:00,30
S0001690,A025,2025-03-23,2025-03-23 09:00:00,2025-03-23 18:00:00,540,2025-03-23 13:00:00,2025-03-23 13:30:00,30
S0001691,A025,2025-03-24,2025-03-24 09:00:00,2025-03-24 18:00:00,540,2025-03-24 13:00:00,2025-03-24 13:30:00,30
S0001692,A025,2025-03-25,2025-03-25 09:00:00,2025-03-25 18:00:00,540,2025-03-25 13:00:00,2025-03-25 13:30:00,30
S0001693,A025,2025-03-26,2025-03-26 09:00:00,2025-03-26 18:00:00,540,2025-03-26 13:00:00,2025-03-26 13:30:00,30
S0001694,A025,2025-03-27,2025-03-27 09:00:00,2025-03-27 18:00:00,540,2025-03-27 13:00:00,2025-03-27 13:30:00,30
S0001695,A025,2025-03-28,2025-03-28 09:00:00,2025-03-28 18:00:00,540,2025-03-28 13:00:00,2025-03-28 13:30:00,30
S0001696,A025,2025-03-29,2025-03-29 09:00:00,2025-03-29 18:00:00,540,2025-03-29 13:00:00,2025-03-29 13:30:00,30
S0001697,A025,2025-03-31,2025-03-31 09:00:00,2025-03-31 18:00:00,540,2025-03-31 13:00:00,2025-03-31 13:30:00,30
S0001698,A026,2025-01-01,2025-01-01 08:00:00,2025-01-01 17:00:00,540,2025-01-01 12:00:00,2025-01-01 12:30:00,30
S0001699,A026,2025-01-02,2025-01-02 08:00:00,2025-01-02 17:00:00,540,2025-01-02 12:00:00,2025-01-02 12:30:00,30
S0001700,A026,2025-01-03,2025-01-03 08:00:00,2025-01-03 17:00:00,540,2025-01-03 12:00:00,2025-01-03 12:30:00,30
S0001701,A026,2025-01-04,2025-01-04 08:00:00,2025-01-04 17:00:00,540,2025-01-04 12:00:00,2025-01-04 12:30:00,30
S0001702,A026,2025-01-06,2025-01-06 08:00:00,2025-01-06 17:00:00,540,2025-01-06 12:00:00,2025-01-06 12:30:00,30
S0001703,A026,2025-01-07,2025-01-07 08:00:00,2025-01-07 17:00:00,540,2025-01-07 12:00:00,2025-01-07 12:30:00,30
S0001704,A026,2025-01-08,2025-01-08 08:00:00,2025-01-08 17:00:00,540,2025-01-08 12:00:00,2025-01-08 12:30:00,30
S0001705,A026,2025-01-09,2025-01-09 08:00:00,2025-01-09 17:00:00,540,2025-01-09 12:00:00,2025-01-09 12:30:00,30
S0001706,A026,2025-01-10,2025-01-10 08:00:00,2025-01-10 17:00:00,540,2025-01-10 12:00:00,2025-01-10 12:30:00,30
S0001707,A026,2025-01-12,2025-01-12 08:00:00,2025-01-12 17:00:00,540,2025-01-12 12:00:00,2025-01-12 12:30:00,30
S0001708,A026,2025-01-13,2025-01-13 08:00:00,2025-01-13 17:00:00,540,2025-01-13 12:00:00,2025-01-13 12:30:00,30
S0001709,A026,2025-01-14,2025-01-14 08:00:00,2025-01-14 17:00:00,540,2025-01-14 12:00:00,2025-01-14 12:30:00,30
S0001710,A026,2025-01-15,2025-01-15 08:00:00,2025-01-15 17:00:00,540,2025-01-15 12:00:00,2025-01-15 12:30:00,30
S0001711,A026,2025-01-16,2025-01-16 08:00:00,2025-01-16 17:00:00,540,2025-01-16 12:00:00,2025-01-16 12:30:00,30
S0001712,A026,2025-01-17,2025-01-17 08:00:00,2025-01-17 17:00:00,540,2025-01-17 12:00:00,2025-01-17 12:30:00,30
S0001713,A026,2025-01-20,2025-01-20 08:00:00,2025-01-20 17:00:00,540,2025-01-20 12:00:00,2025-01-20 12:30:00,30
S0001714,A026,2025-01-21,2025-01-21 08:00:00,2025-01-21 17:00:00,540,2025-01-21 12:00:00,2025-01-21 12:30:00,30
S0001715,A026,2025-01-22,2025-01-22 08:00:00,2025-01-22 17:00:00,540,2025-01-22 12:00:00,2025-01-22 12:30:00,30
S0001716,A026,2025-01-23,2025-01-23 08:00:00,2025-01-23 17:00:00,540,2025-01-23 12:00:00,2025-01-23 12:30:00,30
S0001717,A026,2025-01-24,2025-01-24 08:00:00,2025-01-24 17:00:00,540,2025-01-24 12:00:00,2025-01-24 12:30:00,30
S0001718,A026,2025-01-27,2025-01-27 08:00:00,2025-01-27 17:00:00,540,2025-01-27 12:00:00,2025-01-27 12:30:00,30
S0001719,A026,2025-01-28,2025-01-28 08:00:00,2025-01-28 17:00:00,540,2025-01-28 12:00:00,2025-01-28 12:30:00,30
S0001720,A026,2025-01-29,2025-01-29 08:00:00,2025-01-29 17:00:00,540,2025-01-29 12:00:00,2025-01-29 12:30:00,30
S0001721,A026,2025-01-30,2025-01-30 08:00:00,2025-01-30 17:00:00,540,2025-01-30 12:00:00,2025-01-30 12:30:00,30
S0001722,A026,2025-01-31,2025-01-31 08:00:00,2025-01-31 17:00:00,540,2025-01-31 12:00:00,2025-01-31 12:30:00,30
S0001723,A026,2025-02-01,2025-02-01 08:00:00,2025-02-01 17:00:00,540,2025-02-01 12:00:00,2025-02-01 12:30:00,30
S0001724,A026,2025-02-03,2025-02-03 08:00:00,2025-02-03 17:00:00,540,2025-02-03 12:00:00,2025-02-03 12:30:00,30
S0001725,A026,2025-02-04,2025-02-04 08:00:00,2025-02-04 17:00:00,540,2025-02-04 12:00:00,2025-02-04 12:30:00,30
S0001726,A026,2025-02-05,2025-02-05 08:00:00,2025-02-05 17:00:00,540,2025-02-05 12:00:00,2025-02-05 12:30:00,30
S0001727,A026,2025-02-06,2025-02-06 08:00:00,2025-02-06 17:00:00,540,2025-02-06 12:00:00,2025-02-06 12:30:00,30
S0001728,A026,2025-02-07,2025-02-07 08:00:00,2025-02-07 17:00:00,540,2025-02-07 12:00:00,2025-02-07 12:30:00,30
S0001729,A026,2025-02-10,2025-02-10 08:00:00,2025-02-10 17:00:00,540,2025-02-10 12:00:00,2025-02-10 12:30:00,30
S0001730,A026,2025-02-11,2025-02-11 08:00:00,2025-02-11 17:00:00,540,2025-02-11 12:00:00,2025-02-11 12:30:00,30
S0001731,A026,2025-02-12,2025-02-12 08:00:00,2025-02-12 17:00:00,540,2025-02-12 12:00:00,2025-02-12 12:30:00,30
S0001732,A026,2025-02-13,2025-02-13 08:00:00,2025-02-13 17:00:00,540,2025-02-13 12:00:00,2025-02-13 12:30:00,30
S0001733,A026,2025-02-14,2025-02-14 08:00:00,2025-02-14 17:00:00,540,2025-02-14 12:00:00,2025-02-14 12:30:00,30
S0001734,A026,2025-02-17,2025-02-17 08:00:00,2025-02-17 17:00:00,540,2025-02-17 12:00:00,2025-02-17 12:30:00,30
S0001735,A026,2025-02-18,2025-02-18 08:00:00,2025-02-18 17:00:00,540,2025-02-18 12:00:00,2025-02-18 12:30:00,30
S0001736,A026,2025-02-19,2025-02-19 08:00:00,2025-02-19 17:00:00,540,2025-02-19 12:00:00,2025-02-19 12:30:00,30
S0001737,A026,2025-02-20,2025-02-20 08:00:00,2025-02-20 17:00:00,540,2025-02-20 12:00:00,2025-02-20 12:30:00,30
S0001738,A026,2025-02-21,2025-02-21 08:00:00,2025-02-21 17:00:00,540,2025-02-21 12:00:00,2025-02-21 12:30:00,30
S0001739,A026,2025-02-24,2025-02-24 08:00:00,2025-02-24 17:00:00,540,2025-02-24 12:00:00,2025-02-24 12:30:00,30
S0001740,A026,2025-02-25,2025-02-25 08:00:00,2025-02-25 17:00:00,540,2025-02-25 12:00:00,2025-02-25 12:30:00,30
S0001741,A026,2025-02-26,2025-02-26 08:00:00,2025-02-26 17:00:00,540,2025-02-26 12:00:00,2025-02-26 12:30:00,30
S0001742,A026,2025-02-27,2025-02-27 08:00:00,2025-02-27 17:00:00,540,2025-02-27 12:00:00,2025-02-27 12:30:00,30
S0001743,A026,2025-02-28,2025-02-28 08:00:00,2025-02-28 17:00:00,540,2025-02-28 12:00:00,2025-02-28 12:30:00,30
S0001744,A026,2025-03-03,2025-03-03 08:00:00,2025-03-03 17:00:00,540,2025-03-03 12:00:00,2025-03-03 12:30:00,30
S0001745,A026,2025-03-04,2025-03-04 08:00:00,2025-03-04 17:00:00,540,2025-03-04 12:00:00,2025-03-04 12:30:00,30
S0001746,A026,2025-03-05,2025-03-05 08:00:00,2025-03-05 17:00:00,540,2025-03-05 12:00:00,2025-03-05 12:30:00,30
S0001747,A026,2025-03-06,2025-03-06 08:00:00,2025-03-06 17:00:00,540,2025-03-06 12:00:00,2025-03-06 12:30:00,30
S0001748,A026,2025-03-07,2025-03-07 08:00:00,2025-03-07 17:00:00,540,2025-03-07 12:00:00,2025-03-07 12:30:00,30
S0001749,A026,2025-03-10,2025-03-10 08:00:00,2025-03-10 17:00:00,540,2025-03-10 12:00:00,2025-03-10 12:30:00,30
S0001750,A026,2025-03-11,2025-03-11 08:00:00,2025-03-11 17:00:00,540,2025-03-11 12:00:00,2025-03-11 12:30:00,30
S0001751,A026,2025-03-12,2025-03-12 08:00:00,2025-03-12 17:00:00,540,2025-03-12 12:00:00,2025-03-12 12:30:00,30
S0001752,A026,2025-03-13,2025-03-13 08:00:00,2025-03-13 17:00:00,540,2025-03-13 12:00:00,2025-03-13 12:30:00,30
S0001753,A026,2025-03-14,2025-03-14 08:00:00,2025-03-14 17:00:00,540,2025-03-14 12:00:00,2025-03-14 12:30:00,30
S0001754,A026,2025-03-17,2025-03-17 08:00:00,2025-03-17 17:00:00,540,2025-03-17 12:00:00,2025-03-17 12:30:00,30
S0001755,A026,2025-03-18,2025-03-18 08:00:00,2025-03-18 17:00:00,540,2025-03-18 12:00:00,2025-03-18 12:30:00,30
S0001756,A026,2025-03-19,2025-03-19 08:00:00,2025-03-19 17:00:00,540,2025-03-19 12:00:00,2025-03-19 12:30:00,30
S0001757,A026,2025-03-20,2025-03-20 08:00:00,2025-03-20 17:00:00,540,2025-03-20 12:00:00,2025-03-20 12:30:00,30
S0001758,A026,2025-03-21,2025-03-21 08:00:00,2025-03-21 17:00:00,540,2025-03-21 12:00:00,2025-03-21 12:30:00,30
S0001759,A026,2025-03-24,2025-03-24 08:00:00,2025-03-24 17:00:00,540,2025-03-24 12:00:00,2025-03-24 12:30:00,30
S0001760,A026,2025-03-25,2025-03-25 08:00:00,2025-03-25 17:00:00,540,2025-03-25 12:00:00,2025-03-25 12:30:00,30
S0001761,A026,2025-03-26,2025-03-26 08:00:00,2025-03-26 17:00:00,540,2025-03-26 12:00:00,2025-03-26 12:30:00,30
S0001762,A026,2025-03-27,2025-03-27 08:00:00,2025-03-27 17:00:00,540,2025-03-27 12:00:00,2025-03-27 12:30:00,30
S0001763,A026,2025-03-28,2025-03-28 08:00:00,2025-03-28 17:00:00,540,2025-03-28 12:00:00,2025-03-28 12:30:00,30
S0001764,A026,2025-03-29,2025-03-29 08:00:00,2025-03-29 17:00:00,540,2025-03-29 12:00:00,2025-03-29 12:30:00,30
S0001765,A026,2025-03-31,2025-03-31 08:00:00,2025-03-31 17:00:00,540,2025-03-31 12:00:00,2025-03-31 12:30:00,30
S0001766,A027,2025-01-01,2025-01-01 08:00:00,2025-01-01 17:00:00,540,2025-01-01 12:00:00,2025-01-01 12:30:00,30
S0001767,A027,2025-01-02,2025-01-02 08:00:00,2025-01-02 17:00:00,540,2025-01-02 12:00:00,2025-01-02 12:30:00,30
S0001768,A027,2025-01-03,2025-01-03 08:00:00,2025-01-03 17:00:00,540,2025-01-03 12:00:00,2025-01-03 12:30:00,30
S0001769,A027,2025-01-06,2025-01-06 08:00:00,2025-01-06 17:00:00,540,2025-01-06 12:00:00,2025-01-06 12:30:00,30
S0001770,A027,2025-01-07,2025-01-07 08:00:00,2025-01-07 17:00:00,540,2025-01-07 12:00:00,2025-01-07 12:30:00,30
S0001771,A027,2025-01-08,2025-01-08 08:00:00,2025-01-08 17:00:00,540,2025-01-08 12:00:00,2025-01-08 12:30:00,30
S0001772,A027,2025-01-09,2025-01-09 08:00:00,2025-01-09 17:00:00,540,2025-01-09 12:00:00,2025-01-09 12:30:00,30
S0001773,A027,2025-01-10,2025-01-10 08:00:00,2025-01-10 17:00:00,540,2025-01-10 12:00:00,2025-01-10 12:30:00,30
S0001774,A027,2025-01-11,2025-01-11 08:00:00,2025-01-11 17:00:00,540,2025-01-11 12:00:00,2025-01-11 12:30:00,30
S0001775,A027,2025-01-13,2025-01-13 08:00:00,2025-01-13 17:00:00,540,2025-01-13 12:00:00,2025-01-13 12:30:00,30
S0001776,A027,2025-01-14,2025-01-14 08:00:00,2025-01-14 17:00:00,540,2025-01-14 12:00:00,2025-01-14 12:30:00,30
S0001777,A027,2025-01-15,2025-01-15 08:00:00,2025-01-15 17:00:00,540,2025-01-15 12:00:00,2025-01-15 12:30:00,30
S0001778,A027,2025-01-16,2025-01-16 08:00:00,2025-01-16 17:00:00,540,2025-01-16 12:00:00,2025-01-16 12:30:00,30
S0001779,A027,2025-01-17,2025-01-17 08:00:00,2025-01-17 17:00:00,540,2025-01-17 12:00:00,2025-01-17 12:30:00,30
S0001780,A027,2025-01-20,2025-01-20 08:00:00,2025-01-20 17:00:00,540,2025-01-20 12:00:00,2025-01-20 12:30:00,30
S0001781,A027,2025-01-21,2025-01-21 08:00:00,2025-01-21 17:00:00,540,2025-01-21 12:00:00,2025-01-21 12:30:00,30
S0001782,A027,2025-01-22,2025-01-22 08:00:00,2025-01-22 17:00:00,540,2025-01-22 12:00:00,2025-01-22 12:30:00,30
S0001783,A027,2025-01-23,2025-01-23 08:00:00,2025-01-23 17:00:00,540,2025-01-23 12:00:00,2025-01-23 12:30:00,30
S0001784,A027,2025-01-24,2025-01-24 08:00:00,2025-01-24 17:00:00,540,2025-01-24 12:00:00,2025-01-24 12:30:00,30
S0001785,A027,2025-01-27,2025-01-27 08:00:00,2025-01-27 17:00:00,540,2025-01-27 12:00:00,2025-01-27 12:30:00,30
S0001786,A027,2025-01-28,2025-01-28 08:00:00,2025-01-28 17:00:00,540,2025-01-28 12:00:00,2025-01-28 12:30:00,30
S0001787,A027,2025-01-29,2025-01-29 08:00:00,2025-01-29 17:00:00,540,2025-01-29 12:00:00,2025-01-29 12:30:00,30
S0001788,A027,2025-01-30,2025-01-30 08:00:00,2025-01-30 17:00:00,540,2025-01-30 12:00:00,2025-01-30 12:30:00,30
S0001789,A027,2025-01-31,2025-01-31 08:00:00,2025-01-31 17:00:00,540,2025-01-31 12:00:00,2025-01-31 12:30:00,30
S0001790,A027,2025-02-03,2025-02-03 08:00:00,2025-02-03 17:00:00,540,2025-02-03 12:00:00,2025-02-03 12:30:00,30
S0001791,A027,2025-02-04,2025-02-04 08:00:00,2025-02-04 17:00:00,540,2025-02-04 12:00:00,2025-02-04 12:30:00,30
S0001792,A027,2025-02-05,2025-02-05 08:00:00,2025-02-05 17:00:00,540,2025-02-05 12:00:00,2025-02-05 12:30:00,30
S0001793,A027,2025-02-06,2025-02-06 08:00:00,2025-02-06 17:00:00,540,2025-02-06 12:00:00,2025-02-06 12:30:00,30
S0001794,A027,2025-02-07,2025-02-07 08:00:00,2025-02-07 17:00:00,540,2025-02-07 12:00:00,2025-02-07 12:30:00,30
S0001795,A027,2025-02-10,2025-02-10 08:00:00,2025-02-10 17:00:00,540,2025-02-10 12:00:00,2025-02-10 12:30:00,30
S0001796,A027,2025-02-11,2025-02-11 08:00:00,2025-02-11 17:00:00,540,2025-02-11 12:00:00,2025-02-11 12:30:00,30
S0001797,A027,2025-02-12,2025-02-12 08:00:00,2025-02-12 17:00:00,540,2025-02-12 12:00:00,2025-02-12 12:30:00,30
S0001798,A027,2025-02-13,2025-02-13 08:00:00,2025-02-13 17:00:00,540,2025-02-13 12:00:00,2025-02-13 12:30:00,30
S0001799,A027,2025-02-16,2025-02-16 08:00:00,2025-02-16 17:00:00,540,2025-02-16 12:00:00,2025-02-16 12:30:00,30
S0001800,A027,2025-02-17,2025-02-17 08:00:00,2025-02-17 17:00:00,540,2025-02-17 12:00:00,2025-02-17 12:30:00,30
S0001801,A027,2025-02-18,2025-02-18 08:00:00,2025-02-18 17:00:00,540,2025-02-18 12:00:00,2025-02-18 12:30:00,30
S0001802,A027,2025-02-19,2025-02-19 08:00:00,2025-02-19 17:00:00,540,2025-02-19 12:00:00,2025-02-19 12:30:00,30
S0001803,A027,2025-02-20,2025-02-20 08:00:00,2025-02-20 17:00:00,540,2025-02-20 12:00:00,2025-02-20 12:30:00,30
S0001804,A027,2025-02-21,2025-02-21 08:00:00,2025-02-21 17:00:00,540,2025-02-21 12:00:00,2025-02-21 12:30:00,30
S0001805,A027,2025-02-22,2025-02-22 08:00:00,2025-02-22 17:00:00,540,2025-02-22 12:00:00,2025-02-22 12:30:00,30
S0001806,A027,2025-02-23,2025-02-23 08:00:00,2025-02-23 17:00:00,540,2025-02-23 12:00:00,2025-02-23 12:30:00,30
S0001807,A027,2025-02-24,2025-02-24 08:00:00,2025-02-24 17:00:00,540,2025-02-24 12:00:00,2025-02-24 12:30:00,30
S0001808,A027,2025-02-25,2025-02-25 08:00:00,2025-02-25 17:00:00,540,2025-02-25 12:00:00,2025-02-25 12:30:00,30
S0001809,A027,2025-02-26,2025-02-26 08:00:00,2025-02-26 17:00:00,540,2025-02-26 12:00:00,2025-02-26 12:30:00,30
S0001810,A027,2025-02-27,2025-02-27 08:00:00,2025-02-27 17:00:00,540,2025-02-27 12:00:00,2025-02-27 12:30:00,30
S0001811,A027,2025-02-28,2025-02-28 08:00:00,2025-02-28 17:00:00,540,2025-02-28 12:00:00,2025-02-28 12:30:00,30
S0001812,A027,2025-03-03,2025-03-03 08:00:00,2025-03-03 17:00:00,540,2025-03-03 12:00:00,2025-03-03 12:30:00,30
S0001813,A027,2025-03-04,2025-03-04 08:00:00,2025-03-04 17:00:00,540,2025-03-04 12:00:00,2025-03-04 12:30:00,30
S0001814,A027,2025-03-05,2025-03-05 08:00:00,2025-03-05 17:00:00,540,2025-03-05 12:00:00,2025-03-05 12:30:00,30
S0001815,A027,2025-03-06,2025-03-06 08:00:00,2025-03-06 17:00:00,540,2025-03-06 12:00:00,2025-03-06 12:30:00,30
S0001816,A027,2025-03-07,2025-03-07 08:00:00,2025-03-07 17:00:00,540,2025-03-07 12:00:00,2025-03-07 12:30:00,30
S0001817,A027,2025-03-10,2025-03-10 08:00:00,2025-03-10 17:00:00,540,2025-03-10 12:00:00,2025-03-10 12:30:00,30
S0001818,A027,2025-03-11,2025-03-11 08:00:00,2025-03-11 17:00:00,540,2025-03-11 12:00:00,2025-03-11 12:30:00,30
S0001819,A027,2025-03-12,2025-03-12 08:00:00,2025-03-12 17:00:00,540,2025-03-12 12:00:00,2025-03-12 12:30:00,30
S0001820,A027,2025-03-13,2025-03-13 08:00:00,2025-03-13 17:00:00,540,2025-03-13 12:00:00,2025-03-13 12:30:00,30
S0001821,A027,2025-03-14,2025-03-14 08:00:00,2025-03-14 17:00:00,540,2025-03-14 12:00:00,2025-03-14 12:30:00,30
S0001822,A027,2025-03-17,2025-03-17 08:00:00,2025-03-17 17:00:00,540,2025-03-17 12:00:00,2025-03-17 12:30:00,30
S0001823,A027,2025-03-18,2025-03-18 08:00:00,2025-03-18 17:00:00,540,2025-03-18 12:00:00,2025-03-18 12:30:00,30
S0001824,A027,2025-03-19,2025-03-19 08:00:00,2025-03-19 17:00:00,540,2025-03-19 12:00:00,2025-03-19 12:30:00,30
S0001825,A027,2025-03-20,2025-03-20 08:00:00,2025-03-20 17:00:00,540,2025-03-20 12:00:00,2025-03-20 12:30:00,30
S0001826,A027,2025-03-21,2025-03-21 08:00:00,2025-03-21 17:00:00,540,2025-03-21 12:00:00,2025-03-21 12:30:00,30
S0001827,A027,2025-03-24,2025-03-24 08:00:00,2025-03-24 17:00:00,540,2025-03-24 12:00:00,2025-03-24 12:30:00,30
S0001828,A027,2025-03-25,2025-03-25 08:00:00,2025-03-25 17:00:00,540,2025-03-25 12:00:00,2025-03-25 12:30:00,30
S0001829,A027,2025-03-26,2025-03-26 08:00:00,2025-03-26 17:00:00,540,2025-03-26 12:00:00,2025-03-26 12:30:00,30
S0001830,A027,2025-03-27,2025-03-27 08:00:00,2025-03-27 17:00:00,540,2025-03-27 12:00:00,2025-03-27 12:30:00,30
S0001831,A027,2025-03-28,2025-03-28 08:00:00,2025-03-28 17:00:00,540,2025-03-28 12:00:00,2025-03-28 12:30:00,30
S0001832,A027,2025-03-31,2025-03-31 08:00:00,2025-03-31 17:00:00,540,2025-03-31 12:00:00,2025-03-31 12:30:00,30
S0001833,A028,2025-01-01,2025-01-01 09:00:00,2025-01-01 18:00:00,540,2025-01-01 13:00:00,2025-01-01 13:30:00,30
S0001834,A028,2025-01-02,2025-01-02 09:00:00,2025-01-02 18:00:00,540,2025-01-02 13:00:00,2025-01-02 13:30:00,30
S0001835,A028,2025-01-03,2025-01-03 09:00:00,2025-01-03 18:00:00,540,2025-01-03 13:00:00,2025-01-03 13:30:00,30
S0001836,A028,2025-01-06,2025-01-06 09:00:00,2025-01-06 18:00:00,540,2025-01-06 13:00:00,2025-01-06 13:30:00,30
S0001837,A028,2025-01-07,2025-01-07 09:00:00,2025-01-07 18:00:00,540,2025-01-07 13:00:00,2025-01-07 13:30:00,30
S0001838,A028,2025-01-08,2025-01-08 09:00:00,2025-01-08 18:00:00,540,2025-01-08 13:00:00,2025-01-08 13:30:00,30
S0001839,A028,2025-01-09,2025-01-09 09:00:00,2025-01-09 18:00:00,540,2025-01-09 13:00:00,2025-01-09 13:30:00,30
S0001840,A028,2025-01-10,2025-01-10 09:00:00,2025-01-10 18:00:00,540,2025-01-10 13:00:00,2025-01-10 13:30:00,30
S0001841,A028,2025-01-13,2025-01-13 09:00:00,2025-01-13 18:00:00,540,2025-01-13 13:00:00,2025-01-13 13:30:00,30
S0001842,A028,2025-01-14,2025-01-14 09:00:00,2025-01-14 18:00:00,540,2025-01-14 13:00:00,2025-01-14 13:30:00,30
S0001843,A028,2025-01-15,2025-01-15 09:00:00,2025-01-15 18:00:00,540,2025-01-15 13:00:00,2025-01-15 13:30:00,30
S0001844,A028,2025-01-16,2025-01-16 09:00:00,2025-01-16 18:00:00,540,2025-01-16 13:00:00,2025-01-16 13:30:00,30
S0001845,A028,2025-01-17,2025-01-17 09:00:00,2025-01-17 18:00:00,540,2025-01-17 13:00:00,2025-01-17 13:30:00,30
S0001846,A028,2025-01-20,2025-01-20 09:00:00,2025-01-20 18:00:00,540,2025-01-20 13:00:00,2025-01-20 13:30:00,30
S0001847,A028,2025-01-21,2025-01-21 09:00:00,2025-01-21 18:00:00,540,2025-01-21 13:00:00,2025-01-21 13:30:00,30
S0001848,A028,2025-01-22,2025-01-22 09:00:00,2025-01-22 18:00:00,540,2025-01-22 13:00:00,2025-01-22 13:30:00,30
S0001849,A028,2025-01-23,2025-01-23 09:00:00,2025-01-23 18:00:00,540,2025-01-23 13:00:00,2025-01-23 13:30:00,30
S0001850,A028,2025-01-24,2025-01-24 09:00:00,2025-01-24 18:00:00,540,2025-01-24 13:00:00,2025-01-24 13:30:00,30
S0001851,A028,2025-01-27,2025-01-27 09:00:00,2025-01-27 18:00:00,540,2025-01-27 13:00:00,2025-01-27 13:30:00,30
S0001852,A028,2025-01-28,2025-01-28 09:00:00,2025-01-28 18:00:00,540,2025-01-28 13:00:00,2025-01-28 13:30:00,30
S0001853,A028,2025-01-30,2025-01-30 09:00:00,2025-01-30 18:00:00,540,2025-01-30 13:00:00,2025-01-30 13:30:00,30
S0001854,A028,2025-01-31,2025-01-31 09:00:00,2025-01-31 18:00:00,540,2025-01-31 13:00:00,2025-01-31 13:30:00,30
S0001855,A028,2025-02-01,2025-02-01 09:00:00,2025-02-01 18:00:00,540,2025-02-01 13:00:00,2025-02-01 13:30:00,30
S0001856,A028,2025-02-03,2025-02-03 09:00:00,2025-02-03 18:00:00,540,2025-02-03 13:00:00,2025-02-03 13:30:00,30
S0001857,A028,2025-02-04,2025-02-04 09:00:00,2025-02-04 18:00:00,540,2025-02-04 13:00:00,2025-02-04 13:30:00,30
S0001858,A028,2025-02-05,2025-02-05 09:00:00,2025-02-05 18:00:00,540,2025-02-05 13:00:00,2025-02-05 13:30:00,30
S0001859,A028,2025-02-06,2025-02-06 09:00:00,2025-02-06 18:00:00,540,2025-02-06 13:00:00,2025-02-06 13:30:00,30
S0001860,A028,2025-02-07,2025-02-07 09:00:00,2025-02-07 18:00:00,540,2025-02-07 13:00:00,2025-02-07 13:30:00,30
S0001861,A028,2025-02-10,2025-02-10 09:00:00,2025-02-10 18:00:00,540,2025-02-10 13:00:00,2025-02-10 13:30:00,30
S0001862,A028,2025-02-11,2025-02-11 09:00:00,2025-02-11 18:00:00,540,2025-02-11 13:00:00,2025-02-11 13:30:00,30
S0001863,A028,2025-02-12,2025-02-12 09:00:00,2025-02-12 18:00:00,540,2025-02-12 13:00:00,2025-02-12 13:30:00,30
S0001864,A028,2025-02-13,2025-02-13 09:00:00,2025-02-13 18:00:00,540,2025-02-13 13:00:00,2025-02-13 13:30:00,30
S0001865,A028,2025-02-14,2025-02-14 09:00:00,2025-02-14 18:00:00,540,2025-02-14 13:00:00,2025-02-14 13:30:00,30
S0001866,A028,2025-02-17,2025-02-17 09:00:00,2025-02-17 18:00:00,540,2025-02-17 13:00:00,2025-02-17 13:30:00,30
S0001867,A028,2025-02-18,2025-02-18 09:00:00,2025-02-18 18:00:00,540,2025-02-18 13:00:00,2025-02-18 13:30:00,30
S0001868,A028,2025-02-19,2025-02-19 09:00:00,2025-02-19 18:00:00,540,2025-02-19 13:00:00,2025-02-19 13:30:00,30
S0001869,A028,2025-02-20,2025-02-20 09:00:00,2025-02-20 18:00:00,540,2025-02-20 13:00:00,2025-02-20 13:30:00,30
S0001870,A028,2025-02-21,2025-02-21 09:00:00,2025-02-21 18:00:00,540,2025-02-21 13:00:00,2025-02-21 13:30:00,30
S0001871,A028,2025-02-23,2025-02-23 09:00:00,2025-02-23 18:00:00,540,2025-02-23 13:00:00,2025-02-23 13:30:00,30
S0001872,A028,2025-02-24,2025-02-24 09:00:00,2025-02-24 18:00:00,540,2025-02-24 13:00:00,2025-02-24 13:30:00,30
S0001873,A028,2025-02-25,2025-02-25 09:00:00,2025-02-25 18:00:00,540,2025-02-25 13:00:00,2025-02-25 13:30:00,30
S0001874,A028,2025-02-26,2025-02-26 09:00:00,2025-02-26 18:00:00,540,2025-02-26 13:00:00,2025-02-26 13:30:00,30
S0001875,A028,2025-02-27,2025-02-27 09:00:00,2025-02-27 18:00:00,540,2025-02-27 13:00:00,2025-02-27 13:30:00,30
S0001876,A028,2025-02-28,2025-02-28 09:00:00,2025-02-28 18:00:00,540,2025-02-28 13:00:00,2025-02-28 13:30:00,30
S0001877,A028,2025-03-03,2025-03-03 09:00:00,2025-03-03 18:00:00,540,2025-03-03 13:00:00,2025-03-03 13:30:00,30
S0001878,A028,2025-03-04,2025-03-04 09:00:00,2025-03-04 18:00:00,540,2025-03-04 13:00:00,2025-03-04 13:30:00,30
S0001879,A028,2025-03-05,2025-03-05 09:00:00,2025-03-05 18:00:00,540,2025-03-05 13:00:00,2025-03-05 13:30:00,30
S0001880,A028,2025-03-06,2025-03-06 09:00:00,2025-03-06 18:00:00,540,2025-03-06 13:00:00,2025-03-06 13:30:00,30
S0001881,A028,2025-03-07,2025-03-07 09:00:00,2025-03-07 18:00:00,540,2025-03-07 13:00:00,2025-03-07 13:30:00,30
S0001882,A028,2025-03-10,2025-03-10 09:00:00,2025-03-10 18:00:00,540,2025-03-10 13:00:00,2025-03-10 13:30:00,30
S0001883,A028,2025-03-11,2025-03-11 09:00:00,2025-03-11 18:00:00,540,2025-03-11 13:00:00,2025-03-11 13:30:00,30
S0001884,A028,2025-03-12,2025-03-12 09:00:00,2025-03-12 18:00:00,540,2025-03-12 13:00:00,2025-03-12 13:30:00,30
S0001885,A028,2025-03-13,2025-03-13 09:00:00,2025-03-13 18:00:00,540,2025-03-13 13:00:00,2025-03-13 13:30:00,30
S0001886,A028,2025-03-14,2025-03-14 09:00:00,2025-03-14 18:00:00,540,2025-03-14 13:00:00,2025-03-14 13:30:00,30
S0001887,A028,2025-03-15,2025-03-15 09:00:00,2025-03-15 18:00:00,540,2025-03-15 13:00:00,2025-03-15 13:30:00,30
S0001888,A028,2025-03-17,2025-03-17 09:00:00,2025-03-17 18:00:00,540,2025-03-17 13:00:00,2025-03-17 13:30:00,30
S0001889,A028,2025-03-18,2025-03-18 09:00:00,2025-03-18 18:00:00,540,2025-03-18 13:00:00,2025-03-18 13:30:00,30
S0001890,A028,2025-03-19,2025-03-19 09:00:00,2025-03-19 18:00:00,540,2025-03-19 13:00:00,2025-03-19 13:30:00,30
S0001891,A028,2025-03-20,2025-03-20 09:00:00,2025-03-20 18:00:00,540,2025-03-20 13:00:00,2025-03-20 13:30:00,30
S0001892,A028,2025-03-21,2025-03-21 09:00:00,2025-03-21 18:00:00,540,2025-03-21 13:00:00,2025-03-21 13:30:00,30
S0001893,A028,2025-03-22,2025-03-22 09:00:00,2025-03-22 18:00:00,540,2025-03-22 13:00:00,2025-03-22 13:30:00,30
S0001894,A028,2025-03-24,2025-03-24 09:00:00,2025-03-24 18:00:00,540,2025-03-24 13:00:00,2025-03-24 13:30:00,30
S0001895,A028,2025-03-25,2025-03-25 09:00:00,2025-03-25 18:00:00,540,2025-03-25 13:00:00,2025-03-25 13:30:00,30
S0001896,A028,2025-03-26,2025-03-26 09:00:00,2025-03-26 18:00:00,540,2025-03-26 13:00:00,2025-03-26 13:30:00,30
S0001897,A028,2025-03-27,2025-03-27 09:00:00,2025-03-27 18:00:00,540,2025-03-27 13:00:00,2025-03-27 13:30:00,30
S0001898,A028,2025-03-28,2025-03-28 09:00:00,2025-03-28 18:00:00,540,2025-03-28 13:00:00,2025-03-28 13:30:00,30
S0001899,A028,2025-03-31,2025-03-31 09:00:00,2025-03-31 18:00:00,540,2025-03-31 13:00:00,2025-03-31 13:30:00,30
S0001900,A029,2025-01-02,2025-01-02 07:00:00,2025-01-02 16:00:00,540,2025-01-02 11:00:00,2025-01-02 11:30:00,30
S0001901,A029,2025-01-03,2025-01-03 07:00:00,2025-01-03 16:00:00,540,2025-01-03 11:00:00,2025-01-03 11:30:00,30
S0001902,A029,2025-01-06,2025-01-06 07:00:00,2025-01-06 16:00:00,540,2025-01-06 11:00:00,2025-01-06 11:30:00,30
S0001903,A029,2025-01-07,2025-01-07 07:00:00,2025-01-07 16:00:00,540,2025-01-07 11:00:00,2025-01-07 11:30:00,30
S0001904,A029,2025-01-08,2025-01-08 07:00:00,2025-01-08 16:00:00,540,2025-01-08 11:00:00,2025-01-08 11:30:00,30
S0001905,A029,2025-01-09,2025-01-09 07:00:00,2025-01-09 16:00:00,540,2025-01-09 11:00:00,2025-01-09 11:30:00,30
S0001906,A029,2025-01-10,2025-01-10 07:00:00,2025-01-10 16:00:00,540,2025-01-10 11:00:00,2025-01-10 11:30:00,30
S0001907,A029,2025-01-13,2025-01-13 07:00:00,2025-01-13 16:00:00,540,2025-01-13 11:00:00,2025-01-13 11:30:00,30
S0001908,A029,2025-01-14,2025-01-14 07:00:00,2025-01-14 16:00:00,540,2025-01-14 11:00:00,2025-01-14 11:30:00,30
S0001909,A029,2025-01-15,2025-01-15 07:00:00,2025-01-15 16:00:00,540,2025-01-15 11:00:00,2025-01-15 11:30:00,30
S0001910,A029,2025-01-16,2025-01-16 07:00:00,2025-01-16 16:00:00,540,2025-01-16 11:00:00,2025-01-16 11:30:00,30
S0001911,A029,2025-01-17,2025-01-17 07:00:00,2025-01-17 16:00:00,540,2025-01-17 11:00:00,2025-01-17 11:30:00,30
S0001912,A029,2025-01-20,2025-01-20 07:00:00,2025-01-20 16:00:00,540,2025-01-20 11:00:00,2025-01-20 11:30:00,30
S0001913,A029,2025-01-21,2025-01-21 07:00:00,2025-01-21 16:00:00,540,2025-01-21 11:00:00,2025-01-21 11:30:00,30
S0001914,A029,2025-01-22,2025-01-22 07:00:00,2025-01-22 16:00:00,540,2025-01-22 11:00:00,2025-01-22 11:30:00,30
S0001915,A029,2025-01-23,2025-01-23 07:00:00,2025-01-23 16:00:00,540,2025-01-23 11:00:00,2025-01-23 11:30:00,30
S0001916,A029,2025-01-24,2025-01-24 07:00:00,2025-01-24 16:00:00,540,2025-01-24 11:00:00,2025-01-24 11:30:00,30
S0001917,A029,2025-01-27,2025-01-27 07:00:00,2025-01-27 16:00:00,540,2025-01-27 11:00:00,2025-01-27 11:30:00,30
S0001918,A029,2025-01-28,2025-01-28 07:00:00,2025-01-28 16:00:00,540,2025-01-28 11:00:00,2025-01-28 11:30:00,30
S0001919,A029,2025-01-29,2025-01-29 07:00:00,2025-01-29 16:00:00,540,2025-01-29 11:00:00,2025-01-29 11:30:00,30
S0001920,A029,2025-01-30,2025-01-30 07:00:00,2025-01-30 16:00:00,540,2025-01-30 11:00:00,2025-01-30 11:30:00,30
S0001921,A029,2025-01-31,2025-01-31 07:00:00,2025-01-31 16:00:00,540,2025-01-31 11:00:00,2025-01-31 11:30:00,30
S0001922,A029,2025-02-03,2025-02-03 07:00:00,2025-02-03 16:00:00,540,2025-02-03 11:00:00,2025-02-03 11:30:00,30
S0001923,A029,2025-02-04,2025-02-04 07:00:00,2025-02-04 16:00:00,540,2025-02-04 11:00:00,2025-02-04 11:30:00,30
S0001924,A029,2025-02-05,2025-02-05 07:00:00,2025-02-05 16:00:00,540,2025-02-05 11:00:00,2025-02-05 11:30:00,30
S0001925,A029,2025-02-07,2025-02-07 07:00:00,2025-02-07 16:00:00,540,2025-02-07 11:00:00,2025-02-07 11:30:00,30
S0001926,A029,2025-02-10,2025-02-10 07:00:00,2025-02-10 16:00:00,540,2025-02-10 11:00:00,2025-02-10 11:30:00,30
S0001927,A029,2025-02-11,2025-02-11 07:00:00,2025-02-11 16:00:00,540,2025-02-11 11:00:00,2025-02-11 11:30:00,30
S0001928,A029,2025-02-12,2025-02-12 07:00:00,2025-02-12 16:00:00,540,2025-02-12 11:00:00,2025-02-12 11:30:00,30
S0001929,A029,2025-02-13,2025-02-13 07:00:00,2025-02-13 16:00:00,540,2025-02-13 11:00:00,2025-02-13 11:30:00,30
S0001930,A029,2025-02-14,2025-02-14 07:00:00,2025-02-14 16:00:00,540,2025-02-14 11:00:00,2025-02-14 11:30:00,30
S0001931,A029,2025-02-16,2025-02-16 07:00:00,2025-02-16 16:00:00,540,2025-02-16 11:00:00,2025-02-16 11:30:00,30
S0001932,A029,2025-02-17,2025-02-17 07:00:00,2025-02-17 16:00:00,540,2025-02-17 11:00:00,2025-02-17 11:30:00,30
S0001933,A029,2025-02-18,2025-02-18 07:00:00,2025-02-18 16:00:00,540,2025-02-18 11:00:00,2025-02-18 11:30:00,30
S0001934,A029,2025-02-19,2025-02-19 07:00:00,2025-02-19 16:00:00,540,2025-02-19 11:00:00,2025-02-19 11:30:00,30
S0001935,A029,2025-02-20,2025-02-20 07:00:00,2025-02-20 16:00:00,540,2025-02-20 11:00:00,2025-02-20 11:30:00,30
S0001936,A029,2025-02-21,2025-02-21 07:00:00,2025-02-21 16:00:00,540,2025-02-21 11:00:00,2025-02-21 11:30:00,30
S0001937,A029,2025-02-24,2025-02-24 07:00:00,2025-02-24 16:00:00,540,2025-02-24 11:00:00,2025-02-24 11:30:00,30
S0001938,A029,2025-02-25,2025-02-25 07:00:00,2025-02-25 16:00:00,540,2025-02-25 11:00:00,2025-02-25 11:30:00,30
S0001939,A029,2025-02-26,2025-02-26 07:00:00,2025-02-26 16:00:00,540,2025-02-26 11:00:00,2025-02-26 11:30:00,30
S0001940,A029,2025-02-27,2025-02-27 07:00:00,2025-02-27 16:00:00,540,2025-02-27 11:00:00,2025-02-27 11:30:00,30
S0001941,A029,2025-02-28,2025-02-28 07:00:00,2025-02-28 16:00:00,540,2025-02-28 11:00:00,2025-02-28 11:30:00,30
S0001942,A029,2025-03-03,2025-03-03 07:00:00,2025-03-03 16:00:00,540,2025-03-03 11:00:00,2025-03-03 11:30:00,30
S0001943,A029,2025-03-05,2025-03-05 07:00:00,2025-03-05 16:00:00,540,2025-03-05 11:00:00,2025-03-05 11:30:00,30
S0001944,A029,2025-03-06,2025-03-06 07:00:00,2025-03-06 16:00:00,540,2025-03-06 11:00:00,2025-03-06 11:30:00,30
S0001945,A029,2025-03-07,2025-03-07 07:00:00,2025-03-07 16:00:00,540,2025-03-07 11:00:00,2025-03-07 11:30:00,30
S0001946,A029,2025-03-10,2025-03-10 07:00:00,2025-03-10 16:00:00,540,2025-03-10 11:00:00,2025-03-10 11:30:00,30
S0001947,A029,2025-03-11,2025-03-11 07:00:00,2025-03-11 16:00:00,540,2025-03-11 11:00:00,2025-03-11 11:30:00,30
S0001948,A029,2025-03-12,2025-03-12 07:00:00,2025-03-12 16:00:00,540,2025-03-12 11:00:00,2025-03-12 11:30:00,30
S0001949,A029,2025-03-13,2025-03-13 07:00:00,2025-03-13 16:00:00,540,2025-03-13 11:00:00,2025-03-13 11:30:00,30
S0001950,A029,2025-03-14,2025-03-14 07:00:00,2025-03-14 16:00:00,540,2025-03-14 11:00:00,2025-03-14 11:30:00,30
S0001951,A029,2025-03-15,2025-03-15 07:00:00,2025-03-15 16:00:00,540,2025-03-15 11:00:00,2025-03-15 11:30:00,30
S0001952,A029,2025-03-17,2025-03-17 07:00:00,2025-03-17 16:00:00,540,2025-03-17 11:00:00,2025-03-17 11:30:00,30
S0001953,A029,2025-03-18,2025-03-18 07:00:00,2025-03-18 16:00:00,540,2025-03-18 11:00:00,2025-03-18 11:30:00,30
S0001954,A029,2025-03-19,2025-03-19 07:00:00,2025-03-19 16:00:00,540,2025-03-19 11:00:00,2025-03-19 11:30:00,30
S0001955,A029,2025-03-20,2025-03-20 07:00:00,2025-03-20 16:00:00,540,2025-03-20 11:00:00,2025-03-20 11:30:00,30
S0001956,A029,2025-03-21,2025-03-21 07:00:00,2025-03-21 16:00:00,540,2025-03-21 11:00:00,2025-03-21 11:30:00,30
S0001957,A029,2025-03-23,2025-03-23 07:00:00,2025-03-23 16:00:00,540,2025-03-23 11:00:00,2025-03-23 11:30:00,30
S0001958,A029,2025-03-24,2025-03-24 07:00:00,2025-03-24 16:00:00,540,2025-03-24 11:00:00,2025-03-24 11:30:00,30
S0001959,A029,2025-03-25,2025-03-25 07:00:00,2025-03-25 16:00:00,540,2025-03-25 11:00:00,2025-03-25 11:30:00,30
S0001960,A029,2025-03-26,2025-03-26 07:00:00,2025-03-26 16:00:00,540,2025-03-26 11:00:00,2025-03-26 11:30:00,30
S0001961,A029,2025-03-27,2025-03-27 07:00:00,2025-03-27 16:00:00,540,2025-03-27 11:00:00,2025-03-27 11:30:00,30
S0001962,A029,2025-03-28,2025-03-28 07:00:00,2025-03-28 16:00:00,540,2025-03-28 11:00:00,2025-03-28 11:30:00,30
S0001963,A029,2025-03-31,2025-03-31 07:00:00,2025-03-31 16:00:00,540,2025-03-31 11:00:00,2025-03-31 11:30:00,30
S0001964,A030,2025-01-01,2025-01-01 07:00:00,2025-01-01 16:00:00,540,2025-01-01 11:00:00,2025-01-01 11:30:00,30
S0001965,A030,2025-01-02,2025-01-02 07:00:00,2025-01-02 16:00:00,540,2025-01-02 11:00:00,2025-01-02 11:30:00,30
S0001966,A030,2025-01-03,2025-01-03 07:00:00,2025-01-03 16:00:00,540,2025-01-03 11:00:00,2025-01-03 11:30:00,30
S0001967,A030,2025-01-06,2025-01-06 07:00:00,2025-01-06 16:00:00,540,2025-01-06 11:00:00,2025-01-06 11:30:00,30
S0001968,A030,2025-01-07,2025-01-07 07:00:00,2025-01-07 16:00:00,540,2025-01-07 11:00:00,2025-01-07 11:30:00,30
S0001969,A030,2025-01-09,2025-01-09 07:00:00,2025-01-09 16:00:00,540,2025-01-09 11:00:00,2025-01-09 11:30:00,30
S0001970,A030,2025-01-10,2025-01-10 07:00:00,2025-01-10 16:00:00,540,2025-01-10 11:00:00,2025-01-10 11:30:00,30
S0001971,A030,2025-01-13,2025-01-13 07:00:00,2025-01-13 16:00:00,540,2025-01-13 11:00:00,2025-01-13 11:30:00,30
S0001972,A030,2025-01-14,2025-01-14 07:00:00,2025-01-14 16:00:00,540,2025-01-14 11:00:00,2025-01-14 11:30:00,30
S0001973,A030,2025-01-16,2025-01-16 07:00:00,2025-01-16 16:00:00,540,2025-01-16 11:00:00,2025-01-16 11:30:00,30
S0001974,A030,2025-01-17,2025-01-17 07:00:00,2025-01-17 16:00:00,540,2025-01-17 11:00:00,2025-01-17 11:30:00,30
S0001975,A030,2025-01-19,2025-01-19 07:00:00,2025-01-19 16:00:00,540,2025-01-19 11:00:00,2025-01-19 11:30:00,30
S0001976,A030,2025-01-20,2025-01-20 07:00:00,2025-01-20 16:00:00,540,2025-01-20 11:00:00,2025-01-20 11:30:00,30
S0001977,A030,2025-01-21,2025-01-21 07:00:00,2025-01-21 16:00:00,540,2025-01-21 11:00:00,2025-01-21 11:30:00,30
S0001978,A030,2025-01-22,2025-01-22 07:00:00,2025-01-22 16:00:00,540,2025-01-22 11:00:00,2025-01-22 11:30:00,30
S0001979,A030,2025-01-23,2025-01-23 07:00:00,2025-01-23 16:00:00,540,2025-01-23 11:00:00,2025-01-23 11:30:00,30
S0001980,A030,2025-01-24,2025-01-24 07:00:00,2025-01-24 16:00:00,540,2025-01-24 11:00:00,2025-01-24 11:30:00,30
S0001981,A030,2025-01-27,2025-01-27 07:00:00,2025-01-27 16:00:00,540,2025-01-27 11:00:00,2025-01-27 11:30:00,30
S0001982,A030,2025-01-28,2025-01-28 07:00:00,2025-01-28 16:00:00,540,2025-01-28 11:00:00,2025-01-28 11:30:00,30
S0001983,A030,2025-01-29,2025-01-29 07:00:00,2025-01-29 16:00:00,540,2025-01-29 11:00:00,2025-01-29 11:30:00,30
S0001984,A030,2025-01-30,2025-01-30 07:00:00,2025-01-30 16:00:00,540,2025-01-30 11:00:00,2025-01-30 11:30:00,30
S0001985,A030,2025-01-31,2025-01-31 07:00:00,2025-01-31 16:00:00,540,2025-01-31 11:00:00,2025-01-31 11:30:00,30
S0001986,A030,2025-02-03,2025-02-03 07:00:00,2025-02-03 16:00:00,540,2025-02-03 11:00:00,2025-02-03 11:30:00,30
S0001987,A030,2025-02-04,2025-02-04 07:00:00,2025-02-04 16:00:00,540,2025-02-04 11:00:00,2025-02-04 11:30:00,30
S0001988,A030,2025-02-05,2025-02-05 07:00:00,2025-02-05 16:00:00,540,2025-02-05 11:00:00,2025-02-05 11:30:00,30
S0001989,A030,2025-02-06,2025-02-06 07:00:00,2025-02-06 16:00:00,540,2025-02-06 11:00:00,2025-02-06 11:30:00,30
S0001990,A030,2025-02-07,2025-02-07 07:00:00,2025-02-07 16:00:00,540,2025-02-07 11:00:00,2025-02-07 11:30:00,30
S0001991,A030,2025-02-10,2025-02-10 07:00:00,2025-02-10 16:00:00,540,2025-02-10 11:00:00,2025-02-10 11:30:00,30
S0001992,A030,2025-02-11,2025-02-11 07:00:00,2025-02-11 16:00:00,540,2025-02-11 11:00:00,2025-02-11 11:30:00,30
S0001993,A030,2025-02-12,2025-02-12 07:00:00,2025-02-12 16:00:00,540,2025-02-12 11:00:00,2025-02-12 11:30:00,30
S0001994,A030,2025-02-13,2025-02-13 07:00:00,2025-02-13 16:00:00,540,2025-02-13 11:00:00,2025-02-13 11:30:00,30
S0001995,A030,2025-02-14,2025-02-14 07:00:00,2025-02-14 16:00:00,540,2025-02-14 11:00:00,2025-02-14 11:30:00,30
S0001996,A030,2025-02-17,2025-02-17 07:00:00,2025-02-17 16:00:00,540,2025-02-17 11:00:00,2025-02-17 11:30:00,30
S0001997,A030,2025-02-18,2025-02-18 07:00:00,2025-02-18 16:00:00,540,2025-02-18 11:00:00,2025-02-18 11:30:00,30
S0001998,A030,2025-02-19,2025-02-19 07:00:00,2025-02-19 16:00:00,540,2025-02-19 11:00:00,2025-02-19 11:30:00,30
S0001999,A030,2025-02-20,2025-02-20 07:00:00,2025-02-20 16:00:00,540,2025-02-20 11:00:00,2025-02-20 11:30:00,30
S0002000,A030,2025-02-22,2025-02-22 07:00:00,2025-02-22 16:00:00,540,2025-02-22 11:00:00,2025-02-22 11:30:00,30
S0002001,A030,2025-02-24,2025-02-24 07:00:00,2025-02-24 16:00:00,540,2025-02-24 11:00:00,2025-02-24 11:30:00,30
S0002002,A030,2025-02-25,2025-02-25 07:00:00,2025-02-25 16:00:00,540,2025-02-25 11:00:00,2025-02-25 11:30:00,30
S0002003,A030,2025-02-26,2025-02-26 07:00:00,2025-02-26 16:00:00,540,2025-02-26 11:00:00,2025-02-26 11:30:00,30
S0002004,A030,2025-02-27,2025-02-27 07:00:00,2025-02-27 16:00:00,540,2025-02-27 11:00:00,2025-02-27 11:30:00,30
S0002005,A030,2025-02-28,2025-02-28 07:00:00,2025-02-28 16:00:00,540,2025-02-28 11:00:00,2025-02-28 11:30:00,30
S0002006,A030,2025-03-03,2025-03-03 07:00:00,2025-03-03 16:00:00,540,2025-03-03 11:00:00,2025-03-03 11:30:00,30
S0002007,A030,2025-03-04,2025-03-04 07:00:00,2025-03-04 16:00:00,540,2025-03-04 11:00:00,2025-03-04 11:30:00,30
S0002008,A030,2025-03-05,2025-03-05 07:00:00,2025-03-05 16:00:00,540,2025-03-05 11:00:00,2025-03-05 11:30:00,30
S0002009,A030,2025-03-06,2025-03-06 07:00:00,2025-03-06 16:00:00,540,2025-03-06 11:00:00,2025-03-06 11:30:00,30
S0002010,A030,2025-03-07,2025-03-07 07:00:00,2025-03-07 16:00:00,540,2025-03-07 11:00:00,2025-03-07 11:30:00,30
S0002011,A030,2025-03-10,2025-03-10 07:00:00,2025-03-10 16:00:00,540,2025-03-10 11:00:00,2025-03-10 11:30:00,30
S0002012,A030,2025-03-11,2025-03-11 07:00:00,2025-03-11 16:00:00,540,2025-03-11 11:00:00,2025-03-11 11:30:00,30
S0002013,A030,2025-03-12,2025-03-12 07:00:00,2025-03-12 16:00:00,540,2025-03-12 11:00:00,2025-03-12 11:30:00,30
S0002014,A030,2025-03-13,2025-03-13 07:00:00,2025-03-13 16:00:00,540,2025-03-13 11:00:00,2025-03-13 11:30:00,30
S0002015,A030,2025-03-14,2025-03-14 07:00:00,2025-03-14 16:00:00,540,2025-03-14 11:00:00,2025-03-14 11:30:00,30
S0002016,A030,2025-03-17,2025-03-17 07:00:00,2025-03-17 16:00:00,540,2025-03-17 11:00:00,2025-03-17 11:30:00,30
S0002017,A030,2025-03-18,2025-03-18 07:00:00,2025-03-18 16:00:00,540,2025-03-18 11:00:00,2025-03-18 11:30:00,30
S0002018,A030,2025-03-19,2025-03-19 07:00:00,2025-03-19 16:00:00,540,2025-03-19 11:00:00,2025-03-19 11:30:00,30
S0002019,A030,2025-03-20,2025-03-20 07:00:00,2025-03-20 16:00:00,540,2025-03-20 11:00:00,2025-03-20 11:30:00,30
S0002020,A030,2025-03-21,2025-03-21 07:00:00,2025-03-21 16:00:00,540,2025-03-21 11:00:00,2025-03-21 11:30:00,30
S0002021,A030,2025-03-24,2025-03-24 07:00:00,2025-03-24 16:00:00,540,2025-03-24 11:00:00,2025-03-24 11:30:00,30
S0002022,A030,2025-03-25,2025-03-25 07:00:00,2025-03-25 16:00:00,540,2025-03-25 11:00:00,2025-03-25 11:30:00,30
S0002023,A030,2025-03-26,2025-03-26 07:00:00,2025-03-26 16:00:00,540,2025-03-26 11:00:00,2025-03-26 11:30:00,30
S0002024,A030,2025-03-27,2025-03-27 07:00:00,2025-03-27 16:00:00,540,2025-03-27 11:00:00,2025-03-27 11:30:00,30
S0002025,A030,2025-03-28,2025-03-28 07:00:00,2025-03-28 16:00:00,540,2025-03-28 11:00:00,2025-03-28 11:30:00,30
S0002026,A030,2025-03-31,2025-03-31 07:00:00,2025-03-31 16:00:00,540,2025-03-31 11:00:00,2025-03-31 11:30:00,30
S0002027,A031,2025-01-01,2025-01-01 10:00:00,2025-01-01 19:00:00,540,2025-01-01 14:00:00,2025-01-01 14:30:00,30
S0002028,A031,2025-01-02,2025-01-02 10:00:00,2025-01-02 19:00:00,540,2025-01-02 14:00:00,2025-01-02 14:30:00,30
S0002029,A031,2025-01-03,2025-01-03 10:00:00,2025-01-03 19:00:00,540,2025-01-03 14:00:00,2025-01-03 14:30:00,30
S0002030,A031,2025-01-06,2025-01-06 10:00:00,2025-01-06 19:00:00,540,2025-01-06 14:00:00,2025-01-06 14:30:00,30
S0002031,A031,2025-01-07,2025-01-07 10:00:00,2025-01-07 19:00:00,540,2025-01-07 14:00:00,2025-01-07 14:30:00,30
S0002032,A031,2025-01-08,2025-01-08 10:00:00,2025-01-08 19:00:00,540,2025-01-08 14:00:00,2025-01-08 14:30:00,30
S0002033,A031,2025-01-09,2025-01-09 10:00:00,2025-01-09 19:00:00,540,2025-01-09 14:00:00,2025-01-09 14:30:00,30
S0002034,A031,2025-01-10,2025-01-10 10:00:00,2025-01-10 19:00:00,540,2025-01-10 14:00:00,2025-01-10 14:30:00,30
S0002035,A031,2025-01-11,2025-01-11 10:00:00,2025-01-11 19:00:00,540,2025-01-11 14:00:00,2025-01-11 14:30:00,30
S0002036,A031,2025-01-13,2025-01-13 10:00:00,2025-01-13 19:00:00,540,2025-01-13 14:00:00,2025-01-13 14:30:00,30
S0002037,A031,2025-01-14,2025-01-14 10:00:00,2025-01-14 19:00:00,540,2025-01-14 14:00:00,2025-01-14 14:30:00,30
S0002038,A031,2025-01-15,2025-01-15 10:00:00,2025-01-15 19:00:00,540,2025-01-15 14:00:00,2025-01-15 14:30:00,30
S0002039,A031,2025-01-16,2025-01-16 10:00:00,2025-01-16 19:00:00,540,2025-01-16 14:00:00,2025-01-16 14:30:00,30
S0002040,A031,2025-01-17,2025-01-17 10:00:00,2025-01-17 19:00:00,540,2025-01-17 14:00:00,2025-01-17 14:30:00,30
S0002041,A031,2025-01-20,2025-01-20 10:00:00,2025-01-20 19:00:00,540,2025-01-20 14:00:00,2025-01-20 14:30:00,30
S0002042,A031,2025-01-21,2025-01-21 10:00:00,2025-01-21 19:00:00,540,2025-01-21 14:00:00,2025-01-21 14:30:00,30
S0002043,A031,2025-01-23,2025-01-23 10:00:00,2025-01-23 19:00:00,540,2025-01-23 14:00:00,2025-01-23 14:30:00,30
S0002044,A031,2025-01-24,2025-01-24 10:00:00,2025-01-24 19:00:00,540,2025-01-24 14:00:00,2025-01-24 14:30:00,30
S0002045,A031,2025-01-27,2025-01-27 10:00:00,2025-01-27 19:00:00,540,2025-01-27 14:00:00,2025-01-27 14:30:00,30
S0002046,A031,2025-01-28,2025-01-28 10:00:00,2025-01-28 19:00:00,540,2025-01-28 14:00:00,2025-01-28 14:30:00,30
S0002047,A031,2025-01-29,2025-01-29 10:00:00,2025-01-29 19:00:00,540,2025-01-29 14:00:00,2025-01-29 14:30:00,30
S0002048,A031,2025-01-30,2025-01-30 10:00:00,2025-01-30 19:00:00,540,2025-01-30 14:00:00,2025-01-30 14:30:00,30
S0002049,A031,2025-01-31,2025-01-31 10:00:00,2025-01-31 19:00:00,540,2025-01-31 14:00:00,2025-01-31 14:30:00,30
S0002050,A031,2025-02-03,2025-02-03 10:00:00,2025-02-03 19:00:00,540,2025-02-03 14:00:00,2025-02-03 14:30:00,30
S0002051,A031,2025-02-04,2025-02-04 10:00:00,2025-02-04 19:00:00,540,2025-02-04 14:00:00,2025-02-04 14:30:00,30
S0002052,A031,2025-02-05,2025-02-05 10:00:00,2025-02-05 19:00:00,540,2025-02-05 14:00:00,2025-02-05 14:30:00,30
S0002053,A031,2025-02-06,2025-02-06 10:00:00,2025-02-06 19:00:00,540,2025-02-06 14:00:00,2025-02-06 14:30:00,30
S0002054,A031,2025-02-07,2025-02-07 10:00:00,2025-02-07 19:00:00,540,2025-02-07 14:00:00,2025-02-07 14:30:00,30
S0002055,A031,2025-02-09,2025-02-09 10:00:00,2025-02-09 19:00:00,540,2025-02-09 14:00:00,2025-02-09 14:30:00,30
S0002056,A031,2025-02-10,2025-02-10 10:00:00,2025-02-10 19:00:00,540,2025-02-10 14:00:00,2025-02-10 14:30:00,30
S0002057,A031,2025-02-11,2025-02-11 10:00:00,2025-02-11 19:00:00,540,2025-02-11 14:00:00,2025-02-11 14:30:00,30
S0002058,A031,2025-02-12,2025-02-12 10:00:00,2025-02-12 19:00:00,540,2025-02-12 14:00:00,2025-02-12 14:30:00,30
S0002059,A031,2025-02-13,2025-02-13 10:00:00,2025-02-13 19:00:00,540,2025-02-13 14:00:00,2025-02-13 14:30:00,30
S0002060,A031,2025-02-14,2025-02-14 10:00:00,2025-02-14 19:00:00,540,2025-02-14 14:00:00,2025-02-14 14:30:00,30
S0002061,A031,2025-02-18,2025-02-18 10:00:00,2025-02-18 19:00:00,540,2025-02-18 14:00:00,2025-02-18 14:30:00,30
S0002062,A031,2025-02-19,2025-02-19 10:00:00,2025-02-19 19:00:00,540,2025-02-19 14:00:00,2025-02-19 14:30:00,30
S0002063,A031,2025-02-20,2025-02-20 10:00:00,2025-02-20 19:00:00,540,2025-02-20 14:00:00,2025-02-20 14:30:00,30
S0002064,A031,2025-02-21,2025-02-21 10:00:00,2025-02-21 19:00:00,540,2025-02-21 14:00:00,2025-02-21 14:30:00,30
S0002065,A031,2025-02-24,2025-02-24 10:00:00,2025-02-24 19:00:00,540,2025-02-24 14:00:00,2025-02-24 14:30:00,30
S0002066,A031,2025-02-25,2025-02-25 10:00:00,2025-02-25 19:00:00,540,2025-02-25 14:00:00,2025-02-25 14:30:00,30
S0002067,A031,2025-02-26,2025-02-26 10:00:00,2025-02-26 19:00:00,540,2025-02-26 14:00:00,2025-02-26 14:30:00,30
S0002068,A031,2025-02-27,2025-02-27 10:00:00,2025-02-27 19:00:00,540,2025-02-27 14:00:00,2025-02-27 14:30:00,30
S0002069,A031,2025-02-28,2025-02-28 10:00:00,2025-02-28 19:00:00,540,2025-02-28 14:00:00,2025-02-28 14:30:00,30
S0002070,A031,2025-03-03,2025-03-03 10:00:00,2025-03-03 19:00:00,540,2025-03-03 14:00:00,2025-03-03 14:30:00,30
S0002071,A031,2025-03-04,2025-03-04 10:00:00,2025-03-04 19:00:00,540,2025-03-04 14:00:00,2025-03-04 14:30:00,30
S0002072,A031,2025-03-05,2025-03-05 10:00:00,2025-03-05 19:00:00,540,2025-03-05 14:00:00,2025-03-05 14:30:00,30
S0002073,A031,2025-03-06,2025-03-06 10:00:00,2025-03-06 19:00:00,540,2025-03-06 14:00:00,2025-03-06 14:30:00,30
S0002074,A031,2025-03-07,2025-03-07 10:00:00,2025-03-07 19:00:00,540,2025-03-07 14:00:00,2025-03-07 14:30:00,30
S0002075,A031,2025-03-10,2025-03-10 10:00:00,2025-03-10 19:00:00,540,2025-03-10 14:00:00,2025-03-10 14:30:00,30
S0002076,A031,2025-03-11,2025-03-11 10:00:00,2025-03-11 19:00:00,540,2025-03-11 14:00:00,2025-03-11 14:30:00,30
S0002077,A031,2025-03-12,2025-03-12 10:00:00,2025-03-12 19:00:00,540,2025-03-12 14:00:00,2025-03-12 14:30:00,30
S0002078,A031,2025-03-13,2025-03-13 10:00:00,2025-03-13 19:00:00,540,2025-03-13 14:00:00,2025-03-13 14:30:00,30
S0002079,A031,2025-03-14,2025-03-14 10:00:00,2025-03-14 19:00:00,540,2025-03-14 14:00:00,2025-03-14 14:30:00,30
S0002080,A031,2025-03-17,2025-03-17 10:00:00,2025-03-17 19:00:00,540,2025-03-17 14:00:00,2025-03-17 14:30:00,30
S0002081,A031,2025-03-18,2025-03-18 10:00:00,2025-03-18 19:00:00,540,2025-03-18 14:00:00,2025-03-18 14:30:00,30
S0002082,A031,2025-03-19,2025-03-19 10:00:00,2025-03-19 19:00:00,540,2025-03-19 14:00:00,2025-03-19 14:30:00,30
S0002083,A031,2025-03-20,2025-03-20 10:00:00,2025-03-20 19:00:00,540,2025-03-20 14:00:00,2025-03-20 14:30:00,30
S0002084,A031,2025-03-21,2025-03-21 10:00:00,2025-03-21 19:00:00,540,2025-03-21 14:00:00,2025-03-21 14:30:00,30
S0002085,A031,2025-03-24,2025-03-24 10:00:00,2025-03-24 19:00:00,540,2025-03-24 14:00:00,2025-03-24 14:30:00,30
S0002086,A031,2025-03-25,2025-03-25 10:00:00,2025-03-25 19:00:00,540,2025-03-25 14:00:00,2025-03-25 14:30:00,30
S0002087,A031,2025-03-26,2025-03-26 10:00:00,2025-03-26 19:00:00,540,2025-03-26 14:00:00,2025-03-26 14:30:00,30
S0002088,A031,2025-03-27,2025-03-27 10:00:00,2025-03-27 19:00:00,540,2025-03-27 14:00:00,2025-03-27 14:30:00,30
S0002089,A031,2025-03-28,2025-03-28 10:00:00,2025-03-28 19:00:00,540,2025-03-28 14:00:00,2025-03-28 14:30:00,30
S0002090,A031,2025-03-30,2025-03-30 10:00:00,2025-03-30 19:00:00,540,2025-03-30 14:00:00,2025-03-30 14:30:00,30
S0002091,A031,2025-03-31,2025-03-31 10:00:00,2025-03-31 19:00:00,540,2025-03-31 14:00:00,2025-03-31 14:30:00,30
S0002092,A032,2025-01-01,2025-01-01 07:00:00,2025-01-01 16:00:00,540,2025-01-01 11:00:00,2025-01-01 11:30:00,30
S0002093,A032,2025-01-02,2025-01-02 07:00:00,2025-01-02 16:00:00,540,2025-01-02 11:00:00,2025-01-02 11:30:00,30
S0002094,A032,2025-01-03,2025-01-03 07:00:00,2025-01-03 16:00:00,540,2025-01-03 11:00:00,2025-01-03 11:30:00,30
S0002095,A032,2025-01-06,2025-01-06 07:00:00,2025-01-06 16:00:00,540,2025-01-06 11:00:00,2025-01-06 11:30:00,30
S0002096,A032,2025-01-07,2025-01-07 07:00:00,2025-01-07 16:00:00,540,2025-01-07 11:00:00,2025-01-07 11:30:00,30
S0002097,A032,2025-01-08,2025-01-08 07:00:00,2025-01-08 16:00:00,540,2025-01-08 11:00:00,2025-01-08 11:30:00,30
S0002098,A032,2025-01-09,2025-01-09 07:00:00,2025-01-09 16:00:00,540,2025-01-09 11:00:00,2025-01-09 11:30:00,30
S0002099,A032,2025-01-10,2025-01-10 07:00:00,2025-01-10 16:00:00,540,2025-01-10 11:00:00,2025-01-10 11:30:00,30
S0002100,A032,2025-01-13,2025-01-13 07:00:00,2025-01-13 16:00:00,540,2025-01-13 11:00:00,2025-01-13 11:30:00,30
S0002101,A032,2025-01-14,2025-01-14 07:00:00,2025-01-14 16:00:00,540,2025-01-14 11:00:00,2025-01-14 11:30:00,30
S0002102,A032,2025-01-15,2025-01-15 07:00:00,2025-01-15 16:00:00,540,2025-01-15 11:00:00,2025-01-15 11:30:00,30
S0002103,A032,2025-01-16,2025-01-16 07:00:00,2025-01-16 16:00:00,540,2025-01-16 11:00:00,2025-01-16 11:30:00,30
S0002104,A032,2025-01-17,2025-01-17 07:00:00,2025-01-17 16:00:00,540,2025-01-17 11:00:00,2025-01-17 11:30:00,30
S0002105,A032,2025-01-20,2025-01-20 07:00:00,2025-01-20 16:00:00,540,2025-01-20 11:00:00,2025-01-20 11:30:00,30
S0002106,A032,2025-01-21,2025-01-21 07:00:00,2025-01-21 16:00:00,540,2025-01-21 11:00:00,2025-01-21 11:30:00,30
S0002107,A032,2025-01-22,2025-01-22 07:00:00,2025-01-22 16:00:00,540,2025-01-22 11:00:00,2025-01-22 11:30:00,30
S0002108,A032,2025-01-23,2025-01-23 07:00:00,2025-01-23 16:00:00,540,2025-01-23 11:00:00,2025-01-23 11:30:00,30
S0002109,A032,2025-01-24,2025-01-24 07:00:00,2025-01-24 16:00:00,540,2025-01-24 11:00:00,2025-01-24 11:30:00,30
S0002110,A032,2025-01-26,2025-01-26 07:00:00,2025-01-26 16:00:00,540,2025-01-26 11:00:00,2025-01-26 11:30:00,30
S0002111,A032,2025-01-27,2025-01-27 07:00:00,2025-01-27 16:00:00,540,2025-01-27 11:00:00,2025-01-27 11:30:00,30
S0002112,A032,2025-01-28,2025-01-28 07:00:00,2025-01-28 16:00:00,540,2025-01-28 11:00:00,2025-01-28 11:30:00,30
S0002113,A032,2025-01-29,2025-01-29 07:00:00,2025-01-29 16:00:00,540,2025-01-29 11:00:00,2025-01-29 11:30:00,30
S0002114,A032,2025-01-30,2025-01-30 07:00:00,2025-01-30 16:00:00,540,2025-01-30 11:00:00,2025-01-30 11:30:00,30
S0002115,A032,2025-01-31,2025-01-31 07:00:00,2025-01-31 16:00:00,540,2025-01-31 11:00:00,2025-01-31 11:30:00,30
S0002116,A032,2025-02-01,2025-02-01 07:00:00,2025-02-01 16:00:00,540,2025-02-01 11:00:00,2025-02-01 11:30:00,30
S0002117,A032,2025-02-04,2025-02-04 07:00:00,2025-02-04 16:00:00,540,2025-02-04 11:00:00,2025-02-04 11:30:00,30
S0002118,A032,2025-02-05,2025-02-05 07:00:00,2025-02-05 16:00:00,540,2025-02-05 11:00:00,2025-02-05 11:30:00,30
S0002119,A032,2025-02-06,2025-02-06 07:00:00,2025-02-06 16:00:00,540,2025-02-06 11:00:00,2025-02-06 11:30:00,30
S0002120,A032,2025-02-07,2025-02-07 07:00:00,2025-02-07 16:00:00,540,2025-02-07 11:00:00,2025-02-07 11:30:00,30
S0002121,A032,2025-02-10,2025-02-10 07:00:00,2025-02-10 16:00:00,540,2025-02-10 11:00:00,2025-02-10 11:30:00,30
S0002122,A032,2025-02-11,2025-02-11 07:00:00,2025-02-11 16:00:00,540,2025-02-11 11:00:00,2025-02-11 11:30:00,30
S0002123,A032,2025-02-12,2025-02-12 07:00:00,2025-02-12 16:00:00,540,2025-02-12 11:00:00,2025-02-12 11:30:00,30
S0002124,A032,2025-02-13,2025-02-13 07:00:00,2025-02-13 16:00:00,540,2025-02-13 11:00:00,2025-02-13 11:30:00,30
S0002125,A032,2025-02-14,2025-02-14 07:00:00,2025-02-14 16:00:00,540,2025-02-14 11:00:00,2025-02-14 11:30:00,30
S0002126,A032,2025-02-17,2025-02-17 07:00:00,2025-02-17 16:00:00,540,2025-02-17 11:00:00,2025-02-17 11:30:00,30
S0002127,A032,2025-02-18,2025-02-18 07:00:00,2025-02-18 16:00:00,540,2025-02-18 11:00:00,2025-02-18 11:30:00,30
S0002128,A032,2025-02-19,2025-02-19 07:00:00,2025-02-19 16:00:00,540,2025-02-19 11:00:00,2025-02-19 11:30:00,30
S0002129,A032,2025-02-20,2025-02-20 07:00:00,2025-02-20 16:00:00,540,2025-02-20 11:00:00,2025-02-20 11:30:00,30
S0002130,A032,2025-02-21,2025-02-21 07:00:00,2025-02-21 16:00:00,540,2025-02-21 11:00:00,2025-02-21 11:30:00,30
S0002131,A032,2025-02-24,2025-02-24 07:00:00,2025-02-24 16:00:00,540,2025-02-24 11:00:00,2025-02-24 11:30:00,30
S0002132,A032,2025-02-25,2025-02-25 07:00:00,2025-02-25 16:00:00,540,2025-02-25 11:00:00,2025-02-25 11:30:00,30
S0002133,A032,2025-02-26,2025-02-26 07:00:00,2025-02-26 16:00:00,540,2025-02-26 11:00:00,2025-02-26 11:30:00,30
S0002134,A032,2025-02-27,2025-02-27 07:00:00,2025-02-27 16:00:00,540,2025-02-27 11:00:00,2025-02-27 11:30:00,30
S0002135,A032,2025-02-28,2025-02-28 07:00:00,2025-02-28 16:00:00,540,2025-02-28 11:00:00,2025-02-28 11:30:00,30
S0002136,A032,2025-03-03,2025-03-03 07:00:00,2025-03-03 16:00:00,540,2025-03-03 11:00:00,2025-03-03 11:30:00,30
S0002137,A032,2025-03-04,2025-03-04 07:00:00,2025-03-04 16:00:00,540,2025-03-04 11:00:00,2025-03-04 11:30:00,30
S0002138,A032,2025-03-05,2025-03-05 07:00:00,2025-03-05 16:00:00,540,2025-03-05 11:00:00,2025-03-05 11:30:00,30
S0002139,A032,2025-03-06,2025-03-06 07:00:00,2025-03-06 16:00:00,540,2025-03-06 11:00:00,2025-03-06 11:30:00,30
S0002140,A032,2025-03-07,2025-03-07 07:00:00,2025-03-07 16:00:00,540,2025-03-07 11:00:00,2025-03-07 11:30:00,30
S0002141,A032,2025-03-08,2025-03-08 07:00:00,2025-03-08 16:00:00,540,2025-03-08 11:00:00,2025-03-08 11:30:00,30
S0002142,A032,2025-03-10,2025-03-10 07:00:00,2025-03-10 16:00:00,540,2025-03-10 11:00:00,2025-03-10 11:30:00,30
S0002143,A032,2025-03-11,2025-03-11 07:00:00,2025-03-11 16:00:00,540,2025-03-11 11:00:00,2025-03-11 11:30:00,30
S0002144,A032,2025-03-12,2025-03-12 07:00:00,2025-03-12 16:00:00,540,2025-03-12 11:00:00,2025-03-12 11:30:00,30
S0002145,A032,2025-03-13,2025-03-13 07:00:00,2025-03-13 16:00:00,540,2025-03-13 11:00:00,2025-03-13 11:30:00,30
S0002146,A032,2025-03-14,2025-03-14 07:00:00,2025-03-14 16:00:00,540,2025-03-14 11:00:00,2025-03-14 11:30:00,30
S0002147,A032,2025-03-15,2025-03-15 07:00:00,2025-03-15 16:00:00,540,2025-03-15 11:00:00,2025-03-15 11:30:00,30
S0002148,A032,2025-03-17,2025-03-17 07:00:00,2025-03-17 16:00:00,540,2025-03-17 11:00:00,2025-03-17 11:30:00,30
S0002149,A032,2025-03-18,2025-03-18 07:00:00,2025-03-18 16:00:00,540,2025-03-18 11:00:00,2025-03-18 11:30:00,30
S0002150,A032,2025-03-19,2025-03-19 07:00:00,2025-03-19 16:00:00,540,2025-03-19 11:00:00,2025-03-19 11:30:00,30
S0002151,A032,2025-03-20,2025-03-20 07:00:00,2025-03-20 16:00:00,540,2025-03-20 11:00:00,2025-03-20 11:30:00,30
S0002152,A032,2025-03-21,2025-03-21 07:00:00,2025-03-21 16:00:00,540,2025-03-21 11:00:00,2025-03-21 11:30:00,30
S0002153,A032,2025-03-24,2025-03-24 07:00:00,2025-03-24 16:00:00,540,2025-03-24 11:00:00,2025-03-24 11:30:00,30
S0002154,A032,2025-03-25,2025-03-25 07:00:00,2025-03-25 16:00:00,540,2025-03-25 11:00:00,2025-03-25 11:30:00,30
S0002155,A032,2025-03-26,2025-03-26 07:00:00,2025-03-26 16:00:00,540,2025-03-26 11:00:00,2025-03-26 11:30:00,30
S0002156,A032,2025-03-27,2025-03-27 07:00:00,2025-03-27 16:00:00,540,2025-03-27 11:00:00,2025-03-27 11:30:00,30
S0002157,A032,2025-03-28,2025-03-28 07:00:00,2025-03-28 16:00:00,540,2025-03-28 11:00:00,2025-03-28 11:30:00,30
S0002158,A032,2025-03-31,2025-03-31 07:00:00,2025-03-31 16:00:00,540,2025-03-31 11:00:00,2025-03-31 11:30:00,30
S0002159,A033,2025-01-01,2025-01-01 09:00:00,2025-01-01 18:00:00,540,2025-01-01 13:00:00,2025-01-01 13:30:00,30
S0002160,A033,2025-01-02,2025-01-02 09:00:00,2025-01-02 18:00:00,540,2025-01-02 13:00:00,2025-01-02 13:30:00,30
S0002161,A033,2025-01-03,2025-01-03 09:00:00,2025-01-03 18:00:00,540,2025-01-03 13:00:00,2025-01-03 13:30:00,30
S0002162,A033,2025-01-06,2025-01-06 09:00:00,2025-01-06 18:00:00,540,2025-01-06 13:00:00,2025-01-06 13:30:00,30
S0002163,A033,2025-01-07,2025-01-07 09:00:00,2025-01-07 18:00:00,540,2025-01-07 13:00:00,2025-01-07 13:30:00,30
S0002164,A033,2025-01-08,2025-01-08 09:00:00,2025-01-08 18:00:00,540,2025-01-08 13:00:00,2025-01-08 13:30:00,30
S0002165,A033,2025-01-09,2025-01-09 09:00:00,2025-01-09 18:00:00,540,2025-01-09 13:00:00,2025-01-09 13:30:00,30
S0002166,A033,2025-01-10,2025-01-10 09:00:00,2025-01-10 18:00:00,540,2025-01-10 13:00:00,2025-01-10 13:30:00,30
S0002167,A033,2025-01-11,2025-01-11 09:00:00,2025-01-11 18:00:00,540,2025-01-11 13:00:00,2025-01-11 13:30:00,30
S0002168,A033,2025-01-13,2025-01-13 09:00:00,2025-01-13 18:00:00,540,2025-01-13 13:00:00,2025-01-13 13:30:00,30
S0002169,A033,2025-01-14,2025-01-14 09:00:00,2025-01-14 18:00:00,540,2025-01-14 13:00:00,2025-01-14 13:30:00,30
S0002170,A033,2025-01-15,2025-01-15 09:00:00,2025-01-15 18:00:00,540,2025-01-15 13:00:00,2025-01-15 13:30:00,30
S0002171,A033,2025-01-16,2025-01-16 09:00:00,2025-01-16 18:00:00,540,2025-01-16 13:00:00,2025-01-16 13:30:00,30
S0002172,A033,2025-01-17,2025-01-17 09:00:00,2025-01-17 18:00:00,540,2025-01-17 13:00:00,2025-01-17 13:30:00,30
S0002173,A033,2025-01-20,2025-01-20 09:00:00,2025-01-20 18:00:00,540,2025-01-20 13:00:00,2025-01-20 13:30:00,30
S0002174,A033,2025-01-21,2025-01-21 09:00:00,2025-01-21 18:00:00,540,2025-01-21 13:00:00,2025-01-21 13:30:00,30
S0002175,A033,2025-01-22,2025-01-22 09:00:00,2025-01-22 18:00:00,540,2025-01-22 13:00:00,2025-01-22 13:30:00,30
S0002176,A033,2025-01-23,2025-01-23 09:00:00,2025-01-23 18:00:00,540,2025-01-23 13:00:00,2025-01-23 13:30:00,30
S0002177,A033,2025-01-24,2025-01-24 09:00:00,2025-01-24 18:00:00,540,2025-01-24 13:00:00,2025-01-24 13:30:00,30
S0002178,A033,2025-01-26,2025-01-26 09:00:00,2025-01-26 18:00:00,540,2025-01-26 13:00:00,2025-01-26 13:30:00,30
S0002179,A033,2025-01-27,2025-01-27 09:00:00,2025-01-27 18:00:00,540,2025-01-27 13:00:00,2025-01-27 13:30:00,30
S0002180,A033,2025-01-28,2025-01-28 09:00:00,2025-01-28 18:00:00,540,2025-01-28 13:00:00,2025-01-28 13:30:00,30
S0002181,A033,2025-01-29,2025-01-29 09:00:00,2025-01-29 18:00:00,540,2025-01-29 13:00:00,2025-01-29 13:30:00,30
S0002182,A033,2025-01-30,2025-01-30 09:00:00,2025-01-30 18:00:00,540,2025-01-30 13:00:00,2025-01-30 13:30:00,30
S0002183,A033,2025-01-31,2025-01-31 09:00:00,2025-01-31 18:00:00,540,2025-01-31 13:00:00,2025-01-31 13:30:00,30
S0002184,A033,2025-02-02,2025-02-02 09:00:00,2025-02-02 18:00:00,540,2025-02-02 13:00:00,2025-02-02 13:30:00,30
S0002185,A033,2025-02-03,2025-02-03 09:00:00,2025-02-03 18:00:00,540,2025-02-03 13:00:00,2025-02-03 13:30:00,30
S0002186,A033,2025-02-04,2025-02-04 09:00:00,2025-02-04 18:00:00,540,2025-02-04 13:00:00,2025-02-04 13:30:00,30
S0002187,A033,2025-02-05,2025-02-05 09:00:00,2025-02-05 18:00:00,540,2025-02-05 13:00:00,2025-02-05 13:30:00,30
S0002188,A033,2025-02-06,2025-02-06 09:00:00,2025-02-06 18:00:00,540,2025-02-06 13:00:00,2025-02-06 13:30:00,30
S0002189,A033,2025-02-07,2025-02-07 09:00:00,2025-02-07 18:00:00,540,2025-02-07 13:00:00,2025-02-07 13:30:00,30
S0002190,A033,2025-02-10,2025-02-10 09:00:00,2025-02-10 18:00:00,540,2025-02-10 13:00:00,2025-02-10 13:30:00,30
S0002191,A033,2025-02-11,2025-02-11 09:00:00,2025-02-11 18:00:00,540,2025-02-11 13:00:00,2025-02-11 13:30:00,30
S0002192,A033,2025-02-12,2025-02-12 09:00:00,2025-02-12 18:00:00,540,2025-02-12 13:00:00,2025-02-12 13:30:00,30
S0002193,A033,2025-02-13,2025-02-13 09:00:00,2025-02-13 18:00:00,540,2025-02-13 13:00:00,2025-02-13 13:30:00,30
S0002194,A033,2025-02-14,2025-02-14 09:00:00,2025-02-14 18:00:00,540,2025-02-14 13:00:00,2025-02-14 13:30:00,30
S0002195,A033,2025-02-17,2025-02-17 09:00:00,2025-02-17 18:00:00,540,2025-02-17 13:00:00,2025-02-17 13:30:00,30
S0002196,A033,2025-02-18,2025-02-18 09:00:00,2025-02-18 18:00:00,540,2025-02-18 13:00:00,2025-02-18 13:30:00,30
S0002197,A033,2025-02-19,2025-02-19 09:00:00,2025-02-19 18:00:00,540,2025-02-19 13:00:00,2025-02-19 13:30:00,30
S0002198,A033,2025-02-20,2025-02-20 09:00:00,2025-02-20 18:00:00,540,2025-02-20 13:00:00,2025-02-20 13:30:00,30
S0002199,A033,2025-02-21,2025-02-21 09:00:00,2025-02-21 18:00:00,540,2025-02-21 13:00:00,2025-02-21 13:30:00,30
S0002200,A033,2025-02-24,2025-02-24 09:00:00,2025-02-24 18:00:00,540,2025-02-24 13:00:00,2025-02-24 13:30:00,30
S0002201,A033,2025-02-25,2025-02-25 09:00:00,2025-02-25 18:00:00,540,2025-02-25 13:00:00,2025-02-25 13:30:00,30
S0002202,A033,2025-02-26,2025-02-26 09:00:00,2025-02-26 18:00:00,540,2025-02-26 13:00:00,2025-02-26 13:30:00,30
S0002203,A033,2025-02-28,2025-02-28 09:00:00,2025-02-28 18:00:00,540,2025-02-28 13:00:00,2025-02-28 13:30:00,30
S0002204,A033,2025-03-03,2025-03-03 09:00:00,2025-03-03 18:00:00,540,2025-03-03 13:00:00,2025-03-03 13:30:00,30
S0002205,A033,2025-03-04,2025-03-04 09:00:00,2025-03-04 18:00:00,540,2025-03-04 13:00:00,2025-03-04 13:30:00,30
S0002206,A033,2025-03-05,2025-03-05 09:00:00,2025-03-05 18:00:00,540,2025-03-05 13:00:00,2025-03-05 13:30:00,30
S0002207,A033,2025-03-06,2025-03-06 09:00:00,2025-03-06 18:00:00,540,2025-03-06 13:00:00,2025-03-06 13:30:00,30
S0002208,A033,2025-03-07,2025-03-07 09:00:00,2025-03-07 18:00:00,540,2025-03-07 13:00:00,2025-03-07 13:30:00,30
S0002209,A033,2025-03-08,2025-03-08 09:00:00,2025-03-08 18:00:00,540,2025-03-08 13:00:00,2025-03-08 13:30:00,30
S0002210,A033,2025-03-12,2025-03-12 09:00:00,2025-03-12 18:00:00,540,2025-03-12 13:00:00,2025-03-12 13:30:00,30
S0002211,A033,2025-03-13,2025-03-13 09:00:00,2025-03-13 18:00:00,540,2025-03-13 13:00:00,2025-03-13 13:30:00,30
S0002212,A033,2025-03-14,2025-03-14 09:00:00,2025-03-14 18:00:00,540,2025-03-14 13:00:00,2025-03-14 13:30:00,30
S0002213,A033,2025-03-15,2025-03-15 09:00:00,2025-03-15 18:00:00,540,2025-03-15 13:00:00,2025-03-15 13:30:00,30
S0002214,A033,2025-03-16,2025-03-16 09:00:00,2025-03-16 18:00:00,540,2025-03-16 13:00:00,2025-03-16 13:30:00,30
S0002215,A033,2025-03-17,2025-03-17 09:00:00,2025-03-17 18:00:00,540,2025-03-17 13:00:00,2025-03-17 13:30:00,30
S0002216,A033,2025-03-18,2025-03-18 09:00:00,2025-03-18 18:00:00,540,2025-03-18 13:00:00,2025-03-18 13:30:00,30
S0002217,A033,2025-03-19,2025-03-19 09:00:00,2025-03-19 18:00:00,540,2025-03-19 13:00:00,2025-03-19 13:30:00,30
S0002218,A033,2025-03-20,2025-03-20 09:00:00,2025-03-20 18:00:00,540,2025-03-20 13:00:00,2025-03-20 13:30:00,30
S0002219,A033,2025-03-21,2025-03-21 09:00:00,2025-03-21 18:00:00,540,2025-03-21 13:00:00,2025-03-21 13:30:00,30
S0002220,A033,2025-03-24,2025-03-24 09:00:00,2025-03-24 18:00:00,540,2025-03-24 13:00:00,2025-03-24 13:30:00,30
S0002221,A033,2025-03-25,2025-03-25 09:00:00,2025-03-25 18:00:00,540,2025-03-25 13:00:00,2025-03-25 13:30:00,30
S0002222,A033,2025-03-26,2025-03-26 09:00:00,2025-03-26 18:00:00,540,2025-03-26 13:00:00,2025-03-26 13:30:00,30
S0002223,A033,2025-03-27,2025-03-27 09:00:00,2025-03-27 18:00:00,540,2025-03-27 13:00:00,2025-03-27 13:30:00,30
S0002224,A033,2025-03-28,2025-03-28 09:00:00,2025-03-28 18:00:00,540,2025-03-28 13:00:00,2025-03-28 13:30:00,30
S0002225,A033,2025-03-31,2025-03-31 09:00:00,2025-03-31 18:00:00,540,2025-03-31 13:00:00,2025-03-31 13:30:00,30
S0002226,A034,2025-01-01,2025-01-01 09:00:00,2025-01-01 18:00:00,540,2025-01-01 13:00:00,2025-01-01 13:30:00,30
S0002227,A034,2025-01-02,2025-01-02 09:00:00,2025-01-02 18:00:00,540,2025-01-02 13:00:00,2025-01-02 13:30:00,30
S0002228,A034,2025-01-03,2025-01-03 09:00:00,2025-01-03 18:00:00,540,2025-01-03 13:00:00,2025-01-03 13:30:00,30
S0002229,A034,2025-01-06,2025-01-06 09:00:00,2025-01-06 18:00:00,540,2025-01-06 13:00:00,2025-01-06 13:30:00,30
S0002230,A034,2025-01-07,2025-01-07 09:00:00,2025-01-07 18:00:00,540,2025-01-07 13:00:00,2025-01-07 13:30:00,30
S0002231,A034,2025-01-08,2025-01-08 09:00:00,2025-01-08 18:00:00,540,2025-01-08 13:00:00,2025-01-08 13:30:00,30
S0002232,A034,2025-01-09,2025-01-09 09:00:00,2025-01-09 18:00:00,540,2025-01-09 13:00:00,2025-01-09 13:30:00,30
S0002233,A034,2025-01-10,2025-01-10 09:00:00,2025-01-10 18:00:00,540,2025-01-10 13:00:00,2025-01-10 13:30:00,30
S0002234,A034,2025-01-12,2025-01-12 09:00:00,2025-01-12 18:00:00,540,2025-01-12 13:00:00,2025-01-12 13:30:00,30
S0002235,A034,2025-01-13,2025-01-13 09:00:00,2025-01-13 18:00:00,540,2025-01-13 13:00:00,2025-01-13 13:30:00,30
S0002236,A034,2025-01-14,2025-01-14 09:00:00,2025-01-14 18:00:00,540,2025-01-14 13:00:00,2025-01-14 13:30:00,30
S0002237,A034,2025-01-15,2025-01-15 09:00:00,2025-01-15 18:00:00,540,2025-01-15 13:00:00,2025-01-15 13:30:00,30
S0002238,A034,2025-01-16,2025-01-16 09:00:00,2025-01-16 18:00:00,540,2025-01-16 13:00:00,2025-01-16 13:30:00,30
S0002239,A034,2025-01-17,2025-01-17 09:00:00,2025-01-17 18:00:00,540,2025-01-17 13:00:00,2025-01-17 13:30:00,30
S0002240,A034,2025-01-20,2025-01-20 09:00:00,2025-01-20 18:00:00,540,2025-01-20 13:00:00,2025-01-20 13:30:00,30
S0002241,A034,2025-01-21,2025-01-21 09:00:00,2025-01-21 18:00:00,540,2025-01-21 13:00:00,2025-01-21 13:30:00,30
S0002242,A034,2025-01-22,2025-01-22 09:00:00,2025-01-22 18:00:00,540,2025-01-22 13:00:00,2025-01-22 13:30:00,30
S0002243,A034,2025-01-23,2025-01-23 09:00:00,2025-01-23 18:00:00,540,2025-01-23 13:00:00,2025-01-23 13:30:00,30
S0002244,A034,2025-01-24,2025-01-24 09:00:00,2025-01-24 18:00:00,540,2025-01-24 13:00:00,2025-01-24 13:30:00,30
S0002245,A034,2025-01-27,2025-01-27 09:00:00,2025-01-27 18:00:00,540,2025-01-27 13:00:00,2025-01-27 13:30:00,30
S0002246,A034,2025-01-28,2025-01-28 09:00:00,2025-01-28 18:00:00,540,2025-01-28 13:00:00,2025-01-28 13:30:00,30
S0002247,A034,2025-01-30,2025-01-30 09:00:00,2025-01-30 18:00:00,540,2025-01-30 13:00:00,2025-01-30 13:30:00,30
S0002248,A034,2025-01-31,2025-01-31 09:00:00,2025-01-31 18:00:00,540,2025-01-31 13:00:00,2025-01-31 13:30:00,30
S0002249,A034,2025-02-03,2025-02-03 09:00:00,2025-02-03 18:00:00,540,2025-02-03 13:00:00,2025-02-03 13:30:00,30
S0002250,A034,2025-02-04,2025-02-04 09:00:00,2025-02-04 18:00:00,540,2025-02-04 13:00:00,2025-02-04 13:30:00,30
S0002251,A034,2025-02-05,2025-02-05 09:00:00,2025-02-05 18:00:00,540,2025-02-05 13:00:00,2025-02-05 13:30:00,30
S0002252,A034,2025-02-06,2025-02-06 09:00:00,2025-02-06 18:00:00,540,2025-02-06 13:00:00,2025-02-06 13:30:00,30
S0002253,A034,2025-02-07,2025-02-07 09:00:00,2025-02-07 18:00:00,540,2025-02-07 13:00:00,2025-02-07 13:30:00,30
S0002254,A034,2025-02-10,2025-02-10 09:00:00,2025-02-10 18:00:00,540,2025-02-10 13:00:00,2025-02-10 13:30:00,30
S0002255,A034,2025-02-11,2025-02-11 09:00:00,2025-02-11 18:00:00,540,2025-02-11 13:00:00,2025-02-11 13:30:00,30
S0002256,A034,2025-02-12,2025-02-12 09:00:00,2025-02-12 18:00:00,540,2025-02-12 13:00:00,2025-02-12 13:30:00,30
S0002257,A034,2025-02-13,2025-02-13 09:00:00,2025-02-13 18:00:00,540,2025-02-13 13:00:00,2025-02-13 13:30:00,30
S0002258,A034,2025-02-14,2025-02-14 09:00:00,2025-02-14 18:00:00,540,2025-02-14 13:00:00,2025-02-14 13:30:00,30
S0002259,A034,2025-02-15,2025-02-15 09:00:00,2025-02-15 18:00:00,540,2025-02-15 13:00:00,2025-02-15 13:30:00,30
S0002260,A034,2025-02-17,2025-02-17 09:00:00,2025-02-17 18:00:00,540,2025-02-17 13:00:00,2025-02-17 13:30:00,30
S0002261,A034,2025-02-18,2025-02-18 09:00:00,2025-02-18 18:00:00,540,2025-02-18 13:00:00,2025-02-18 13:30:00,30
S0002262,A034,2025-02-19,2025-02-19 09:00:00,2025-02-19 18:00:00,540,2025-02-19 13:00:00,2025-02-19 13:30:00,30
S0002263,A034,2025-02-20,2025-02-20 09:00:00,2025-02-20 18:00:00,540,2025-02-20 13:00:00,2025-02-20 13:30:00,30
S0002264,A034,2025-02-21,2025-02-21 09:00:00,2025-02-21 18:00:00,540,2025-02-21 13:00:00,2025-02-21 13:30:00,30
S0002265,A034,2025-02-24,2025-02-24 09:00:00,2025-02-24 18:00:00,540,2025-02-24 13:00:00,2025-02-24 13:30:00,30
S0002266,A034,2025-02-25,2025-02-25 09:00:00,2025-02-25 18:00:00,540,2025-02-25 13:00:00,2025-02-25 13:30:00,30
S0002267,A034,2025-02-26,2025-02-26 09:00:00,2025-02-26 18:00:00,540,2025-02-26 13:00:00,2025-02-26 13:30:00,30
S0002268,A034,2025-02-27,2025-02-27 09:00:00,2025-02-27 18:00:00,540,2025-02-27 13:00:00,2025-02-27 13:30:00,30
S0002269,A034,2025-02-28,2025-02-28 09:00:00,2025-02-28 18:00:00,540,2025-02-28 13:00:00,2025-02-28 13:30:00,30
S0002270,A034,2025-03-03,2025-03-03 09:00:00,2025-03-03 18:00:00,540,2025-03-03 13:00:00,2025-03-03 13:30:00,30
S0002271,A034,2025-03-04,2025-03-04 09:00:00,2025-03-04 18:00:00,540,2025-03-04 13:00:00,2025-03-04 13:30:00,30
S0002272,A034,2025-03-05,2025-03-05 09:00:00,2025-03-05 18:00:00,540,2025-03-05 13:00:00,2025-03-05 13:30:00,30
S0002273,A034,2025-03-06,2025-03-06 09:00:00,2025-03-06 18:00:00,540,2025-03-06 13:00:00,2025-03-06 13:30:00,30
S0002274,A034,2025-03-07,2025-03-07 09:00:00,2025-03-07 18:00:00,540,2025-03-07 13:00:00,2025-03-07 13:30:00,30
S0002275,A034,2025-03-10,2025-03-10 09:00:00,2025-03-10 18:00:00,540,2025-03-10 13:00:00,2025-03-10 13:30:00,30
S0002276,A034,2025-03-11,2025-03-11 09:00:00,2025-03-11 18:00:00,540,2025-03-11 13:00:00,2025-03-11 13:30:00,30
S0002277,A034,2025-03-12,2025-03-12 09:00:00,2025-03-12 18:00:00,540,2025-03-12 13:00:00,2025-03-12 13:30:00,30
S0002278,A034,2025-03-13,2025-03-13 09:00:00,2025-03-13 18:00:00,540,2025-03-13 13:00:00,2025-03-13 13:30:00,30
S0002279,A034,2025-03-14,2025-03-14 09:00:00,2025-03-14 18:00:00,540,2025-03-14 13:00:00,2025-03-14 13:30:00,30
S0002280,A034,2025-03-17,2025-03-17 09:00:00,2025-03-17 18:00:00,540,2025-03-17 13:00:00,2025-03-17 13:30:00,30
S0002281,A034,2025-03-18,2025-03-18 09:00:00,2025-03-18 18:00:00,540,2025-03-18 13:00:00,2025-03-18 13:30:00,30
S0002282,A034,2025-03-19,2025-03-19 09:00:00,2025-03-19 18:00:00,540,2025-03-19 13:00:00,2025-03-19 13:30:00,30
S0002283,A034,2025-03-20,2025-03-20 09:00:00,2025-03-20 18:00:00,540,2025-03-20 13:00:00,2025-03-20 13:30:00,30
S0002284,A034,2025-03-21,2025-03-21 09:00:00,2025-03-21 18:00:00,540,2025-03-21 13:00:00,2025-03-21 13:30:00,30
S0002285,A034,2025-03-24,2025-03-24 09:00:00,2025-03-24 18:00:00,540,2025-03-24 13:00:00,2025-03-24 13:30:00,30
S0002286,A034,2025-03-25,2025-03-25 09:00:00,2025-03-25 18:00:00,540,2025-03-25 13:00:00,2025-03-25 13:30:00,30
S0002287,A034,2025-03-26,2025-03-26 09:00:00,2025-03-26 18:00:00,540,2025-03-26 13:00:00,2025-03-26 13:30:00,30
S0002288,A034,2025-03-28,2025-03-28 09:00:00,2025-03-28 18:00:00,540,2025-03-28 13:00:00,2025-03-28 13:30:00,30
S0002289,A034,2025-03-31,2025-03-31 09:00:00,2025-03-31 18:00:00,540,2025-03-31 13:00:00,2025-03-31 13:30:00,30
S0002290,A035,2025-01-02,2025-01-02 09:00:00,2025-01-02 18:00:00,540,2025-01-02 13:00:00,2025-01-02 13:30:00,30
S0002291,A035,2025-01-03,2025-01-03 09:00:00,2025-01-03 18:00:00,540,2025-01-03 13:00:00,2025-01-03 13:30:00,30
S0002292,A035,2025-01-06,2025-01-06 09:00:00,2025-01-06 18:00:00,540,2025-01-06 13:00:00,2025-01-06 13:30:00,30
S0002293,A035,2025-01-07,2025-01-07 09:00:00,2025-01-07 18:00:00,540,2025-01-07 13:00:00,2025-01-07 13:30:00,30
S0002294,A035,2025-01-08,2025-01-08 09:00:00,2025-01-08 18:00:00,540,2025-01-08 13:00:00,2025-01-08 13:30:00,30
S0002295,A035,2025-01-09,2025-01-09 09:00:00,2025-01-09 18:00:00,540,2025-01-09 13:00:00,2025-01-09 13:30:00,30
S0002296,A035,2025-01-10,2025-01-10 09:00:00,2025-01-10 18:00:00,540,2025-01-10 13:00:00,2025-01-10 13:30:00,30
S0002297,A035,2025-01-13,2025-01-13 09:00:00,2025-01-13 18:00:00,540,2025-01-13 13:00:00,2025-01-13 13:30:00,30
S0002298,A035,2025-01-14,2025-01-14 09:00:00,2025-01-14 18:00:00,540,2025-01-14 13:00:00,2025-01-14 13:30:00,30
S0002299,A035,2025-01-15,2025-01-15 09:00:00,2025-01-15 18:00:00,540,2025-01-15 13:00:00,2025-01-15 13:30:00,30
S0002300,A035,2025-01-16,2025-01-16 09:00:00,2025-01-16 18:00:00,540,2025-01-16 13:00:00,2025-01-16 13:30:00,30
S0002301,A035,2025-01-17,2025-01-17 09:00:00,2025-01-17 18:00:00,540,2025-01-17 13:00:00,2025-01-17 13:30:00,30
S0002302,A035,2025-01-20,2025-01-20 09:00:00,2025-01-20 18:00:00,540,2025-01-20 13:00:00,2025-01-20 13:30:00,30
S0002303,A035,2025-01-21,2025-01-21 09:00:00,2025-01-21 18:00:00,540,2025-01-21 13:00:00,2025-01-21 13:30:00,30
S0002304,A035,2025-01-23,2025-01-23 09:00:00,2025-01-23 18:00:00,540,2025-01-23 13:00:00,2025-01-23 13:30:00,30
S0002305,A035,2025-01-24,2025-01-24 09:00:00,2025-01-24 18:00:00,540,2025-01-24 13:00:00,2025-01-24 13:30:00,30
S0002306,A035,2025-01-27,2025-01-27 09:00:00,2025-01-27 18:00:00,540,2025-01-27 13:00:00,2025-01-27 13:30:00,30
S0002307,A035,2025-01-28,2025-01-28 09:00:00,2025-01-28 18:00:00,540,2025-01-28 13:00:00,2025-01-28 13:30:00,30
S0002308,A035,2025-01-29,2025-01-29 09:00:00,2025-01-29 18:00:00,540,2025-01-29 13:00:00,2025-01-29 13:30:00,30
S0002309,A035,2025-01-30,2025-01-30 09:00:00,2025-01-30 18:00:00,540,2025-01-30 13:00:00,2025-01-30 13:30:00,30
S0002310,A035,2025-01-31,2025-01-31 09:00:00,2025-01-31 18:00:00,540,2025-01-31 13:00:00,2025-01-31 13:30:00,30
S0002311,A035,2025-02-03,2025-02-03 09:00:00,2025-02-03 18:00:00,540,2025-02-03 13:00:00,2025-02-03 13:30:00,30
S0002312,A035,2025-02-04,2025-02-04 09:00:00,2025-02-04 18:00:00,540,2025-02-04 13:00:00,2025-02-04 13:30:00,30
S0002313,A035,2025-02-05,2025-02-05 09:00:00,2025-02-05 18:00:00,540,2025-02-05 13:00:00,2025-02-05 13:30:00,30
S0002314,A035,2025-02-06,2025-02-06 09:00:00,2025-02-06 18:00:00,540,2025-02-06 13:00:00,2025-02-06 13:30:00,30
S0002315,A035,2025-02-07,2025-02-07 09:00:00,2025-02-07 18:00:00,540,2025-02-07 13:00:00,2025-02-07 13:30:00,30
S0002316,A035,2025-02-10,2025-02-10 09:00:00,2025-02-10 18:00:00,540,2025-02-10 13:00:00,2025-02-10 13:30:00,30
S0002317,A035,2025-02-12,2025-02-12 09:00:00,2025-02-12 18:00:00,540,2025-02-12 13:00:00,2025-02-12 13:30:00,30
S0002318,A035,2025-02-13,2025-02-13 09:00:00,2025-02-13 18:00:00,540,2025-02-13 13:00:00,2025-02-13 13:30:00,30
S0002319,A035,2025-02-14,2025-02-14 09:00:00,2025-02-14 18:00:00,540,2025-02-14 13:00:00,2025-02-14 13:30:00,30
S0002320,A035,2025-02-17,2025-02-17 09:00:00,2025-02-17 18:00:00,540,2025-02-17 13:00:00,2025-02-17 13:30:00,30
S0002321,A035,2025-02-18,2025-02-18 09:00:00,2025-02-18 18:00:00,540,2025-02-18 13:00:00,2025-02-18 13:30:00,30
S0002322,A035,2025-02-19,2025-02-19 09:00:00,2025-02-19 18:00:00,540,2025-02-19 13:00:00,2025-02-19 13:30:00,30
S0002323,A035,2025-02-20,2025-02-20 09:00:00,2025-02-20 18:00:00,540,2025-02-20 13:00:00,2025-02-20 13:30:00,30
S0002324,A035,2025-02-21,2025-02-21 09:00:00,2025-02-21 18:00:00,540,2025-02-21 13:00:00,2025-02-21 13:30:00,30
S0002325,A035,2025-02-24,2025-02-24 09:00:00,2025-02-24 18:00:00,540,2025-02-24 13:00:00,2025-02-24 13:30:00,30
S0002326,A035,2025-02-25,2025-02-25 09:00:00,2025-02-25 18:00:00,540,2025-02-25 13:00:00,2025-02-25 13:30:00,30
S0002327,A035,2025-02-26,2025-02-26 09:00:00,2025-02-26 18:00:00,540,2025-02-26 13:00:00,2025-02-26 13:30:00,30
S0002328,A035,2025-02-27,2025-02-27 09:00:00,2025-02-27 18:00:00,540,2025-02-27 13:00:00,2025-02-27 13:30:00,30
S0002329,A035,2025-02-28,2025-02-28 09:00:00,2025-02-28 18:00:00,540,2025-02-28 13:00:00,2025-02-28 13:30:00,30
S0002330,A035,2025-03-03,2025-03-03 09:00:00,2025-03-03 18:00:00,540,2025-03-03 13:00:00,2025-03-03 13:30:00,30
S0002331,A035,2025-03-04,2025-03-04 09:00:00,2025-03-04 18:00:00,540,2025-03-04 13:00:00,2025-03-04 13:30:00,30
S0002332,A035,2025-03-05,2025-03-05 09:00:00,2025-03-05 18:00:00,540,2025-03-05 13:00:00,2025-03-05 13:30:00,30
S0002333,A035,2025-03-06,2025-03-06 09:00:00,2025-03-06 18:00:00,540,2025-03-06 13:00:00,2025-03-06 13:30:00,30
S0002334,A035,2025-03-07,2025-03-07 09:00:00,2025-03-07 18:00:00,540,2025-03-07 13:00:00,2025-03-07 13:30:00,30
S0002335,A035,2025-03-08,2025-03-08 09:00:00,2025-03-08 18:00:00,540,2025-03-08 13:00:00,2025-03-08 13:30:00,30
S0002336,A035,2025-03-09,2025-03-09 09:00:00,2025-03-09 18:00:00,540,2025-03-09 13:00:00,2025-03-09 13:30:00,30
S0002337,A035,2025-03-10,2025-03-10 09:00:00,2025-03-10 18:00:00,540,2025-03-10 13:00:00,2025-03-10 13:30:00,30
S0002338,A035,2025-03-11,2025-03-11 09:00:00,2025-03-11 18:00:00,540,2025-03-11 13:00:00,2025-03-11 13:30:00,30
S0002339,A035,2025-03-12,2025-03-12 09:00:00,2025-03-12 18:00:00,540,2025-03-12 13:00:00,2025-03-12 13:30:00,30
S0002340,A035,2025-03-13,2025-03-13 09:00:00,2025-03-13 18:00:00,540,2025-03-13 13:00:00,2025-03-13 13:30:00,30
S0002341,A035,2025-03-14,2025-03-14 09:00:00,2025-03-14 18:00:00,540,2025-03-14 13:00:00,2025-03-14 13:30:00,30
S0002342,A035,2025-03-17,2025-03-17 09:00:00,2025-03-17 18:00:00,540,2025-03-17 13:00:00,2025-03-17 13:30:00,30
S0002343,A035,2025-03-18,2025-03-18 09:00:00,2025-03-18 18:00:00,540,2025-03-18 13:00:00,2025-03-18 13:30:00,30
S0002344,A035,2025-03-19,2025-03-19 09:00:00,2025-03-19 18:00:00,540,2025-03-19 13:00:00,2025-03-19 13:30:00,30
S0002345,A035,2025-03-20,2025-03-20 09:00:00,2025-03-20 18:00:00,540,2025-03-20 13:00:00,2025-03-20 13:30:00,30
S0002346,A035,2025-03-21,2025-03-21 09:00:00,2025-03-21 18:00:00,540,2025-03-21 13:00:00,2025-03-21 13:30:00,30
S0002347,A035,2025-03-24,2025-03-24 09:00:00,2025-03-24 18:00:00,540,2025-03-24 13:00:00,2025-03-24 13:30:00,30
S0002348,A035,2025-03-25,2025-03-25 09:00:00,2025-03-25 18:00:00,540,2025-03-25 13:00:00,2025-03-25 13:30:00,30
S0002349,A035,2025-03-26,2025-03-26 09:00:00,2025-03-26 18:00:00,540,2025-03-26 13:00:00,2025-03-26 13:30:00,30
S0002350,A035,2025-03-27,2025-03-27 09:00:00,2025-03-27 18:00:00,540,2025-03-27 13:00:00,2025-03-27 13:30:00,30
S0002351,A035,2025-03-28,2025-03-28 09:00:00,2025-03-28 18:00:00,540,2025-03-28 13:00:00,2025-03-28 13:30:00,30
S0002352,A035,2025-03-31,2025-03-31 09:00:00,2025-03-31 18:00:00,540,2025-03-31 13:00:00,2025-03-31 13:30:00,30
S0002353,A036,2025-01-01,2025-01-01 07:00:00,2025-01-01 16:00:00,540,2025-01-01 11:00:00,2025-01-01 11:30:00,30
S0002354,A036,2025-01-02,2025-01-02 07:00:00,2025-01-02 16:00:00,540,2025-01-02 11:00:00,2025-01-02 11:30:00,30
S0002355,A036,2025-01-03,2025-01-03 07:00:00,2025-01-03 16:00:00,540,2025-01-03 11:00:00,2025-01-03 11:30:00,30
S0002356,A036,2025-01-06,2025-01-06 07:00:00,2025-01-06 16:00:00,540,2025-01-06 11:00:00,2025-01-06 11:30:00,30
S0002357,A036,2025-01-07,2025-01-07 07:00:00,2025-01-07 16:00:00,540,2025-01-07 11:00:00,2025-01-07 11:30:00,30
S0002358,A036,2025-01-08,2025-01-08 07:00:00,2025-01-08 16:00:00,540,2025-01-08 11:00:00,2025-01-08 11:30:00,30
S0002359,A036,2025-01-09,2025-01-09 07:00:00,2025-01-09 16:00:00,540,2025-01-09 11:00:00,2025-01-09 11:30:00,30
S0002360,A036,2025-01-10,2025-01-10 07:00:00,2025-01-10 16:00:00,540,2025-01-10 11:00:00,2025-01-10 11:30:00,30
S0002361,A036,2025-01-13,2025-01-13 07:00:00,2025-01-13 16:00:00,540,2025-01-13 11:00:00,2025-01-13 11:30:00,30
S0002362,A036,2025-01-14,2025-01-14 07:00:00,2025-01-14 16:00:00,540,2025-01-14 11:00:00,2025-01-14 11:30:00,30
S0002363,A036,2025-01-15,2025-01-15 07:00:00,2025-01-15 16:00:00,540,2025-01-15 11:00:00,2025-01-15 11:30:00,30
S0002364,A036,2025-01-16,2025-01-16 07:00:00,2025-01-16 16:00:00,540,2025-01-16 11:00:00,2025-01-16 11:30:00,30
S0002365,A036,2025-01-20,2025-01-20 07:00:00,2025-01-20 16:00:00,540,2025-01-20 11:00:00,2025-01-20 11:30:00,30
S0002366,A036,2025-01-21,2025-01-21 07:00:00,2025-01-21 16:00:00,540,2025-01-21 11:00:00,2025-01-21 11:30:00,30
S0002367,A036,2025-01-22,2025-01-22 07:00:00,2025-01-22 16:00:00,540,2025-01-22 11:00:00,2025-01-22 11:30:00,30
S0002368,A036,2025-01-23,2025-01-23 07:00:00,2025-01-23 16:00:00,540,2025-01-23 11:00:00,2025-01-23 11:30:00,30
S0002369,A036,2025-01-24,2025-01-24 07:00:00,2025-01-24 16:00:00,540,2025-01-24 11:00:00,2025-01-24 11:30:00,30
S0002370,A036,2025-01-27,2025-01-27 07:00:00,2025-01-27 16:00:00,540,2025-01-27 11:00:00,2025-01-27 11:30:00,30
S0002371,A036,2025-01-28,2025-01-28 07:00:00,2025-01-28 16:00:00,540,2025-01-28 11:00:00,2025-01-28 11:30:00,30
S0002372,A036,2025-01-29,2025-01-29 07:00:00,2025-01-29 16:00:00,540,2025-01-29 11:00:00,2025-01-29 11:30:00,30
S0002373,A036,2025-01-30,2025-01-30 07:00:00,2025-01-30 16:00:00,540,2025-01-30 11:00:00,2025-01-30 11:30:00,30
S0002374,A036,2025-01-31,2025-01-31 07:00:00,2025-01-31 16:00:00,540,2025-01-31 11:00:00,2025-01-31 11:30:00,30
S0002375,A036,2025-02-03,2025-02-03 07:00:00,2025-02-03 16:00:00,540,2025-02-03 11:00:00,2025-02-03 11:30:00,30
S0002376,A036,2025-02-04,2025-02-04 07:00:00,2025-02-04 16:00:00,540,2025-02-04 11:00:00,2025-02-04 11:30:00,30
S0002377,A036,2025-02-05,2025-02-05 07:00:00,2025-02-05 16:00:00,540,2025-02-05 11:00:00,2025-02-05 11:30:00,30
S0002378,A036,2025-02-06,2025-02-06 07:00:00,2025-02-06 16:00:00,540,2025-02-06 11:00:00,2025-02-06 11:30:00,30
S0002379,A036,2025-02-07,2025-02-07 07:00:00,2025-02-07 16:00:00,540,2025-02-07 11:00:00,2025-02-07 11:30:00,30
S0002380,A036,2025-02-10,2025-02-10 07:00:00,2025-02-10 16:00:00,540,2025-02-10 11:00:00,2025-02-10 11:30:00,30
S0002381,A036,2025-02-11,2025-02-11 07:00:00,2025-02-11 16:00:00,540,2025-02-11 11:00:00,2025-02-11 11:30:00,30
S0002382,A036,2025-02-12,2025-02-12 07:00:00,2025-02-12 16:00:00,540,2025-02-12 11:00:00,2025-02-12 11:30:00,30
S0002383,A036,2025-02-13,2025-02-13 07:00:00,2025-02-13 16:00:00,540,2025-02-13 11:00:00,2025-02-13 11:30:00,30
S0002384,A036,2025-02-14,2025-02-14 07:00:00,2025-02-14 16:00:00,540,2025-02-14 11:00:00,2025-02-14 11:30:00,30
S0002385,A036,2025-02-17,2025-02-17 07:00:00,2025-02-17 16:00:00,540,2025-02-17 11:00:00,2025-02-17 11:30:00,30
S0002386,A036,2025-02-18,2025-02-18 07:00:00,2025-02-18 16:00:00,540,2025-02-18 11:00:00,2025-02-18 11:30:00,30
S0002387,A036,2025-02-19,2025-02-19 07:00:00,2025-02-19 16:00:00,540,2025-02-19 11:00:00,2025-02-19 11:30:00,30
S0002388,A036,2025-02-20,2025-02-20 07:00:00,2025-02-20 16:00:00,540,2025-02-20 11:00:00,2025-02-20 11:30:00,30
S0002389,A036,2025-02-21,2025-02-21 07:00:00,2025-02-21 16:00:00,540,2025-02-21 11:00:00,2025-02-21 11:30:00,30
S0002390,A036,2025-02-23,2025-02-23 07:00:00,2025-02-23 16:00:00,540,2025-02-23 11:00:00,2025-02-23 11:30:00,30
S0002391,A036,2025-02-24,2025-02-24 07:00:00,2025-02-24 16:00:00,540,2025-02-24 11:00:00,2025-02-24 11:30:00,30
S0002392,A036,2025-02-25,2025-02-25 07:00:00,2025-02-25 16:00:00,540,2025-02-25 11:00:00,2025-02-25 11:30:00,30
S0002393,A036,2025-02-26,2025-02-26 07:00:00,2025-02-26 16:00:00,540,2025-02-26 11:00:00,2025-02-26 11:30:00,30
S0002394,A036,2025-02-27,2025-02-27 07:00:00,2025-02-27 16:00:00,540,2025-02-27 11:00:00,2025-02-27 11:30:00,30
S0002395,A036,2025-02-28,2025-02-28 07:00:00,2025-02-28 16:00:00,540,2025-02-28 11:00:00,2025-02-28 11:30:00,30
S0002396,A036,2025-03-03,2025-03-03 07:00:00,2025-03-03 16:00:00,540,2025-03-03 11:00:00,2025-03-03 11:30:00,30
S0002397,A036,2025-03-04,2025-03-04 07:00:00,2025-03-04 16:00:00,540,2025-03-04 11:00:00,2025-03-04 11:30:00,30
S0002398,A036,2025-03-05,2025-03-05 07:00:00,2025-03-05 16:00:00,540,2025-03-05 11:00:00,2025-03-05 11:30:00,30
S0002399,A036,2025-03-06,2025-03-06 07:00:00,2025-03-06 16:00:00,540,2025-03-06 11:00:00,2025-03-06 11:30:00,30
S0002400,A036,2025-03-07,2025-03-07 07:00:00,2025-03-07 16:00:00,540,2025-03-07 11:00:00,2025-03-07 11:30:00,30
S0002401,A036,2025-03-10,2025-03-10 07:00:00,2025-03-10 16:00:00,540,2025-03-10 11:00:00,2025-03-10 11:30:00,30
S0002402,A036,2025-03-11,2025-03-11 07:00:00,2025-03-11 16:00:00,540,2025-03-11 11:00:00,2025-03-11 11:30:00,30
S0002403,A036,2025-03-12,2025-03-12 07:00:00,2025-03-12 16:00:00,540,2025-03-12 11:00:00,2025-03-12 11:30:00,30
S0002404,A036,2025-03-13,2025-03-13 07:00:00,2025-03-13 16:00:00,540,2025-03-13 11:00:00,2025-03-13 11:30:00,30
S0002405,A036,2025-03-14,2025-03-14 07:00:00,2025-03-14 16:00:00,540,2025-03-14 11:00:00,2025-03-14 11:30:00,30
S0002406,A036,2025-03-17,2025-03-17 07:00:00,2025-03-17 16:00:00,540,2025-03-17 11:00:00,2025-03-17 11:30:00,30
S0002407,A036,2025-03-18,2025-03-18 07:00:00,2025-03-18 16:00:00,540,2025-03-18 11:00:00,2025-03-18 11:30:00,30
S0002408,A036,2025-03-19,2025-03-19 07:00:00,2025-03-19 16:00:00,540,2025-03-19 11:00:00,2025-03-19 11:30:00,30
S0002409,A036,2025-03-20,2025-03-20 07:00:00,2025-03-20 16:00:00,540,2025-03-20 11:00:00,2025-03-20 11:30:00,30
S0002410,A036,2025-03-21,2025-03-21 07:00:00,2025-03-21 16:00:00,540,2025-03-21 11:00:00,2025-03-21 11:30:00,30
S0002411,A036,2025-03-24,2025-03-24 07:00:00,2025-03-24 16:00:00,540,2025-03-24 11:00:00,2025-03-24 11:30:00,30
S0002412,A036,2025-03-25,2025-03-25 07:00:00,2025-03-25 16:00:00,540,2025-03-25 11:00:00,2025-03-25 11:30:00,30
S0002413,A036,2025-03-26,2025-03-26 07:00:00,2025-03-26 16:00:00,540,2025-03-26 11:00:00,2025-03-26 11:30:00,30
S0002414,A036,2025-03-27,2025-03-27 07:00:00,2025-03-27 16:00:00,540,2025-03-27 11:00:00,2025-03-27 11:30:00,30
S0002415,A036,2025-03-28,2025-03-28 07:00:00,2025-03-28 16:00:00,540,2025-03-28 11:00:00,2025-03-28 11:30:00,30
S0002416,A036,2025-03-31,2025-03-31 07:00:00,2025-03-31 16:00:00,540,2025-03-31 11:00:00,2025-03-31 11:30:00,30
S0002417,A037,2025-01-01,2025-01-01 10:00:00,2025-01-01 19:00:00,540,2025-01-01 14:00:00,2025-01-01 14:30:00,30
S0002418,A037,2025-01-02,2025-01-02 10:00:00,2025-01-02 19:00:00,540,2025-01-02 14:00:00,2025-01-02 14:30:00,30
S0002419,A037,2025-01-03,2025-01-03 10:00:00,2025-01-03 19:00:00,540,2025-01-03 14:00:00,2025-01-03 14:30:00,30
S0002420,A037,2025-01-06,2025-01-06 10:00:00,2025-01-06 19:00:00,540,2025-01-06 14:00:00,2025-01-06 14:30:00,30
S0002421,A037,2025-01-07,2025-01-07 10:00:00,2025-01-07 19:00:00,540,2025-01-07 14:00:00,2025-01-07 14:30:00,30
S0002422,A037,2025-01-08,2025-01-08 10:00:00,2025-01-08 19:00:00,540,2025-01-08 14:00:00,2025-01-08 14:30:00,30
S0002423,A037,2025-01-09,2025-01-09 10:00:00,2025-01-09 19:00:00,540,2025-01-09 14:00:00,2025-01-09 14:30:00,30
S0002424,A037,2025-01-10,2025-01-10 10:00:00,2025-01-10 19:00:00,540,2025-01-10 14:00:00,2025-01-10 14:30:00,30
S0002425,A037,2025-01-13,2025-01-13 10:00:00,2025-01-13 19:00:00,540,2025-01-13 14:00:00,2025-01-13 14:30:00,30
S0002426,A037,2025-01-14,2025-01-14 10:00:00,2025-01-14 19:00:00,540,2025-01-14 14:00:00,2025-01-14 14:30:00,30
S0002427,A037,2025-01-15,2025-01-15 10:00:00,2025-01-15 19:00:00,540,2025-01-15 14:00:00,2025-01-15 14:30:00,30
S0002428,A037,2025-01-16,2025-01-16 10:00:00,2025-01-16 19:00:00,540,2025-01-16 14:00:00,2025-01-16 14:30:00,30
S0002429,A037,2025-01-17,2025-01-17 10:00:00,2025-01-17 19:00:00,540,2025-01-17 14:00:00,2025-01-17 14:30:00,30
S0002430,A037,2025-01-18,2025-01-18 10:00:00,2025-01-18 19:00:00,540,2025-01-18 14:00:00,2025-01-18 14:30:00,30
S0002431,A037,2025-01-20,2025-01-20 10:00:00,2025-01-20 19:00:00,540,2025-01-20 14:00:00,2025-01-20 14:30:00,30
S0002432,A037,2025-01-21,2025-01-21 10:00:00,2025-01-21 19:00:00,540,2025-01-21 14:00:00,2025-01-21 14:30:00,30
S0002433,A037,2025-01-22,2025-01-22 10:00:00,2025-01-22 19:00:00,540,2025-01-22 14:00:00,2025-01-22 14:30:00,30
S0002434,A037,2025-01-23,2025-01-23 10:00:00,2025-01-23 19:00:00,540,2025-01-23 14:00:00,2025-01-23 14:30:00,30
S0002435,A037,2025-01-24,2025-01-24 10:00:00,2025-01-24 19:00:00,540,2025-01-24 14:00:00,2025-01-24 14:30:00,30
S0002436,A037,2025-01-27,2025-01-27 10:00:00,2025-01-27 19:00:00,540,2025-01-27 14:00:00,2025-01-27 14:30:00,30
S0002437,A037,2025-01-28,2025-01-28 10:00:00,2025-01-28 19:00:00,540,2025-01-28 14:00:00,2025-01-28 14:30:00,30
S0002438,A037,2025-01-29,2025-01-29 10:00:00,2025-01-29 19:00:00,540,2025-01-29 14:00:00,2025-01-29 14:30:00,30
S0002439,A037,2025-01-30,2025-01-30 10:00:00,2025-01-30 19:00:00,540,2025-01-30 14:00:00,2025-01-30 14:30:00,30
S0002440,A037,2025-01-31,2025-01-31 10:00:00,2025-01-31 19:00:00,540,2025-01-31 14:00:00,2025-01-31 14:30:00,30
S0002441,A037,2025-02-03,2025-02-03 10:00:00,2025-02-03 19:00:00,540,2025-02-03 14:00:00,2025-02-03 14:30:00,30
S0002442,A037,2025-02-04,2025-02-04 10:00:00,2025-02-04 19:00:00,540,2025-02-04 14:00:00,2025-02-04 14:30:00,30
S0002443,A037,2025-02-05,2025-02-05 10:00:00,2025-02-05 19:00:00,540,2025-02-05 14:00:00,2025-02-05 14:30:00,30
S0002444,A037,2025-02-06,2025-02-06 10:00:00,2025-02-06 19:00:00,540,2025-02-06 14:00:00,2025-02-06 14:30:00,30
S0002445,A037,2025-02-07,2025-02-07 10:00:00,2025-02-07 19:00:00,540,2025-02-07 14:00:00,2025-02-07 14:30:00,30
S0002446,A037,2025-02-10,2025-02-10 10:00:00,2025-02-10 19:00:00,540,2025-02-10 14:00:00,2025-02-10 14:30:00,30
S0002447,A037,2025-02-11,2025-02-11 10:00:00,2025-02-11 19:00:00,540,2025-02-11 14:00:00,2025-02-11 14:30:00,30
S0002448,A037,2025-02-12,2025-02-12 10:00:00,2025-02-12 19:00:00,540,2025-02-12 14:00:00,2025-02-12 14:30:00,30
S0002449,A037,2025-02-13,2025-02-13 10:00:00,2025-02-13 19:00:00,540,2025-02-13 14:00:00,2025-02-13 14:30:00,30
S0002450,A037,2025-02-14,2025-02-14 10:00:00,2025-02-14 19:00:00,540,2025-02-14 14:00:00,2025-02-14 14:30:00,30
S0002451,A037,2025-02-17,2025-02-17 10:00:00,2025-02-17 19:00:00,540,2025-02-17 14:00:00,2025-02-17 14:30:00,30
S0002452,A037,2025-02-18,2025-02-18 10:00:00,2025-02-18 19:00:00,540,2025-02-18 14:00:00,2025-02-18 14:30:00,30
S0002453,A037,2025-02-19,2025-02-19 10:00:00,2025-02-19 19:00:00,540,2025-02-19 14:00:00,2025-02-19 14:30:00,30
S0002454,A037,2025-02-20,2025-02-20 10:00:00,2025-02-20 19:00:00,540,2025-02-20 14:00:00,2025-02-20 14:30:00,30
S0002455,A037,2025-02-21,2025-02-21 10:00:00,2025-02-21 19:00:00,540,2025-02-21 14:00:00,2025-02-21 14:30:00,30
S0002456,A037,2025-02-23,2025-02-23 10:00:00,2025-02-23 19:00:00,540,2025-02-23 14:00:00,2025-02-23 14:30:00,30
S0002457,A037,2025-02-25,2025-02-25 10:00:00,2025-02-25 19:00:00,540,2025-02-25 14:00:00,2025-02-25 14:30:00,30
S0002458,A037,2025-02-26,2025-02-26 10:00:00,2025-02-26 19:00:00,540,2025-02-26 14:00:00,2025-02-26 14:30:00,30
S0002459,A037,2025-02-27,2025-02-27 10:00:00,2025-02-27 19:00:00,540,2025-02-27 14:00:00,2025-02-27 14:30:00,30
S0002460,A037,2025-02-28,2025-02-28 10:00:00,2025-02-28 19:00:00,540,2025-02-28 14:00:00,2025-02-28 14:30:00,30
S0002461,A037,2025-03-03,2025-03-03 10:00:00,2025-03-03 19:00:00,540,2025-03-03 14:00:00,2025-03-03 14:30:00,30
S0002462,A037,2025-03-04,2025-03-04 10:00:00,2025-03-04 19:00:00,540,2025-03-04 14:00:00,2025-03-04 14:30:00,30
S0002463,A037,2025-03-05,2025-03-05 10:00:00,2025-03-05 19:00:00,540,2025-03-05 14:00:00,2025-03-05 14:30:00,30
S0002464,A037,2025-03-06,2025-03-06 10:00:00,2025-03-06 19:00:00,540,2025-03-06 14:00:00,2025-03-06 14:30:00,30
S0002465,A037,2025-03-07,2025-03-07 10:00:00,2025-03-07 19:00:00,540,2025-03-07 14:00:00,2025-03-07 14:30:00,30
S0002466,A037,2025-03-08,2025-03-08 10:00:00,2025-03-08 19:00:00,540,2025-03-08 14:00:00,2025-03-08 14:30:00,30
S0002467,A037,2025-03-10,2025-03-10 10:00:00,2025-03-10 19:00:00,540,2025-03-10 14:00:00,2025-03-10 14:30:00,30
S0002468,A037,2025-03-11,2025-03-11 10:00:00,2025-03-11 19:00:00,540,2025-03-11 14:00:00,2025-03-11 14:30:00,30
S0002469,A037,2025-03-12,2025-03-12 10:00:00,2025-03-12 19:00:00,540,2025-03-12 14:00:00,2025-03-12 14:30:00,30
S0002470,A037,2025-03-13,2025-03-13 10:00:00,2025-03-13 19:00:00,540,2025-03-13 14:00:00,2025-03-13 14:30:00,30
S0002471,A037,2025-03-14,2025-03-14 10:00:00,2025-03-14 19:00:00,540,2025-03-14 14:00:00,2025-03-14 14:30:00,30
S0002472,A037,2025-03-17,2025-03-17 10:00:00,2025-03-17 19:00:00,540,2025-03-17 14:00:00,2025-03-17 14:30:00,30
S0002473,A037,2025-03-18,2025-03-18 10:00:00,2025-03-18 19:00:00,540,2025-03-18 14:00:00,2025-03-18 14:30:00,30
S0002474,A037,2025-03-19,2025-03-19 10:00:00,2025-03-19 19:00:00,540,2025-03-19 14:00:00,2025-03-19 14:30:00,30
S0002475,A037,2025-03-20,2025-03-20 10:00:00,2025-03-20 19:00:00,540,2025-03-20 14:00:00,2025-03-20 14:30:00,30
S0002476,A037,2025-03-21,2025-03-21 10:00:00,2025-03-21 19:00:00,540,2025-03-21 14:00:00,2025-03-21 14:30:00,30
S0002477,A037,2025-03-24,2025-03-24 10:00:00,2025-03-24 19:00:00,540,2025-03-24 14:00:00,2025-03-24 14:30:00,30
S0002478,A037,2025-03-25,2025-03-25 10:00:00,2025-03-25 19:00:00,540,2025-03-25 14:00:00,2025-03-25 14:30:00,30
S0002479,A037,2025-03-26,2025-03-26 10:00:00,2025-03-26 19:00:00,540,2025-03-26 14:00:00,2025-03-26 14:30:00,30
S0002480,A037,2025-03-27,2025-03-27 10:00:00,2025-03-27 19:00:00,540,2025-03-27 14:00:00,2025-03-27 14:30:00,30
S0002481,A037,2025-03-28,2025-03-28 10:00:00,2025-03-28 19:00:00,540,2025-03-28 14:00:00,2025-03-28 14:30:00,30
S0002482,A037,2025-03-29,2025-03-29 10:00:00,2025-03-29 19:00:00,540,2025-03-29 14:00:00,2025-03-29 14:30:00,30
S0002483,A037,2025-03-30,2025-03-30 10:00:00,2025-03-30 19:00:00,540,2025-03-30 14:00:00,2025-03-30 14:30:00,30
S0002484,A037,2025-03-31,2025-03-31 10:00:00,2025-03-31 19:00:00,540,2025-03-31 14:00:00,2025-03-31 14:30:00,30
S0002485,A038,2025-01-01,2025-01-01 07:00:00,2025-01-01 16:00:00,540,2025-01-01 11:00:00,2025-01-01 11:30:00,30
S0002486,A038,2025-01-02,2025-01-02 07:00:00,2025-01-02 16:00:00,540,2025-01-02 11:00:00,2025-01-02 11:30:00,30
S0002487,A038,2025-01-03,2025-01-03 07:00:00,2025-01-03 16:00:00,540,2025-01-03 11:00:00,2025-01-03 11:30:00,30
S0002488,A038,2025-01-06,2025-01-06 07:00:00,2025-01-06 16:00:00,540,2025-01-06 11:00:00,2025-01-06 11:30:00,30
S0002489,A038,2025-01-07,2025-01-07 07:00:00,2025-01-07 16:00:00,540,2025-01-07 11:00:00,2025-01-07 11:30:00,30
S0002490,A038,2025-01-08,2025-01-08 07:00:00,2025-01-08 16:00:00,540,2025-01-08 11:00:00,2025-01-08 11:30:00,30
S0002491,A038,2025-01-09,2025-01-09 07:00:00,2025-01-09 16:00:00,540,2025-01-09 11:00:00,2025-01-09 11:30:00,30
S0002492,A038,2025-01-10,2025-01-10 07:00:00,2025-01-10 16:00:00,540,2025-01-10 11:00:00,2025-01-10 11:30:00,30
S0002493,A038,2025-01-11,2025-01-11 07:00:00,2025-01-11 16:00:00,540,2025-01-11 11:00:00,2025-01-11 11:30:00,30
S0002494,A038,2025-01-12,2025-01-12 07:00:00,2025-01-12 16:00:00,540,2025-01-12 11:00:00,2025-01-12 11:30:00,30
S0002495,A038,2025-01-13,2025-01-13 07:00:00,2025-01-13 16:00:00,540,2025-01-13 11:00:00,2025-01-13 11:30:00,30
S0002496,A038,2025-01-14,2025-01-14 07:00:00,2025-01-14 16:00:00,540,2025-01-14 11:00:00,2025-01-14 11:30:00,30
S0002497,A038,2025-01-15,2025-01-15 07:00:00,2025-01-15 16:00:00,540,2025-01-15 11:00:00,2025-01-15 11:30:00,30
S0002498,A038,2025-01-16,2025-01-16 07:00:00,2025-01-16 16:00:00,540,2025-01-16 11:00:00,2025-01-16 11:30:00,30
S0002499,A038,2025-01-17,2025-01-17 07:00:00,2025-01-17 16:00:00,540,2025-01-17 11:00:00,2025-01-17 11:30:00,30
S0002500,A038,2025-01-20,2025-01-20 07:00:00,2025-01-20 16:00:00,540,2025-01-20 11:00:00,2025-01-20 11:30:00,30
S0002501,A038,2025-01-21,2025-01-21 07:00:00,2025-01-21 16:00:00,540,2025-01-21 11:00:00,2025-01-21 11:30:00,30
S0002502,A038,2025-01-22,2025-01-22 07:00:00,2025-01-22 16:00:00,540,2025-01-22 11:00:00,2025-01-22 11:30:00,30
S0002503,A038,2025-01-24,2025-01-24 07:00:00,2025-01-24 16:00:00,540,2025-01-24 11:00:00,2025-01-24 11:30:00,30
S0002504,A038,2025-01-25,2025-01-25 07:00:00,2025-01-25 16:00:00,540,2025-01-25 11:00:00,2025-01-25 11:30:00,30
S0002505,A038,2025-01-27,2025-01-27 07:00:00,2025-01-27 16:00:00,540,2025-01-27 11:00:00,2025-01-27 11:30:00,30
S0002506,A038,2025-01-28,2025-01-28 07:00:00,2025-01-28 16:00:00,540,2025-01-28 11:00:00,2025-01-28 11:30:00,30
S0002507,A038,2025-01-29,2025-01-29 07:00:00,2025-01-29 16:00:00,540,2025-01-29 11:00:00,2025-01-29 11:30:00,30
S0002508,A038,2025-01-30,2025-01-30 07:00:00,2025-01-30 16:00:00,540,2025-01-30 11:00:00,2025-01-30 11:30:00,30
S0002509,A038,2025-01-31,2025-01-31 07:00:00,2025-01-31 16:00:00,540,2025-01-31 11:00:00,2025-01-31 11:30:00,30
S0002510,A038,2025-02-03,2025-02-03 07:00:00,2025-02-03 16:00:00,540,2025-02-03 11:00:00,2025-02-03 11:30:00,30
S0002511,A038,2025-02-04,2025-02-04 07:00:00,2025-02-04 16:00:00,540,2025-02-04 11:00:00,2025-02-04 11:30:00,30
S0002512,A038,2025-02-05,2025-02-05 07:00:00,2025-02-05 16:00:00,540,2025-02-05 11:00:00,2025-02-05 11:30:00,30
S0002513,A038,2025-02-06,2025-02-06 07:00:00,2025-02-06 16:00:00,540,2025-02-06 11:00:00,2025-02-06 11:30:00,30
S0002514,A038,2025-02-07,2025-02-07 07:00:00,2025-02-07 16:00:00,540,2025-02-07 11:00:00,2025-02-07 11:30:00,30
S0002515,A038,2025-02-08,2025-02-08 07:00:00,2025-02-08 16:00:00,540,2025-02-08 11:00:00,2025-02-08 11:30:00,30
S0002516,A038,2025-02-10,2025-02-10 07:00:00,2025-02-10 16:00:00,540,2025-02-10 11:00:00,2025-02-10 11:30:00,30
S0002517,A038,2025-02-11,2025-02-11 07:00:00,2025-02-11 16:00:00,540,2025-02-11 11:00:00,2025-02-11 11:30:00,30
S0002518,A038,2025-02-12,2025-02-12 07:00:00,2025-02-12 16:00:00,540,2025-02-12 11:00:00,2025-02-12 11:30:00,30
S0002519,A038,2025-02-13,2025-02-13 07:00:00,2025-02-13 16:00:00,540,2025-02-13 11:00:00,2025-02-13 11:30:00,30
S0002520,A038,2025-02-14,2025-02-14 07:00:00,2025-02-14 16:00:00,540,2025-02-14 11:00:00,2025-02-14 11:30:00,30
S0002521,A038,2025-02-17,2025-02-17 07:00:00,2025-02-17 16:00:00,540,2025-02-17 11:00:00,2025-02-17 11:30:00,30
S0002522,A038,2025-02-18,2025-02-18 07:00:00,2025-02-18 16:00:00,540,2025-02-18 11:00:00,2025-02-18 11:30:00,30
S0002523,A038,2025-02-19,2025-02-19 07:00:00,2025-02-19 16:00:00,540,2025-02-19 11:00:00,2025-02-19 11:30:00,30
S0002524,A038,2025-02-20,2025-02-20 07:00:00,2025-02-20 16:00:00,540,2025-02-20 11:00:00,2025-02-20 11:30:00,30
S0002525,A038,2025-02-21,2025-02-21 07:00:00,2025-02-21 16:00:00,540,2025-02-21 11:00:00,2025-02-21 11:30:00,30
S0002526,A038,2025-02-24,2025-02-24 07:00:00,2025-02-24 16:00:00,540,2025-02-24 11:00:00,2025-02-24 11:30:00,30
S0002527,A038,2025-02-25,2025-02-25 07:00:00,2025-02-25 16:00:00,540,2025-02-25 11:00:00,2025-02-25 11:30:00,30
S0002528,A038,2025-02-26,2025-02-26 07:00:00,2025-02-26 16:00:00,540,2025-02-26 11:00:00,2025-02-26 11:30:00,30
S0002529,A038,2025-02-27,2025-02-27 07:00:00,2025-02-27 16:00:00,540,2025-02-27 11:00:00,2025-02-27 11:30:00,30
S0002530,A038,2025-02-28,2025-02-28 07:00:00,2025-02-28 16:00:00,540,2025-02-28 11:00:00,2025-02-28 11:30:00,30
S0002531,A038,2025-03-03,2025-03-03 07:00:00,2025-03-03 16:00:00,540,2025-03-03 11:00:00,2025-03-03 11:30:00,30
S0002532,A038,2025-03-04,2025-03-04 07:00:00,2025-03-04 16:00:00,540,2025-03-04 11:00:00,2025-03-04 11:30:00,30
S0002533,A038,2025-03-05,2025-03-05 07:00:00,2025-03-05 16:00:00,540,2025-03-05 11:00:00,2025-03-05 11:30:00,30
S0002534,A038,2025-03-06,2025-03-06 07:00:00,2025-03-06 16:00:00,540,2025-03-06 11:00:00,2025-03-06 11:30:00,30
S0002535,A038,2025-03-07,2025-03-07 07:00:00,2025-03-07 16:00:00,540,2025-03-07 11:00:00,2025-03-07 11:30:00,30
S0002536,A038,2025-03-10,2025-03-10 07:00:00,2025-03-10 16:00:00,540,2025-03-10 11:00:00,2025-03-10 11:30:00,30
S0002537,A038,2025-03-11,2025-03-11 07:00:00,2025-03-11 16:00:00,540,2025-03-11 11:00:00,2025-03-11 11:30:00,30
S0002538,A038,2025-03-12,2025-03-12 07:00:00,2025-03-12 16:00:00,540,2025-03-12 11:00:00,2025-03-12 11:30:00,30
S0002539,A038,2025-03-13,2025-03-13 07:00:00,2025-03-13 16:00:00,540,2025-03-13 11:00:00,2025-03-13 11:30:00,30
S0002540,A038,2025-03-14,2025-03-14 07:00:00,2025-03-14 16:00:00,540,2025-03-14 11:00:00,2025-03-14 11:30:00,30
S0002541,A038,2025-03-15,2025-03-15 07:00:00,2025-03-15 16:00:00,540,2025-03-15 11:00:00,2025-03-15 11:30:00,30
S0002542,A038,2025-03-16,2025-03-16 07:00:00,2025-03-16 16:00:00,540,2025-03-16 11:00:00,2025-03-16 11:30:00,30
S0002543,A038,2025-03-17,2025-03-17 07:00:00,2025-03-17 16:00:00,540,2025-03-17 11:00:00,2025-03-17 11:30:00,30
S0002544,A038,2025-03-18,2025-03-18 07:00:00,2025-03-18 16:00:00,540,2025-03-18 11:00:00,2025-03-18 11:30:00,30
S0002545,A038,2025-03-19,2025-03-19 07:00:00,2025-03-19 16:00:00,540,2025-03-19 11:00:00,2025-03-19 11:30:00,30
S0002546,A038,2025-03-20,2025-03-20 07:00:00,2025-03-20 16:00:00,540,2025-03-20 11:00:00,2025-03-20 11:30:00,30
S0002547,A038,2025-03-24,2025-03-24 07:00:00,2025-03-24 16:00:00,540,2025-03-24 11:00:00,2025-03-24 11:30:00,30
S0002548,A038,2025-03-25,2025-03-25 07:00:00,2025-03-25 16:00:00,540,2025-03-25 11:00:00,2025-03-25 11:30:00,30
S0002549,A038,2025-03-26,2025-03-26 07:00:00,2025-03-26 16:00:00,540,2025-03-26 11:00:00,2025-03-26 11:30:00,30
S0002550,A038,2025-03-27,2025-03-27 07:00:00,2025-03-27 16:00:00,540,2025-03-27 11:00:00,2025-03-27 11:30:00,30
S0002551,A038,2025-03-28,2025-03-28 07:00:00,2025-03-28 16:00:00,540,2025-03-28 11:00:00,2025-03-28 11:30:00,30
S0002552,A038,2025-03-31,2025-03-31 07:00:00,2025-03-31 16:00:00,540,2025-03-31 11:00:00,2025-03-31 11:30:00,30
S0002553,A039,2025-01-01,2025-01-01 10:00:00,2025-01-01 19:00:00,540,2025-01-01 14:00:00,2025-01-01 14:30:00,30
S0002554,A039,2025-01-02,2025-01-02 10:00:00,2025-01-02 19:00:00,540,2025-01-02 14:00:00,2025-01-02 14:30:00,30
S0002555,A039,2025-01-03,2025-01-03 10:00:00,2025-01-03 19:00:00,540,2025-01-03 14:00:00,2025-01-03 14:30:00,30
S0002556,A039,2025-01-06,2025-01-06 10:00:00,2025-01-06 19:00:00,540,2025-01-06 14:00:00,2025-01-06 14:30:00,30
S0002557,A039,2025-01-07,2025-01-07 10:00:00,2025-01-07 19:00:00,540,2025-01-07 14:00:00,2025-01-07 14:30:00,30
S0002558,A039,2025-01-08,2025-01-08 10:00:00,2025-01-08 19:00:00,540,2025-01-08 14:00:00,2025-01-08 14:30:00,30
S0002559,A039,2025-01-09,2025-01-09 10:00:00,2025-01-09 19:00:00,540,2025-01-09 14:00:00,2025-01-09 14:30:00,30
S0002560,A039,2025-01-10,2025-01-10 10:00:00,2025-01-10 19:00:00,540,2025-01-10 14:00:00,2025-01-10 14:30:00,30
S0002561,A039,2025-01-13,2025-01-13 10:00:00,2025-01-13 19:00:00,540,2025-01-13 14:00:00,2025-01-13 14:30:00,30
S0002562,A039,2025-01-14,2025-01-14 10:00:00,2025-01-14 19:00:00,540,2025-01-14 14:00:00,2025-01-14 14:30:00,30
S0002563,A039,2025-01-15,2025-01-15 10:00:00,2025-01-15 19:00:00,540,2025-01-15 14:00:00,2025-01-15 14:30:00,30
S0002564,A039,2025-01-16,2025-01-16 10:00:00,2025-01-16 19:00:00,540,2025-01-16 14:00:00,2025-01-16 14:30:00,30
S0002565,A039,2025-01-17,2025-01-17 10:00:00,2025-01-17 19:00:00,540,2025-01-17 14:00:00,2025-01-17 14:30:00,30
S0002566,A039,2025-01-20,2025-01-20 10:00:00,2025-01-20 19:00:00,540,2025-01-20 14:00:00,2025-01-20 14:30:00,30
S0002567,A039,2025-01-21,2025-01-21 10:00:00,2025-01-21 19:00:00,540,2025-01-21 14:00:00,2025-01-21 14:30:00,30
S0002568,A039,2025-01-22,2025-01-22 10:00:00,2025-01-22 19:00:00,540,2025-01-22 14:00:00,2025-01-22 14:30:00,30
S0002569,A039,2025-01-23,2025-01-23 10:00:00,2025-01-23 19:00:00,540,2025-01-23 14:00:00,2025-01-23 14:30:00,30
S0002570,A039,2025-01-24,2025-01-24 10:00:00,2025-01-24 19:00:00,540,2025-01-24 14:00:00,2025-01-24 14:30:00,30
S0002571,A039,2025-01-27,2025-01-27 10:00:00,2025-01-27 19:00:00,540,2025-01-27 14:00:00,2025-01-27 14:30:00,30
S0002572,A039,2025-01-28,2025-01-28 10:00:00,2025-01-28 19:00:00,540,2025-01-28 14:00:00,2025-01-28 14:30:00,30
S0002573,A039,2025-01-29,2025-01-29 10:00:00,2025-01-29 19:00:00,540,2025-01-29 14:00:00,2025-01-29 14:30:00,30
S0002574,A039,2025-01-30,2025-01-30 10:00:00,2025-01-30 19:00:00,540,2025-01-30 14:00:00,2025-01-30 14:30:00,30
S0002575,A039,2025-01-31,2025-01-31 10:00:00,2025-01-31 19:00:00,540,2025-01-31 14:00:00,2025-01-31 14:30:00,30
S0002576,A039,2025-02-03,2025-02-03 10:00:00,2025-02-03 19:00:00,540,2025-02-03 14:00:00,2025-02-03 14:30:00,30
S0002577,A039,2025-02-04,2025-02-04 10:00:00,2025-02-04 19:00:00,540,2025-02-04 14:00:00,2025-02-04 14:30:00,30
S0002578,A039,2025-02-05,2025-02-05 10:00:00,2025-02-05 19:00:00,540,2025-02-05 14:00:00,2025-02-05 14:30:00,30
S0002579,A039,2025-02-06,2025-02-06 10:00:00,2025-02-06 19:00:00,540,2025-02-06 14:00:00,2025-02-06 14:30:00,30
S0002580,A039,2025-02-07,2025-02-07 10:00:00,2025-02-07 19:00:00,540,2025-02-07 14:00:00,2025-02-07 14:30:00,30
S0002581,A039,2025-02-08,2025-02-08 10:00:00,2025-02-08 19:00:00,540,2025-02-08 14:00:00,2025-02-08 14:30:00,30
S0002582,A039,2025-02-09,2025-02-09 10:00:00,2025-02-09 19:00:00,540,2025-02-09 14:00:00,2025-02-09 14:30:00,30
S0002583,A039,2025-02-10,2025-02-10 10:00:00,2025-02-10 19:00:00,540,2025-02-10 14:00:00,2025-02-10 14:30:00,30
S0002584,A039,2025-02-11,2025-02-11 10:00:00,2025-02-11 19:00:00,540,2025-02-11 14:00:00,2025-02-11 14:30:00,30
S0002585,A039,2025-02-12,2025-02-12 10:00:00,2025-02-12 19:00:00,540,2025-02-12 14:00:00,2025-02-12 14:30:00,30
S0002586,A039,2025-02-13,2025-02-13 10:00:00,2025-02-13 19:00:00,540,2025-02-13 14:00:00,2025-02-13 14:30:00,30
S0002587,A039,2025-02-14,2025-02-14 10:00:00,2025-02-14 19:00:00,540,2025-02-14 14:00:00,2025-02-14 14:30:00,30
S0002588,A039,2025-02-16,2025-02-16 10:00:00,2025-02-16 19:00:00,540,2025-02-16 14:00:00,2025-02-16 14:30:00,30
S0002589,A039,2025-02-17,2025-02-17 10:00:00,2025-02-17 19:00:00,540,2025-02-17 14:00:00,2025-02-17 14:30:00,30
S0002590,A039,2025-02-18,2025-02-18 10:00:00,2025-02-18 19:00:00,540,2025-02-18 14:00:00,2025-02-18 14:30:00,30
S0002591,A039,2025-02-20,2025-02-20 10:00:00,2025-02-20 19:00:00,540,2025-02-20 14:00:00,2025-02-20 14:30:00,30
S0002592,A039,2025-02-21,2025-02-21 10:00:00,2025-02-21 19:00:00,540,2025-02-21 14:00:00,2025-02-21 14:30:00,30
S0002593,A039,2025-02-24,2025-02-24 10:00:00,2025-02-24 19:00:00,540,2025-02-24 14:00:00,2025-02-24 14:30:00,30
S0002594,A039,2025-02-25,2025-02-25 10:00:00,2025-02-25 19:00:00,540,2025-02-25 14:00:00,2025-02-25 14:30:00,30
S0002595,A039,2025-02-26,2025-02-26 10:00:00,2025-02-26 19:00:00,540,2025-02-26 14:00:00,2025-02-26 14:30:00,30
S0002596,A039,2025-02-27,2025-02-27 10:00:00,2025-02-27 19:00:00,540,2025-02-27 14:00:00,2025-02-27 14:30:00,30
S0002597,A039,2025-02-28,2025-02-28 10:00:00,2025-02-28 19:00:00,540,2025-02-28 14:00:00,2025-02-28 14:30:00,30
S0002598,A039,2025-03-01,2025-03-01 10:00:00,2025-03-01 19:00:00,540,2025-03-01 14:00:00,2025-03-01 14:30:00,30
S0002599,A039,2025-03-03,2025-03-03 10:00:00,2025-03-03 19:00:00,540,2025-03-03 14:00:00,2025-03-03 14:30:00,30
S0002600,A039,2025-03-04,2025-03-04 10:00:00,2025-03-04 19:00:00,540,2025-03-04 14:00:00,2025-03-04 14:30:00,30
S0002601,A039,2025-03-05,2025-03-05 10:00:00,2025-03-05 19:00:00,540,2025-03-05 14:00:00,2025-03-05 14:30:00,30
S0002602,A039,2025-03-06,2025-03-06 10:00:00,2025-03-06 19:00:00,540,2025-03-06 14:00:00,2025-03-06 14:30:00,30
S0002603,A039,2025-03-07,2025-03-07 10:00:00,2025-03-07 19:00:00,540,2025-03-07 14:00:00,2025-03-07 14:30:00,30
S0002604,A039,2025-03-08,2025-03-08 10:00:00,2025-03-08 19:00:00,540,2025-03-08 14:00:00,2025-03-08 14:30:00,30
S0002605,A039,2025-03-09,2025-03-09 10:00:00,2025-03-09 19:00:00,540,2025-03-09 14:00:00,2025-03-09 14:30:00,30
S0002606,A039,2025-03-10,2025-03-10 10:00:00,2025-03-10 19:00:00,540,2025-03-10 14:00:00,2025-03-10 14:30:00,30
S0002607,A039,2025-03-11,2025-03-11 10:00:00,2025-03-11 19:00:00,540,2025-03-11 14:00:00,2025-03-11 14:30:00,30
S0002608,A039,2025-03-12,2025-03-12 10:00:00,2025-03-12 19:00:00,540,2025-03-12 14:00:00,2025-03-12 14:30:00,30
S0002609,A039,2025-03-13,2025-03-13 10:00:00,2025-03-13 19:00:00,540,2025-03-13 14:00:00,2025-03-13 14:30:00,30
S0002610,A039,2025-03-14,2025-03-14 10:00:00,2025-03-14 19:00:00,540,2025-03-14 14:00:00,2025-03-14 14:30:00,30
S0002611,A039,2025-03-15,2025-03-15 10:00:00,2025-03-15 19:00:00,540,2025-03-15 14:00:00,2025-03-15 14:30:00,30
S0002612,A039,2025-03-17,2025-03-17 10:00:00,2025-03-17 19:00:00,540,2025-03-17 14:00:00,2025-03-17 14:30:00,30
S0002613,A039,2025-03-18,2025-03-18 10:00:00,2025-03-18 19:00:00,540,2025-03-18 14:00:00,2025-03-18 14:30:00,30
S0002614,A039,2025-03-19,2025-03-19 10:00:00,2025-03-19 19:00:00,540,2025-03-19 14:00:00,2025-03-19 14:30:00,30
S0002615,A039,2025-03-20,2025-03-20 10:00:00,2025-03-20 19:00:00,540,2025-03-20 14:00:00,2025-03-20 14:30:00,30
S0002616,A039,2025-03-21,2025-03-21 10:00:00,2025-03-21 19:00:00,540,2025-03-21 14:00:00,2025-03-21 14:30:00,30
S0002617,A039,2025-03-24,2025-03-24 10:00:00,2025-03-24 19:00:00,540,2025-03-24 14:00:00,2025-03-24 14:30:00,30
S0002618,A039,2025-03-25,2025-03-25 10:00:00,2025-03-25 19:00:00,540,2025-03-25 14:00:00,2025-03-25 14:30:00,30
S0002619,A039,2025-03-26,2025-03-26 10:00:00,2025-03-26 19:00:00,540,2025-03-26 14:00:00,2025-03-26 14:30:00,30
S0002620,A039,2025-03-27,2025-03-27 10:00:00,2025-03-27 19:00:00,540,2025-03-27 14:00:00,2025-03-27 14:30:00,30
S0002621,A039,2025-03-28,2025-03-28 10:00:00,2025-03-28 19:00:00,540,2025-03-28 14:00:00,2025-03-28 14:30:00,30
S0002622,A039,2025-03-31,2025-03-31 10:00:00,2025-03-31 19:00:00,540,2025-03-31 14:00:00,2025-03-31 14:30:00,30
S0002623,A040,2025-01-01,2025-01-01 07:00:00,2025-01-01 16:00:00,540,2025-01-01 11:00:00,2025-01-01 11:30:00,30
S0002624,A040,2025-01-02,2025-01-02 07:00:00,2025-01-02 16:00:00,540,2025-01-02 11:00:00,2025-01-02 11:30:00,30
S0002625,A040,2025-01-03,2025-01-03 07:00:00,2025-01-03 16:00:00,540,2025-01-03 11:00:00,2025-01-03 11:30:00,30
S0002626,A040,2025-01-04,2025-01-04 07:00:00,2025-01-04 16:00:00,540,2025-01-04 11:00:00,2025-01-04 11:30:00,30
S0002627,A040,2025-01-06,2025-01-06 07:00:00,2025-01-06 16:00:00,540,2025-01-06 11:00:00,2025-01-06 11:30:00,30
S0002628,A040,2025-01-07,2025-01-07 07:00:00,2025-01-07 16:00:00,540,2025-01-07 11:00:00,2025-01-07 11:30:00,30
S0002629,A040,2025-01-08,2025-01-08 07:00:00,2025-01-08 16:00:00,540,2025-01-08 11:00:00,2025-01-08 11:30:00,30
S0002630,A040,2025-01-09,2025-01-09 07:00:00,2025-01-09 16:00:00,540,2025-01-09 11:00:00,2025-01-09 11:30:00,30
S0002631,A040,2025-01-10,2025-01-10 07:00:00,2025-01-10 16:00:00,540,2025-01-10 11:00:00,2025-01-10 11:30:00,30
S0002632,A040,2025-01-13,2025-01-13 07:00:00,2025-01-13 16:00:00,540,2025-01-13 11:00:00,2025-01-13 11:30:00,30
S0002633,A040,2025-01-14,2025-01-14 07:00:00,2025-01-14 16:00:00,540,2025-01-14 11:00:00,2025-01-14 11:30:00,30
S0002634,A040,2025-01-15,2025-01-15 07:00:00,2025-01-15 16:00:00,540,2025-01-15 11:00:00,2025-01-15 11:30:00,30
S0002635,A040,2025-01-16,2025-01-16 07:00:00,2025-01-16 16:00:00,540,2025-01-16 11:00:00,2025-01-16 11:30:00,30
S0002636,A040,2025-01-17,2025-01-17 07:00:00,2025-01-17 16:00:00,540,2025-01-17 11:00:00,2025-01-17 11:30:00,30
S0002637,A040,2025-01-18,2025-01-18 07:00:00,2025-01-18 16:00:00,540,2025-01-18 11:00:00,2025-01-18 11:30:00,30
S0002638,A040,2025-01-19,2025-01-19 07:00:00,2025-01-19 16:00:00,540,2025-01-19 11:00:00,2025-01-19 11:30:00,30
S0002639,A040,2025-01-20,2025-01-20 07:00:00,2025-01-20 16:00:00,540,2025-01-20 11:00:00,2025-01-20 11:30:00,30
S0002640,A040,2025-01-21,2025-01-21 07:00:00,2025-01-21 16:00:00,540,2025-01-21 11:00:00,2025-01-21 11:30:00,30
S0002641,A040,2025-01-22,2025-01-22 07:00:00,2025-01-22 16:00:00,540,2025-01-22 11:00:00,2025-01-22 11:30:00,30
S0002642,A040,2025-01-23,2025-01-23 07:00:00,2025-01-23 16:00:00,540,2025-01-23 11:00:00,2025-01-23 11:30:00,30
S0002643,A040,2025-01-24,2025-01-24 07:00:00,2025-01-24 16:00:00,540,2025-01-24 11:00:00,2025-01-24 11:30:00,30
S0002644,A040,2025-01-25,2025-01-25 07:00:00,2025-01-25 16:00:00,540,2025-01-25 11:00:00,2025-01-25 11:30:00,30
S0002645,A040,2025-01-27,2025-01-27 07:00:00,2025-01-27 16:00:00,540,2025-01-27 11:00:00,2025-01-27 11:30:00,30
S0002646,A040,2025-01-28,2025-01-28 07:00:00,2025-01-28 16:00:00,540,2025-01-28 11:00:00,2025-01-28 11:30:00,30
S0002647,A040,2025-01-29,2025-01-29 07:00:00,2025-01-29 16:00:00,540,2025-01-29 11:00:00,2025-01-29 11:30:00,30
S0002648,A040,2025-01-30,2025-01-30 07:00:00,2025-01-30 16:00:00,540,2025-01-30 11:00:00,2025-01-30 11:30:00,30
S0002649,A040,2025-01-31,2025-01-31 07:00:00,2025-01-31 16:00:00,540,2025-01-31 11:00:00,2025-01-31 11:30:00,30
S0002650,A040,2025-02-03,2025-02-03 07:00:00,2025-02-03 16:00:00,540,2025-02-03 11:00:00,2025-02-03 11:30:00,30
S0002651,A040,2025-02-04,2025-02-04 07:00:00,2025-02-04 16:00:00,540,2025-02-04 11:00:00,2025-02-04 11:30:00,30
S0002652,A040,2025-02-05,2025-02-05 07:00:00,2025-02-05 16:00:00,540,2025-02-05 11:00:00,2025-02-05 11:30:00,30
S0002653,A040,2025-02-06,2025-02-06 07:00:00,2025-02-06 16:00:00,540,2025-02-06 11:00:00,2025-02-06 11:30:00,30
S0002654,A040,2025-02-07,2025-02-07 07:00:00,2025-02-07 16:00:00,540,2025-02-07 11:00:00,2025-02-07 11:30:00,30
S0002655,A040,2025-02-11,2025-02-11 07:00:00,2025-02-11 16:00:00,540,2025-02-11 11:00:00,2025-02-11 11:30:00,30
S0002656,A040,2025-02-12,2025-02-12 07:00:00,2025-02-12 16:00:00,540,2025-02-12 11:00:00,2025-02-12 11:30:00,30
S0002657,A040,2025-02-13,2025-02-13 07:00:00,2025-02-13 16:00:00,540,2025-02-13 11:00:00,2025-02-13 11:30:00,30
S0002658,A040,2025-02-14,2025-02-14 07:00:00,2025-02-14 16:00:00,540,2025-02-14 11:00:00,2025-02-14 11:30:00,30
S0002659,A040,2025-02-17,2025-02-17 07:00:00,2025-02-17 16:00:00,540,2025-02-17 11:00:00,2025-02-17 11:30:00,30
S0002660,A040,2025-02-18,2025-02-18 07:00:00,2025-02-18 16:00:00,540,2025-02-18 11:00:00,2025-02-18 11:30:00,30
S0002661,A040,2025-02-19,2025-02-19 07:00:00,2025-02-19 16:00:00,540,2025-02-19 11:00:00,2025-02-19 11:30:00,30
S0002662,A040,2025-02-20,2025-02-20 07:00:00,2025-02-20 16:00:00,540,2025-02-20 11:00:00,2025-02-20 11:30:00,30
S0002663,A040,2025-02-21,2025-02-21 07:00:00,2025-02-21 16:00:00,540,2025-02-21 11:00:00,2025-02-21 11:30:00,30
S0002664,A040,2025-02-24,2025-02-24 07:00:00,2025-02-24 16:00:00,540,2025-02-24 11:00:00,2025-02-24 11:30:00,30
S0002665,A040,2025-02-25,2025-02-25 07:00:00,2025-02-25 16:00:00,540,2025-02-25 11:00:00,2025-02-25 11:30:00,30
S0002666,A040,2025-02-26,2025-02-26 07:00:00,2025-02-26 16:00:00,540,2025-02-26 11:00:00,2025-02-26 11:30:00,30
S0002667,A040,2025-02-27,2025-02-27 07:00:00,2025-02-27 16:00:00,540,2025-02-27 11:00:00,2025-02-27 11:30:00,30
S0002668,A040,2025-02-28,2025-02-28 07:00:00,2025-02-28 16:00:00,540,2025-02-28 11:00:00,2025-02-28 11:30:00,30
S0002669,A040,2025-03-02,2025-03-02 07:00:00,2025-03-02 16:00:00,540,2025-03-02 11:00:00,2025-03-02 11:30:00,30
S0002670,A040,2025-03-03,2025-03-03 07:00:00,2025-03-03 16:00:00,540,2025-03-03 11:00:00,2025-03-03 11:30:00,30
S0002671,A040,2025-03-04,2025-03-04 07:00:00,2025-03-04 16:00:00,540,2025-03-04 11:00:00,2025-03-04 11:30:00,30
S0002672,A040,2025-03-05,2025-03-05 07:00:00,2025-03-05 16:00:00,540,2025-03-05 11:00:00,2025-03-05 11:30:00,30
S0002673,A040,2025-03-10,2025-03-10 07:00:00,2025-03-10 16:00:00,540,2025-03-10 11:00:00,2025-03-10 11:30:00,30
S0002674,A040,2025-03-11,2025-03-11 07:00:00,2025-03-11 16:00:00,540,2025-03-11 11:00:00,2025-03-11 11:30:00,30
S0002675,A040,2025-03-12,2025-03-12 07:00:00,2025-03-12 16:00:00,540,2025-03-12 11:00:00,2025-03-12 11:30:00,30
S0002676,A040,2025-03-13,2025-03-13 07:00:00,2025-03-13 16:00:00,540,2025-03-13 11:00:00,2025-03-13 11:30:00,30
S0002677,A040,2025-03-14,2025-03-14 07:00:00,2025-03-14 16:00:00,540,2025-03-14 11:00:00,2025-03-14 11:30:00,30
S0002678,A040,2025-03-17,2025-03-17 07:00:00,2025-03-17 16:00:00,540,2025-03-17 11:00:00,2025-03-17 11:30:00,30
S0002679,A040,2025-03-18,2025-03-18 07:00:00,2025-03-18 16:00:00,540,2025-03-18 11:00:00,2025-03-18 11:30:00,30
S0002680,A040,2025-03-19,2025-03-19 07:00:00,2025-03-19 16:00:00,540,2025-03-19 11:00:00,2025-03-19 11:30:00,30
S0002681,A040,2025-03-20,2025-03-20 07:00:00,2025-03-20 16:00:00,540,2025-03-20 11:00:00,2025-03-20 11:30:00,30
S0002682,A040,2025-03-21,2025-03-21 07:00:00,2025-03-21 16:00:00,540,2025-03-21 11:00:00,2025-03-21 11:30:00,30
S0002683,A040,2025-03-24,2025-03-24 07:00:00,2025-03-24 16:00:00,540,2025-03-24 11:00:00,2025-03-24 11:30:00,30
S0002684,A040,2025-03-25,2025-03-25 07:00:00,2025-03-25 16:00:00,540,2025-03-25 11:00:00,2025-03-25 11:30:00,30
S0002685,A040,2025-03-26,2025-03-26 07:00:00,2025-03-26 16:00:00,540,2025-03-26 11:00:00,2025-03-26 11:30:00,30
S0002686,A040,2025-03-27,2025-03-27 07:00:00,2025-03-27 16:00:00,540,2025-03-27 11:00:00,2025-03-27 11:30:00,30
S0002687,A040,2025-03-28,2025-03-28 07:00:00,2025-03-28 16:00:00,540,2025-03-28 11:00:00,2025-03-28 11:30:00,30
S0002688,A040,2025-03-31,2025-03-31 07:00:00,2025-03-31 16:00:00,540,2025-03-31 11:00:00,2025-03-31 11:30:00,30
S0002689,A041,2025-01-01,2025-01-01 09:00:00,2025-01-01 18:00:00,540,2025-01-01 13:00:00,2025-01-01 13:30:00,30
S0002690,A041,2025-01-02,2025-01-02 09:00:00,2025-01-02 18:00:00,540,2025-01-02 13:00:00,2025-01-02 13:30:00,30
S0002691,A041,2025-01-03,2025-01-03 09:00:00,2025-01-03 18:00:00,540,2025-01-03 13:00:00,2025-01-03 13:30:00,30
S0002692,A041,2025-01-06,2025-01-06 09:00:00,2025-01-06 18:00:00,540,2025-01-06 13:00:00,2025-01-06 13:30:00,30
S0002693,A041,2025-01-07,2025-01-07 09:00:00,2025-01-07 18:00:00,540,2025-01-07 13:00:00,2025-01-07 13:30:00,30
S0002694,A041,2025-01-08,2025-01-08 09:00:00,2025-01-08 18:00:00,540,2025-01-08 13:00:00,2025-01-08 13:30:00,30
S0002695,A041,2025-01-09,2025-01-09 09:00:00,2025-01-09 18:00:00,540,2025-01-09 13:00:00,2025-01-09 13:30:00,30
S0002696,A041,2025-01-13,2025-01-13 09:00:00,2025-01-13 18:00:00,540,2025-01-13 13:00:00,2025-01-13 13:30:00,30
S0002697,A041,2025-01-14,2025-01-14 09:00:00,2025-01-14 18:00:00,540,2025-01-14 13:00:00,2025-01-14 13:30:00,30
S0002698,A041,2025-01-15,2025-01-15 09:00:00,2025-01-15 18:00:00,540,2025-01-15 13:00:00,2025-01-15 13:30:00,30
S0002699,A041,2025-01-16,2025-01-16 09:00:00,2025-01-16 18:00:00,540,2025-01-16 13:00:00,2025-01-16 13:30:00,30
S0002700,A041,2025-01-17,2025-01-17 09:00:00,2025-01-17 18:00:00,540,2025-01-17 13:00:00,2025-01-17 13:30:00,30
S0002701,A041,2025-01-20,2025-01-20 09:00:00,2025-01-20 18:00:00,540,2025-01-20 13:00:00,2025-01-20 13:30:00,30
S0002702,A041,2025-01-21,2025-01-21 09:00:00,2025-01-21 18:00:00,540,2025-01-21 13:00:00,2025-01-21 13:30:00,30
S0002703,A041,2025-01-22,2025-01-22 09:00:00,2025-01-22 18:00:00,540,2025-01-22 13:00:00,2025-01-22 13:30:00,30
S0002704,A041,2025-01-23,2025-01-23 09:00:00,2025-01-23 18:00:00,540,2025-01-23 13:00:00,2025-01-23 13:30:00,30
S0002705,A041,2025-01-24,2025-01-24 09:00:00,2025-01-24 18:00:00,540,2025-01-24 13:00:00,2025-01-24 13:30:00,30
S0002706,A041,2025-01-27,2025-01-27 09:00:00,2025-01-27 18:00:00,540,2025-01-27 13:00:00,2025-01-27 13:30:00,30
S0002707,A041,2025-01-28,2025-01-28 09:00:00,2025-01-28 18:00:00,540,2025-01-28 13:00:00,2025-01-28 13:30:00,30
S0002708,A041,2025-01-29,2025-01-29 09:00:00,2025-01-29 18:00:00,540,2025-01-29 13:00:00,2025-01-29 13:30:00,30
S0002709,A041,2025-01-30,2025-01-30 09:00:00,2025-01-30 18:00:00,540,2025-01-30 13:00:00,2025-01-30 13:30:00,30
S0002710,A041,2025-01-31,2025-01-31 09:00:00,2025-01-31 18:00:00,540,2025-01-31 13:00:00,2025-01-31 13:30:00,30
S0002711,A041,2025-02-02,2025-02-02 09:00:00,2025-02-02 18:00:00,540,2025-02-02 13:00:00,2025-02-02 13:30:00,30
S0002712,A041,2025-02-03,2025-02-03 09:00:00,2025-02-03 18:00:00,540,2025-02-03 13:00:00,2025-02-03 13:30:00,30
S0002713,A041,2025-02-04,2025-02-04 09:00:00,2025-02-04 18:00:00,540,2025-02-04 13:00:00,2025-02-04 13:30:00,30
S0002714,A041,2025-02-05,2025-02-05 09:00:00,2025-02-05 18:00:00,540,2025-02-05 13:00:00,2025-02-05 13:30:00,30
S0002715,A041,2025-02-06,2025-02-06 09:00:00,2025-02-06 18:00:00,540,2025-02-06 13:00:00,2025-02-06 13:30:00,30
S0002716,A041,2025-02-07,2025-02-07 09:00:00,2025-02-07 18:00:00,540,2025-02-07 13:00:00,2025-02-07 13:30:00,30
S0002717,A041,2025-02-08,2025-02-08 09:00:00,2025-02-08 18:00:00,540,2025-02-08 13:00:00,2025-02-08 13:30:00,30
S0002718,A041,2025-02-10,2025-02-10 09:00:00,2025-02-10 18:00:00,540,2025-02-10 13:00:00,2025-02-10 13:30:00,30
S0002719,A041,2025-02-11,2025-02-11 09:00:00,2025-02-11 18:00:00,540,2025-02-11 13:00:00,2025-02-11 13:30:00,30
S0002720,A041,2025-02-12,2025-02-12 09:00:00,2025-02-12 18:00:00,540,2025-02-12 13:00:00,2025-02-12 13:30:00,30
S0002721,A041,2025-02-13,2025-02-13 09:00:00,2025-02-13 18:00:00,540,2025-02-13 13:00:00,2025-02-13 13:30:00,30
S0002722,A041,2025-02-14,2025-02-14 09:00:00,2025-02-14 18:00:00,540,2025-02-14 13:00:00,2025-02-14 13:30:00,30
S0002723,A041,2025-02-17,2025-02-17 09:00:00,2025-02-17 18:00:00,540,2025-02-17 13:00:00,2025-02-17 13:30:00,30
S0002724,A041,2025-02-19,2025-02-19 09:00:00,2025-02-19 18:00:00,540,2025-02-19 13:00:00,2025-02-19 13:30:00,30
S0002725,A041,2025-02-20,2025-02-20 09:00:00,2025-02-20 18:00:00,540,2025-02-20 13:00:00,2025-02-20 13:30:00,30
S0002726,A041,2025-02-21,2025-02-21 09:00:00,2025-02-21 18:00:00,540,2025-02-21 13:00:00,2025-02-21 13:30:00,30
S0002727,A041,2025-02-22,2025-02-22 09:00:00,2025-02-22 18:00:00,540,2025-02-22 13:00:00,2025-02-22 13:30:00,30
S0002728,A041,2025-02-24,2025-02-24 09:00:00,2025-02-24 18:00:00,540,2025-02-24 13:00:00,2025-02-24 13:30:00,30
S0002729,A041,2025-02-25,2025-02-25 09:00:00,2025-02-25 18:00:00,540,2025-02-25 13:00:00,2025-02-25 13:30:00,30
S0002730,A041,2025-02-26,2025-02-26 09:00:00,2025-02-26 18:00:00,540,2025-02-26 13:00:00,2025-02-26 13:30:00,30
S0002731,A041,2025-02-27,2025-02-27 09:00:00,2025-02-27 18:00:00,540,2025-02-27 13:00:00,2025-02-27 13:30:00,30
S0002732,A041,2025-02-28,2025-02-28 09:00:00,2025-02-28 18:00:00,540,2025-02-28 13:00:00,2025-02-28 13:30:00,30
S0002733,A041,2025-03-03,2025-03-03 09:00:00,2025-03-03 18:00:00,540,2025-03-03 13:00:00,2025-03-03 13:30:00,30
S0002734,A041,2025-03-04,2025-03-04 09:00:00,2025-03-04 18:00:00,540,2025-03-04 13:00:00,2025-03-04 13:30:00,30
S0002735,A041,2025-03-05,2025-03-05 09:00:00,2025-03-05 18:00:00,540,2025-03-05 13:00:00,2025-03-05 13:30:00,30
S0002736,A041,2025-03-06,2025-03-06 09:00:00,2025-03-06 18:00:00,540,2025-03-06 13:00:00,2025-03-06 13:30:00,30
S0002737,A041,2025-03-07,2025-03-07 09:00:00,2025-03-07 18:00:00,540,2025-03-07 13:00:00,2025-03-07 13:30:00,30
S0002738,A041,2025-03-10,2025-03-10 09:00:00,2025-03-10 18:00:00,540,2025-03-10 13:00:00,2025-03-10 13:30:00,30
S0002739,A041,2025-03-11,2025-03-11 09:00:00,2025-03-11 18:00:00,540,2025-03-11 13:00:00,2025-03-11 13:30:00,30
S0002740,A041,2025-03-12,2025-03-12 09:00:00,2025-03-12 18:00:00,540,2025-03-12 13:00:00,2025-03-12 13:30:00,30
S0002741,A041,2025-03-13,2025-03-13 09:00:00,2025-03-13 18:00:00,540,2025-03-13 13:00:00,2025-03-13 13:30:00,30
S0002742,A041,2025-03-14,2025-03-14 09:00:00,2025-03-14 18:00:00,540,2025-03-14 13:00:00,2025-03-14 13:30:00,30
S0002743,A041,2025-03-17,2025-03-17 09:00:00,2025-03-17 18:00:00,540,2025-03-17 13:00:00,2025-03-17 13:30:00,30
S0002744,A041,2025-03-18,2025-03-18 09:00:00,2025-03-18 18:00:00,540,2025-03-18 13:00:00,2025-03-18 13:30:00,30
S0002745,A041,2025-03-19,2025-03-19 09:00:00,2025-03-19 18:00:00,540,2025-03-19 13:00:00,2025-03-19 13:30:00,30
S0002746,A041,2025-03-20,2025-03-20 09:00:00,2025-03-20 18:00:00,540,2025-03-20 13:00:00,2025-03-20 13:30:00,30
S0002747,A041,2025-03-21,2025-03-21 09:00:00,2025-03-21 18:00:00,540,2025-03-21 13:00:00,2025-03-21 13:30:00,30
S0002748,A041,2025-03-24,2025-03-24 09:00:00,2025-03-24 18:00:00,540,2025-03-24 13:00:00,2025-03-24 13:30:00,30
S0002749,A041,2025-03-25,2025-03-25 09:00:00,2025-03-25 18:00:00,540,2025-03-25 13:00:00,2025-03-25 13:30:00,30
S0002750,A041,2025-03-26,2025-03-26 09:00:00,2025-03-26 18:00:00,540,2025-03-26 13:00:00,2025-03-26 13:30:00,30
S0002751,A041,2025-03-27,2025-03-27 09:00:00,2025-03-27 18:00:00,540,2025-03-27 13:00:00,2025-03-27 13:30:00,30
S0002752,A041,2025-03-28,2025-03-28 09:00:00,2025-03-28 18:00:00,540,2025-03-28 13:00:00,2025-03-28 13:30:00,30
S0002753,A041,2025-03-31,2025-03-31 09:00:00,2025-03-31 18:00:00,540,2025-03-31 13:00:00,2025-03-31 13:30:00,30
S0002754,A042,2025-01-01,2025-01-01 09:00:00,2025-01-01 18:00:00,540,2025-01-01 13:00:00,2025-01-01 13:30:00,30
S0002755,A042,2025-01-02,2025-01-02 09:00:00,2025-01-02 18:00:00,540,2025-01-02 13:00:00,2025-01-02 13:30:00,30
S0002756,A042,2025-01-03,2025-01-03 09:00:00,2025-01-03 18:00:00,540,2025-01-03 13:00:00,2025-01-03 13:30:00,30
S0002757,A042,2025-01-06,2025-01-06 09:00:00,2025-01-06 18:00:00,540,2025-01-06 13:00:00,2025-01-06 13:30:00,30
S0002758,A042,2025-01-07,2025-01-07 09:00:00,2025-01-07 18:00:00,540,2025-01-07 13:00:00,2025-01-07 13:30:00,30
S0002759,A042,2025-01-08,2025-01-08 09:00:00,2025-01-08 18:00:00,540,2025-01-08 13:00:00,2025-01-08 13:30:00,30
S0002760,A042,2025-01-09,2025-01-09 09:00:00,2025-01-09 18:00:00,540,2025-01-09 13:00:00,2025-01-09 13:30:00,30
S0002761,A042,2025-01-10,2025-01-10 09:00:00,2025-01-10 18:00:00,540,2025-01-10 13:00:00,2025-01-10 13:30:00,30
S0002762,A042,2025-01-13,2025-01-13 09:00:00,2025-01-13 18:00:00,540,2025-01-13 13:00:00,2025-01-13 13:30:00,30
S0002763,A042,2025-01-14,2025-01-14 09:00:00,2025-01-14 18:00:00,540,2025-01-14 13:00:00,2025-01-14 13:30:00,30
S0002764,A042,2025-01-15,2025-01-15 09:00:00,2025-01-15 18:00:00,540,2025-01-15 13:00:00,2025-01-15 13:30:00,30
S0002765,A042,2025-01-16,2025-01-16 09:00:00,2025-01-16 18:00:00,540,2025-01-16 13:00:00,2025-01-16 13:30:00,30
S0002766,A042,2025-01-17,2025-01-17 09:00:00,2025-01-17 18:00:00,540,2025-01-17 13:00:00,2025-01-17 13:30:00,30
S0002767,A042,2025-01-19,2025-01-19 09:00:00,2025-01-19 18:00:00,540,2025-01-19 13:00:00,2025-01-19 13:30:00,30
S0002768,A042,2025-01-20,2025-01-20 09:00:00,2025-01-20 18:00:00,540,2025-01-20 13:00:00,2025-01-20 13:30:00,30
S0002769,A042,2025-01-21,2025-01-21 09:00:00,2025-01-21 18:00:00,540,2025-01-21 13:00:00,2025-01-21 13:30:00,30
S0002770,A042,2025-01-22,2025-01-22 09:00:00,2025-01-22 18:00:00,540,2025-01-22 13:00:00,2025-01-22 13:30:00,30
S0002771,A042,2025-01-23,2025-01-23 09:00:00,2025-01-23 18:00:00,540,2025-01-23 13:00:00,2025-01-23 13:30:00,30
S0002772,A042,2025-01-24,2025-01-24 09:00:00,2025-01-24 18:00:00,540,2025-01-24 13:00:00,2025-01-24 13:30:00,30
S0002773,A042,2025-01-27,2025-01-27 09:00:00,2025-01-27 18:00:00,540,2025-01-27 13:00:00,2025-01-27 13:30:00,30
S0002774,A042,2025-01-28,2025-01-28 09:00:00,2025-01-28 18:00:00,540,2025-01-28 13:00:00,2025-01-28 13:30:00,30
S0002775,A042,2025-01-29,2025-01-29 09:00:00,2025-01-29 18:00:00,540,2025-01-29 13:00:00,2025-01-29 13:30:00,30
S0002776,A042,2025-01-30,2025-01-30 09:00:00,2025-01-30 18:00:00,540,2025-01-30 13:00:00,2025-01-30 13:30:00,30
S0002777,A042,2025-01-31,2025-01-31 09:00:00,2025-01-31 18:00:00,540,2025-01-31 13:00:00,2025-01-31 13:30:00,30
S0002778,A042,2025-02-01,2025-02-01 09:00:00,2025-02-01 18:00:00,540,2025-02-01 13:00:00,2025-02-01 13:30:00,30
S0002779,A042,2025-02-03,2025-02-03 09:00:00,2025-02-03 18:00:00,540,2025-02-03 13:00:00,2025-02-03 13:30:00,30
S0002780,A042,2025-02-04,2025-02-04 09:00:00,2025-02-04 18:00:00,540,2025-02-04 13:00:00,2025-02-04 13:30:00,30
S0002781,A042,2025-02-05,2025-02-05 09:00:00,2025-02-05 18:00:00,540,2025-02-05 13:00:00,2025-02-05 13:30:00,30
S0002782,A042,2025-02-06,2025-02-06 09:00:00,2025-02-06 18:00:00,540,2025-02-06 13:00:00,2025-02-06 13:30:00,30
S0002783,A042,2025-02-07,2025-02-07 09:00:00,2025-02-07 18:00:00,540,2025-02-07 13:00:00,2025-02-07 13:30:00,30
S0002784,A042,2025-02-10,2025-02-10 09:00:00,2025-02-10 18:00:00,540,2025-02-10 13:00:00,2025-02-10 13:30:00,30
S0002785,A042,2025-02-11,2025-02-11 09:00:00,2025-02-11 18:00:00,540,2025-02-11 13:00:00,2025-02-11 13:30:00,30
S0002786,A042,2025-02-12,2025-02-12 09:00:00,2025-02-12 18:00:00,540,2025-02-12 13:00:00,2025-02-12 13:30:00,30
S0002787,A042,2025-02-13,2025-02-13 09:00:00,2025-02-13 18:00:00,540,2025-02-13 13:00:00,2025-02-13 13:30:00,30
S0002788,A042,2025-02-14,2025-02-14 09:00:00,2025-02-14 18:00:00,540,2025-02-14 13:00:00,2025-02-14 13:30:00,30
S0002789,A042,2025-02-17,2025-02-17 09:00:00,2025-02-17 18:00:00,540,2025-02-17 13:00:00,2025-02-17 13:30:00,30
S0002790,A042,2025-02-18,2025-02-18 09:00:00,2025-02-18 18:00:00,540,2025-02-18 13:00:00,2025-02-18 13:30:00,30
S0002791,A042,2025-02-19,2025-02-19 09:00:00,2025-02-19 18:00:00,540,2025-02-19 13:00:00,2025-02-19 13:30:00,30
S0002792,A042,2025-02-20,2025-02-20 09:00:00,2025-02-20 18:00:00,540,2025-02-20 13:00:00,2025-02-20 13:30:00,30
S0002793,A042,2025-02-21,2025-02-21 09:00:00,2025-02-21 18:00:00,540,2025-02-21 13:00:00,2025-02-21 13:30:00,30
S0002794,A042,2025-02-24,2025-02-24 09:00:00,2025-02-24 18:00:00,540,2025-02-24 13:00:00,2025-02-24 13:30:00,30
S0002795,A042,2025-02-25,2025-02-25 09:00:00,2025-02-25 18:00:00,540,2025-02-25 13:00:00,2025-02-25 13:30:00,30
S0002796,A042,2025-02-26,2025-02-26 09:00:00,2025-02-26 18:00:00,540,2025-02-26 13:00:00,2025-02-26 13:30:00,30
S0002797,A042,2025-02-27,2025-02-27 09:00:00,2025-02-27 18:00:00,540,2025-02-27 13:00:00,2025-02-27 13:30:00,30
S0002798,A042,2025-02-28,2025-02-28 09:00:00,2025-02-28 18:00:00,540,2025-02-28 13:00:00,2025-02-28 13:30:00,30
S0002799,A042,2025-03-02,2025-03-02 09:00:00,2025-03-02 18:00:00,540,2025-03-02 13:00:00,2025-03-02 13:30:00,30
S0002800,A042,2025-03-03,2025-03-03 09:00:00,2025-03-03 18:00:00,540,2025-03-03 13:00:00,2025-03-03 13:30:00,30
S0002801,A042,2025-03-04,2025-03-04 09:00:00,2025-03-04 18:00:00,540,2025-03-04 13:00:00,2025-03-04 13:30:00,30
S0002802,A042,2025-03-05,2025-03-05 09:00:00,2025-03-05 18:00:00,540,2025-03-05 13:00:00,2025-03-05 13:30:00,30
S0002803,A042,2025-03-06,2025-03-06 09:00:00,2025-03-06 18:00:00,540,2025-03-06 13:00:00,2025-03-06 13:30:00,30
S0002804,A042,2025-03-10,2025-03-10 09:00:00,2025-03-10 18:00:00,540,2025-03-10 13:00:00,2025-03-10 13:30:00,30
S0002805,A042,2025-03-11,2025-03-11 09:00:00,2025-03-11 18:00:00,540,2025-03-11 13:00:00,2025-03-11 13:30:00,30
S0002806,A042,2025-03-12,2025-03-12 09:00:00,2025-03-12 18:00:00,540,2025-03-12 13:00:00,2025-03-12 13:30:00,30
S0002807,A042,2025-03-13,2025-03-13 09:00:00,2025-03-13 18:00:00,540,2025-03-13 13:00:00,2025-03-13 13:30:00,30
S0002808,A042,2025-03-14,2025-03-14 09:00:00,2025-03-14 18:00:00,540,2025-03-14 13:00:00,2025-03-14 13:30:00,30
S0002809,A042,2025-03-15,2025-03-15 09:00:00,2025-03-15 18:00:00,540,2025-03-15 13:00:00,2025-03-15 13:30:00,30
S0002810,A042,2025-03-17,2025-03-17 09:00:00,2025-03-17 18:00:00,540,2025-03-17 13:00:00,2025-03-17 13:30:00,30
S0002811,A042,2025-03-18,2025-03-18 09:00:00,2025-03-18 18:00:00,540,2025-03-18 13:00:00,2025-03-18 13:30:00,30
S0002812,A042,2025-03-19,2025-03-19 09:00:00,2025-03-19 18:00:00,540,2025-03-19 13:00:00,2025-03-19 13:30:00,30
S0002813,A042,2025-03-20,2025-03-20 09:00:00,2025-03-20 18:00:00,540,2025-03-20 13:00:00,2025-03-20 13:30:00,30
S0002814,A042,2025-03-21,2025-03-21 09:00:00,2025-03-21 18:00:00,540,2025-03-21 13:00:00,2025-03-21 13:30:00,30
S0002815,A042,2025-03-22,2025-03-22 09:00:00,2025-03-22 18:00:00,540,2025-03-22 13:00:00,2025-03-22 13:30:00,30
S0002816,A042,2025-03-23,2025-03-23 09:00:00,2025-03-23 18:00:00,540,2025-03-23 13:00:00,2025-03-23 13:30:00,30
S0002817,A042,2025-03-24,2025-03-24 09:00:00,2025-03-24 18:00:00,540,2025-03-24 13:00:00,2025-03-24 13:30:00,30
S0002818,A042,2025-03-25,2025-03-25 09:00:00,2025-03-25 18:00:00,540,2025-03-25 13:00:00,2025-03-25 13:30:00,30
S0002819,A042,2025-03-26,2025-03-26 09:00:00,2025-03-26 18:00:00,540,2025-03-26 13:00:00,2025-03-26 13:30:00,30
S0002820,A042,2025-03-27,2025-03-27 09:00:00,2025-03-27 18:00:00,540,2025-03-27 13:00:00,2025-03-27 13:30:00,30
S0002821,A042,2025-03-28,2025-03-28 09:00:00,2025-03-28 18:00:00,540,2025-03-28 13:00:00,2025-03-28 13:30:00,30
S0002822,A042,2025-03-29,2025-03-29 09:00:00,2025-03-29 18:00:00,540,2025-03-29 13:00:00,2025-03-29 13:30:00,30
S0002823,A042,2025-03-31,2025-03-31 09:00:00,2025-03-31 18:00:00,540,2025-03-31 13:00:00,2025-03-31 13:30:00,30
S0002824,A043,2025-01-01,2025-01-01 08:00:00,2025-01-01 17:00:00,540,2025-01-01 12:00:00,2025-01-01 12:30:00,30
S0002825,A043,2025-01-02,2025-01-02 08:00:00,2025-01-02 17:00:00,540,2025-01-02 12:00:00,2025-01-02 12:30:00,30
S0002826,A043,2025-01-03,2025-01-03 08:00:00,2025-01-03 17:00:00,540,2025-01-03 12:00:00,2025-01-03 12:30:00,30
S0002827,A043,2025-01-04,2025-01-04 08:00:00,2025-01-04 17:00:00,540,2025-01-04 12:00:00,2025-01-04 12:30:00,30
S0002828,A043,2025-01-06,2025-01-06 08:00:00,2025-01-06 17:00:00,540,2025-01-06 12:00:00,2025-01-06 12:30:00,30
S0002829,A043,2025-01-07,2025-01-07 08:00:00,2025-01-07 17:00:00,540,2025-01-07 12:00:00,2025-01-07 12:30:00,30
S0002830,A043,2025-01-08,2025-01-08 08:00:00,2025-01-08 17:00:00,540,2025-01-08 12:00:00,2025-01-08 12:30:00,30
S0002831,A043,2025-01-09,2025-01-09 08:00:00,2025-01-09 17:00:00,540,2025-01-09 12:00:00,2025-01-09 12:30:00,30
S0002832,A043,2025-01-10,2025-01-10 08:00:00,2025-01-10 17:00:00,540,2025-01-10 12:00:00,2025-01-10 12:30:00,30
S0002833,A043,2025-01-13,2025-01-13 08:00:00,2025-01-13 17:00:00,540,2025-01-13 12:00:00,2025-01-13 12:30:00,30
S0002834,A043,2025-01-14,2025-01-14 08:00:00,2025-01-14 17:00:00,540,2025-01-14 12:00:00,2025-01-14 12:30:00,30
S0002835,A043,2025-01-15,2025-01-15 08:00:00,2025-01-15 17:00:00,540,2025-01-15 12:00:00,2025-01-15 12:30:00,30
S0002836,A043,2025-01-16,2025-01-16 08:00:00,2025-01-16 17:00:00,540,2025-01-16 12:00:00,2025-01-16 12:30:00,30
S0002837,A043,2025-01-17,2025-01-17 08:00:00,2025-01-17 17:00:00,540,2025-01-17 12:00:00,2025-01-17 12:30:00,30
S0002838,A043,2025-01-20,2025-01-20 08:00:00,2025-01-20 17:00:00,540,2025-01-20 12:00:00,2025-01-20 12:30:00,30
S0002839,A043,2025-01-21,2025-01-21 08:00:00,2025-01-21 17:00:00,540,2025-01-21 12:00:00,2025-01-21 12:30:00,30
S0002840,A043,2025-01-22,2025-01-22 08:00:00,2025-01-22 17:00:00,540,2025-01-22 12:00:00,2025-01-22 12:30:00,30
S0002841,A043,2025-01-23,2025-01-23 08:00:00,2025-01-23 17:00:00,540,2025-01-23 12:00:00,2025-01-23 12:30:00,30
S0002842,A043,2025-01-24,2025-01-24 08:00:00,2025-01-24 17:00:00,540,2025-01-24 12:00:00,2025-01-24 12:30:00,30
S0002843,A043,2025-01-27,2025-01-27 08:00:00,2025-01-27 17:00:00,540,2025-01-27 12:00:00,2025-01-27 12:30:00,30
S0002844,A043,2025-01-28,2025-01-28 08:00:00,2025-01-28 17:00:00,540,2025-01-28 12:00:00,2025-01-28 12:30:00,30
S0002845,A043,2025-01-29,2025-01-29 08:00:00,2025-01-29 17:00:00,540,2025-01-29 12:00:00,2025-01-29 12:30:00,30
S0002846,A043,2025-01-31,2025-01-31 08:00:00,2025-01-31 17:00:00,540,2025-01-31 12:00:00,2025-01-31 12:30:00,30
S0002847,A043,2025-02-01,2025-02-01 08:00:00,2025-02-01 17:00:00,540,2025-02-01 12:00:00,2025-02-01 12:30:00,30
S0002848,A043,2025-02-03,2025-02-03 08:00:00,2025-02-03 17:00:00,540,2025-02-03 12:00:00,2025-02-03 12:30:00,30
S0002849,A043,2025-02-04,2025-02-04 08:00:00,2025-02-04 17:00:00,540,2025-02-04 12:00:00,2025-02-04 12:30:00,30
S0002850,A043,2025-02-06,2025-02-06 08:00:00,2025-02-06 17:00:00,540,2025-02-06 12:00:00,2025-02-06 12:30:00,30
S0002851,A043,2025-02-07,2025-02-07 08:00:00,2025-02-07 17:00:00,540,2025-02-07 12:00:00,2025-02-07 12:30:00,30
S0002852,A043,2025-02-11,2025-02-11 08:00:00,2025-02-11 17:00:00,540,2025-02-11 12:00:00,2025-02-11 12:30:00,30
S0002853,A043,2025-02-12,2025-02-12 08:00:00,2025-02-12 17:00:00,540,2025-02-12 12:00:00,2025-02-12 12:30:00,30
S0002854,A043,2025-02-13,2025-02-13 08:00:00,2025-02-13 17:00:00,540,2025-02-13 12:00:00,2025-02-13 12:30:00,30
S0002855,A043,2025-02-14,2025-02-14 08:00:00,2025-02-14 17:00:00,540,2025-02-14 12:00:00,2025-02-14 12:30:00,30
S0002856,A043,2025-02-17,2025-02-17 08:00:00,2025-02-17 17:00:00,540,2025-02-17 12:00:00,2025-02-17 12:30:00,30
S0002857,A043,2025-02-18,2025-02-18 08:00:00,2025-02-18 17:00:00,540,2025-02-18 12:00:00,2025-02-18 12:30:00,30
S0002858,A043,2025-02-19,2025-02-19 08:00:00,2025-02-19 17:00:00,540,2025-02-19 12:00:00,2025-02-19 12:30:00,30
S0002859,A043,2025-02-20,2025-02-20 08:00:00,2025-02-20 17:00:00,540,2025-02-20 12:00:00,2025-02-20 12:30:00,30
S0002860,A043,2025-02-21,2025-02-21 08:00:00,2025-02-21 17:00:00,540,2025-02-21 12:00:00,2025-02-21 12:30:00,30
S0002861,A043,2025-02-23,2025-02-23 08:00:00,2025-02-23 17:00:00,540,2025-02-23 12:00:00,2025-02-23 12:30:00,30
S0002862,A043,2025-02-24,2025-02-24 08:00:00,2025-02-24 17:00:00,540,2025-02-24 12:00:00,2025-02-24 12:30:00,30
S0002863,A043,2025-02-25,2025-02-25 08:00:00,2025-02-25 17:00:00,540,2025-02-25 12:00:00,2025-02-25 12:30:00,30
S0002864,A043,2025-02-26,2025-02-26 08:00:00,2025-02-26 17:00:00,540,2025-02-26 12:00:00,2025-02-26 12:30:00,30
S0002865,A043,2025-02-28,2025-02-28 08:00:00,2025-02-28 17:00:00,540,2025-02-28 12:00:00,2025-02-28 12:30:00,30
S0002866,A043,2025-03-02,2025-03-02 08:00:00,2025-03-02 17:00:00,540,2025-03-02 12:00:00,2025-03-02 12:30:00,30
S0002867,A043,2025-03-04,2025-03-04 08:00:00,2025-03-04 17:00:00,540,2025-03-04 12:00:00,2025-03-04 12:30:00,30
S0002868,A043,2025-03-06,2025-03-06 08:00:00,2025-03-06 17:00:00,540,2025-03-06 12:00:00,2025-03-06 12:30:00,30
S0002869,A043,2025-03-07,2025-03-07 08:00:00,2025-03-07 17:00:00,540,2025-03-07 12:00:00,2025-03-07 12:30:00,30
S0002870,A043,2025-03-10,2025-03-10 08:00:00,2025-03-10 17:00:00,540,2025-03-10 12:00:00,2025-03-10 12:30:00,30
S0002871,A043,2025-03-11,2025-03-11 08:00:00,2025-03-11 17:00:00,540,2025-03-11 12:00:00,2025-03-11 12:30:00,30
S0002872,A043,2025-03-12,2025-03-12 08:00:00,2025-03-12 17:00:00,540,2025-03-12 12:00:00,2025-03-12 12:30:00,30
S0002873,A043,2025-03-13,2025-03-13 08:00:00,2025-03-13 17:00:00,540,2025-03-13 12:00:00,2025-03-13 12:30:00,30
S0002874,A043,2025-03-15,2025-03-15 08:00:00,2025-03-15 17:00:00,540,2025-03-15 12:00:00,2025-03-15 12:30:00,30
S0002875,A043,2025-03-17,2025-03-17 08:00:00,2025-03-17 17:00:00,540,2025-03-17 12:00:00,2025-03-17 12:30:00,30
S0002876,A043,2025-03-18,2025-03-18 08:00:00,2025-03-18 17:00:00,540,2025-03-18 12:00:00,2025-03-18 12:30:00,30
S0002877,A043,2025-03-19,2025-03-19 08:00:00,2025-03-19 17:00:00,540,2025-03-19 12:00:00,2025-03-19 12:30:00,30
S0002878,A043,2025-03-20,2025-03-20 08:00:00,2025-03-20 17:00:00,540,2025-03-20 12:00:00,2025-03-20 12:30:00,30
S0002879,A043,2025-03-21,2025-03-21 08:00:00,2025-03-21 17:00:00,540,2025-03-21 12:00:00,2025-03-21 12:30:00,30
S0002880,A043,2025-03-24,2025-03-24 08:00:00,2025-03-24 17:00:00,540,2025-03-24 12:00:00,2025-03-24 12:30:00,30
S0002881,A043,2025-03-26,2025-03-26 08:00:00,2025-03-26 17:00:00,540,2025-03-26 12:00:00,2025-03-26 12:30:00,30
S0002882,A043,2025-03-27,2025-03-27 08:00:00,2025-03-27 17:00:00,540,2025-03-27 12:00:00,2025-03-27 12:30:00,30
S0002883,A043,2025-03-28,2025-03-28 08:00:00,2025-03-28 17:00:00,540,2025-03-28 12:00:00,2025-03-28 12:30:00,30
S0002884,A043,2025-03-31,2025-03-31 08:00:00,2025-03-31 17:00:00,540,2025-03-31 12:00:00,2025-03-31 12:30:00,30
S0002885,A044,2025-01-01,2025-01-01 07:00:00,2025-01-01 16:00:00,540,2025-01-01 11:00:00,2025-01-01 11:30:00,30
S0002886,A044,2025-01-02,2025-01-02 07:00:00,2025-01-02 16:00:00,540,2025-01-02 11:00:00,2025-01-02 11:30:00,30
S0002887,A044,2025-01-03,2025-01-03 07:00:00,2025-01-03 16:00:00,540,2025-01-03 11:00:00,2025-01-03 11:30:00,30
S0002888,A044,2025-01-06,2025-01-06 07:00:00,2025-01-06 16:00:00,540,2025-01-06 11:00:00,2025-01-06 11:30:00,30
S0002889,A044,2025-01-07,2025-01-07 07:00:00,2025-01-07 16:00:00,540,2025-01-07 11:00:00,2025-01-07 11:30:00,30
S0002890,A044,2025-01-08,2025-01-08 07:00:00,2025-01-08 16:00:00,540,2025-01-08 11:00:00,2025-01-08 11:30:00,30
S0002891,A044,2025-01-09,2025-01-09 07:00:00,2025-01-09 16:00:00,540,2025-01-09 11:00:00,2025-01-09 11:30:00,30
S0002892,A044,2025-01-10,2025-01-10 07:00:00,2025-01-10 16:00:00,540,2025-01-10 11:00:00,2025-01-10 11:30:00,30
S0002893,A044,2025-01-13,2025-01-13 07:00:00,2025-01-13 16:00:00,540,2025-01-13 11:00:00,2025-01-13 11:30:00,30
S0002894,A044,2025-01-14,2025-01-14 07:00:00,2025-01-14 16:00:00,540,2025-01-14 11:00:00,2025-01-14 11:30:00,30
S0002895,A044,2025-01-15,2025-01-15 07:00:00,2025-01-15 16:00:00,540,2025-01-15 11:00:00,2025-01-15 11:30:00,30
S0002896,A044,2025-01-16,2025-01-16 07:00:00,2025-01-16 16:00:00,540,2025-01-16 11:00:00,2025-01-16 11:30:00,30
S0002897,A044,2025-01-17,2025-01-17 07:00:00,2025-01-17 16:00:00,540,2025-01-17 11:00:00,2025-01-17 11:30:00,30
S0002898,A044,2025-01-18,2025-01-18 07:00:00,2025-01-18 16:00:00,540,2025-01-18 11:00:00,2025-01-18 11:30:00,30
S0002899,A044,2025-01-20,2025-01-20 07:00:00,2025-01-20 16:00:00,540,2025-01-20 11:00:00,2025-01-20 11:30:00,30
S0002900,A044,2025-01-21,2025-01-21 07:00:00,2025-01-21 16:00:00,540,2025-01-21 11:00:00,2025-01-21 11:30:00,30
S0002901,A044,2025-01-22,2025-01-22 07:00:00,2025-01-22 16:00:00,540,2025-01-22 11:00:00,2025-01-22 11:30:00,30
S0002902,A044,2025-01-23,2025-01-23 07:00:00,2025-01-23 16:00:00,540,2025-01-23 11:00:00,2025-01-23 11:30:00,30
S0002903,A044,2025-01-24,2025-01-24 07:00:00,2025-01-24 16:00:00,540,2025-01-24 11:00:00,2025-01-24 11:30:00,30
S0002904,A044,2025-01-25,2025-01-25 07:00:00,2025-01-25 16:00:00,540,2025-01-25 11:00:00,2025-01-25 11:30:00,30
S0002905,A044,2025-01-27,2025-01-27 07:00:00,2025-01-27 16:00:00,540,2025-01-27 11:00:00,2025-01-27 11:30:00,30
S0002906,A044,2025-01-28,2025-01-28 07:00:00,2025-01-28 16:00:00,540,2025-01-28 11:00:00,2025-01-28 11:30:00,30
S0002907,A044,2025-01-29,2025-01-29 07:00:00,2025-01-29 16:00:00,540,2025-01-29 11:00:00,2025-01-29 11:30:00,30
S0002908,A044,2025-01-30,2025-01-30 07:00:00,2025-01-30 16:00:00,540,2025-01-30 11:00:00,2025-01-30 11:30:00,30
S0002909,A044,2025-02-02,2025-02-02 07:00:00,2025-02-02 16:00:00,540,2025-02-02 11:00:00,2025-02-02 11:30:00,30
S0002910,A044,2025-02-03,2025-02-03 07:00:00,2025-02-03 16:00:00,540,2025-02-03 11:00:00,2025-02-03 11:30:00,30
S0002911,A044,2025-02-04,2025-02-04 07:00:00,2025-02-04 16:00:00,540,2025-02-04 11:00:00,2025-02-04 11:30:00,30
S0002912,A044,2025-02-05,2025-02-05 07:00:00,2025-02-05 16:00:00,540,2025-02-05 11:00:00,2025-02-05 11:30:00,30
S0002913,A044,2025-02-06,2025-02-06 07:00:00,2025-02-06 16:00:00,540,2025-02-06 11:00:00,2025-02-06 11:30:00,30
S0002914,A044,2025-02-07,2025-02-07 07:00:00,2025-02-07 16:00:00,540,2025-02-07 11:00:00,2025-02-07 11:30:00,30
S0002915,A044,2025-02-08,2025-02-08 07:00:00,2025-02-08 16:00:00,540,2025-02-08 11:00:00,2025-02-08 11:30:00,30
S0002916,A044,2025-02-10,2025-02-10 07:00:00,2025-02-10 16:00:00,540,2025-02-10 11:00:00,2025-02-10 11:30:00,30
S0002917,A044,2025-02-11,2025-02-11 07:00:00,2025-02-11 16:00:00,540,2025-02-11 11:00:00,2025-02-11 11:30:00,30
S0002918,A044,2025-02-12,2025-02-12 07:00:00,2025-02-12 16:00:00,540,2025-02-12 11:00:00,2025-02-12 11:30:00,30
S0002919,A044,2025-02-13,2025-02-13 07:00:00,2025-02-13 16:00:00,540,2025-02-13 11:00:00,2025-02-13 11:30:00,30
S0002920,A044,2025-02-14,2025-02-14 07:00:00,2025-02-14 16:00:00,540,2025-02-14 11:00:00,2025-02-14 11:30:00,30
S0002921,A044,2025-02-17,2025-02-17 07:00:00,2025-02-17 16:00:00,540,2025-02-17 11:00:00,2025-02-17 11:30:00,30
S0002922,A044,2025-02-18,2025-02-18 07:00:00,2025-02-18 16:00:00,540,2025-02-18 11:00:00,2025-02-18 11:30:00,30
S0002923,A044,2025-02-19,2025-02-19 07:00:00,2025-02-19 16:00:00,540,2025-02-19 11:00:00,2025-02-19 11:30:00,30
S0002924,A044,2025-02-20,2025-02-20 07:00:00,2025-02-20 16:00:00,540,2025-02-20 11:00:00,2025-02-20 11:30:00,30
S0002925,A044,2025-02-21,2025-02-21 07:00:00,2025-02-21 16:00:00,540,2025-02-21 11:00:00,2025-02-21 11:30:00,30
S0002926,A044,2025-02-24,2025-02-24 07:00:00,2025-02-24 16:00:00,540,2025-02-24 11:00:00,2025-02-24 11:30:00,30
S0002927,A044,2025-02-25,2025-02-25 07:00:00,2025-02-25 16:00:00,540,2025-02-25 11:00:00,2025-02-25 11:30:00,30
S0002928,A044,2025-02-27,2025-02-27 07:00:00,2025-02-27 16:00:00,540,2025-02-27 11:00:00,2025-02-27 11:30:00,30
S0002929,A044,2025-02-28,2025-02-28 07:00:00,2025-02-28 16:00:00,540,2025-02-28 11:00:00,2025-02-28 11:30:00,30
S0002930,A044,2025-03-03,2025-03-03 07:00:00,2025-03-03 16:00:00,540,2025-03-03 11:00:00,2025-03-03 11:30:00,30
S0002931,A044,2025-03-04,2025-03-04 07:00:00,2025-03-04 16:00:00,540,2025-03-04 11:00:00,2025-03-04 11:30:00,30
S0002932,A044,2025-03-05,2025-03-05 07:00:00,2025-03-05 16:00:00,540,2025-03-05 11:00:00,2025-03-05 11:30:00,30
S0002933,A044,2025-03-06,2025-03-06 07:00:00,2025-03-06 16:00:00,540,2025-03-06 11:00:00,2025-03-06 11:30:00,30
S0002934,A044,2025-03-07,2025-03-07 07:00:00,2025-03-07 16:00:00,540,2025-03-07 11:00:00,2025-03-07 11:30:00,30
S0002935,A044,2025-03-10,2025-03-10 07:00:00,2025-03-10 16:00:00,540,2025-03-10 11:00:00,2025-03-10 11:30:00,30
S0002936,A044,2025-03-11,2025-03-11 07:00:00,2025-03-11 16:00:00,540,2025-03-11 11:00:00,2025-03-11 11:30:00,30
S0002937,A044,2025-03-12,2025-03-12 07:00:00,2025-03-12 16:00:00,540,2025-03-12 11:00:00,2025-03-12 11:30:00,30
S0002938,A044,2025-03-13,2025-03-13 07:00:00,2025-03-13 16:00:00,540,2025-03-13 11:00:00,2025-03-13 11:30:00,30
S0002939,A044,2025-03-14,2025-03-14 07:00:00,2025-03-14 16:00:00,540,2025-03-14 11:00:00,2025-03-14 11:30:00,30
S0002940,A044,2025-03-17,2025-03-17 07:00:00,2025-03-17 16:00:00,540,2025-03-17 11:00:00,2025-03-17 11:30:00,30
S0002941,A044,2025-03-19,2025-03-19 07:00:00,2025-03-19 16:00:00,540,2025-03-19 11:00:00,2025-03-19 11:30:00,30
S0002942,A044,2025-03-20,2025-03-20 07:00:00,2025-03-20 16:00:00,540,2025-03-20 11:00:00,2025-03-20 11:30:00,30
S0002943,A044,2025-03-21,2025-03-21 07:00:00,2025-03-21 16:00:00,540,2025-03-21 11:00:00,2025-03-21 11:30:00,30
S0002944,A044,2025-03-22,2025-03-22 07:00:00,2025-03-22 16:00:00,540,2025-03-22 11:00:00,2025-03-22 11:30:00,30
S0002945,A044,2025-03-24,2025-03-24 07:00:00,2025-03-24 16:00:00,540,2025-03-24 11:00:00,2025-03-24 11:30:00,30
S0002946,A044,2025-03-25,2025-03-25 07:00:00,2025-03-25 16:00:00,540,2025-03-25 11:00:00,2025-03-25 11:30:00,30
S0002947,A044,2025-03-26,2025-03-26 07:00:00,2025-03-26 16:00:00,540,2025-03-26 11:00:00,2025-03-26 11:30:00,30
S0002948,A044,2025-03-27,2025-03-27 07:00:00,2025-03-27 16:00:00,540,2025-03-27 11:00:00,2025-03-27 11:30:00,30
S0002949,A044,2025-03-28,2025-03-28 07:00:00,2025-03-28 16:00:00,540,2025-03-28 11:00:00,2025-03-28 11:30:00,30
S0002950,A044,2025-03-31,2025-03-31 07:00:00,2025-03-31 16:00:00,540,2025-03-31 11:00:00,2025-03-31 11:30:00,30
S0002951,A045,2025-01-01,2025-01-01 07:00:00,2025-01-01 16:00:00,540,2025-01-01 11:00:00,2025-01-01 11:30:00,30
S0002952,A045,2025-01-02,2025-01-02 07:00:00,2025-01-02 16:00:00,540,2025-01-02 11:00:00,2025-01-02 11:30:00,30
S0002953,A045,2025-01-03,2025-01-03 07:00:00,2025-01-03 16:00:00,540,2025-01-03 11:00:00,2025-01-03 11:30:00,30
S0002954,A045,2025-01-04,2025-01-04 07:00:00,2025-01-04 16:00:00,540,2025-01-04 11:00:00,2025-01-04 11:30:00,30
S0002955,A045,2025-01-06,2025-01-06 07:00:00,2025-01-06 16:00:00,540,2025-01-06 11:00:00,2025-01-06 11:30:00,30
S0002956,A045,2025-01-07,2025-01-07 07:00:00,2025-01-07 16:00:00,540,2025-01-07 11:00:00,2025-01-07 11:30:00,30
S0002957,A045,2025-01-08,2025-01-08 07:00:00,2025-01-08 16:00:00,540,2025-01-08 11:00:00,2025-01-08 11:30:00,30
S0002958,A045,2025-01-09,2025-01-09 07:00:00,2025-01-09 16:00:00,540,2025-01-09 11:00:00,2025-01-09 11:30:00,30
S0002959,A045,2025-01-10,2025-01-10 07:00:00,2025-01-10 16:00:00,540,2025-01-10 11:00:00,2025-01-10 11:30:00,30
S0002960,A045,2025-01-13,2025-01-13 07:00:00,2025-01-13 16:00:00,540,2025-01-13 11:00:00,2025-01-13 11:30:00,30
S0002961,A045,2025-01-14,2025-01-14 07:00:00,2025-01-14 16:00:00,540,2025-01-14 11:00:00,2025-01-14 11:30:00,30
S0002962,A045,2025-01-15,2025-01-15 07:00:00,2025-01-15 16:00:00,540,2025-01-15 11:00:00,2025-01-15 11:30:00,30
S0002963,A045,2025-01-16,2025-01-16 07:00:00,2025-01-16 16:00:00,540,2025-01-16 11:00:00,2025-01-16 11:30:00,30
S0002964,A045,2025-01-17,2025-01-17 07:00:00,2025-01-17 16:00:00,540,2025-01-17 11:00:00,2025-01-17 11:30:00,30
S0002965,A045,2025-01-18,2025-01-18 07:00:00,2025-01-18 16:00:00,540,2025-01-18 11:00:00,2025-01-18 11:30:00,30
S0002966,A045,2025-01-20,2025-01-20 07:00:00,2025-01-20 16:00:00,540,2025-01-20 11:00:00,2025-01-20 11:30:00,30
S0002967,A045,2025-01-21,2025-01-21 07:00:00,2025-01-21 16:00:00,540,2025-01-21 11:00:00,2025-01-21 11:30:00,30
S0002968,A045,2025-01-22,2025-01-22 07:00:00,2025-01-22 16:00:00,540,2025-01-22 11:00:00,2025-01-22 11:30:00,30
S0002969,A045,2025-01-23,2025-01-23 07:00:00,2025-01-23 16:00:00,540,2025-01-23 11:00:00,2025-01-23 11:30:00,30
S0002970,A045,2025-01-24,2025-01-24 07:00:00,2025-01-24 16:00:00,540,2025-01-24 11:00:00,2025-01-24 11:30:00,30
S0002971,A045,2025-01-26,2025-01-26 07:00:00,2025-01-26 16:00:00,540,2025-01-26 11:00:00,2025-01-26 11:30:00,30
S0002972,A045,2025-01-27,2025-01-27 07:00:00,2025-01-27 16:00:00,540,2025-01-27 11:00:00,2025-01-27 11:30:00,30
S0002973,A045,2025-01-28,2025-01-28 07:00:00,2025-01-28 16:00:00,540,2025-01-28 11:00:00,2025-01-28 11:30:00,30
S0002974,A045,2025-01-29,2025-01-29 07:00:00,2025-01-29 16:00:00,540,2025-01-29 11:00:00,2025-01-29 11:30:00,30
S0002975,A045,2025-01-30,2025-01-30 07:00:00,2025-01-30 16:00:00,540,2025-01-30 11:00:00,2025-01-30 11:30:00,30
S0002976,A045,2025-01-31,2025-01-31 07:00:00,2025-01-31 16:00:00,540,2025-01-31 11:00:00,2025-01-31 11:30:00,30
S0002977,A045,2025-02-01,2025-02-01 07:00:00,2025-02-01 16:00:00,540,2025-02-01 11:00:00,2025-02-01 11:30:00,30
S0002978,A045,2025-02-03,2025-02-03 07:00:00,2025-02-03 16:00:00,540,2025-02-03 11:00:00,2025-02-03 11:30:00,30
S0002979,A045,2025-02-04,2025-02-04 07:00:00,2025-02-04 16:00:00,540,2025-02-04 11:00:00,2025-02-04 11:30:00,30
S0002980,A045,2025-02-05,2025-02-05 07:00:00,2025-02-05 16:00:00,540,2025-02-05 11:00:00,2025-02-05 11:30:00,30
S0002981,A045,2025-02-06,2025-02-06 07:00:00,2025-02-06 16:00:00,540,2025-02-06 11:00:00,2025-02-06 11:30:00,30
S0002982,A045,2025-02-07,2025-02-07 07:00:00,2025-02-07 16:00:00,540,2025-02-07 11:00:00,2025-02-07 11:30:00,30
S0002983,A045,2025-02-10,2025-02-10 07:00:00,2025-02-10 16:00:00,540,2025-02-10 11:00:00,2025-02-10 11:30:00,30
S0002984,A045,2025-02-11,2025-02-11 07:00:00,2025-02-11 16:00:00,540,2025-02-11 11:00:00,2025-02-11 11:30:00,30
S0002985,A045,2025-02-12,2025-02-12 07:00:00,2025-02-12 16:00:00,540,2025-02-12 11:00:00,2025-02-12 11:30:00,30
S0002986,A045,2025-02-13,2025-02-13 07:00:00,2025-02-13 16:00:00,540,2025-02-13 11:00:00,2025-02-13 11:30:00,30
S0002987,A045,2025-02-14,2025-02-14 07:00:00,2025-02-14 16:00:00,540,2025-02-14 11:00:00,2025-02-14 11:30:00,30
S0002988,A045,2025-02-17,2025-02-17 07:00:00,2025-02-17 16:00:00,540,2025-02-17 11:00:00,2025-02-17 11:30:00,30
S0002989,A045,2025-02-18,2025-02-18 07:00:00,2025-02-18 16:00:00,540,2025-02-18 11:00:00,2025-02-18 11:30:00,30
S0002990,A045,2025-02-19,2025-02-19 07:00:00,2025-02-19 16:00:00,540,2025-02-19 11:00:00,2025-02-19 11:30:00,30
S0002991,A045,2025-02-20,2025-02-20 07:00:00,2025-02-20 16:00:00,540,2025-02-20 11:00:00,2025-02-20 11:30:00,30
S0002992,A045,2025-02-21,2025-02-21 07:00:00,2025-02-21 16:00:00,540,2025-02-21 11:00:00,2025-02-21 11:30:00,30
S0002993,A045,2025-02-23,2025-02-23 07:00:00,2025-02-23 16:00:00,540,2025-02-23 11:00:00,2025-02-23 11:30:00,30
S0002994,A045,2025-02-24,2025-02-24 07:00:00,2025-02-24 16:00:00,540,2025-02-24 11:00:00,2025-02-24 11:30:00,30
S0002995,A045,2025-02-25,2025-02-25 07:00:00,2025-02-25 16:00:00,540,2025-02-25 11:00:00,2025-02-25 11:30:00,30
S0002996,A045,2025-02-26,2025-02-26 07:00:00,2025-02-26 16:00:00,540,2025-02-26 11:00:00,2025-02-26 11:30:00,30
S0002997,A045,2025-02-28,2025-02-28 07:00:00,2025-02-28 16:00:00,540,2025-02-28 11:00:00,2025-02-28 11:30:00,30
S0002998,A045,2025-03-03,2025-03-03 07:00:00,2025-03-03 16:00:00,540,2025-03-03 11:00:00,2025-03-03 11:30:00,30
S0002999,A045,2025-03-04,2025-03-04 07:00:00,2025-03-04 16:00:00,540,2025-03-04 11:00:00,2025-03-04 11:30:00,30
S0003000,A045,2025-03-05,2025-03-05 07:00:00,2025-03-05 16:00:00,540,2025-03-05 11:00:00,2025-03-05 11:30:00,30
S0003001,A045,2025-03-06,2025-03-06 07:00:00,2025-03-06 16:00:00,540,2025-03-06 11:00:00,2025-03-06 11:30:00,30
S0003002,A045,2025-03-07,2025-03-07 07:00:00,2025-03-07 16:00:00,540,2025-03-07 11:00:00,2025-03-07 11:30:00,30
S0003003,A045,2025-03-10,2025-03-10 07:00:00,2025-03-10 16:00:00,540,2025-03-10 11:00:00,2025-03-10 11:30:00,30
S0003004,A045,2025-03-11,2025-03-11 07:00:00,2025-03-11 16:00:00,540,2025-03-11 11:00:00,2025-03-11 11:30:00,30
S0003005,A045,2025-03-12,2025-03-12 07:00:00,2025-03-12 16:00:00,540,2025-03-12 11:00:00,2025-03-12 11:30:00,30
S0003006,A045,2025-03-13,2025-03-13 07:00:00,2025-03-13 16:00:00,540,2025-03-13 11:00:00,2025-03-13 11:30:00,30
S0003007,A045,2025-03-17,2025-03-17 07:00:00,2025-03-17 16:00:00,540,2025-03-17 11:00:00,2025-03-17 11:30:00,30
S0003008,A045,2025-03-18,2025-03-18 07:00:00,2025-03-18 16:00:00,540,2025-03-18 11:00:00,2025-03-18 11:30:00,30
S0003009,A045,2025-03-19,2025-03-19 07:00:00,2025-03-19 16:00:00,540,2025-03-19 11:00:00,2025-03-19 11:30:00,30
S0003010,A045,2025-03-20,2025-03-20 07:00:00,2025-03-20 16:00:00,540,2025-03-20 11:00:00,2025-03-20 11:30:00,30
S0003011,A045,2025-03-21,2025-03-21 07:00:00,2025-03-21 16:00:00,540,2025-03-21 11:00:00,2025-03-21 11:30:00,30
S0003012,A045,2025-03-22,2025-03-22 07:00:00,2025-03-22 16:00:00,540,2025-03-22 11:00:00,2025-03-22 11:30:00,30
S0003013,A045,2025-03-23,2025-03-23 07:00:00,2025-03-23 16:00:00,540,2025-03-23 11:00:00,2025-03-23 11:30:00,30
S0003014,A045,2025-03-24,2025-03-24 07:00:00,2025-03-24 16:00:00,540,2025-03-24 11:00:00,2025-03-24 11:30:00,30
S0003015,A045,2025-03-25,2025-03-25 07:00:00,2025-03-25 16:00:00,540,2025-03-25 11:00:00,2025-03-25 11:30:00,30
S0003016,A045,2025-03-26,2025-03-26 07:00:00,2025-03-26 16:00:00,540,2025-03-26 11:00:00,2025-03-26 11:30:00,30
S0003017,A045,2025-03-27,2025-03-27 07:00:00,2025-03-27 16:00:00,540,2025-03-27 11:00:00,2025-03-27 11:30:00,30
S0003018,A045,2025-03-28,2025-03-28 07:00:00,2025-03-28 16:00:00,540,2025-03-28 11:00:00,2025-03-28 11:30:00,30
S0003019,A045,2025-03-31,2025-03-31 07:00:00,2025-03-31 16:00:00,540,2025-03-31 11:00:00,2025-03-31 11:30:00,30
S0003020,A046,2025-01-01,2025-01-01 08:00:00,2025-01-01 17:00:00,540,2025-01-01 12:00:00,2025-01-01 12:30:00,30
S0003021,A046,2025-01-02,2025-01-02 08:00:00,2025-01-02 17:00:00,540,2025-01-02 12:00:00,2025-01-02 12:30:00,30
S0003022,A046,2025-01-03,2025-01-03 08:00:00,2025-01-03 17:00:00,540,2025-01-03 12:00:00,2025-01-03 12:30:00,30
S0003023,A046,2025-01-06,2025-01-06 08:00:00,2025-01-06 17:00:00,540,2025-01-06 12:00:00,2025-01-06 12:30:00,30
S0003024,A046,2025-01-07,2025-01-07 08:00:00,2025-01-07 17:00:00,540,2025-01-07 12:00:00,2025-01-07 12:30:00,30
S0003025,A046,2025-01-08,2025-01-08 08:00:00,2025-01-08 17:00:00,540,2025-01-08 12:00:00,2025-01-08 12:30:00,30
S0003026,A046,2025-01-09,2025-01-09 08:00:00,2025-01-09 17:00:00,540,2025-01-09 12:00:00,2025-01-09 12:30:00,30
S0003027,A046,2025-01-10,2025-01-10 08:00:00,2025-01-10 17:00:00,540,2025-01-10 12:00:00,2025-01-10 12:30:00,30
S0003028,A046,2025-01-13,2025-01-13 08:00:00,2025-01-13 17:00:00,540,2025-01-13 12:00:00,2025-01-13 12:30:00,30
S0003029,A046,2025-01-14,2025-01-14 08:00:00,2025-01-14 17:00:00,540,2025-01-14 12:00:00,2025-01-14 12:30:00,30
S0003030,A046,2025-01-15,2025-01-15 08:00:00,2025-01-15 17:00:00,540,2025-01-15 12:00:00,2025-01-15 12:30:00,30
S0003031,A046,2025-01-16,2025-01-16 08:00:00,2025-01-16 17:00:00,540,2025-01-16 12:00:00,2025-01-16 12:30:00,30
S0003032,A046,2025-01-17,2025-01-17 08:00:00,2025-01-17 17:00:00,540,2025-01-17 12:00:00,2025-01-17 12:30:00,30
S0003033,A046,2025-01-20,2025-01-20 08:00:00,2025-01-20 17:00:00,540,2025-01-20 12:00:00,2025-01-20 12:30:00,30
S0003034,A046,2025-01-22,2025-01-22 08:00:00,2025-01-22 17:00:00,540,2025-01-22 12:00:00,2025-01-22 12:30:00,30
S0003035,A046,2025-01-23,2025-01-23 08:00:00,2025-01-23 17:00:00,540,2025-01-23 12:00:00,2025-01-23 12:30:00,30
S0003036,A046,2025-01-24,2025-01-24 08:00:00,2025-01-24 17:00:00,540,2025-01-24 12:00:00,2025-01-24 12:30:00,30
S0003037,A046,2025-01-27,2025-01-27 08:00:00,2025-01-27 17:00:00,540,2025-01-27 12:00:00,2025-01-27 12:30:00,30
S0003038,A046,2025-01-28,2025-01-28 08:00:00,2025-01-28 17:00:00,540,2025-01-28 12:00:00,2025-01-28 12:30:00,30
S0003039,A046,2025-01-29,2025-01-29 08:00:00,2025-01-29 17:00:00,540,2025-01-29 12:00:00,2025-01-29 12:30:00,30
S0003040,A046,2025-01-30,2025-01-30 08:00:00,2025-01-30 17:00:00,540,2025-01-30 12:00:00,2025-01-30 12:30:00,30
S0003041,A046,2025-01-31,2025-01-31 08:00:00,2025-01-31 17:00:00,540,2025-01-31 12:00:00,2025-01-31 12:30:00,30
S0003042,A046,2025-02-01,2025-02-01 08:00:00,2025-02-01 17:00:00,540,2025-02-01 12:00:00,2025-02-01 12:30:00,30
S0003043,A046,2025-02-03,2025-02-03 08:00:00,2025-02-03 17:00:00,540,2025-02-03 12:00:00,2025-02-03 12:30:00,30
S0003044,A046,2025-02-04,2025-02-04 08:00:00,2025-02-04 17:00:00,540,2025-02-04 12:00:00,2025-02-04 12:30:00,30
S0003045,A046,2025-02-05,2025-02-05 08:00:00,2025-02-05 17:00:00,540,2025-02-05 12:00:00,2025-02-05 12:30:00,30
S0003046,A046,2025-02-06,2025-02-06 08:00:00,2025-02-06 17:00:00,540,2025-02-06 12:00:00,2025-02-06 12:30:00,30
S0003047,A046,2025-02-07,2025-02-07 08:00:00,2025-02-07 17:00:00,540,2025-02-07 12:00:00,2025-02-07 12:30:00,30
S0003048,A046,2025-02-10,2025-02-10 08:00:00,2025-02-10 17:00:00,540,2025-02-10 12:00:00,2025-02-10 12:30:00,30
S0003049,A046,2025-02-11,2025-02-11 08:00:00,2025-02-11 17:00:00,540,2025-02-11 12:00:00,2025-02-11 12:30:00,30
S0003050,A046,2025-02-12,2025-02-12 08:00:00,2025-02-12 17:00:00,540,2025-02-12 12:00:00,2025-02-12 12:30:00,30
S0003051,A046,2025-02-13,2025-02-13 08:00:00,2025-02-13 17:00:00,540,2025-02-13 12:00:00,2025-02-13 12:30:00,30
S0003052,A046,2025-02-14,2025-02-14 08:00:00,2025-02-14 17:00:00,540,2025-02-14 12:00:00,2025-02-14 12:30:00,30
S0003053,A046,2025-02-17,2025-02-17 08:00:00,2025-02-17 17:00:00,540,2025-02-17 12:00:00,2025-02-17 12:30:00,30
S0003054,A046,2025-02-18,2025-02-18 08:00:00,2025-02-18 17:00:00,540,2025-02-18 12:00:00,2025-02-18 12:30:00,30
S0003055,A046,2025-02-19,2025-02-19 08:00:00,2025-02-19 17:00:00,540,2025-02-19 12:00:00,2025-02-19 12:30:00,30
S0003056,A046,2025-02-20,2025-02-20 08:00:00,2025-02-20 17:00:00,540,2025-02-20 12:00:00,2025-02-20 12:30:00,30
S0003057,A046,2025-02-21,2025-02-21 08:00:00,2025-02-21 17:00:00,540,2025-02-21 12:00:00,2025-02-21 12:30:00,30
S0003058,A046,2025-02-22,2025-02-22 08:00:00,2025-02-22 17:00:00,540,2025-02-22 12:00:00,2025-02-22 12:30:00,30
S0003059,A046,2025-02-23,2025-02-23 08:00:00,2025-02-23 17:00:00,540,2025-02-23 12:00:00,2025-02-23 12:30:00,30
S0003060,A046,2025-02-24,2025-02-24 08:00:00,2025-02-24 17:00:00,540,2025-02-24 12:00:00,2025-02-24 12:30:00,30
S0003061,A046,2025-02-25,2025-02-25 08:00:00,2025-02-25 17:00:00,540,2025-02-25 12:00:00,2025-02-25 12:30:00,30
S0003062,A046,2025-02-26,2025-02-26 08:00:00,2025-02-26 17:00:00,540,2025-02-26 12:00:00,2025-02-26 12:30:00,30
S0003063,A046,2025-02-27,2025-02-27 08:00:00,2025-02-27 17:00:00,540,2025-02-27 12:00:00,2025-02-27 12:30:00,30
S0003064,A046,2025-02-28,2025-02-28 08:00:00,2025-02-28 17:00:00,540,2025-02-28 12:00:00,2025-02-28 12:30:00,30
S0003065,A046,2025-03-03,2025-03-03 08:00:00,2025-03-03 17:00:00,540,2025-03-03 12:00:00,2025-03-03 12:30:00,30
S0003066,A046,2025-03-04,2025-03-04 08:00:00,2025-03-04 17:00:00,540,2025-03-04 12:00:00,2025-03-04 12:30:00,30
S0003067,A046,2025-03-05,2025-03-05 08:00:00,2025-03-05 17:00:00,540,2025-03-05 12:00:00,2025-03-05 12:30:00,30
S0003068,A046,2025-03-06,2025-03-06 08:00:00,2025-03-06 17:00:00,540,2025-03-06 12:00:00,2025-03-06 12:30:00,30
S0003069,A046,2025-03-07,2025-03-07 08:00:00,2025-03-07 17:00:00,540,2025-03-07 12:00:00,2025-03-07 12:30:00,30
S0003070,A046,2025-03-10,2025-03-10 08:00:00,2025-03-10 17:00:00,540,2025-03-10 12:00:00,2025-03-10 12:30:00,30
S0003071,A046,2025-03-11,2025-03-11 08:00:00,2025-03-11 17:00:00,540,2025-03-11 12:00:00,2025-03-11 12:30:00,30
S0003072,A046,2025-03-12,2025-03-12 08:00:00,2025-03-12 17:00:00,540,2025-03-12 12:00:00,2025-03-12 12:30:00,30
S0003073,A046,2025-03-13,2025-03-13 08:00:00,2025-03-13 17:00:00,540,2025-03-13 12:00:00,2025-03-13 12:30:00,30
S0003074,A046,2025-03-14,2025-03-14 08:00:00,2025-03-14 17:00:00,540,2025-03-14 12:00:00,2025-03-14 12:30:00,30
S0003075,A046,2025-03-17,2025-03-17 08:00:00,2025-03-17 17:00:00,540,2025-03-17 12:00:00,2025-03-17 12:30:00,30
S0003076,A046,2025-03-18,2025-03-18 08:00:00,2025-03-18 17:00:00,540,2025-03-18 12:00:00,2025-03-18 12:30:00,30
S0003077,A046,2025-03-19,2025-03-19 08:00:00,2025-03-19 17:00:00,540,2025-03-19 12:00:00,2025-03-19 12:30:00,30
S0003078,A046,2025-03-20,2025-03-20 08:00:00,2025-03-20 17:00:00,540,2025-03-20 12:00:00,2025-03-20 12:30:00,30
S0003079,A046,2025-03-21,2025-03-21 08:00:00,2025-03-21 17:00:00,540,2025-03-21 12:00:00,2025-03-21 12:30:00,30
S0003080,A046,2025-03-24,2025-03-24 08:00:00,2025-03-24 17:00:00,540,2025-03-24 12:00:00,2025-03-24 12:30:00,30
S0003081,A046,2025-03-25,2025-03-25 08:00:00,2025-03-25 17:00:00,540,2025-03-25 12:00:00,2025-03-25 12:30:00,30
S0003082,A046,2025-03-26,2025-03-26 08:00:00,2025-03-26 17:00:00,540,2025-03-26 12:00:00,2025-03-26 12:30:00,30
S0003083,A046,2025-03-27,2025-03-27 08:00:00,2025-03-27 17:00:00,540,2025-03-27 12:00:00,2025-03-27 12:30:00,30
S0003084,A046,2025-03-28,2025-03-28 08:00:00,2025-03-28 17:00:00,540,2025-03-28 12:00:00,2025-03-28 12:30:00,30
S0003085,A046,2025-03-31,2025-03-31 08:00:00,2025-03-31 17:00:00,540,2025-03-31 12:00:00,2025-03-31 12:30:00,30
S0003086,A047,2025-01-01,2025-01-01 09:00:00,2025-01-01 18:00:00,540,2025-01-01 13:00:00,2025-01-01 13:30:00,30
S0003087,A047,2025-01-02,2025-01-02 09:00:00,2025-01-02 18:00:00,540,2025-01-02 13:00:00,2025-01-02 13:30:00,30
S0003088,A047,2025-01-03,2025-01-03 09:00:00,2025-01-03 18:00:00,540,2025-01-03 13:00:00,2025-01-03 13:30:00,30
S0003089,A047,2025-01-06,2025-01-06 09:00:00,2025-01-06 18:00:00,540,2025-01-06 13:00:00,2025-01-06 13:30:00,30
S0003090,A047,2025-01-07,2025-01-07 09:00:00,2025-01-07 18:00:00,540,2025-01-07 13:00:00,2025-01-07 13:30:00,30
S0003091,A047,2025-01-08,2025-01-08 09:00:00,2025-01-08 18:00:00,540,2025-01-08 13:00:00,2025-01-08 13:30:00,30
S0003092,A047,2025-01-09,2025-01-09 09:00:00,2025-01-09 18:00:00,540,2025-01-09 13:00:00,2025-01-09 13:30:00,30
S0003093,A047,2025-01-10,2025-01-10 09:00:00,2025-01-10 18:00:00,540,2025-01-10 13:00:00,2025-01-10 13:30:00,30
S0003094,A047,2025-01-13,2025-01-13 09:00:00,2025-01-13 18:00:00,540,2025-01-13 13:00:00,2025-01-13 13:30:00,30
S0003095,A047,2025-01-14,2025-01-14 09:00:00,2025-01-14 18:00:00,540,2025-01-14 13:00:00,2025-01-14 13:30:00,30
S0003096,A047,2025-01-15,2025-01-15 09:00:00,2025-01-15 18:00:00,540,2025-01-15 13:00:00,2025-01-15 13:30:00,30
S0003097,A047,2025-01-16,2025-01-16 09:00:00,2025-01-16 18:00:00,540,2025-01-16 13:00:00,2025-01-16 13:30:00,30
S0003098,A047,2025-01-17,2025-01-17 09:00:00,2025-01-17 18:00:00,540,2025-01-17 13:00:00,2025-01-17 13:30:00,30
S0003099,A047,2025-01-19,2025-01-19 09:00:00,2025-01-19 18:00:00,540,2025-01-19 13:00:00,2025-01-19 13:30:00,30
S0003100,A047,2025-01-20,2025-01-20 09:00:00,2025-01-20 18:00:00,540,2025-01-20 13:00:00,2025-01-20 13:30:00,30
S0003101,A047,2025-01-21,2025-01-21 09:00:00,2025-01-21 18:00:00,540,2025-01-21 13:00:00,2025-01-21 13:30:00,30
S0003102,A047,2025-01-22,2025-01-22 09:00:00,2025-01-22 18:00:00,540,2025-01-22 13:00:00,2025-01-22 13:30:00,30
S0003103,A047,2025-01-23,2025-01-23 09:00:00,2025-01-23 18:00:00,540,2025-01-23 13:00:00,2025-01-23 13:30:00,30
S0003104,A047,2025-01-24,2025-01-24 09:00:00,2025-01-24 18:00:00,540,2025-01-24 13:00:00,2025-01-24 13:30:00,30
S0003105,A047,2025-01-25,2025-01-25 09:00:00,2025-01-25 18:00:00,540,2025-01-25 13:00:00,2025-01-25 13:30:00,30
S0003106,A047,2025-01-26,2025-01-26 09:00:00,2025-01-26 18:00:00,540,2025-01-26 13:00:00,2025-01-26 13:30:00,30
S0003107,A047,2025-01-27,2025-01-27 09:00:00,2025-01-27 18:00:00,540,2025-01-27 13:00:00,2025-01-27 13:30:00,30
S0003108,A047,2025-01-28,2025-01-28 09:00:00,2025-01-28 18:00:00,540,2025-01-28 13:00:00,2025-01-28 13:30:00,30
S0003109,A047,2025-01-29,2025-01-29 09:00:00,2025-01-29 18:00:00,540,2025-01-29 13:00:00,2025-01-29 13:30:00,30
S0003110,A047,2025-01-30,2025-01-30 09:00:00,2025-01-30 18:00:00,540,2025-01-30 13:00:00,2025-01-30 13:30:00,30
S0003111,A047,2025-01-31,2025-01-31 09:00:00,2025-01-31 18:00:00,540,2025-01-31 13:00:00,2025-01-31 13:30:00,30
S0003112,A047,2025-02-03,2025-02-03 09:00:00,2025-02-03 18:00:00,540,2025-02-03 13:00:00,2025-02-03 13:30:00,30
S0003113,A047,2025-02-04,2025-02-04 09:00:00,2025-02-04 18:00:00,540,2025-02-04 13:00:00,2025-02-04 13:30:00,30
S0003114,A047,2025-02-05,2025-02-05 09:00:00,2025-02-05 18:00:00,540,2025-02-05 13:00:00,2025-02-05 13:30:00,30
S0003115,A047,2025-02-06,2025-02-06 09:00:00,2025-02-06 18:00:00,540,2025-02-06 13:00:00,2025-02-06 13:30:00,30
S0003116,A047,2025-02-07,2025-02-07 09:00:00,2025-02-07 18:00:00,540,2025-02-07 13:00:00,2025-02-07 13:30:00,30
S0003117,A047,2025-02-08,2025-02-08 09:00:00,2025-02-08 18:00:00,540,2025-02-08 13:00:00,2025-02-08 13:30:00,30
S0003118,A047,2025-02-10,2025-02-10 09:00:00,2025-02-10 18:00:00,540,2025-02-10 13:00:00,2025-02-10 13:30:00,30
S0003119,A047,2025-02-11,2025-02-11 09:00:00,2025-02-11 18:00:00,540,2025-02-11 13:00:00,2025-02-11 13:30:00,30
S0003120,A047,2025-02-12,2025-02-12 09:00:00,2025-02-12 18:00:00,540,2025-02-12 13:00:00,2025-02-12 13:30:00,30
S0003121,A047,2025-02-13,2025-02-13 09:00:00,2025-02-13 18:00:00,540,2025-02-13 13:00:00,2025-02-13 13:30:00,30
S0003122,A047,2025-02-17,2025-02-17 09:00:00,2025-02-17 18:00:00,540,2025-02-17 13:00:00,2025-02-17 13:30:00,30
S0003123,A047,2025-02-18,2025-02-18 09:00:00,2025-02-18 18:00:00,540,2025-02-18 13:00:00,2025-02-18 13:30:00,30
S0003124,A047,2025-02-19,2025-02-19 09:00:00,2025-02-19 18:00:00,540,2025-02-19 13:00:00,2025-02-19 13:30:00,30
S0003125,A047,2025-02-20,2025-02-20 09:00:00,2025-02-20 18:00:00,540,2025-02-20 13:00:00,2025-02-20 13:30:00,30
S0003126,A047,2025-02-21,2025-02-21 09:00:00,2025-02-21 18:00:00,540,2025-02-21 13:00:00,2025-02-21 13:30:00,30
S0003127,A047,2025-02-24,2025-02-24 09:00:00,2025-02-24 18:00:00,540,2025-02-24 13:00:00,2025-02-24 13:30:00,30
S0003128,A047,2025-02-25,2025-02-25 09:00:00,2025-02-25 18:00:00,540,2025-02-25 13:00:00,2025-02-25 13:30:00,30
S0003129,A047,2025-02-26,2025-02-26 09:00:00,2025-02-26 18:00:00,540,2025-02-26 13:00:00,2025-02-26 13:30:00,30
S0003130,A047,2025-02-27,2025-02-27 09:00:00,2025-02-27 18:00:00,540,2025-02-27 13:00:00,2025-02-27 13:30:00,30
S0003131,A047,2025-02-28,2025-02-28 09:00:00,2025-02-28 18:00:00,540,2025-02-28 13:00:00,2025-02-28 13:30:00,30
S0003132,A047,2025-03-03,2025-03-03 09:00:00,2025-03-03 18:00:00,540,2025-03-03 13:00:00,2025-03-03 13:30:00,30
S0003133,A047,2025-03-04,2025-03-04 09:00:00,2025-03-04 18:00:00,540,2025-03-04 13:00:00,2025-03-04 13:30:00,30
S0003134,A047,2025-03-05,2025-03-05 09:00:00,2025-03-05 18:00:00,540,2025-03-05 13:00:00,2025-03-05 13:30:00,30
S0003135,A047,2025-03-06,2025-03-06 09:00:00,2025-03-06 18:00:00,540,2025-03-06 13:00:00,2025-03-06 13:30:00,30
S0003136,A047,2025-03-07,2025-03-07 09:00:00,2025-03-07 18:00:00,540,2025-03-07 13:00:00,2025-03-07 13:30:00,30
S0003137,A047,2025-03-10,2025-03-10 09:00:00,2025-03-10 18:00:00,540,2025-03-10 13:00:00,2025-03-10 13:30:00,30
S0003138,A047,2025-03-11,2025-03-11 09:00:00,2025-03-11 18:00:00,540,2025-03-11 13:00:00,2025-03-11 13:30:00,30
S0003139,A047,2025-03-12,2025-03-12 09:00:00,2025-03-12 18:00:00,540,2025-03-12 13:00:00,2025-03-12 13:30:00,30
S0003140,A047,2025-03-13,2025-03-13 09:00:00,2025-03-13 18:00:00,540,2025-03-13 13:00:00,2025-03-13 13:30:00,30
S0003141,A047,2025-03-14,2025-03-14 09:00:00,2025-03-14 18:00:00,540,2025-03-14 13:00:00,2025-03-14 13:30:00,30
S0003142,A047,2025-03-15,2025-03-15 09:00:00,2025-03-15 18:00:00,540,2025-03-15 13:00:00,2025-03-15 13:30:00,30
S0003143,A047,2025-03-17,2025-03-17 09:00:00,2025-03-17 18:00:00,540,2025-03-17 13:00:00,2025-03-17 13:30:00,30
S0003144,A047,2025-03-18,2025-03-18 09:00:00,2025-03-18 18:00:00,540,2025-03-18 13:00:00,2025-03-18 13:30:00,30
S0003145,A047,2025-03-19,2025-03-19 09:00:00,2025-03-19 18:00:00,540,2025-03-19 13:00:00,2025-03-19 13:30:00,30
S0003146,A047,2025-03-20,2025-03-20 09:00:00,2025-03-20 18:00:00,540,2025-03-20 13:00:00,2025-03-20 13:30:00,30
S0003147,A047,2025-03-21,2025-03-21 09:00:00,2025-03-21 18:00:00,540,2025-03-21 13:00:00,2025-03-21 13:30:00,30
S0003148,A047,2025-03-22,2025-03-22 09:00:00,2025-03-22 18:00:00,540,2025-03-22 13:00:00,2025-03-22 13:30:00,30
S0003149,A047,2025-03-23,2025-03-23 09:00:00,2025-03-23 18:00:00,540,2025-03-23 13:00:00,2025-03-23 13:30:00,30
S0003150,A047,2025-03-24,2025-03-24 09:00:00,2025-03-24 18:00:00,540,2025-03-24 13:00:00,2025-03-24 13:30:00,30
S0003151,A047,2025-03-25,2025-03-25 09:00:00,2025-03-25 18:00:00,540,2025-03-25 13:00:00,2025-03-25 13:30:00,30
S0003152,A047,2025-03-26,2025-03-26 09:00:00,2025-03-26 18:00:00,540,2025-03-26 13:00:00,2025-03-26 13:30:00,30
S0003153,A047,2025-03-27,2025-03-27 09:00:00,2025-03-27 18:00:00,540,2025-03-27 13:00:00,2025-03-27 13:30:00,30
S0003154,A047,2025-03-28,2025-03-28 09:00:00,2025-03-28 18:00:00,540,2025-03-28 13:00:00,2025-03-28 13:30:00,30
S0003155,A047,2025-03-31,2025-03-31 09:00:00,2025-03-31 18:00:00,540,2025-03-31 13:00:00,2025-03-31 13:30:00,30
S0003156,A048,2025-01-01,2025-01-01 07:00:00,2025-01-01 16:00:00,540,2025-01-01 11:00:00,2025-01-01 11:30:00,30
S0003157,A048,2025-01-02,2025-01-02 07:00:00,2025-01-02 16:00:00,540,2025-01-02 11:00:00,2025-01-02 11:30:00,30
S0003158,A048,2025-01-03,2025-01-03 07:00:00,2025-01-03 16:00:00,540,2025-01-03 11:00:00,2025-01-03 11:30:00,30
S0003159,A048,2025-01-06,2025-01-06 07:00:00,2025-01-06 16:00:00,540,2025-01-06 11:00:00,2025-01-06 11:30:00,30
S0003160,A048,2025-01-07,2025-01-07 07:00:00,2025-01-07 16:00:00,540,2025-01-07 11:00:00,2025-01-07 11:30:00,30
S0003161,A048,2025-01-08,2025-01-08 07:00:00,2025-01-08 16:00:00,540,2025-01-08 11:00:00,2025-01-08 11:30:00,30
S0003162,A048,2025-01-09,2025-01-09 07:00:00,2025-01-09 16:00:00,540,2025-01-09 11:00:00,2025-01-09 11:30:00,30
S0003163,A048,2025-01-10,2025-01-10 07:00:00,2025-01-10 16:00:00,540,2025-01-10 11:00:00,2025-01-10 11:30:00,30
S0003164,A048,2025-01-13,2025-01-13 07:00:00,2025-01-13 16:00:00,540,2025-01-13 11:00:00,2025-01-13 11:30:00,30
S0003165,A048,2025-01-14,2025-01-14 07:00:00,2025-01-14 16:00:00,540,2025-01-14 11:00:00,2025-01-14 11:30:00,30
S0003166,A048,2025-01-15,2025-01-15 07:00:00,2025-01-15 16:00:00,540,2025-01-15 11:00:00,2025-01-15 11:30:00,30
S0003167,A048,2025-01-16,2025-01-16 07:00:00,2025-01-16 16:00:00,540,2025-01-16 11:00:00,2025-01-16 11:30:00,30
S0003168,A048,2025-01-17,2025-01-17 07:00:00,2025-01-17 16:00:00,540,2025-01-17 11:00:00,2025-01-17 11:30:00,30
S0003169,A048,2025-01-20,2025-01-20 07:00:00,2025-01-20 16:00:00,540,2025-01-20 11:00:00,2025-01-20 11:30:00,30
S0003170,A048,2025-01-21,2025-01-21 07:00:00,2025-01-21 16:00:00,540,2025-01-21 11:00:00,2025-01-21 11:30:00,30
S0003171,A048,2025-01-22,2025-01-22 07:00:00,2025-01-22 16:00:00,540,2025-01-22 11:00:00,2025-01-22 11:30:00,30
S0003172,A048,2025-01-23,2025-01-23 07:00:00,2025-01-23 16:00:00,540,2025-01-23 11:00:00,2025-01-23 11:30:00,30
S0003173,A048,2025-01-24,2025-01-24 07:00:00,2025-01-24 16:00:00,540,2025-01-24 11:00:00,2025-01-24 11:30:00,30
S0003174,A048,2025-01-27,2025-01-27 07:00:00,2025-01-27 16:00:00,540,2025-01-27 11:00:00,2025-01-27 11:30:00,30
S0003175,A048,2025-01-28,2025-01-28 07:00:00,2025-01-28 16:00:00,540,2025-01-28 11:00:00,2025-01-28 11:30:00,30
S0003176,A048,2025-01-29,2025-01-29 07:00:00,2025-01-29 16:00:00,540,2025-01-29 11:00:00,2025-01-29 11:30:00,30
S0003177,A048,2025-01-30,2025-01-30 07:00:00,2025-01-30 16:00:00,540,2025-01-30 11:00:00,2025-01-30 11:30:00,30
S0003178,A048,2025-01-31,2025-01-31 07:00:00,2025-01-31 16:00:00,540,2025-01-31 11:00:00,2025-01-31 11:30:00,30
S0003179,A048,2025-02-02,2025-02-02 07:00:00,2025-02-02 16:00:00,540,2025-02-02 11:00:00,2025-02-02 11:30:00,30
S0003180,A048,2025-02-03,2025-02-03 07:00:00,2025-02-03 16:00:00,540,2025-02-03 11:00:00,2025-02-03 11:30:00,30
S0003181,A048,2025-02-04,2025-02-04 07:00:00,2025-02-04 16:00:00,540,2025-02-04 11:00:00,2025-02-04 11:30:00,30
S0003182,A048,2025-02-05,2025-02-05 07:00:00,2025-02-05 16:00:00,540,2025-02-05 11:00:00,2025-02-05 11:30:00,30
S0003183,A048,2025-02-06,2025-02-06 07:00:00,2025-02-06 16:00:00,540,2025-02-06 11:00:00,2025-02-06 11:30:00,30
S0003184,A048,2025-02-07,2025-02-07 07:00:00,2025-02-07 16:00:00,540,2025-02-07 11:00:00,2025-02-07 11:30:00,30
S0003185,A048,2025-02-09,2025-02-09 07:00:00,2025-02-09 16:00:00,540,2025-02-09 11:00:00,2025-02-09 11:30:00,30
S0003186,A048,2025-02-10,2025-02-10 07:00:00,2025-02-10 16:00:00,540,2025-02-10 11:00:00,2025-02-10 11:30:00,30
S0003187,A048,2025-02-11,2025-02-11 07:00:00,2025-02-11 16:00:00,540,2025-02-11 11:00:00,2025-02-11 11:30:00,30
S0003188,A048,2025-02-12,2025-02-12 07:00:00,2025-02-12 16:00:00,540,2025-02-12 11:00:00,2025-02-12 11:30:00,30
S0003189,A048,2025-02-13,2025-02-13 07:00:00,2025-02-13 16:00:00,540,2025-02-13 11:00:00,2025-02-13 11:30:00,30
S0003190,A048,2025-02-14,2025-02-14 07:00:00,2025-02-14 16:00:00,540,2025-02-14 11:00:00,2025-02-14 11:30:00,30
S0003191,A048,2025-02-15,2025-02-15 07:00:00,2025-02-15 16:00:00,540,2025-02-15 11:00:00,2025-02-15 11:30:00,30
S0003192,A048,2025-02-17,2025-02-17 07:00:00,2025-02-17 16:00:00,540,2025-02-17 11:00:00,2025-02-17 11:30:00,30
S0003193,A048,2025-02-18,2025-02-18 07:00:00,2025-02-18 16:00:00,540,2025-02-18 11:00:00,2025-02-18 11:30:00,30
S0003194,A048,2025-02-19,2025-02-19 07:00:00,2025-02-19 16:00:00,540,2025-02-19 11:00:00,2025-02-19 11:30:00,30
S0003195,A048,2025-02-20,2025-02-20 07:00:00,2025-02-20 16:00:00,540,2025-02-20 11:00:00,2025-02-20 11:30:00,30
S0003196,A048,2025-02-21,2025-02-21 07:00:00,2025-02-21 16:00:00,540,2025-02-21 11:00:00,2025-02-21 11:30:00,30
S0003197,A048,2025-02-24,2025-02-24 07:00:00,2025-02-24 16:00:00,540,2025-02-24 11:00:00,2025-02-24 11:30:00,30
S0003198,A048,2025-02-25,2025-02-25 07:00:00,2025-02-25 16:00:00,540,2025-02-25 11:00:00,2025-02-25 11:30:00,30
S0003199,A048,2025-02-26,2025-02-26 07:00:00,2025-02-26 16:00:00,540,2025-02-26 11:00:00,2025-02-26 11:30:00,30
S0003200,A048,2025-02-27,2025-02-27 07:00:00,2025-02-27 16:00:00,540,2025-02-27 11:00:00,2025-02-27 11:30:00,30
S0003201,A048,2025-02-28,2025-02-28 07:00:00,2025-02-28 16:00:00,540,2025-02-28 11:00:00,2025-02-28 11:30:00,30
S0003202,A048,2025-03-03,2025-03-03 07:00:00,2025-03-03 16:00:00,540,2025-03-03 11:00:00,2025-03-03 11:30:00,30
S0003203,A048,2025-03-04,2025-03-04 07:00:00,2025-03-04 16:00:00,540,2025-03-04 11:00:00,2025-03-04 11:30:00,30
S0003204,A048,2025-03-05,2025-03-05 07:00:00,2025-03-05 16:00:00,540,2025-03-05 11:00:00,2025-03-05 11:30:00,30
S0003205,A048,2025-03-06,2025-03-06 07:00:00,2025-03-06 16:00:00,540,2025-03-06 11:00:00,2025-03-06 11:30:00,30
S0003206,A048,2025-03-07,2025-03-07 07:00:00,2025-03-07 16:00:00,540,2025-03-07 11:00:00,2025-03-07 11:30:00,30
S0003207,A048,2025-03-10,2025-03-10 07:00:00,2025-03-10 16:00:00,540,2025-03-10 11:00:00,2025-03-10 11:30:00,30
S0003208,A048,2025-03-11,2025-03-11 07:00:00,2025-03-11 16:00:00,540,2025-03-11 11:00:00,2025-03-11 11:30:00,30
S0003209,A048,2025-03-12,2025-03-12 07:00:00,2025-03-12 16:00:00,540,2025-03-12 11:00:00,2025-03-12 11:30:00,30
S0003210,A048,2025-03-13,2025-03-13 07:00:00,2025-03-13 16:00:00,540,2025-03-13 11:00:00,2025-03-13 11:30:00,30
S0003211,A048,2025-03-14,2025-03-14 07:00:00,2025-03-14 16:00:00,540,2025-03-14 11:00:00,2025-03-14 11:30:00,30
S0003212,A048,2025-03-15,2025-03-15 07:00:00,2025-03-15 16:00:00,540,2025-03-15 11:00:00,2025-03-15 11:30:00,30
S0003213,A048,2025-03-17,2025-03-17 07:00:00,2025-03-17 16:00:00,540,2025-03-17 11:00:00,2025-03-17 11:30:00,30
S0003214,A048,2025-03-18,2025-03-18 07:00:00,2025-03-18 16:00:00,540,2025-03-18 11:00:00,2025-03-18 11:30:00,30
S0003215,A048,2025-03-19,2025-03-19 07:00:00,2025-03-19 16:00:00,540,2025-03-19 11:00:00,2025-03-19 11:30:00,30
S0003216,A048,2025-03-20,2025-03-20 07:00:00,2025-03-20 16:00:00,540,2025-03-20 11:00:00,2025-03-20 11:30:00,30
S0003217,A048,2025-03-21,2025-03-21 07:00:00,2025-03-21 16:00:00,540,2025-03-21 11:00:00,2025-03-21 11:30:00,30
S0003218,A048,2025-03-24,2025-03-24 07:00:00,2025-03-24 16:00:00,540,2025-03-24 11:00:00,2025-03-24 11:30:00,30
S0003219,A048,2025-03-25,2025-03-25 07:00:00,2025-03-25 16:00:00,540,2025-03-25 11:00:00,2025-03-25 11:30:00,30
S0003220,A048,2025-03-26,2025-03-26 07:00:00,2025-03-26 16:00:00,540,2025-03-26 11:00:00,2025-03-26 11:30:00,30
S0003221,A048,2025-03-27,2025-03-27 07:00:00,2025-03-27 16:00:00,540,2025-03-27 11:00:00,2025-03-27 11:30:00,30
S0003222,A048,2025-03-28,2025-03-28 07:00:00,2025-03-28 16:00:00,540,2025-03-28 11:00:00,2025-03-28 11:30:00,30
S0003223,A048,2025-03-31,2025-03-31 07:00:00,2025-03-31 16:00:00,540,2025-03-31 11:00:00,2025-03-31 11:30:00,30
S0003224,A049,2025-01-01,2025-01-01 08:00:00,2025-01-01 17:00:00,540,2025-01-01 12:00:00,2025-01-01 12:30:00,30
S0003225,A049,2025-01-02,2025-01-02 08:00:00,2025-01-02 17:00:00,540,2025-01-02 12:00:00,2025-01-02 12:30:00,30
S0003226,A049,2025-01-03,2025-01-03 08:00:00,2025-01-03 17:00:00,540,2025-01-03 12:00:00,2025-01-03 12:30:00,30
S0003227,A049,2025-01-06,2025-01-06 08:00:00,2025-01-06 17:00:00,540,2025-01-06 12:00:00,2025-01-06 12:30:00,30
S0003228,A049,2025-01-07,2025-01-07 08:00:00,2025-01-07 17:00:00,540,2025-01-07 12:00:00,2025-01-07 12:30:00,30
S0003229,A049,2025-01-08,2025-01-08 08:00:00,2025-01-08 17:00:00,540,2025-01-08 12:00:00,2025-01-08 12:30:00,30
S0003230,A049,2025-01-09,2025-01-09 08:00:00,2025-01-09 17:00:00,540,2025-01-09 12:00:00,2025-01-09 12:30:00,30
S0003231,A049,2025-01-10,2025-01-10 08:00:00,2025-01-10 17:00:00,540,2025-01-10 12:00:00,2025-01-10 12:30:00,30
S0003232,A049,2025-01-13,2025-01-13 08:00:00,2025-01-13 17:00:00,540,2025-01-13 12:00:00,2025-01-13 12:30:00,30
S0003233,A049,2025-01-14,2025-01-14 08:00:00,2025-01-14 17:00:00,540,2025-01-14 12:00:00,2025-01-14 12:30:00,30
S0003234,A049,2025-01-15,2025-01-15 08:00:00,2025-01-15 17:00:00,540,2025-01-15 12:00:00,2025-01-15 12:30:00,30
S0003235,A049,2025-01-16,2025-01-16 08:00:00,2025-01-16 17:00:00,540,2025-01-16 12:00:00,2025-01-16 12:30:00,30
S0003236,A049,2025-01-17,2025-01-17 08:00:00,2025-01-17 17:00:00,540,2025-01-17 12:00:00,2025-01-17 12:30:00,30
S0003237,A049,2025-01-20,2025-01-20 08:00:00,2025-01-20 17:00:00,540,2025-01-20 12:00:00,2025-01-20 12:30:00,30
S0003238,A049,2025-01-21,2025-01-21 08:00:00,2025-01-21 17:00:00,540,2025-01-21 12:00:00,2025-01-21 12:30:00,30
S0003239,A049,2025-01-22,2025-01-22 08:00:00,2025-01-22 17:00:00,540,2025-01-22 12:00:00,2025-01-22 12:30:00,30
S0003240,A049,2025-01-23,2025-01-23 08:00:00,2025-01-23 17:00:00,540,2025-01-23 12:00:00,2025-01-23 12:30:00,30
S0003241,A049,2025-01-24,2025-01-24 08:00:00,2025-01-24 17:00:00,540,2025-01-24 12:00:00,2025-01-24 12:30:00,30
S0003242,A049,2025-01-26,2025-01-26 08:00:00,2025-01-26 17:00:00,540,2025-01-26 12:00:00,2025-01-26 12:30:00,30
S0003243,A049,2025-01-27,2025-01-27 08:00:00,2025-01-27 17:00:00,540,2025-01-27 12:00:00,2025-01-27 12:30:00,30
S0003244,A049,2025-01-28,2025-01-28 08:00:00,2025-01-28 17:00:00,540,2025-01-28 12:00:00,2025-01-28 12:30:00,30
S0003245,A049,2025-01-29,2025-01-29 08:00:00,2025-01-29 17:00:00,540,2025-01-29 12:00:00,2025-01-29 12:30:00,30
S0003246,A049,2025-01-30,2025-01-30 08:00:00,2025-01-30 17:00:00,540,2025-01-30 12:00:00,2025-01-30 12:30:00,30
S0003247,A049,2025-01-31,2025-01-31 08:00:00,2025-01-31 17:00:00,540,2025-01-31 12:00:00,2025-01-31 12:30:00,30
S0003248,A049,2025-02-03,2025-02-03 08:00:00,2025-02-03 17:00:00,540,2025-02-03 12:00:00,2025-02-03 12:30:00,30
S0003249,A049,2025-02-04,2025-02-04 08:00:00,2025-02-04 17:00:00,540,2025-02-04 12:00:00,2025-02-04 12:30:00,30
S0003250,A049,2025-02-05,2025-02-05 08:00:00,2025-02-05 17:00:00,540,2025-02-05 12:00:00,2025-02-05 12:30:00,30
S0003251,A049,2025-02-06,2025-02-06 08:00:00,2025-02-06 17:00:00,540,2025-02-06 12:00:00,2025-02-06 12:30:00,30
S0003252,A049,2025-02-07,2025-02-07 08:00:00,2025-02-07 17:00:00,540,2025-02-07 12:00:00,2025-02-07 12:30:00,30
S0003253,A049,2025-02-10,2025-02-10 08:00:00,2025-02-10 17:00:00,540,2025-02-10 12:00:00,2025-02-10 12:30:00,30
S0003254,A049,2025-02-11,2025-02-11 08:00:00,2025-02-11 17:00:00,540,2025-02-11 12:00:00,2025-02-11 12:30:00,30
S0003255,A049,2025-02-12,2025-02-12 08:00:00,2025-02-12 17:00:00,540,2025-02-12 12:00:00,2025-02-12 12:30:00,30
S0003256,A049,2025-02-13,2025-02-13 08:00:00,2025-02-13 17:00:00,540,2025-02-13 12:00:00,2025-02-13 12:30:00,30
S0003257,A049,2025-02-14,2025-02-14 08:00:00,2025-02-14 17:00:00,540,2025-02-14 12:00:00,2025-02-14 12:30:00,30
S0003258,A049,2025-02-17,2025-02-17 08:00:00,2025-02-17 17:00:00,540,2025-02-17 12:00:00,2025-02-17 12:30:00,30
S0003259,A049,2025-02-18,2025-02-18 08:00:00,2025-02-18 17:00:00,540,2025-02-18 12:00:00,2025-02-18 12:30:00,30
S0003260,A049,2025-02-19,2025-02-19 08:00:00,2025-02-19 17:00:00,540,2025-02-19 12:00:00,2025-02-19 12:30:00,30
S0003261,A049,2025-02-20,2025-02-20 08:00:00,2025-02-20 17:00:00,540,2025-02-20 12:00:00,2025-02-20 12:30:00,30
S0003262,A049,2025-02-21,2025-02-21 08:00:00,2025-02-21 17:00:00,540,2025-02-21 12:00:00,2025-02-21 12:30:00,30
S0003263,A049,2025-02-24,2025-02-24 08:00:00,2025-02-24 17:00:00,540,2025-02-24 12:00:00,2025-02-24 12:30:00,30
S0003264,A049,2025-02-26,2025-02-26 08:00:00,2025-02-26 17:00:00,540,2025-02-26 12:00:00,2025-02-26 12:30:00,30
S0003265,A049,2025-02-27,2025-02-27 08:00:00,2025-02-27 17:00:00,540,2025-02-27 12:00:00,2025-02-27 12:30:00,30
S0003266,A049,2025-02-28,2025-02-28 08:00:00,2025-02-28 17:00:00,540,2025-02-28 12:00:00,2025-02-28 12:30:00,30
S0003267,A049,2025-03-01,2025-03-01 08:00:00,2025-03-01 17:00:00,540,2025-03-01 12:00:00,2025-03-01 12:30:00,30
S0003268,A049,2025-03-03,2025-03-03 08:00:00,2025-03-03 17:00:00,540,2025-03-03 12:00:00,2025-03-03 12:30:00,30
S0003269,A049,2025-03-04,2025-03-04 08:00:00,2025-03-04 17:00:00,540,2025-03-04 12:00:00,2025-03-04 12:30:00,30
S0003270,A049,2025-03-05,2025-03-05 08:00:00,2025-03-05 17:00:00,540,2025-03-05 12:00:00,2025-03-05 12:30:00,30
S0003271,A049,2025-03-06,2025-03-06 08:00:00,2025-03-06 17:00:00,540,2025-03-06 12:00:00,2025-03-06 12:30:00,30
S0003272,A049,2025-03-07,2025-03-07 08:00:00,2025-03-07 17:00:00,540,2025-03-07 12:00:00,2025-03-07 12:30:00,30
S0003273,A049,2025-03-10,2025-03-10 08:00:00,2025-03-10 17:00:00,540,2025-03-10 12:00:00,2025-03-10 12:30:00,30
S0003274,A049,2025-03-11,2025-03-11 08:00:00,2025-03-11 17:00:00,540,2025-03-11 12:00:00,2025-03-11 12:30:00,30
S0003275,A049,2025-03-12,2025-03-12 08:00:00,2025-03-12 17:00:00,540,2025-03-12 12:00:00,2025-03-12 12:30:00,30
S0003276,A049,2025-03-13,2025-03-13 08:00:00,2025-03-13 17:00:00,540,2025-03-13 12:00:00,2025-03-13 12:30:00,30
S0003277,A049,2025-03-14,2025-03-14 08:00:00,2025-03-14 17:00:00,540,2025-03-14 12:00:00,2025-03-14 12:30:00,30
S0003278,A049,2025-03-17,2025-03-17 08:00:00,2025-03-17 17:00:00,540,2025-03-17 12:00:00,2025-03-17 12:30:00,30
S0003279,A049,2025-03-18,2025-03-18 08:00:00,2025-03-18 17:00:00,540,2025-03-18 12:00:00,2025-03-18 12:30:00,30
S0003280,A049,2025-03-19,2025-03-19 08:00:00,2025-03-19 17:00:00,540,2025-03-19 12:00:00,2025-03-19 12:30:00,30
S0003281,A049,2025-03-20,2025-03-20 08:00:00,2025-03-20 17:00:00,540,2025-03-20 12:00:00,2025-03-20 12:30:00,30
S0003282,A049,2025-03-21,2025-03-21 08:00:00,2025-03-21 17:00:00,540,2025-03-21 12:00:00,2025-03-21 12:30:00,30
S0003283,A049,2025-03-24,2025-03-24 08:00:00,2025-03-24 17:00:00,540,2025-03-24 12:00:00,2025-03-24 12:30:00,30
S0003284,A049,2025-03-25,2025-03-25 08:00:00,2025-03-25 17:00:00,540,2025-03-25 12:00:00,2025-03-25 12:30:00,30
S0003285,A049,2025-03-26,2025-03-26 08:00:00,2025-03-26 17:00:00,540,2025-03-26 12:00:00,2025-03-26 12:30:00,30
S0003286,A049,2025-03-27,2025-03-27 08:00:00,2025-03-27 17:00:00,540,2025-03-27 12:00:00,2025-03-27 12:30:00,30
S0003287,A049,2025-03-29,2025-03-29 08:00:00,2025-03-29 17:00:00,540,2025-03-29 12:00:00,2025-03-29 12:30:00,30
S0003288,A049,2025-03-31,2025-03-31 08:00:00,2025-03-31 17:00:00,540,2025-03-31 12:00:00,2025-03-31 12:30:00,30
S0003289,A050,2025-01-01,2025-01-01 07:00:00,2025-01-01 16:00:00,540,2025-01-01 11:00:00,2025-01-01 11:30:00,30
S0003290,A050,2025-01-02,2025-01-02 07:00:00,2025-01-02 16:00:00,540,2025-01-02 11:00:00,2025-01-02 11:30:00,30
S0003291,A050,2025-01-03,2025-01-03 07:00:00,2025-01-03 16:00:00,540,2025-01-03 11:00:00,2025-01-03 11:30:00,30
S0003292,A050,2025-01-05,2025-01-05 07:00:00,2025-01-05 16:00:00,540,2025-01-05 11:00:00,2025-01-05 11:30:00,30
S0003293,A050,2025-01-06,2025-01-06 07:00:00,2025-01-06 16:00:00,540,2025-01-06 11:00:00,2025-01-06 11:30:00,30
S0003294,A050,2025-01-07,2025-01-07 07:00:00,2025-01-07 16:00:00,540,2025-01-07 11:00:00,2025-01-07 11:30:00,30
S0003295,A050,2025-01-08,2025-01-08 07:00:00,2025-01-08 16:00:00,540,2025-01-08 11:00:00,2025-01-08 11:30:00,30
S0003296,A050,2025-01-09,2025-01-09 07:00:00,2025-01-09 16:00:00,540,2025-01-09 11:00:00,2025-01-09 11:30:00,30
S0003297,A050,2025-01-10,2025-01-10 07:00:00,2025-01-10 16:00:00,540,2025-01-10 11:00:00,2025-01-10 11:30:00,30
S0003298,A050,2025-01-13,2025-01-13 07:00:00,2025-01-13 16:00:00,540,2025-01-13 11:00:00,2025-01-13 11:30:00,30
S0003299,A050,2025-01-14,2025-01-14 07:00:00,2025-01-14 16:00:00,540,2025-01-14 11:00:00,2025-01-14 11:30:00,30
S0003300,A050,2025-01-15,2025-01-15 07:00:00,2025-01-15 16:00:00,540,2025-01-15 11:00:00,2025-01-15 11:30:00,30
S0003301,A050,2025-01-16,2025-01-16 07:00:00,2025-01-16 16:00:00,540,2025-01-16 11:00:00,2025-01-16 11:30:00,30
S0003302,A050,2025-01-17,2025-01-17 07:00:00,2025-01-17 16:00:00,540,2025-01-17 11:00:00,2025-01-17 11:30:00,30
S0003303,A050,2025-01-20,2025-01-20 07:00:00,2025-01-20 16:00:00,540,2025-01-20 11:00:00,2025-01-20 11:30:00,30
S0003304,A050,2025-01-21,2025-01-21 07:00:00,2025-01-21 16:00:00,540,2025-01-21 11:00:00,2025-01-21 11:30:00,30
S0003305,A050,2025-01-22,2025-01-22 07:00:00,2025-01-22 16:00:00,540,2025-01-22 11:00:00,2025-01-22 11:30:00,30
S0003306,A050,2025-01-24,2025-01-24 07:00:00,2025-01-24 16:00:00,540,2025-01-24 11:00:00,2025-01-24 11:30:00,30
S0003307,A050,2025-01-27,2025-01-27 07:00:00,2025-01-27 16:00:00,540,2025-01-27 11:00:00,2025-01-27 11:30:00,30
S0003308,A050,2025-01-28,2025-01-28 07:00:00,2025-01-28 16:00:00,540,2025-01-28 11:00:00,2025-01-28 11:30:00,30
S0003309,A050,2025-01-29,2025-01-29 07:00:00,2025-01-29 16:00:00,540,2025-01-29 11:00:00,2025-01-29 11:30:00,30
S0003310,A050,2025-01-30,2025-01-30 07:00:00,2025-01-30 16:00:00,540,2025-01-30 11:00:00,2025-01-30 11:30:00,30
S0003311,A050,2025-01-31,2025-01-31 07:00:00,2025-01-31 16:00:00,540,2025-01-31 11:00:00,2025-01-31 11:30:00,30
S0003312,A050,2025-02-03,2025-02-03 07:00:00,2025-02-03 16:00:00,540,2025-02-03 11:00:00,2025-02-03 11:30:00,30
S0003313,A050,2025-02-04,2025-02-04 07:00:00,2025-02-04 16:00:00,540,2025-02-04 11:00:00,2025-02-04 11:30:00,30
S0003314,A050,2025-02-05,2025-02-05 07:00:00,2025-02-05 16:00:00,540,2025-02-05 11:00:00,2025-02-05 11:30:00,30
S0003315,A050,2025-02-06,2025-02-06 07:00:00,2025-02-06 16:00:00,540,2025-02-06 11:00:00,2025-02-06 11:30:00,30
S0003316,A050,2025-02-07,2025-02-07 07:00:00,2025-02-07 16:00:00,540,2025-02-07 11:00:00,2025-02-07 11:30:00,30
S0003317,A050,2025-02-08,2025-02-08 07:00:00,2025-02-08 16:00:00,540,2025-02-08 11:00:00,2025-02-08 11:30:00,30
S0003318,A050,2025-02-10,2025-02-10 07:00:00,2025-02-10 16:00:00,540,2025-02-10 11:00:00,2025-02-10 11:30:00,30
S0003319,A050,2025-02-11,2025-02-11 07:00:00,2025-02-11 16:00:00,540,2025-02-11 11:00:00,2025-02-11 11:30:00,30
S0003320,A050,2025-02-12,2025-02-12 07:00:00,2025-02-12 16:00:00,540,2025-02-12 11:00:00,2025-02-12 11:30:00,30
S0003321,A050,2025-02-13,2025-02-13 07:00:00,2025-02-13 16:00:00,540,2025-02-13 11:00:00,2025-02-13 11:30:00,30
S0003322,A050,2025-02-14,2025-02-14 07:00:00,2025-02-14 16:00:00,540,2025-02-14 11:00:00,2025-02-14 11:30:00,30
S0003323,A050,2025-02-17,2025-02-17 07:00:00,2025-02-17 16:00:00,540,2025-02-17 11:00:00,2025-02-17 11:30:00,30
S0003324,A050,2025-02-18,2025-02-18 07:00:00,2025-02-18 16:00:00,540,2025-02-18 11:00:00,2025-02-18 11:30:00,30
S0003325,A050,2025-02-19,2025-02-19 07:00:00,2025-02-19 16:00:00,540,2025-02-19 11:00:00,2025-02-19 11:30:00,30
S0003326,A050,2025-02-20,2025-02-20 07:00:00,2025-02-20 16:00:00,540,2025-02-20 11:00:00,2025-02-20 11:30:00,30
S0003327,A050,2025-02-21,2025-02-21 07:00:00,2025-02-21 16:00:00,540,2025-02-21 11:00:00,2025-02-21 11:30:00,30
S0003328,A050,2025-02-24,2025-02-24 07:00:00,2025-02-24 16:00:00,540,2025-02-24 11:00:00,2025-02-24 11:30:00,30
S0003329,A050,2025-02-25,2025-02-25 07:00:00,2025-02-25 16:00:00,540,2025-02-25 11:00:00,2025-02-25 11:30:00,30
S0003330,A050,2025-02-26,2025-02-26 07:00:00,2025-02-26 16:00:00,540,2025-02-26 11:00:00,2025-02-26 11:30:00,30
S0003331,A050,2025-02-27,2025-02-27 07:00:00,2025-02-27 16:00:00,540,2025-02-27 11:00:00,2025-02-27 11:30:00,30
S0003332,A050,2025-02-28,2025-02-28 07:00:00,2025-02-28 16:00:00,540,2025-02-28 11:00:00,2025-02-28 11:30:00,30
S0003333,A050,2025-03-03,2025-03-03 07:00:00,2025-03-03 16:00:00,540,2025-03-03 11:00:00,2025-03-03 11:30:00,30
S0003334,A050,2025-03-04,2025-03-04 07:00:00,2025-03-04 16:00:00,540,2025-03-04 11:00:00,2025-03-04 11:30:00,30
S0003335,A050,2025-03-05,2025-03-05 07:00:00,2025-03-05 16:00:00,540,2025-03-05 11:00:00,2025-03-05 11:30:00,30
S0003336,A050,2025-03-06,2025-03-06 07:00:00,2025-03-06 16:00:00,540,2025-03-06 11:00:00,2025-03-06 11:30:00,30
S0003337,A050,2025-03-07,2025-03-07 07:00:00,2025-03-07 16:00:00,540,2025-03-07 11:00:00,2025-03-07 11:30:00,30
S0003338,A050,2025-03-09,2025-03-09 07:00:00,2025-03-09 16:00:00,540,2025-03-09 11:00:00,2025-03-09 11:30:00,30
S0003339,A050,2025-03-10,2025-03-10 07:00:00,2025-03-10 16:00:00,540,2025-03-10 11:00:00,2025-03-10 11:30:00,30
S0003340,A050,2025-03-11,2025-03-11 07:00:00,2025-03-11 16:00:00,540,2025-03-11 11:00:00,2025-03-11 11:30:00,30
S0003341,A050,2025-03-12,2025-03-12 07:00:00,2025-03-12 16:00:00,540,2025-03-12 11:00:00,2025-03-12 11:30:00,30
S0003342,A050,2025-03-13,2025-03-13 07:00:00,2025-03-13 16:00:00,540,2025-03-13 11:00:00,2025-03-13 11:30:00,30
S0003343,A050,2025-03-14,2025-03-14 07:00:00,2025-03-14 16:00:00,540,2025-03-14 11:00:00,2025-03-14 11:30:00,30
S0003344,A050,2025-03-15,2025-03-15 07:00:00,2025-03-15 16:00:00,540,2025-03-15 11:00:00,2025-03-15 11:30:00,30
S0003345,A050,2025-03-17,2025-03-17 07:00:00,2025-03-17 16:00:00,540,2025-03-17 11:00:00,2025-03-17 11:30:00,30
S0003346,A050,2025-03-18,2025-03-18 07:00:00,2025-03-18 16:00:00,540,2025-03-18 11:00:00,2025-03-18 11:30:00,30
S0003347,A050,2025-03-19,2025-03-19 07:00:00,2025-03-19 16:00:00,540,2025-03-19 11:00:00,2025-03-19 11:30:00,30
S0003348,A050,2025-03-20,2025-03-20 07:00:00,2025-03-20 16:00:00,540,2025-03-20 11:00:00,2025-03-20 11:30:00,30
S0003349,A050,2025-03-21,2025-03-21 07:00:00,2025-03-21 16:00:00,540,2025-03-21 11:00:00,2025-03-21 11:30:00,30
S0003350,A050,2025-03-24,2025-03-24 07:00:00,2025-03-24 16:00:00,540,2025-03-24 11:00:00,2025-03-24 11:30:00,30
S0003351,A050,2025-03-25,2025-03-25 07:00:00,2025-03-25 16:00:00,540,2025-03-25 11:00:00,2025-03-25 11:30:00,30
S0003352,A050,2025-03-27,2025-03-27 07:00:00,2025-03-27 16:00:00,540,2025-03-27 11:00:00,2025-03-27 11:30:00,30
S0003353,A050,2025-03-28,2025-03-28 07:00:00,2025-03-28 16:00:00,540,2025-03-28 11:00:00,2025-03-28 11:30:00,30
S0003354,A050,2025-03-30,2025-03-30 07:00:00,2025-03-30 16:00:00,540,2025-03-30 11:00:00,2025-03-30 11:30:00,30
S0003355,A050,2025-03-31,2025-03-31 07:00:00,2025-03-31 16:00:00,540,2025-03-31 11:00:00,2025-03-31 11:30:00,30
S0003356,A051,2025-01-01,2025-01-01 10:00:00,2025-01-01 19:00:00,540,2025-01-01 14:00:00,2025-01-01 14:30:00,30
S0003357,A051,2025-01-02,2025-01-02 10:00:00,2025-01-02 19:00:00,540,2025-01-02 14:00:00,2025-01-02 14:30:00,30
S0003358,A051,2025-01-03,2025-01-03 10:00:00,2025-01-03 19:00:00,540,2025-01-03 14:00:00,2025-01-03 14:30:00,30
S0003359,A051,2025-01-06,2025-01-06 10:00:00,2025-01-06 19:00:00,540,2025-01-06 14:00:00,2025-01-06 14:30:00,30
S0003360,A051,2025-01-07,2025-01-07 10:00:00,2025-01-07 19:00:00,540,2025-01-07 14:00:00,2025-01-07 14:30:00,30
S0003361,A051,2025-01-08,2025-01-08 10:00:00,2025-01-08 19:00:00,540,2025-01-08 14:00:00,2025-01-08 14:30:00,30
S0003362,A051,2025-01-09,2025-01-09 10:00:00,2025-01-09 19:00:00,540,2025-01-09 14:00:00,2025-01-09 14:30:00,30
S0003363,A051,2025-01-10,2025-01-10 10:00:00,2025-01-10 19:00:00,540,2025-01-10 14:00:00,2025-01-10 14:30:00,30
S0003364,A051,2025-01-13,2025-01-13 10:00:00,2025-01-13 19:00:00,540,2025-01-13 14:00:00,2025-01-13 14:30:00,30
S0003365,A051,2025-01-14,2025-01-14 10:00:00,2025-01-14 19:00:00,540,2025-01-14 14:00:00,2025-01-14 14:30:00,30
S0003366,A051,2025-01-15,2025-01-15 10:00:00,2025-01-15 19:00:00,540,2025-01-15 14:00:00,2025-01-15 14:30:00,30
S0003367,A051,2025-01-16,2025-01-16 10:00:00,2025-01-16 19:00:00,540,2025-01-16 14:00:00,2025-01-16 14:30:00,30
S0003368,A051,2025-01-17,2025-01-17 10:00:00,2025-01-17 19:00:00,540,2025-01-17 14:00:00,2025-01-17 14:30:00,30
S0003369,A051,2025-01-18,2025-01-18 10:00:00,2025-01-18 19:00:00,540,2025-01-18 14:00:00,2025-01-18 14:30:00,30
S0003370,A051,2025-01-20,2025-01-20 10:00:00,2025-01-20 19:00:00,540,2025-01-20 14:00:00,2025-01-20 14:30:00,30
S0003371,A051,2025-01-21,2025-01-21 10:00:00,2025-01-21 19:00:00,540,2025-01-21 14:00:00,2025-01-21 14:30:00,30
S0003372,A051,2025-01-22,2025-01-22 10:00:00,2025-01-22 19:00:00,540,2025-01-22 14:00:00,2025-01-22 14:30:00,30
S0003373,A051,2025-01-23,2025-01-23 10:00:00,2025-01-23 19:00:00,540,2025-01-23 14:00:00,2025-01-23 14:30:00,30
S0003374,A051,2025-01-24,2025-01-24 10:00:00,2025-01-24 19:00:00,540,2025-01-24 14:00:00,2025-01-24 14:30:00,30
S0003375,A051,2025-01-27,2025-01-27 10:00:00,2025-01-27 19:00:00,540,2025-01-27 14:00:00,2025-01-27 14:30:00,30
S0003376,A051,2025-01-28,2025-01-28 10:00:00,2025-01-28 19:00:00,540,2025-01-28 14:00:00,2025-01-28 14:30:00,30
S0003377,A051,2025-01-29,2025-01-29 10:00:00,2025-01-29 19:00:00,540,2025-01-29 14:00:00,2025-01-29 14:30:00,30
S0003378,A051,2025-01-30,2025-01-30 10:00:00,2025-01-30 19:00:00,540,2025-01-30 14:00:00,2025-01-30 14:30:00,30
S0003379,A051,2025-01-31,2025-01-31 10:00:00,2025-01-31 19:00:00,540,2025-01-31 14:00:00,2025-01-31 14:30:00,30
S0003380,A051,2025-02-01,2025-02-01 10:00:00,2025-02-01 19:00:00,540,2025-02-01 14:00:00,2025-02-01 14:30:00,30
S0003381,A051,2025-02-03,2025-02-03 10:00:00,2025-02-03 19:00:00,540,2025-02-03 14:00:00,2025-02-03 14:30:00,30
S0003382,A051,2025-02-04,2025-02-04 10:00:00,2025-02-04 19:00:00,540,2025-02-04 14:00:00,2025-02-04 14:30:00,30
S0003383,A051,2025-02-05,2025-02-05 10:00:00,2025-02-05 19:00:00,540,2025-02-05 14:00:00,2025-02-05 14:30:00,30
S0003384,A051,2025-02-06,2025-02-06 10:00:00,2025-02-06 19:00:00,540,2025-02-06 14:00:00,2025-02-06 14:30:00,30
S0003385,A051,2025-02-07,2025-02-07 10:00:00,2025-02-07 19:00:00,540,2025-02-07 14:00:00,2025-02-07 14:30:00,30
S0003386,A051,2025-02-10,2025-02-10 10:00:00,2025-02-10 19:00:00,540,2025-02-10 14:00:00,2025-02-10 14:30:00,30
S0003387,A051,2025-02-11,2025-02-11 10:00:00,2025-02-11 19:00:00,540,2025-02-11 14:00:00,2025-02-11 14:30:00,30
S0003388,A051,2025-02-12,2025-02-12 10:00:00,2025-02-12 19:00:00,540,2025-02-12 14:00:00,2025-02-12 14:30:00,30
S0003389,A051,2025-02-13,2025-02-13 10:00:00,2025-02-13 19:00:00,540,2025-02-13 14:00:00,2025-02-13 14:30:00,30
S0003390,A051,2025-02-14,2025-02-14 10:00:00,2025-02-14 19:00:00,540,2025-02-14 14:00:00,2025-02-14 14:30:00,30
S0003391,A051,2025-02-17,2025-02-17 10:00:00,2025-02-17 19:00:00,540,2025-02-17 14:00:00,2025-02-17 14:30:00,30
S0003392,A051,2025-02-18,2025-02-18 10:00:00,2025-02-18 19:00:00,540,2025-02-18 14:00:00,2025-02-18 14:30:00,30
S0003393,A051,2025-02-19,2025-02-19 10:00:00,2025-02-19 19:00:00,540,2025-02-19 14:00:00,2025-02-19 14:30:00,30
S0003394,A051,2025-02-20,2025-02-20 10:00:00,2025-02-20 19:00:00,540,2025-02-20 14:00:00,2025-02-20 14:30:00,30
S0003395,A051,2025-02-21,2025-02-21 10:00:00,2025-02-21 19:00:00,540,2025-02-21 14:00:00,2025-02-21 14:30:00,30
S0003396,A051,2025-02-24,2025-02-24 10:00:00,2025-02-24 19:00:00,540,2025-02-24 14:00:00,2025-02-24 14:30:00,30
S0003397,A051,2025-02-25,2025-02-25 10:00:00,2025-02-25 19:00:00,540,2025-02-25 14:00:00,2025-02-25 14:30:00,30
S0003398,A051,2025-02-26,2025-02-26 10:00:00,2025-02-26 19:00:00,540,2025-02-26 14:00:00,2025-02-26 14:30:00,30
S0003399,A051,2025-02-27,2025-02-27 10:00:00,2025-02-27 19:00:00,540,2025-02-27 14:00:00,2025-02-27 14:30:00,30
S0003400,A051,2025-02-28,2025-02-28 10:00:00,2025-02-28 19:00:00,540,2025-02-28 14:00:00,2025-02-28 14:30:00,30
S0003401,A051,2025-03-03,2025-03-03 10:00:00,2025-03-03 19:00:00,540,2025-03-03 14:00:00,2025-03-03 14:30:00,30
S0003402,A051,2025-03-04,2025-03-04 10:00:00,2025-03-04 19:00:00,540,2025-03-04 14:00:00,2025-03-04 14:30:00,30
S0003403,A051,2025-03-05,2025-03-05 10:00:00,2025-03-05 19:00:00,540,2025-03-05 14:00:00,2025-03-05 14:30:00,30
S0003404,A051,2025-03-06,2025-03-06 10:00:00,2025-03-06 19:00:00,540,2025-03-06 14:00:00,2025-03-06 14:30:00,30
S0003405,A051,2025-03-07,2025-03-07 10:00:00,2025-03-07 19:00:00,540,2025-03-07 14:00:00,2025-03-07 14:30:00,30
S0003406,A051,2025-03-08,2025-03-08 10:00:00,2025-03-08 19:00:00,540,2025-03-08 14:00:00,2025-03-08 14:30:00,30
S0003407,A051,2025-03-10,2025-03-10 10:00:00,2025-03-10 19:00:00,540,2025-03-10 14:00:00,2025-03-10 14:30:00,30
S0003408,A051,2025-03-11,2025-03-11 10:00:00,2025-03-11 19:00:00,540,2025-03-11 14:00:00,2025-03-11 14:30:00,30
S0003409,A051,2025-03-12,2025-03-12 10:00:00,2025-03-12 19:00:00,540,2025-03-12 14:00:00,2025-03-12 14:30:00,30
S0003410,A051,2025-03-13,2025-03-13 10:00:00,2025-03-13 19:00:00,540,2025-03-13 14:00:00,2025-03-13 14:30:00,30
S0003411,A051,2025-03-14,2025-03-14 10:00:00,2025-03-14 19:00:00,540,2025-03-14 14:00:00,2025-03-14 14:30:00,30
S0003412,A051,2025-03-17,2025-03-17 10:00:00,2025-03-17 19:00:00,540,2025-03-17 14:00:00,2025-03-17 14:30:00,30
S0003413,A051,2025-03-18,2025-03-18 10:00:00,2025-03-18 19:00:00,540,2025-03-18 14:00:00,2025-03-18 14:30:00,30
S0003414,A051,2025-03-19,2025-03-19 10:00:00,2025-03-19 19:00:00,540,2025-03-19 14:00:00,2025-03-19 14:30:00,30
S0003415,A051,2025-03-20,2025-03-20 10:00:00,2025-03-20 19:00:00,540,2025-03-20 14:00:00,2025-03-20 14:30:00,30
S0003416,A051,2025-03-21,2025-03-21 10:00:00,2025-03-21 19:00:00,540,2025-03-21 14:00:00,2025-03-21 14:30:00,30
S0003417,A051,2025-03-24,2025-03-24 10:00:00,2025-03-24 19:00:00,540,2025-03-24 14:00:00,2025-03-24 14:30:00,30
S0003418,A051,2025-03-26,2025-03-26 10:00:00,2025-03-26 19:00:00,540,2025-03-26 14:00:00,2025-03-26 14:30:00,30
S0003419,A051,2025-03-27,2025-03-27 10:00:00,2025-03-27 19:00:00,540,2025-03-27 14:00:00,2025-03-27 14:30:00,30
S0003420,A051,2025-03-28,2025-03-28 10:00:00,2025-03-28 19:00:00,540,2025-03-28 14:00:00,2025-03-28 14:30:00,30
S0003421,A051,2025-03-29,2025-03-29 10:00:00,2025-03-29 19:00:00,540,2025-03-29 14:00:00,2025-03-29 14:30:00,30
S0003422,A051,2025-03-31,2025-03-31 10:00:00,2025-03-31 19:00:00,540,2025-03-31 14:00:00,2025-03-31 14:30:00,30
S0003423,A052,2025-01-01,2025-01-01 09:00:00,2025-01-01 18:00:00,540,2025-01-01 13:00:00,2025-01-01 13:30:00,30
S0003424,A052,2025-01-02,2025-01-02 09:00:00,2025-01-02 18:00:00,540,2025-01-02 13:00:00,2025-01-02 13:30:00,30
S0003425,A052,2025-01-03,2025-01-03 09:00:00,2025-01-03 18:00:00,540,2025-01-03 13:00:00,2025-01-03 13:30:00,30
S0003426,A052,2025-01-06,2025-01-06 09:00:00,2025-01-06 18:00:00,540,2025-01-06 13:00:00,2025-01-06 13:30:00,30
S0003427,A052,2025-01-07,2025-01-07 09:00:00,2025-01-07 18:00:00,540,2025-01-07 13:00:00,2025-01-07 13:30:00,30
S0003428,A052,2025-01-08,2025-01-08 09:00:00,2025-01-08 18:00:00,540,2025-01-08 13:00:00,2025-01-08 13:30:00,30
S0003429,A052,2025-01-09,2025-01-09 09:00:00,2025-01-09 18:00:00,540,2025-01-09 13:00:00,2025-01-09 13:30:00,30
S0003430,A052,2025-01-10,2025-01-10 09:00:00,2025-01-10 18:00:00,540,2025-01-10 13:00:00,2025-01-10 13:30:00,30
S0003431,A052,2025-01-12,2025-01-12 09:00:00,2025-01-12 18:00:00,540,2025-01-12 13:00:00,2025-01-12 13:30:00,30
S0003432,A052,2025-01-13,2025-01-13 09:00:00,2025-01-13 18:00:00,540,2025-01-13 13:00:00,2025-01-13 13:30:00,30
S0003433,A052,2025-01-14,2025-01-14 09:00:00,2025-01-14 18:00:00,540,2025-01-14 13:00:00,2025-01-14 13:30:00,30
S0003434,A052,2025-01-15,2025-01-15 09:00:00,2025-01-15 18:00:00,540,2025-01-15 13:00:00,2025-01-15 13:30:00,30
S0003435,A052,2025-01-16,2025-01-16 09:00:00,2025-01-16 18:00:00,540,2025-01-16 13:00:00,2025-01-16 13:30:00,30
S0003436,A052,2025-01-17,2025-01-17 09:00:00,2025-01-17 18:00:00,540,2025-01-17 13:00:00,2025-01-17 13:30:00,30
S0003437,A052,2025-01-20,2025-01-20 09:00:00,2025-01-20 18:00:00,540,2025-01-20 13:00:00,2025-01-20 13:30:00,30
S0003438,A052,2025-01-21,2025-01-21 09:00:00,2025-01-21 18:00:00,540,2025-01-21 13:00:00,2025-01-21 13:30:00,30
S0003439,A052,2025-01-22,2025-01-22 09:00:00,2025-01-22 18:00:00,540,2025-01-22 13:00:00,2025-01-22 13:30:00,30
S0003440,A052,2025-01-23,2025-01-23 09:00:00,2025-01-23 18:00:00,540,2025-01-23 13:00:00,2025-01-23 13:30:00,30
S0003441,A052,2025-01-24,2025-01-24 09:00:00,2025-01-24 18:00:00,540,2025-01-24 13:00:00,2025-01-24 13:30:00,30
S0003442,A052,2025-01-27,2025-01-27 09:00:00,2025-01-27 18:00:00,540,2025-01-27 13:00:00,2025-01-27 13:30:00,30
S0003443,A052,2025-01-29,2025-01-29 09:00:00,2025-01-29 18:00:00,540,2025-01-29 13:00:00,2025-01-29 13:30:00,30
S0003444,A052,2025-01-30,2025-01-30 09:00:00,2025-01-30 18:00:00,540,2025-01-30 13:00:00,2025-01-30 13:30:00,30
S0003445,A052,2025-01-31,2025-01-31 09:00:00,2025-01-31 18:00:00,540,2025-01-31 13:00:00,2025-01-31 13:30:00,30
S0003446,A052,2025-02-03,2025-02-03 09:00:00,2025-02-03 18:00:00,540,2025-02-03 13:00:00,2025-02-03 13:30:00,30
S0003447,A052,2025-02-04,2025-02-04 09:00:00,2025-02-04 18:00:00,540,2025-02-04 13:00:00,2025-02-04 13:30:00,30
S0003448,A052,2025-02-05,2025-02-05 09:00:00,2025-02-05 18:00:00,540,2025-02-05 13:00:00,2025-02-05 13:30:00,30
S0003449,A052,2025-02-06,2025-02-06 09:00:00,2025-02-06 18:00:00,540,2025-02-06 13:00:00,2025-02-06 13:30:00,30
S0003450,A052,2025-02-07,2025-02-07 09:00:00,2025-02-07 18:00:00,540,2025-02-07 13:00:00,2025-02-07 13:30:00,30
S0003451,A052,2025-02-10,2025-02-10 09:00:00,2025-02-10 18:00:00,540,2025-02-10 13:00:00,2025-02-10 13:30:00,30
S0003452,A052,2025-02-11,2025-02-11 09:00:00,2025-02-11 18:00:00,540,2025-02-11 13:00:00,2025-02-11 13:30:00,30
S0003453,A052,2025-02-12,2025-02-12 09:00:00,2025-02-12 18:00:00,540,2025-02-12 13:00:00,2025-02-12 13:30:00,30
S0003454,A052,2025-02-13,2025-02-13 09:00:00,2025-02-13 18:00:00,540,2025-02-13 13:00:00,2025-02-13 13:30:00,30
S0003455,A052,2025-02-14,2025-02-14 09:00:00,2025-02-14 18:00:00,540,2025-02-14 13:00:00,2025-02-14 13:30:00,30
S0003456,A052,2025-02-17,2025-02-17 09:00:00,2025-02-17 18:00:00,540,2025-02-17 13:00:00,2025-02-17 13:30:00,30
S0003457,A052,2025-02-18,2025-02-18 09:00:00,2025-02-18 18:00:00,540,2025-02-18 13:00:00,2025-02-18 13:30:00,30
S0003458,A052,2025-02-19,2025-02-19 09:00:00,2025-02-19 18:00:00,540,2025-02-19 13:00:00,2025-02-19 13:30:00,30
S0003459,A052,2025-02-20,2025-02-20 09:00:00,2025-02-20 18:00:00,540,2025-02-20 13:00:00,2025-02-20 13:30:00,30
S0003460,A052,2025-02-21,2025-02-21 09:00:00,2025-02-21 18:00:00,540,2025-02-21 13:00:00,2025-02-21 13:30:00,30
S0003461,A052,2025-02-24,2025-02-24 09:00:00,2025-02-24 18:00:00,540,2025-02-24 13:00:00,2025-02-24 13:30:00,30
S0003462,A052,2025-02-25,2025-02-25 09:00:00,2025-02-25 18:00:00,540,2025-02-25 13:00:00,2025-02-25 13:30:00,30
S0003463,A052,2025-02-26,2025-02-26 09:00:00,2025-02-26 18:00:00,540,2025-02-26 13:00:00,2025-02-26 13:30:00,30
S0003464,A052,2025-02-27,2025-02-27 09:00:00,2025-02-27 18:00:00,540,2025-02-27 13:00:00,2025-02-27 13:30:00,30
S0003465,A052,2025-02-28,2025-02-28 09:00:00,2025-02-28 18:00:00,540,2025-02-28 13:00:00,2025-02-28 13:30:00,30
S0003466,A052,2025-03-03,2025-03-03 09:00:00,2025-03-03 18:00:00,540,2025-03-03 13:00:00,2025-03-03 13:30:00,30
S0003467,A052,2025-03-04,2025-03-04 09:00:00,2025-03-04 18:00:00,540,2025-03-04 13:00:00,2025-03-04 13:30:00,30
S0003468,A052,2025-03-05,2025-03-05 09:00:00,2025-03-05 18:00:00,540,2025-03-05 13:00:00,2025-03-05 13:30:00,30
S0003469,A052,2025-03-06,2025-03-06 09:00:00,2025-03-06 18:00:00,540,2025-03-06 13:00:00,2025-03-06 13:30:00,30
S0003470,A052,2025-03-07,2025-03-07 09:00:00,2025-03-07 18:00:00,540,2025-03-07 13:00:00,2025-03-07 13:30:00,30
S0003471,A052,2025-03-10,2025-03-10 09:00:00,2025-03-10 18:00:00,540,2025-03-10 13:00:00,2025-03-10 13:30:00,30
S0003472,A052,2025-03-11,2025-03-11 09:00:00,2025-03-11 18:00:00,540,2025-03-11 13:00:00,2025-03-11 13:30:00,30
S0003473,A052,2025-03-12,2025-03-12 09:00:00,2025-03-12 18:00:00,540,2025-03-12 13:00:00,2025-03-12 13:30:00,30
S0003474,A052,2025-03-13,2025-03-13 09:00:00,2025-03-13 18:00:00,540,2025-03-13 13:00:00,2025-03-13 13:30:00,30
S0003475,A052,2025-03-14,2025-03-14 09:00:00,2025-03-14 18:00:00,540,2025-03-14 13:00:00,2025-03-14 13:30:00,30
S0003476,A052,2025-03-17,2025-03-17 09:00:00,2025-03-17 18:00:00,540,2025-03-17 13:00:00,2025-03-17 13:30:00,30
S0003477,A052,2025-03-18,2025-03-18 09:00:00,2025-03-18 18:00:00,540,2025-03-18 13:00:00,2025-03-18 13:30:00,30
S0003478,A052,2025-03-19,2025-03-19 09:00:00,2025-03-19 18:00:00,540,2025-03-19 13:00:00,2025-03-19 13:30:00,30
S0003479,A052,2025-03-20,2025-03-20 09:00:00,2025-03-20 18:00:00,540,2025-03-20 13:00:00,2025-03-20 13:30:00,30
S0003480,A052,2025-03-21,2025-03-21 09:00:00,2025-03-21 18:00:00,540,2025-03-21 13:00:00,2025-03-21 13:30:00,30
S0003481,A052,2025-03-25,2025-03-25 09:00:00,2025-03-25 18:00:00,540,2025-03-25 13:00:00,2025-03-25 13:30:00,30
S0003482,A052,2025-03-26,2025-03-26 09:00:00,2025-03-26 18:00:00,540,2025-03-26 13:00:00,2025-03-26 13:30:00,30
S0003483,A052,2025-03-27,2025-03-27 09:00:00,2025-03-27 18:00:00,540,2025-03-27 13:00:00,2025-03-27 13:30:00,30
S0003484,A052,2025-03-28,2025-03-28 09:00:00,2025-03-28 18:00:00,540,2025-03-28 13:00:00,2025-03-28 13:30:00,30
S0003485,A052,2025-03-31,2025-03-31 09:00:00,2025-03-31 18:00:00,540,2025-03-31 13:00:00,2025-03-31 13:30:00,30
S0003486,A053,2025-01-01,2025-01-01 10:00:00,2025-01-01 19:00:00,540,2025-01-01 14:00:00,2025-01-01 14:30:00,30
S0003487,A053,2025-01-02,2025-01-02 10:00:00,2025-01-02 19:00:00,540,2025-01-02 14:00:00,2025-01-02 14:30:00,30
S0003488,A053,2025-01-03,2025-01-03 10:00:00,2025-01-03 19:00:00,540,2025-01-03 14:00:00,2025-01-03 14:30:00,30
S0003489,A053,2025-01-06,2025-01-06 10:00:00,2025-01-06 19:00:00,540,2025-01-06 14:00:00,2025-01-06 14:30:00,30
S0003490,A053,2025-01-07,2025-01-07 10:00:00,2025-01-07 19:00:00,540,2025-01-07 14:00:00,2025-01-07 14:30:00,30
S0003491,A053,2025-01-08,2025-01-08 10:00:00,2025-01-08 19:00:00,540,2025-01-08 14:00:00,2025-01-08 14:30:00,30
S0003492,A053,2025-01-09,2025-01-09 10:00:00,2025-01-09 19:00:00,540,2025-01-09 14:00:00,2025-01-09 14:30:00,30
S0003493,A053,2025-01-10,2025-01-10 10:00:00,2025-01-10 19:00:00,540,2025-01-10 14:00:00,2025-01-10 14:30:00,30
S0003494,A053,2025-01-13,2025-01-13 10:00:00,2025-01-13 19:00:00,540,2025-01-13 14:00:00,2025-01-13 14:30:00,30
S0003495,A053,2025-01-14,2025-01-14 10:00:00,2025-01-14 19:00:00,540,2025-01-14 14:00:00,2025-01-14 14:30:00,30
S0003496,A053,2025-01-15,2025-01-15 10:00:00,2025-01-15 19:00:00,540,2025-01-15 14:00:00,2025-01-15 14:30:00,30
S0003497,A053,2025-01-16,2025-01-16 10:00:00,2025-01-16 19:00:00,540,2025-01-16 14:00:00,2025-01-16 14:30:00,30
S0003498,A053,2025-01-17,2025-01-17 10:00:00,2025-01-17 19:00:00,540,2025-01-17 14:00:00,2025-01-17 14:30:00,30
S0003499,A053,2025-01-20,2025-01-20 10:00:00,2025-01-20 19:00:00,540,2025-01-20 14:00:00,2025-01-20 14:30:00,30
S0003500,A053,2025-01-21,2025-01-21 10:00:00,2025-01-21 19:00:00,540,2025-01-21 14:00:00,2025-01-21 14:30:00,30
S0003501,A053,2025-01-22,2025-01-22 10:00:00,2025-01-22 19:00:00,540,2025-01-22 14:00:00,2025-01-22 14:30:00,30
S0003502,A053,2025-01-23,2025-01-23 10:00:00,2025-01-23 19:00:00,540,2025-01-23 14:00:00,2025-01-23 14:30:00,30
S0003503,A053,2025-01-24,2025-01-24 10:00:00,2025-01-24 19:00:00,540,2025-01-24 14:00:00,2025-01-24 14:30:00,30
S0003504,A053,2025-01-26,2025-01-26 10:00:00,2025-01-26 19:00:00,540,2025-01-26 14:00:00,2025-01-26 14:30:00,30
S0003505,A053,2025-01-27,2025-01-27 10:00:00,2025-01-27 19:00:00,540,2025-01-27 14:00:00,2025-01-27 14:30:00,30
S0003506,A053,2025-01-28,2025-01-28 10:00:00,2025-01-28 19:00:00,540,2025-01-28 14:00:00,2025-01-28 14:30:00,30
S0003507,A053,2025-01-29,2025-01-29 10:00:00,2025-01-29 19:00:00,540,2025-01-29 14:00:00,2025-01-29 14:30:00,30
S0003508,A053,2025-01-30,2025-01-30 10:00:00,2025-01-30 19:00:00,540,2025-01-30 14:00:00,2025-01-30 14:30:00,30
S0003509,A053,2025-01-31,2025-01-31 10:00:00,2025-01-31 19:00:00,540,2025-01-31 14:00:00,2025-01-31 14:30:00,30
S0003510,A053,2025-02-03,2025-02-03 10:00:00,2025-02-03 19:00:00,540,2025-02-03 14:00:00,2025-02-03 14:30:00,30
S0003511,A053,2025-02-04,2025-02-04 10:00:00,2025-02-04 19:00:00,540,2025-02-04 14:00:00,2025-02-04 14:30:00,30
S0003512,A053,2025-02-05,2025-02-05 10:00:00,2025-02-05 19:00:00,540,2025-02-05 14:00:00,2025-02-05 14:30:00,30
S0003513,A053,2025-02-06,2025-02-06 10:00:00,2025-02-06 19:00:00,540,2025-02-06 14:00:00,2025-02-06 14:30:00,30
S0003514,A053,2025-02-07,2025-02-07 10:00:00,2025-02-07 19:00:00,540,2025-02-07 14:00:00,2025-02-07 14:30:00,30
S0003515,A053,2025-02-08,2025-02-08 10:00:00,2025-02-08 19:00:00,540,2025-02-08 14:00:00,2025-02-08 14:30:00,30
S0003516,A053,2025-02-10,2025-02-10 10:00:00,2025-02-10 19:00:00,540,2025-02-10 14:00:00,2025-02-10 14:30:00,30
S0003517,A053,2025-02-12,2025-02-12 10:00:00,2025-02-12 19:00:00,540,2025-02-12 14:00:00,2025-02-12 14:30:00,30
S0003518,A053,2025-02-13,2025-02-13 10:00:00,2025-02-13 19:00:00,540,2025-02-13 14:00:00,2025-02-13 14:30:00,30
S0003519,A053,2025-02-14,2025-02-14 10:00:00,2025-02-14 19:00:00,540,2025-02-14 14:00:00,2025-02-14 14:30:00,30
S0003520,A053,2025-02-17,2025-02-17 10:00:00,2025-02-17 19:00:00,540,2025-02-17 14:00:00,2025-02-17 14:30:00,30
S0003521,A053,2025-02-18,2025-02-18 10:00:00,2025-02-18 19:00:00,540,2025-02-18 14:00:00,2025-02-18 14:30:00,30
S0003522,A053,2025-02-19,2025-02-19 10:00:00,2025-02-19 19:00:00,540,2025-02-19 14:00:00,2025-02-19 14:30:00,30
S0003523,A053,2025-02-20,2025-02-20 10:00:00,2025-02-20 19:00:00,540,2025-02-20 14:00:00,2025-02-20 14:30:00,30
S0003524,A053,2025-02-21,2025-02-21 10:00:00,2025-02-21 19:00:00,540,2025-02-21 14:00:00,2025-02-21 14:30:00,30
S0003525,A053,2025-02-24,2025-02-24 10:00:00,2025-02-24 19:00:00,540,2025-02-24 14:00:00,2025-02-24 14:30:00,30
S0003526,A053,2025-02-25,2025-02-25 10:00:00,2025-02-25 19:00:00,540,2025-02-25 14:00:00,2025-02-25 14:30:00,30
S0003527,A053,2025-02-27,2025-02-27 10:00:00,2025-02-27 19:00:00,540,2025-02-27 14:00:00,2025-02-27 14:30:00,30
S0003528,A053,2025-02-28,2025-02-28 10:00:00,2025-02-28 19:00:00,540,2025-02-28 14:00:00,2025-02-28 14:30:00,30
S0003529,A053,2025-03-03,2025-03-03 10:00:00,2025-03-03 19:00:00,540,2025-03-03 14:00:00,2025-03-03 14:30:00,30
S0003530,A053,2025-03-04,2025-03-04 10:00:00,2025-03-04 19:00:00,540,2025-03-04 14:00:00,2025-03-04 14:30:00,30
S0003531,A053,2025-03-05,2025-03-05 10:00:00,2025-03-05 19:00:00,540,2025-03-05 14:00:00,2025-03-05 14:30:00,30
S0003532,A053,2025-03-06,2025-03-06 10:00:00,2025-03-06 19:00:00,540,2025-03-06 14:00:00,2025-03-06 14:30:00,30
S0003533,A053,2025-03-07,2025-03-07 10:00:00,2025-03-07 19:00:00,540,2025-03-07 14:00:00,2025-03-07 14:30:00,30
S0003534,A053,2025-03-10,2025-03-10 10:00:00,2025-03-10 19:00:00,540,2025-03-10 14:00:00,2025-03-10 14:30:00,30
S0003535,A053,2025-03-11,2025-03-11 10:00:00,2025-03-11 19:00:00,540,2025-03-11 14:00:00,2025-03-11 14:30:00,30
S0003536,A053,2025-03-12,2025-03-12 10:00:00,2025-03-12 19:00:00,540,2025-03-12 14:00:00,2025-03-12 14:30:00,30
S0003537,A053,2025-03-13,2025-03-13 10:00:00,2025-03-13 19:00:00,540,2025-03-13 14:00:00,2025-03-13 14:30:00,30
S0003538,A053,2025-03-14,2025-03-14 10:00:00,2025-03-14 19:00:00,540,2025-03-14 14:00:00,2025-03-14 14:30:00,30
S0003539,A053,2025-03-16,2025-03-16 10:00:00,2025-03-16 19:00:00,540,2025-03-16 14:00:00,2025-03-16 14:30:00,30
S0003540,A053,2025-03-17,2025-03-17 10:00:00,2025-03-17 19:00:00,540,2025-03-17 14:00:00,2025-03-17 14:30:00,30
S0003541,A053,2025-03-18,2025-03-18 10:00:00,2025-03-18 19:00:00,540,2025-03-18 14:00:00,2025-03-18 14:30:00,30
S0003542,A053,2025-03-19,2025-03-19 10:00:00,2025-03-19 19:00:00,540,2025-03-19 14:00:00,2025-03-19 14:30:00,30
S0003543,A053,2025-03-20,2025-03-20 10:00:00,2025-03-20 19:00:00,540,2025-03-20 14:00:00,2025-03-20 14:30:00,30
S0003544,A053,2025-03-21,2025-03-21 10:00:00,2025-03-21 19:00:00,540,2025-03-21 14:00:00,2025-03-21 14:30:00,30
S0003545,A053,2025-03-24,2025-03-24 10:00:00,2025-03-24 19:00:00,540,2025-03-24 14:00:00,2025-03-24 14:30:00,30
S0003546,A053,2025-03-25,2025-03-25 10:00:00,2025-03-25 19:00:00,540,2025-03-25 14:00:00,2025-03-25 14:30:00,30
S0003547,A053,2025-03-26,2025-03-26 10:00:00,2025-03-26 19:00:00,540,2025-03-26 14:00:00,2025-03-26 14:30:00,30
S0003548,A053,2025-03-27,2025-03-27 10:00:00,2025-03-27 19:00:00,540,2025-03-27 14:00:00,2025-03-27 14:30:00,30
S0003549,A053,2025-03-28,2025-03-28 10:00:00,2025-03-28 19:00:00,540,2025-03-28 14:00:00,2025-03-28 14:30:00,30
S0003550,A053,2025-03-31,2025-03-31 10:00:00,2025-03-31 19:00:00,540,2025-03-31 14:00:00,2025-03-31 14:30:00,30
S0003551,A054,2025-01-01,2025-01-01 09:00:00,2025-01-01 18:00:00,540,2025-01-01 13:00:00,2025-01-01 13:30:00,30
S0003552,A054,2025-01-02,2025-01-02 09:00:00,2025-01-02 18:00:00,540,2025-01-02 13:00:00,2025-01-02 13:30:00,30
S0003553,A054,2025-01-03,2025-01-03 09:00:00,2025-01-03 18:00:00,540,2025-01-03 13:00:00,2025-01-03 13:30:00,30
S0003554,A054,2025-01-06,2025-01-06 09:00:00,2025-01-06 18:00:00,540,2025-01-06 13:00:00,2025-01-06 13:30:00,30
S0003555,A054,2025-01-07,2025-01-07 09:00:00,2025-01-07 18:00:00,540,2025-01-07 13:00:00,2025-01-07 13:30:00,30
S0003556,A054,2025-01-08,2025-01-08 09:00:00,2025-01-08 18:00:00,540,2025-01-08 13:00:00,2025-01-08 13:30:00,30
S0003557,A054,2025-01-09,2025-01-09 09:00:00,2025-01-09 18:00:00,540,2025-01-09 13:00:00,2025-01-09 13:30:00,30
S0003558,A054,2025-01-10,2025-01-10 09:00:00,2025-01-10 18:00:00,540,2025-01-10 13:00:00,2025-01-10 13:30:00,30
S0003559,A054,2025-01-13,2025-01-13 09:00:00,2025-01-13 18:00:00,540,2025-01-13 13:00:00,2025-01-13 13:30:00,30
S0003560,A054,2025-01-14,2025-01-14 09:00:00,2025-01-14 18:00:00,540,2025-01-14 13:00:00,2025-01-14 13:30:00,30
S0003561,A054,2025-01-15,2025-01-15 09:00:00,2025-01-15 18:00:00,540,2025-01-15 13:00:00,2025-01-15 13:30:00,30
S0003562,A054,2025-01-16,2025-01-16 09:00:00,2025-01-16 18:00:00,540,2025-01-16 13:00:00,2025-01-16 13:30:00,30
S0003563,A054,2025-01-17,2025-01-17 09:00:00,2025-01-17 18:00:00,540,2025-01-17 13:00:00,2025-01-17 13:30:00,30
S0003564,A054,2025-01-18,2025-01-18 09:00:00,2025-01-18 18:00:00,540,2025-01-18 13:00:00,2025-01-18 13:30:00,30
S0003565,A054,2025-01-20,2025-01-20 09:00:00,2025-01-20 18:00:00,540,2025-01-20 13:00:00,2025-01-20 13:30:00,30
S0003566,A054,2025-01-21,2025-01-21 09:00:00,2025-01-21 18:00:00,540,2025-01-21 13:00:00,2025-01-21 13:30:00,30
S0003567,A054,2025-01-22,2025-01-22 09:00:00,2025-01-22 18:00:00,540,2025-01-22 13:00:00,2025-01-22 13:30:00,30
S0003568,A054,2025-01-23,2025-01-23 09:00:00,2025-01-23 18:00:00,540,2025-01-23 13:00:00,2025-01-23 13:30:00,30
S0003569,A054,2025-01-24,2025-01-24 09:00:00,2025-01-24 18:00:00,540,2025-01-24 13:00:00,2025-01-24 13:30:00,30
S0003570,A054,2025-01-26,2025-01-26 09:00:00,2025-01-26 18:00:00,540,2025-01-26 13:00:00,2025-01-26 13:30:00,30
S0003571,A054,2025-01-27,2025-01-27 09:00:00,2025-01-27 18:00:00,540,2025-01-27 13:00:00,2025-01-27 13:30:00,30
S0003572,A054,2025-01-28,2025-01-28 09:00:00,2025-01-28 18:00:00,540,2025-01-28 13:00:00,2025-01-28 13:30:00,30
S0003573,A054,2025-01-29,2025-01-29 09:00:00,2025-01-29 18:00:00,540,2025-01-29 13:00:00,2025-01-29 13:30:00,30
S0003574,A054,2025-01-30,2025-01-30 09:00:00,2025-01-30 18:00:00,540,2025-01-30 13:00:00,2025-01-30 13:30:00,30
S0003575,A054,2025-01-31,2025-01-31 09:00:00,2025-01-31 18:00:00,540,2025-01-31 13:00:00,2025-01-31 13:30:00,30
S0003576,A054,2025-02-01,2025-02-01 09:00:00,2025-02-01 18:00:00,540,2025-02-01 13:00:00,2025-02-01 13:30:00,30
S0003577,A054,2025-02-02,2025-02-02 09:00:00,2025-02-02 18:00:00,540,2025-02-02 13:00:00,2025-02-02 13:30:00,30
S0003578,A054,2025-02-03,2025-02-03 09:00:00,2025-02-03 18:00:00,540,2025-02-03 13:00:00,2025-02-03 13:30:00,30
S0003579,A054,2025-02-04,2025-02-04 09:00:00,2025-02-04 18:00:00,540,2025-02-04 13:00:00,2025-02-04 13:30:00,30
S0003580,A054,2025-02-05,2025-02-05 09:00:00,2025-02-05 18:00:00,540,2025-02-05 13:00:00,2025-02-05 13:30:00,30
S0003581,A054,2025-02-07,2025-02-07 09:00:00,2025-02-07 18:00:00,540,2025-02-07 13:00:00,2025-02-07 13:30:00,30
S0003582,A054,2025-02-08,2025-02-08 09:00:00,2025-02-08 18:00:00,540,2025-02-08 13:00:00,2025-02-08 13:30:00,30
S0003583,A054,2025-02-09,2025-02-09 09:00:00,2025-02-09 18:00:00,540,2025-02-09 13:00:00,2025-02-09 13:30:00,30
S0003584,A054,2025-02-10,2025-02-10 09:00:00,2025-02-10 18:00:00,540,2025-02-10 13:00:00,2025-02-10 13:30:00,30
S0003585,A054,2025-02-11,2025-02-11 09:00:00,2025-02-11 18:00:00,540,2025-02-11 13:00:00,2025-02-11 13:30:00,30
S0003586,A054,2025-02-12,2025-02-12 09:00:00,2025-02-12 18:00:00,540,2025-02-12 13:00:00,2025-02-12 13:30:00,30
S0003587,A054,2025-02-13,2025-02-13 09:00:00,2025-02-13 18:00:00,540,2025-02-13 13:00:00,2025-02-13 13:30:00,30
S0003588,A054,2025-02-14,2025-02-14 09:00:00,2025-02-14 18:00:00,540,2025-02-14 13:00:00,2025-02-14 13:30:00,30
S0003589,A054,2025-02-17,2025-02-17 09:00:00,2025-02-17 18:00:00,540,2025-02-17 13:00:00,2025-02-17 13:30:00,30
S0003590,A054,2025-02-18,2025-02-18 09:00:00,2025-02-18 18:00:00,540,2025-02-18 13:00:00,2025-02-18 13:30:00,30
S0003591,A054,2025-02-19,2025-02-19 09:00:00,2025-02-19 18:00:00,540,2025-02-19 13:00:00,2025-02-19 13:30:00,30
S0003592,A054,2025-02-20,2025-02-20 09:00:00,2025-02-20 18:00:00,540,2025-02-20 13:00:00,2025-02-20 13:30:00,30
S0003593,A054,2025-02-21,2025-02-21 09:00:00,2025-02-21 18:00:00,540,2025-02-21 13:00:00,2025-02-21 13:30:00,30
S0003594,A054,2025-02-22,2025-02-22 09:00:00,2025-02-22 18:00:00,540,2025-02-22 13:00:00,2025-02-22 13:30:00,30
S0003595,A054,2025-02-24,2025-02-24 09:00:00,2025-02-24 18:00:00,540,2025-02-24 13:00:00,2025-02-24 13:30:00,30
S0003596,A054,2025-02-25,2025-02-25 09:00:00,2025-02-25 18:00:00,540,2025-02-25 13:00:00,2025-02-25 13:30:00,30
S0003597,A054,2025-02-26,2025-02-26 09:00:00,2025-02-26 18:00:00,540,2025-02-26 13:00:00,2025-02-26 13:30:00,30
S0003598,A054,2025-02-27,2025-02-27 09:00:00,2025-02-27 18:00:00,540,2025-02-27 13:00:00,2025-02-27 13:30:00,30
S0003599,A054,2025-02-28,2025-02-28 09:00:00,2025-02-28 18:00:00,540,2025-02-28 13:00:00,2025-02-28 13:30:00,30
S0003600,A054,2025-03-02,2025-03-02 09:00:00,2025-03-02 18:00:00,540,2025-03-02 13:00:00,2025-03-02 13:30:00,30
S0003601,A054,2025-03-03,2025-03-03 09:00:00,2025-03-03 18:00:00,540,2025-03-03 13:00:00,2025-03-03 13:30:00,30
S0003602,A054,2025-03-04,2025-03-04 09:00:00,2025-03-04 18:00:00,540,2025-03-04 13:00:00,2025-03-04 13:30:00,30
S0003603,A054,2025-03-05,2025-03-05 09:00:00,2025-03-05 18:00:00,540,2025-03-05 13:00:00,2025-03-05 13:30:00,30
S0003604,A054,2025-03-06,2025-03-06 09:00:00,2025-03-06 18:00:00,540,2025-03-06 13:00:00,2025-03-06 13:30:00,30
S0003605,A054,2025-03-07,2025-03-07 09:00:00,2025-03-07 18:00:00,540,2025-03-07 13:00:00,2025-03-07 13:30:00,30
S0003606,A054,2025-03-10,2025-03-10 09:00:00,2025-03-10 18:00:00,540,2025-03-10 13:00:00,2025-03-10 13:30:00,30
S0003607,A054,2025-03-11,2025-03-11 09:00:00,2025-03-11 18:00:00,540,2025-03-11 13:00:00,2025-03-11 13:30:00,30
S0003608,A054,2025-03-12,2025-03-12 09:00:00,2025-03-12 18:00:00,540,2025-03-12 13:00:00,2025-03-12 13:30:00,30
S0003609,A054,2025-03-13,2025-03-13 09:00:00,2025-03-13 18:00:00,540,2025-03-13 13:00:00,2025-03-13 13:30:00,30
S0003610,A054,2025-03-14,2025-03-14 09:00:00,2025-03-14 18:00:00,540,2025-03-14 13:00:00,2025-03-14 13:30:00,30
S0003611,A054,2025-03-16,2025-03-16 09:00:00,2025-03-16 18:00:00,540,2025-03-16 13:00:00,2025-03-16 13:30:00,30
S0003612,A054,2025-03-17,2025-03-17 09:00:00,2025-03-17 18:00:00,540,2025-03-17 13:00:00,2025-03-17 13:30:00,30
S0003613,A054,2025-03-18,2025-03-18 09:00:00,2025-03-18 18:00:00,540,2025-03-18 13:00:00,2025-03-18 13:30:00,30
S0003614,A054,2025-03-19,2025-03-19 09:00:00,2025-03-19 18:00:00,540,2025-03-19 13:00:00,2025-03-19 13:30:00,30
S0003615,A054,2025-03-20,2025-03-20 09:00:00,2025-03-20 18:00:00,540,2025-03-20 13:00:00,2025-03-20 13:30:00,30
S0003616,A054,2025-03-21,2025-03-21 09:00:00,2025-03-21 18:00:00,540,2025-03-21 13:00:00,2025-03-21 13:30:00,30
S0003617,A054,2025-03-25,2025-03-25 09:00:00,2025-03-25 18:00:00,540,2025-03-25 13:00:00,2025-03-25 13:30:00,30
S0003618,A054,2025-03-26,2025-03-26 09:00:00,2025-03-26 18:00:00,540,2025-03-26 13:00:00,2025-03-26 13:30:00,30
S0003619,A054,2025-03-27,2025-03-27 09:00:00,2025-03-27 18:00:00,540,2025-03-27 13:00:00,2025-03-27 13:30:00,30
S0003620,A054,2025-03-28,2025-03-28 09:00:00,2025-03-28 18:00:00,540,2025-03-28 13:00:00,2025-03-28 13:30:00,30
S0003621,A054,2025-03-31,2025-03-31 09:00:00,2025-03-31 18:00:00,540,2025-03-31 13:00:00,2025-03-31 13:30:00,30
S0003622,A055,2025-01-02,2025-01-02 08:00:00,2025-01-02 17:00:00,540,2025-01-02 12:00:00,2025-01-02 12:30:00,30
S0003623,A055,2025-01-03,2025-01-03 08:00:00,2025-01-03 17:00:00,540,2025-01-03 12:00:00,2025-01-03 12:30:00,30
S0003624,A055,2025-01-05,2025-01-05 08:00:00,2025-01-05 17:00:00,540,2025-01-05 12:00:00,2025-01-05 12:30:00,30
S0003625,A055,2025-01-06,2025-01-06 08:00:00,2025-01-06 17:00:00,540,2025-01-06 12:00:00,2025-01-06 12:30:00,30
S0003626,A055,2025-01-07,2025-01-07 08:00:00,2025-01-07 17:00:00,540,2025-01-07 12:00:00,2025-01-07 12:30:00,30
S0003627,A055,2025-01-08,2025-01-08 08:00:00,2025-01-08 17:00:00,540,2025-01-08 12:00:00,2025-01-08 12:30:00,30
S0003628,A055,2025-01-09,2025-01-09 08:00:00,2025-01-09 17:00:00,540,2025-01-09 12:00:00,2025-01-09 12:30:00,30
S0003629,A055,2025-01-10,2025-01-10 08:00:00,2025-01-10 17:00:00,540,2025-01-10 12:00:00,2025-01-10 12:30:00,30
S0003630,A055,2025-01-13,2025-01-13 08:00:00,2025-01-13 17:00:00,540,2025-01-13 12:00:00,2025-01-13 12:30:00,30
S0003631,A055,2025-01-14,2025-01-14 08:00:00,2025-01-14 17:00:00,540,2025-01-14 12:00:00,2025-01-14 12:30:00,30
S0003632,A055,2025-01-15,2025-01-15 08:00:00,2025-01-15 17:00:00,540,2025-01-15 12:00:00,2025-01-15 12:30:00,30
S0003633,A055,2025-01-16,2025-01-16 08:00:00,2025-01-16 17:00:00,540,2025-01-16 12:00:00,2025-01-16 12:30:00,30
S0003634,A055,2025-01-17,2025-01-17 08:00:00,2025-01-17 17:00:00,540,2025-01-17 12:00:00,2025-01-17 12:30:00,30
S0003635,A055,2025-01-20,2025-01-20 08:00:00,2025-01-20 17:00:00,540,2025-01-20 12:00:00,2025-01-20 12:30:00,30
S0003636,A055,2025-01-21,2025-01-21 08:00:00,2025-01-21 17:00:00,540,2025-01-21 12:00:00,2025-01-21 12:30:00,30
S0003637,A055,2025-01-22,2025-01-22 08:00:00,2025-01-22 17:00:00,540,2025-01-22 12:00:00,2025-01-22 12:30:00,30
S0003638,A055,2025-01-23,2025-01-23 08:00:00,2025-01-23 17:00:00,540,2025-01-23 12:00:00,2025-01-23 12:30:00,30
S0003639,A055,2025-01-24,2025-01-24 08:00:00,2025-01-24 17:00:00,540,2025-01-24 12:00:00,2025-01-24 12:30:00,30
S0003640,A055,2025-01-26,2025-01-26 08:00:00,2025-01-26 17:00:00,540,2025-01-26 12:00:00,2025-01-26 12:30:00,30
S0003641,A055,2025-01-27,2025-01-27 08:00:00,2025-01-27 17:00:00,540,2025-01-27 12:00:00,2025-01-27 12:30:00,30
S0003642,A055,2025-01-28,2025-01-28 08:00:00,2025-01-28 17:00:00,540,2025-01-28 12:00:00,2025-01-28 12:30:00,30
S0003643,A055,2025-01-29,2025-01-29 08:00:00,2025-01-29 17:00:00,540,2025-01-29 12:00:00,2025-01-29 12:30:00,30
S0003644,A055,2025-01-30,2025-01-30 08:00:00,2025-01-30 17:00:00,540,2025-01-30 12:00:00,2025-01-30 12:30:00,30
S0003645,A055,2025-01-31,2025-01-31 08:00:00,2025-01-31 17:00:00,540,2025-01-31 12:00:00,2025-01-31 12:30:00,30
S0003646,A055,2025-02-03,2025-02-03 08:00:00,2025-02-03 17:00:00,540,2025-02-03 12:00:00,2025-02-03 12:30:00,30
S0003647,A055,2025-02-04,2025-02-04 08:00:00,2025-02-04 17:00:00,540,2025-02-04 12:00:00,2025-02-04 12:30:00,30
S0003648,A055,2025-02-05,2025-02-05 08:00:00,2025-02-05 17:00:00,540,2025-02-05 12:00:00,2025-02-05 12:30:00,30
S0003649,A055,2025-02-06,2025-02-06 08:00:00,2025-02-06 17:00:00,540,2025-02-06 12:00:00,2025-02-06 12:30:00,30
S0003650,A055,2025-02-07,2025-02-07 08:00:00,2025-02-07 17:00:00,540,2025-02-07 12:00:00,2025-02-07 12:30:00,30
S0003651,A055,2025-02-08,2025-02-08 08:00:00,2025-02-08 17:00:00,540,2025-02-08 12:00:00,2025-02-08 12:30:00,30
S0003652,A055,2025-02-10,2025-02-10 08:00:00,2025-02-10 17:00:00,540,2025-02-10 12:00:00,2025-02-10 12:30:00,30
S0003653,A055,2025-02-11,2025-02-11 08:00:00,2025-02-11 17:00:00,540,2025-02-11 12:00:00,2025-02-11 12:30:00,30
S0003654,A055,2025-02-12,2025-02-12 08:00:00,2025-02-12 17:00:00,540,2025-02-12 12:00:00,2025-02-12 12:30:00,30
S0003655,A055,2025-02-13,2025-02-13 08:00:00,2025-02-13 17:00:00,540,2025-02-13 12:00:00,2025-02-13 12:30:00,30
S0003656,A055,2025-02-14,2025-02-14 08:00:00,2025-02-14 17:00:00,540,2025-02-14 12:00:00,2025-02-14 12:30:00,30
S0003657,A055,2025-02-15,2025-02-15 08:00:00,2025-02-15 17:00:00,540,2025-02-15 12:00:00,2025-02-15 12:30:00,30
S0003658,A055,2025-02-17,2025-02-17 08:00:00,2025-02-17 17:00:00,540,2025-02-17 12:00:00,2025-02-17 12:30:00,30
S0003659,A055,2025-02-18,2025-02-18 08:00:00,2025-02-18 17:00:00,540,2025-02-18 12:00:00,2025-02-18 12:30:00,30
S0003660,A055,2025-02-19,2025-02-19 08:00:00,2025-02-19 17:00:00,540,2025-02-19 12:00:00,2025-02-19 12:30:00,30
S0003661,A055,2025-02-20,2025-02-20 08:00:00,2025-02-20 17:00:00,540,2025-02-20 12:00:00,2025-02-20 12:30:00,30
S0003662,A055,2025-02-21,2025-02-21 08:00:00,2025-02-21 17:00:00,540,2025-02-21 12:00:00,2025-02-21 12:30:00,30
S0003663,A055,2025-02-23,2025-02-23 08:00:00,2025-02-23 17:00:00,540,2025-02-23 12:00:00,2025-02-23 12:30:00,30
S0003664,A055,2025-02-24,2025-02-24 08:00:00,2025-02-24 17:00:00,540,2025-02-24 12:00:00,2025-02-24 12:30:00,30
S0003665,A055,2025-02-25,2025-02-25 08:00:00,2025-02-25 17:00:00,540,2025-02-25 12:00:00,2025-02-25 12:30:00,30
S0003666,A055,2025-02-26,2025-02-26 08:00:00,2025-02-26 17:00:00,540,2025-02-26 12:00:00,2025-02-26 12:30:00,30
S0003667,A055,2025-02-27,2025-02-27 08:00:00,2025-02-27 17:00:00,540,2025-02-27 12:00:00,2025-02-27 12:30:00,30
S0003668,A055,2025-02-28,2025-02-28 08:00:00,2025-02-28 17:00:00,540,2025-02-28 12:00:00,2025-02-28 12:30:00,30
S0003669,A055,2025-03-02,2025-03-02 08:00:00,2025-03-02 17:00:00,540,2025-03-02 12:00:00,2025-03-02 12:30:00,30
S0003670,A055,2025-03-03,2025-03-03 08:00:00,2025-03-03 17:00:00,540,2025-03-03 12:00:00,2025-03-03 12:30:00,30
S0003671,A055,2025-03-04,2025-03-04 08:00:00,2025-03-04 17:00:00,540,2025-03-04 12:00:00,2025-03-04 12:30:00,30
S0003672,A055,2025-03-05,2025-03-05 08:00:00,2025-03-05 17:00:00,540,2025-03-05 12:00:00,2025-03-05 12:30:00,30
S0003673,A055,2025-03-06,2025-03-06 08:00:00,2025-03-06 17:00:00,540,2025-03-06 12:00:00,2025-03-06 12:30:00,30
S0003674,A055,2025-03-07,2025-03-07 08:00:00,2025-03-07 17:00:00,540,2025-03-07 12:00:00,2025-03-07 12:30:00,30
S0003675,A055,2025-03-09,2025-03-09 08:00:00,2025-03-09 17:00:00,540,2025-03-09 12:00:00,2025-03-09 12:30:00,30
S0003676,A055,2025-03-10,2025-03-10 08:00:00,2025-03-10 17:00:00,540,2025-03-10 12:00:00,2025-03-10 12:30:00,30
S0003677,A055,2025-03-11,2025-03-11 08:00:00,2025-03-11 17:00:00,540,2025-03-11 12:00:00,2025-03-11 12:30:00,30
S0003678,A055,2025-03-12,2025-03-12 08:00:00,2025-03-12 17:00:00,540,2025-03-12 12:00:00,2025-03-12 12:30:00,30
S0003679,A055,2025-03-13,2025-03-13 08:00:00,2025-03-13 17:00:00,540,2025-03-13 12:00:00,2025-03-13 12:30:00,30
S0003680,A055,2025-03-14,2025-03-14 08:00:00,2025-03-14 17:00:00,540,2025-03-14 12:00:00,2025-03-14 12:30:00,30
S0003681,A055,2025-03-17,2025-03-17 08:00:00,2025-03-17 17:00:00,540,2025-03-17 12:00:00,2025-03-17 12:30:00,30
S0003682,A055,2025-03-18,2025-03-18 08:00:00,2025-03-18 17:00:00,540,2025-03-18 12:00:00,2025-03-18 12:30:00,30
S0003683,A055,2025-03-19,2025-03-19 08:00:00,2025-03-19 17:00:00,540,2025-03-19 12:00:00,2025-03-19 12:30:00,30
S0003684,A055,2025-03-20,2025-03-20 08:00:00,2025-03-20 17:00:00,540,2025-03-20 12:00:00,2025-03-20 12:30:00,30
S0003685,A055,2025-03-21,2025-03-21 08:00:00,2025-03-21 17:00:00,540,2025-03-21 12:00:00,2025-03-21 12:30:00,30
S0003686,A055,2025-03-24,2025-03-24 08:00:00,2025-03-24 17:00:00,540,2025-03-24 12:00:00,2025-03-24 12:30:00,30
S0003687,A055,2025-03-25,2025-03-25 08:00:00,2025-03-25 17:00:00,540,2025-03-25 12:00:00,2025-03-25 12:30:00,30
S0003688,A055,2025-03-26,2025-03-26 08:00:00,2025-03-26 17:00:00,540,2025-03-26 12:00:00,2025-03-26 12:30:00,30
S0003689,A055,2025-03-27,2025-03-27 08:00:00,2025-03-27 17:00:00,540,2025-03-27 12:00:00,2025-03-27 12:30:00,30
S0003690,A055,2025-03-28,2025-03-28 08:00:00,2025-03-28 17:00:00,540,2025-03-28 12:00:00,2025-03-28 12:30:00,30
S0003691,A055,2025-03-31,2025-03-31 08:00:00,2025-03-31 17:00:00,540,2025-03-31 12:00:00,2025-03-31 12:30:00,30
S0003692,A056,2025-01-01,2025-01-01 09:00:00,2025-01-01 18:00:00,540,2025-01-01 13:00:00,2025-01-01 13:30:00,30
S0003693,A056,2025-01-02,2025-01-02 09:00:00,2025-01-02 18:00:00,540,2025-01-02 13:00:00,2025-01-02 13:30:00,30
S0003694,A056,2025-01-03,2025-01-03 09:00:00,2025-01-03 18:00:00,540,2025-01-03 13:00:00,2025-01-03 13:30:00,30
S0003695,A056,2025-01-06,2025-01-06 09:00:00,2025-01-06 18:00:00,540,2025-01-06 13:00:00,2025-01-06 13:30:00,30
S0003696,A056,2025-01-07,2025-01-07 09:00:00,2025-01-07 18:00:00,540,2025-01-07 13:00:00,2025-01-07 13:30:00,30
S0003697,A056,2025-01-08,2025-01-08 09:00:00,2025-01-08 18:00:00,540,2025-01-08 13:00:00,2025-01-08 13:30:00,30
S0003698,A056,2025-01-09,2025-01-09 09:00:00,2025-01-09 18:00:00,540,2025-01-09 13:00:00,2025-01-09 13:30:00,30
S0003699,A056,2025-01-10,2025-01-10 09:00:00,2025-01-10 18:00:00,540,2025-01-10 13:00:00,2025-01-10 13:30:00,30
S0003700,A056,2025-01-13,2025-01-13 09:00:00,2025-01-13 18:00:00,540,2025-01-13 13:00:00,2025-01-13 13:30:00,30
S0003701,A056,2025-01-14,2025-01-14 09:00:00,2025-01-14 18:00:00,540,2025-01-14 13:00:00,2025-01-14 13:30:00,30
S0003702,A056,2025-01-15,2025-01-15 09:00:00,2025-01-15 18:00:00,540,2025-01-15 13:00:00,2025-01-15 13:30:00,30
S0003703,A056,2025-01-16,2025-01-16 09:00:00,2025-01-16 18:00:00,540,2025-01-16 13:00:00,2025-01-16 13:30:00,30
S0003704,A056,2025-01-17,2025-01-17 09:00:00,2025-01-17 18:00:00,540,2025-01-17 13:00:00,2025-01-17 13:30:00,30
S0003705,A056,2025-01-18,2025-01-18 09:00:00,2025-01-18 18:00:00,540,2025-01-18 13:00:00,2025-01-18 13:30:00,30
S0003706,A056,2025-01-20,2025-01-20 09:00:00,2025-01-20 18:00:00,540,2025-01-20 13:00:00,2025-01-20 13:30:00,30
S0003707,A056,2025-01-21,2025-01-21 09:00:00,2025-01-21 18:00:00,540,2025-01-21 13:00:00,2025-01-21 13:30:00,30
S0003708,A056,2025-01-22,2025-01-22 09:00:00,2025-01-22 18:00:00,540,2025-01-22 13:00:00,2025-01-22 13:30:00,30
S0003709,A056,2025-01-23,2025-01-23 09:00:00,2025-01-23 18:00:00,540,2025-01-23 13:00:00,2025-01-23 13:30:00,30
S0003710,A056,2025-01-24,2025-01-24 09:00:00,2025-01-24 18:00:00,540,2025-01-24 13:00:00,2025-01-24 13:30:00,30
S0003711,A056,2025-01-25,2025-01-25 09:00:00,2025-01-25 18:00:00,540,2025-01-25 13:00:00,2025-01-25 13:30:00,30
S0003712,A056,2025-01-27,2025-01-27 09:00:00,2025-01-27 18:00:00,540,2025-01-27 13:00:00,2025-01-27 13:30:00,30
S0003713,A056,2025-01-28,2025-01-28 09:00:00,2025-01-28 18:00:00,540,2025-01-28 13:00:00,2025-01-28 13:30:00,30
S0003714,A056,2025-01-29,2025-01-29 09:00:00,2025-01-29 18:00:00,540,2025-01-29 13:00:00,2025-01-29 13:30:00,30
S0003715,A056,2025-01-30,2025-01-30 09:00:00,2025-01-30 18:00:00,540,2025-01-30 13:00:00,2025-01-30 13:30:00,30
S0003716,A056,2025-01-31,2025-01-31 09:00:00,2025-01-31 18:00:00,540,2025-01-31 13:00:00,2025-01-31 13:30:00,30
S0003717,A056,2025-02-02,2025-02-02 09:00:00,2025-02-02 18:00:00,540,2025-02-02 13:00:00,2025-02-02 13:30:00,30
S0003718,A056,2025-02-03,2025-02-03 09:00:00,2025-02-03 18:00:00,540,2025-02-03 13:00:00,2025-02-03 13:30:00,30
S0003719,A056,2025-02-04,2025-02-04 09:00:00,2025-02-04 18:00:00,540,2025-02-04 13:00:00,2025-02-04 13:30:00,30
S0003720,A056,2025-02-05,2025-02-05 09:00:00,2025-02-05 18:00:00,540,2025-02-05 13:00:00,2025-02-05 13:30:00,30
S0003721,A056,2025-02-06,2025-02-06 09:00:00,2025-02-06 18:00:00,540,2025-02-06 13:00:00,2025-02-06 13:30:00,30
S0003722,A056,2025-02-07,2025-02-07 09:00:00,2025-02-07 18:00:00,540,2025-02-07 13:00:00,2025-02-07 13:30:00,30
S0003723,A056,2025-02-08,2025-02-08 09:00:00,2025-02-08 18:00:00,540,2025-02-08 13:00:00,2025-02-08 13:30:00,30
S0003724,A056,2025-02-10,2025-02-10 09:00:00,2025-02-10 18:00:00,540,2025-02-10 13:00:00,2025-02-10 13:30:00,30
S0003725,A056,2025-02-12,2025-02-12 09:00:00,2025-02-12 18:00:00,540,2025-02-12 13:00:00,2025-02-12 13:30:00,30
S0003726,A056,2025-02-13,2025-02-13 09:00:00,2025-02-13 18:00:00,540,2025-02-13 13:00:00,2025-02-13 13:30:00,30
S0003727,A056,2025-02-14,2025-02-14 09:00:00,2025-02-14 18:00:00,540,2025-02-14 13:00:00,2025-02-14 13:30:00,30
S0003728,A056,2025-02-17,2025-02-17 09:00:00,2025-02-17 18:00:00,540,2025-02-17 13:00:00,2025-02-17 13:30:00,30
S0003729,A056,2025-02-18,2025-02-18 09:00:00,2025-02-18 18:00:00,540,2025-02-18 13:00:00,2025-02-18 13:30:00,30
S0003730,A056,2025-02-19,2025-02-19 09:00:00,2025-02-19 18:00:00,540,2025-02-19 13:00:00,2025-02-19 13:30:00,30
S0003731,A056,2025-02-20,2025-02-20 09:00:00,2025-02-20 18:00:00,540,2025-02-20 13:00:00,2025-02-20 13:30:00,30
S0003732,A056,2025-02-21,2025-02-21 09:00:00,2025-02-21 18:00:00,540,2025-02-21 13:00:00,2025-02-21 13:30:00,30
S0003733,A056,2025-02-22,2025-02-22 09:00:00,2025-02-22 18:00:00,540,2025-02-22 13:00:00,2025-02-22 13:30:00,30
S0003734,A056,2025-02-24,2025-02-24 09:00:00,2025-02-24 18:00:00,540,2025-02-24 13:00:00,2025-02-24 13:30:00,30
S0003735,A056,2025-02-25,2025-02-25 09:00:00,2025-02-25 18:00:00,540,2025-02-25 13:00:00,2025-02-25 13:30:00,30
S0003736,A056,2025-02-26,2025-02-26 09:00:00,2025-02-26 18:00:00,540,2025-02-26 13:00:00,2025-02-26 13:30:00,30
S0003737,A056,2025-02-27,2025-02-27 09:00:00,2025-02-27 18:00:00,540,2025-02-27 13:00:00,2025-02-27 13:30:00,30
S0003738,A056,2025-02-28,2025-02-28 09:00:00,2025-02-28 18:00:00,540,2025-02-28 13:00:00,2025-02-28 13:30:00,30
S0003739,A056,2025-03-03,2025-03-03 09:00:00,2025-03-03 18:00:00,540,2025-03-03 13:00:00,2025-03-03 13:30:00,30
S0003740,A056,2025-03-04,2025-03-04 09:00:00,2025-03-04 18:00:00,540,2025-03-04 13:00:00,2025-03-04 13:30:00,30
S0003741,A056,2025-03-05,2025-03-05 09:00:00,2025-03-05 18:00:00,540,2025-03-05 13:00:00,2025-03-05 13:30:00,30
S0003742,A056,2025-03-06,2025-03-06 09:00:00,2025-03-06 18:00:00,540,2025-03-06 13:00:00,2025-03-06 13:30:00,30
S0003743,A056,2025-03-07,2025-03-07 09:00:00,2025-03-07 18:00:00,540,2025-03-07 13:00:00,2025-03-07 13:30:00,30
S0003744,A056,2025-03-10,2025-03-10 09:00:00,2025-03-10 18:00:00,540,2025-03-10 13:00:00,2025-03-10 13:30:00,30
S0003745,A056,2025-03-11,2025-03-11 09:00:00,2025-03-11 18:00:00,540,2025-03-11 13:00:00,2025-03-11 13:30:00,30
S0003746,A056,2025-03-12,2025-03-12 09:00:00,2025-03-12 18:00:00,540,2025-03-12 13:00:00,2025-03-12 13:30:00,30
S0003747,A056,2025-03-13,2025-03-13 09:00:00,2025-03-13 18:00:00,540,2025-03-13 13:00:00,2025-03-13 13:30:00,30
S0003748,A056,2025-03-14,2025-03-14 09:00:00,2025-03-14 18:00:00,540,2025-03-14 13:00:00,2025-03-14 13:30:00,30
S0003749,A056,2025-03-16,2025-03-16 09:00:00,2025-03-16 18:00:00,540,2025-03-16 13:00:00,2025-03-16 13:30:00,30
S0003750,A056,2025-03-17,2025-03-17 09:00:00,2025-03-17 18:00:00,540,2025-03-17 13:00:00,2025-03-17 13:30:00,30
S0003751,A056,2025-03-18,2025-03-18 09:00:00,2025-03-18 18:00:00,540,2025-03-18 13:00:00,2025-03-18 13:30:00,30
S0003752,A056,2025-03-19,2025-03-19 09:00:00,2025-03-19 18:00:00,540,2025-03-19 13:00:00,2025-03-19 13:30:00,30
S0003753,A056,2025-03-20,2025-03-20 09:00:00,2025-03-20 18:00:00,540,2025-03-20 13:00:00,2025-03-20 13:30:00,30
S0003754,A056,2025-03-21,2025-03-21 09:00:00,2025-03-21 18:00:00,540,2025-03-21 13:00:00,2025-03-21 13:30:00,30
S0003755,A056,2025-03-24,2025-03-24 09:00:00,2025-03-24 18:00:00,540,2025-03-24 13:00:00,2025-03-24 13:30:00,30
S0003756,A056,2025-03-25,2025-03-25 09:00:00,2025-03-25 18:00:00,540,2025-03-25 13:00:00,2025-03-25 13:30:00,30
S0003757,A056,2025-03-26,2025-03-26 09:00:00,2025-03-26 18:00:00,540,2025-03-26 13:00:00,2025-03-26 13:30:00,30
S0003758,A056,2025-03-27,2025-03-27 09:00:00,2025-03-27 18:00:00,540,2025-03-27 13:00:00,2025-03-27 13:30:00,30
S0003759,A056,2025-03-28,2025-03-28 09:00:00,2025-03-28 18:00:00,540,2025-03-28 13:00:00,2025-03-28 13:30:00,30
S0003760,A056,2025-03-31,2025-03-31 09:00:00,2025-03-31 18:00:00,540,2025-03-31 13:00:00,2025-03-31 13:30:00,30
S0003761,A057,2025-01-02,2025-01-02 09:00:00,2025-01-02 18:00:00,540,2025-01-02 13:00:00,2025-01-02 13:30:00,30
S0003762,A057,2025-01-03,2025-01-03 09:00:00,2025-01-03 18:00:00,540,2025-01-03 13:00:00,2025-01-03 13:30:00,30
S0003763,A057,2025-01-06,2025-01-06 09:00:00,2025-01-06 18:00:00,540,2025-01-06 13:00:00,2025-01-06 13:30:00,30
S0003764,A057,2025-01-07,2025-01-07 09:00:00,2025-01-07 18:00:00,540,2025-01-07 13:00:00,2025-01-07 13:30:00,30
S0003765,A057,2025-01-08,2025-01-08 09:00:00,2025-01-08 18:00:00,540,2025-01-08 13:00:00,2025-01-08 13:30:00,30
S0003766,A057,2025-01-09,2025-01-09 09:00:00,2025-01-09 18:00:00,540,2025-01-09 13:00:00,2025-01-09 13:30:00,30
S0003767,A057,2025-01-10,2025-01-10 09:00:00,2025-01-10 18:00:00,540,2025-01-10 13:00:00,2025-01-10 13:30:00,30
S0003768,A057,2025-01-13,2025-01-13 09:00:00,2025-01-13 18:00:00,540,2025-01-13 13:00:00,2025-01-13 13:30:00,30
S0003769,A057,2025-01-14,2025-01-14 09:00:00,2025-01-14 18:00:00,540,2025-01-14 13:00:00,2025-01-14 13:30:00,30
S0003770,A057,2025-01-15,2025-01-15 09:00:00,2025-01-15 18:00:00,540,2025-01-15 13:00:00,2025-01-15 13:30:00,30
S0003771,A057,2025-01-16,2025-01-16 09:00:00,2025-01-16 18:00:00,540,2025-01-16 13:00:00,2025-01-16 13:30:00,30
S0003772,A057,2025-01-17,2025-01-17 09:00:00,2025-01-17 18:00:00,540,2025-01-17 13:00:00,2025-01-17 13:30:00,30
S0003773,A057,2025-01-18,2025-01-18 09:00:00,2025-01-18 18:00:00,540,2025-01-18 13:00:00,2025-01-18 13:30:00,30
S0003774,A057,2025-01-20,2025-01-20 09:00:00,2025-01-20 18:00:00,540,2025-01-20 13:00:00,2025-01-20 13:30:00,30
S0003775,A057,2025-01-21,2025-01-21 09:00:00,2025-01-21 18:00:00,540,2025-01-21 13:00:00,2025-01-21 13:30:00,30
S0003776,A057,2025-01-22,2025-01-22 09:00:00,2025-01-22 18:00:00,540,2025-01-22 13:00:00,2025-01-22 13:30:00,30
S0003777,A057,2025-01-23,2025-01-23 09:00:00,2025-01-23 18:00:00,540,2025-01-23 13:00:00,2025-01-23 13:30:00,30
S0003778,A057,2025-01-24,2025-01-24 09:00:00,2025-01-24 18:00:00,540,2025-01-24 13:00:00,2025-01-24 13:30:00,30
S0003779,A057,2025-01-27,2025-01-27 09:00:00,2025-01-27 18:00:00,540,2025-01-27 13:00:00,2025-01-27 13:30:00,30
S0003780,A057,2025-01-28,2025-01-28 09:00:00,2025-01-28 18:00:00,540,2025-01-28 13:00:00,2025-01-28 13:30:00,30
S0003781,A057,2025-01-29,2025-01-29 09:00:00,2025-01-29 18:00:00,540,2025-01-29 13:00:00,2025-01-29 13:30:00,30
S0003782,A057,2025-01-30,2025-01-30 09:00:00,2025-01-30 18:00:00,540,2025-01-30 13:00:00,2025-01-30 13:30:00,30
S0003783,A057,2025-01-31,2025-01-31 09:00:00,2025-01-31 18:00:00,540,2025-01-31 13:00:00,2025-01-31 13:30:00,30
S0003784,A057,2025-02-03,2025-02-03 09:00:00,2025-02-03 18:00:00,540,2025-02-03 13:00:00,2025-02-03 13:30:00,30
S0003785,A057,2025-02-04,2025-02-04 09:00:00,2025-02-04 18:00:00,540,2025-02-04 13:00:00,2025-02-04 13:30:00,30
S0003786,A057,2025-02-05,2025-02-05 09:00:00,2025-02-05 18:00:00,540,2025-02-05 13:00:00,2025-02-05 13:30:00,30
S0003787,A057,2025-02-06,2025-02-06 09:00:00,2025-02-06 18:00:00,540,2025-02-06 13:00:00,2025-02-06 13:30:00,30
S0003788,A057,2025-02-07,2025-02-07 09:00:00,2025-02-07 18:00:00,540,2025-02-07 13:00:00,2025-02-07 13:30:00,30
S0003789,A057,2025-02-10,2025-02-10 09:00:00,2025-02-10 18:00:00,540,2025-02-10 13:00:00,2025-02-10 13:30:00,30
S0003790,A057,2025-02-11,2025-02-11 09:00:00,2025-02-11 18:00:00,540,2025-02-11 13:00:00,2025-02-11 13:30:00,30
S0003791,A057,2025-02-12,2025-02-12 09:00:00,2025-02-12 18:00:00,540,2025-02-12 13:00:00,2025-02-12 13:30:00,30
S0003792,A057,2025-02-13,2025-02-13 09:00:00,2025-02-13 18:00:00,540,2025-02-13 13:00:00,2025-02-13 13:30:00,30
S0003793,A057,2025-02-14,2025-02-14 09:00:00,2025-02-14 18:00:00,540,2025-02-14 13:00:00,2025-02-14 13:30:00,30
S0003794,A057,2025-02-17,2025-02-17 09:00:00,2025-02-17 18:00:00,540,2025-02-17 13:00:00,2025-02-17 13:30:00,30
S0003795,A057,2025-02-18,2025-02-18 09:00:00,2025-02-18 18:00:00,540,2025-02-18 13:00:00,2025-02-18 13:30:00,30
S0003796,A057,2025-02-20,2025-02-20 09:00:00,2025-02-20 18:00:00,540,2025-02-20 13:00:00,2025-02-20 13:30:00,30
S0003797,A057,2025-02-21,2025-02-21 09:00:00,2025-02-21 18:00:00,540,2025-02-21 13:00:00,2025-02-21 13:30:00,30
S0003798,A057,2025-02-24,2025-02-24 09:00:00,2025-02-24 18:00:00,540,2025-02-24 13:00:00,2025-02-24 13:30:00,30
S0003799,A057,2025-02-25,2025-02-25 09:00:00,2025-02-25 18:00:00,540,2025-02-25 13:00:00,2025-02-25 13:30:00,30
S0003800,A057,2025-02-26,2025-02-26 09:00:00,2025-02-26 18:00:00,540,2025-02-26 13:00:00,2025-02-26 13:30:00,30
S0003801,A057,2025-02-27,2025-02-27 09:00:00,2025-02-27 18:00:00,540,2025-02-27 13:00:00,2025-02-27 13:30:00,30
S0003802,A057,2025-02-28,2025-02-28 09:00:00,2025-02-28 18:00:00,540,2025-02-28 13:00:00,2025-02-28 13:30:00,30
S0003803,A057,2025-03-02,2025-03-02 09:00:00,2025-03-02 18:00:00,540,2025-03-02 13:00:00,2025-03-02 13:30:00,30
S0003804,A057,2025-03-03,2025-03-03 09:00:00,2025-03-03 18:00:00,540,2025-03-03 13:00:00,2025-03-03 13:30:00,30
S0003805,A057,2025-03-04,2025-03-04 09:00:00,2025-03-04 18:00:00,540,2025-03-04 13:00:00,2025-03-04 13:30:00,30
S0003806,A057,2025-03-05,2025-03-05 09:00:00,2025-03-05 18:00:00,540,2025-03-05 13:00:00,2025-03-05 13:30:00,30
S0003807,A057,2025-03-06,2025-03-06 09:00:00,2025-03-06 18:00:00,540,2025-03-06 13:00:00,2025-03-06 13:30:00,30
S0003808,A057,2025-03-07,2025-03-07 09:00:00,2025-03-07 18:00:00,540,2025-03-07 13:00:00,2025-03-07 13:30:00,30
S0003809,A057,2025-03-10,2025-03-10 09:00:00,2025-03-10 18:00:00,540,2025-03-10 13:00:00,2025-03-10 13:30:00,30
S0003810,A057,2025-03-11,2025-03-11 09:00:00,2025-03-11 18:00:00,540,2025-03-11 13:00:00,2025-03-11 13:30:00,30
S0003811,A057,2025-03-12,2025-03-12 09:00:00,2025-03-12 18:00:00,540,2025-03-12 13:00:00,2025-03-12 13:30:00,30
S0003812,A057,2025-03-13,2025-03-13 09:00:00,2025-03-13 18:00:00,540,2025-03-13 13:00:00,2025-03-13 13:30:00,30
S0003813,A057,2025-03-14,2025-03-14 09:00:00,2025-03-14 18:00:00,540,2025-03-14 13:00:00,2025-03-14 13:30:00,30
S0003814,A057,2025-03-17,2025-03-17 09:00:00,2025-03-17 18:00:00,540,2025-03-17 13:00:00,2025-03-17 13:30:00,30
S0003815,A057,2025-03-18,2025-03-18 09:00:00,2025-03-18 18:00:00,540,2025-03-18 13:00:00,2025-03-18 13:30:00,30
S0003816,A057,2025-03-19,2025-03-19 09:00:00,2025-03-19 18:00:00,540,2025-03-19 13:00:00,2025-03-19 13:30:00,30
S0003817,A057,2025-03-20,2025-03-20 09:00:00,2025-03-20 18:00:00,540,2025-03-20 13:00:00,2025-03-20 13:30:00,30
S0003818,A057,2025-03-21,2025-03-21 09:00:00,2025-03-21 18:00:00,540,2025-03-21 13:00:00,2025-03-21 13:30:00,30
S0003819,A057,2025-03-24,2025-03-24 09:00:00,2025-03-24 18:00:00,540,2025-03-24 13:00:00,2025-03-24 13:30:00,30
S0003820,A057,2025-03-25,2025-03-25 09:00:00,2025-03-25 18:00:00,540,2025-03-25 13:00:00,2025-03-25 13:30:00,30
S0003821,A057,2025-03-26,2025-03-26 09:00:00,2025-03-26 18:00:00,540,2025-03-26 13:00:00,2025-03-26 13:30:00,30
S0003822,A057,2025-03-27,2025-03-27 09:00:00,2025-03-27 18:00:00,540,2025-03-27 13:00:00,2025-03-27 13:30:00,30
S0003823,A057,2025-03-28,2025-03-28 09:00:00,2025-03-28 18:00:00,540,2025-03-28 13:00:00,2025-03-28 13:30:00,30
S0003824,A057,2025-03-31,2025-03-31 09:00:00,2025-03-31 18:00:00,540,2025-03-31 13:00:00,2025-03-31 13:30:00,30
S0003825,A058,2025-01-01,2025-01-01 08:00:00,2025-01-01 17:00:00,540,2025-01-01 12:00:00,2025-01-01 12:30:00,30
S0003826,A058,2025-01-02,2025-01-02 08:00:00,2025-01-02 17:00:00,540,2025-01-02 12:00:00,2025-01-02 12:30:00,30
S0003827,A058,2025-01-03,2025-01-03 08:00:00,2025-01-03 17:00:00,540,2025-01-03 12:00:00,2025-01-03 12:30:00,30
S0003828,A058,2025-01-06,2025-01-06 08:00:00,2025-01-06 17:00:00,540,2025-01-06 12:00:00,2025-01-06 12:30:00,30
S0003829,A058,2025-01-07,2025-01-07 08:00:00,2025-01-07 17:00:00,540,2025-01-07 12:00:00,2025-01-07 12:30:00,30
S0003830,A058,2025-01-08,2025-01-08 08:00:00,2025-01-08 17:00:00,540,2025-01-08 12:00:00,2025-01-08 12:30:00,30
S0003831,A058,2025-01-09,2025-01-09 08:00:00,2025-01-09 17:00:00,540,2025-01-09 12:00:00,2025-01-09 12:30:00,30
S0003832,A058,2025-01-10,2025-01-10 08:00:00,2025-01-10 17:00:00,540,2025-01-10 12:00:00,2025-01-10 12:30:00,30
S0003833,A058,2025-01-13,2025-01-13 08:00:00,2025-01-13 17:00:00,540,2025-01-13 12:00:00,2025-01-13 12:30:00,30
S0003834,A058,2025-01-14,2025-01-14 08:00:00,2025-01-14 17:00:00,540,2025-01-14 12:00:00,2025-01-14 12:30:00,30
S0003835,A058,2025-01-15,2025-01-15 08:00:00,2025-01-15 17:00:00,540,2025-01-15 12:00:00,2025-01-15 12:30:00,30
S0003836,A058,2025-01-16,2025-01-16 08:00:00,2025-01-16 17:00:00,540,2025-01-16 12:00:00,2025-01-16 12:30:00,30
S0003837,A058,2025-01-17,2025-01-17 08:00:00,2025-01-17 17:00:00,540,2025-01-17 12:00:00,2025-01-17 12:30:00,30
S0003838,A058,2025-01-20,2025-01-20 08:00:00,2025-01-20 17:00:00,540,2025-01-20 12:00:00,2025-01-20 12:30:00,30
S0003839,A058,2025-01-21,2025-01-21 08:00:00,2025-01-21 17:00:00,540,2025-01-21 12:00:00,2025-01-21 12:30:00,30
S0003840,A058,2025-01-23,2025-01-23 08:00:00,2025-01-23 17:00:00,540,2025-01-23 12:00:00,2025-01-23 12:30:00,30
S0003841,A058,2025-01-24,2025-01-24 08:00:00,2025-01-24 17:00:00,540,2025-01-24 12:00:00,2025-01-24 12:30:00,30
S0003842,A058,2025-01-27,2025-01-27 08:00:00,2025-01-27 17:00:00,540,2025-01-27 12:00:00,2025-01-27 12:30:00,30
S0003843,A058,2025-01-28,2025-01-28 08:00:00,2025-01-28 17:00:00,540,2025-01-28 12:00:00,2025-01-28 12:30:00,30
S0003844,A058,2025-01-29,2025-01-29 08:00:00,2025-01-29 17:00:00,540,2025-01-29 12:00:00,2025-01-29 12:30:00,30
S0003845,A058,2025-01-30,2025-01-30 08:00:00,2025-01-30 17:00:00,540,2025-01-30 12:00:00,2025-01-30 12:30:00,30
S0003846,A058,2025-02-03,2025-02-03 08:00:00,2025-02-03 17:00:00,540,2025-02-03 12:00:00,2025-02-03 12:30:00,30
S0003847,A058,2025-02-04,2025-02-04 08:00:00,2025-02-04 17:00:00,540,2025-02-04 12:00:00,2025-02-04 12:30:00,30
S0003848,A058,2025-02-05,2025-02-05 08:00:00,2025-02-05 17:00:00,540,2025-02-05 12:00:00,2025-02-05 12:30:00,30
S0003849,A058,2025-02-06,2025-02-06 08:00:00,2025-02-06 17:00:00,540,2025-02-06 12:00:00,2025-02-06 12:30:00,30
S0003850,A058,2025-02-07,2025-02-07 08:00:00,2025-02-07 17:00:00,540,2025-02-07 12:00:00,2025-02-07 12:30:00,30
S0003851,A058,2025-02-10,2025-02-10 08:00:00,2025-02-10 17:00:00,540,2025-02-10 12:00:00,2025-02-10 12:30:00,30
S0003852,A058,2025-02-11,2025-02-11 08:00:00,2025-02-11 17:00:00,540,2025-02-11 12:00:00,2025-02-11 12:30:00,30
S0003853,A058,2025-02-12,2025-02-12 08:00:00,2025-02-12 17:00:00,540,2025-02-12 12:00:00,2025-02-12 12:30:00,30
S0003854,A058,2025-02-13,2025-02-13 08:00:00,2025-02-13 17:00:00,540,2025-02-13 12:00:00,2025-02-13 12:30:00,30
S0003855,A058,2025-02-14,2025-02-14 08:00:00,2025-02-14 17:00:00,540,2025-02-14 12:00:00,2025-02-14 12:30:00,30
S0003856,A058,2025-02-15,2025-02-15 08:00:00,2025-02-15 17:00:00,540,2025-02-15 12:00:00,2025-02-15 12:30:00,30
S0003857,A058,2025-02-17,2025-02-17 08:00:00,2025-02-17 17:00:00,540,2025-02-17 12:00:00,2025-02-17 12:30:00,30
S0003858,A058,2025-02-18,2025-02-18 08:00:00,2025-02-18 17:00:00,540,2025-02-18 12:00:00,2025-02-18 12:30:00,30
S0003859,A058,2025-02-19,2025-02-19 08:00:00,2025-02-19 17:00:00,540,2025-02-19 12:00:00,2025-02-19 12:30:00,30
S0003860,A058,2025-02-20,2025-02-20 08:00:00,2025-02-20 17:00:00,540,2025-02-20 12:00:00,2025-02-20 12:30:00,30
S0003861,A058,2025-02-21,2025-02-21 08:00:00,2025-02-21 17:00:00,540,2025-02-21 12:00:00,2025-02-21 12:30:00,30
S0003862,A058,2025-02-23,2025-02-23 08:00:00,2025-02-23 17:00:00,540,2025-02-23 12:00:00,2025-02-23 12:30:00,30
S0003863,A058,2025-02-24,2025-02-24 08:00:00,2025-02-24 17:00:00,540,2025-02-24 12:00:00,2025-02-24 12:30:00,30
S0003864,A058,2025-02-25,2025-02-25 08:00:00,2025-02-25 17:00:00,540,2025-02-25 12:00:00,2025-02-25 12:30:00,30
S0003865,A058,2025-02-26,2025-02-26 08:00:00,2025-02-26 17:00:00,540,2025-02-26 12:00:00,2025-02-26 12:30:00,30
S0003866,A058,2025-02-27,2025-02-27 08:00:00,2025-02-27 17:00:00,540,2025-02-27 12:00:00,2025-02-27 12:30:00,30
S0003867,A058,2025-02-28,2025-02-28 08:00:00,2025-02-28 17:00:00,540,2025-02-28 12:00:00,2025-02-28 12:30:00,30
S0003868,A058,2025-03-02,2025-03-02 08:00:00,2025-03-02 17:00:00,540,2025-03-02 12:00:00,2025-03-02 12:30:00,30
S0003869,A058,2025-03-03,2025-03-03 08:00:00,2025-03-03 17:00:00,540,2025-03-03 12:00:00,2025-03-03 12:30:00,30
S0003870,A058,2025-03-04,2025-03-04 08:00:00,2025-03-04 17:00:00,540,2025-03-04 12:00:00,2025-03-04 12:30:00,30
S0003871,A058,2025-03-05,2025-03-05 08:00:00,2025-03-05 17:00:00,540,2025-03-05 12:00:00,2025-03-05 12:30:00,30
S0003872,A058,2025-03-06,2025-03-06 08:00:00,2025-03-06 17:00:00,540,2025-03-06 12:00:00,2025-03-06 12:30:00,30
S0003873,A058,2025-03-07,2025-03-07 08:00:00,2025-03-07 17:00:00,540,2025-03-07 12:00:00,2025-03-07 12:30:00,30
S0003874,A058,2025-03-10,2025-03-10 08:00:00,2025-03-10 17:00:00,540,2025-03-10 12:00:00,2025-03-10 12:30:00,30
S0003875,A058,2025-03-12,2025-03-12 08:00:00,2025-03-12 17:00:00,540,2025-03-12 12:00:00,2025-03-12 12:30:00,30
S0003876,A058,2025-03-13,2025-03-13 08:00:00,2025-03-13 17:00:00,540,2025-03-13 12:00:00,2025-03-13 12:30:00,30
S0003877,A058,2025-03-14,2025-03-14 08:00:00,2025-03-14 17:00:00,540,2025-03-14 12:00:00,2025-03-14 12:30:00,30
S0003878,A058,2025-03-17,2025-03-17 08:00:00,2025-03-17 17:00:00,540,2025-03-17 12:00:00,2025-03-17 12:30:00,30
S0003879,A058,2025-03-18,2025-03-18 08:00:00,2025-03-18 17:00:00,540,2025-03-18 12:00:00,2025-03-18 12:30:00,30
S0003880,A058,2025-03-19,2025-03-19 08:00:00,2025-03-19 17:00:00,540,2025-03-19 12:00:00,2025-03-19 12:30:00,30
S0003881,A058,2025-03-20,2025-03-20 08:00:00,2025-03-20 17:00:00,540,2025-03-20 12:00:00,2025-03-20 12:30:00,30
S0003882,A058,2025-03-21,2025-03-21 08:00:00,2025-03-21 17:00:00,540,2025-03-21 12:00:00,2025-03-21 12:30:00,30
S0003883,A058,2025-03-22,2025-03-22 08:00:00,2025-03-22 17:00:00,540,2025-03-22 12:00:00,2025-03-22 12:30:00,30
S0003884,A058,2025-03-24,2025-03-24 08:00:00,2025-03-24 17:00:00,540,2025-03-24 12:00:00,2025-03-24 12:30:00,30
S0003885,A058,2025-03-25,2025-03-25 08:00:00,2025-03-25 17:00:00,540,2025-03-25 12:00:00,2025-03-25 12:30:00,30
S0003886,A058,2025-03-26,2025-03-26 08:00:00,2025-03-26 17:00:00,540,2025-03-26 12:00:00,2025-03-26 12:30:00,30
S0003887,A058,2025-03-27,2025-03-27 08:00:00,2025-03-27 17:00:00,540,2025-03-27 12:00:00,2025-03-27 12:30:00,30
S0003888,A058,2025-03-28,2025-03-28 08:00:00,2025-03-28 17:00:00,540,2025-03-28 12:00:00,2025-03-28 12:30:00,30
S0003889,A058,2025-03-31,2025-03-31 08:00:00,2025-03-31 17:00:00,540,2025-03-31 12:00:00,2025-03-31 12:30:00,30
S0003890,A059,2025-01-01,2025-01-01 09:00:00,2025-01-01 18:00:00,540,2025-01-01 13:00:00,2025-01-01 13:30:00,30
S0003891,A059,2025-01-02,2025-01-02 09:00:00,2025-01-02 18:00:00,540,2025-01-02 13:00:00,2025-01-02 13:30:00,30
S0003892,A059,2025-01-03,2025-01-03 09:00:00,2025-01-03 18:00:00,540,2025-01-03 13:00:00,2025-01-03 13:30:00,30
S0003893,A059,2025-01-05,2025-01-05 09:00:00,2025-01-05 18:00:00,540,2025-01-05 13:00:00,2025-01-05 13:30:00,30
S0003894,A059,2025-01-06,2025-01-06 09:00:00,2025-01-06 18:00:00,540,2025-01-06 13:00:00,2025-01-06 13:30:00,30
S0003895,A059,2025-01-07,2025-01-07 09:00:00,2025-01-07 18:00:00,540,2025-01-07 13:00:00,2025-01-07 13:30:00,30
S0003896,A059,2025-01-08,2025-01-08 09:00:00,2025-01-08 18:00:00,540,2025-01-08 13:00:00,2025-01-08 13:30:00,30
S0003897,A059,2025-01-09,2025-01-09 09:00:00,2025-01-09 18:00:00,540,2025-01-09 13:00:00,2025-01-09 13:30:00,30
S0003898,A059,2025-01-10,2025-01-10 09:00:00,2025-01-10 18:00:00,540,2025-01-10 13:00:00,2025-01-10 13:30:00,30
S0003899,A059,2025-01-11,2025-01-11 09:00:00,2025-01-11 18:00:00,540,2025-01-11 13:00:00,2025-01-11 13:30:00,30
S0003900,A059,2025-01-13,2025-01-13 09:00:00,2025-01-13 18:00:00,540,2025-01-13 13:00:00,2025-01-13 13:30:00,30
S0003901,A059,2025-01-14,2025-01-14 09:00:00,2025-01-14 18:00:00,540,2025-01-14 13:00:00,2025-01-14 13:30:00,30
S0003902,A059,2025-01-15,2025-01-15 09:00:00,2025-01-15 18:00:00,540,2025-01-15 13:00:00,2025-01-15 13:30:00,30
S0003903,A059,2025-01-16,2025-01-16 09:00:00,2025-01-16 18:00:00,540,2025-01-16 13:00:00,2025-01-16 13:30:00,30
S0003904,A059,2025-01-17,2025-01-17 09:00:00,2025-01-17 18:00:00,540,2025-01-17 13:00:00,2025-01-17 13:30:00,30
S0003905,A059,2025-01-19,2025-01-19 09:00:00,2025-01-19 18:00:00,540,2025-01-19 13:00:00,2025-01-19 13:30:00,30
S0003906,A059,2025-01-20,2025-01-20 09:00:00,2025-01-20 18:00:00,540,2025-01-20 13:00:00,2025-01-20 13:30:00,30
S0003907,A059,2025-01-21,2025-01-21 09:00:00,2025-01-21 18:00:00,540,2025-01-21 13:00:00,2025-01-21 13:30:00,30
S0003908,A059,2025-01-22,2025-01-22 09:00:00,2025-01-22 18:00:00,540,2025-01-22 13:00:00,2025-01-22 13:30:00,30
S0003909,A059,2025-01-23,2025-01-23 09:00:00,2025-01-23 18:00:00,540,2025-01-23 13:00:00,2025-01-23 13:30:00,30
S0003910,A059,2025-01-24,2025-01-24 09:00:00,2025-01-24 18:00:00,540,2025-01-24 13:00:00,2025-01-24 13:30:00,30
S0003911,A059,2025-01-27,2025-01-27 09:00:00,2025-01-27 18:00:00,540,2025-01-27 13:00:00,2025-01-27 13:30:00,30
S0003912,A059,2025-01-28,2025-01-28 09:00:00,2025-01-28 18:00:00,540,2025-01-28 13:00:00,2025-01-28 13:30:00,30
S0003913,A059,2025-01-29,2025-01-29 09:00:00,2025-01-29 18:00:00,540,2025-01-29 13:00:00,2025-01-29 13:30:00,30
S0003914,A059,2025-01-30,2025-01-30 09:00:00,2025-01-30 18:00:00,540,2025-01-30 13:00:00,2025-01-30 13:30:00,30
S0003915,A059,2025-01-31,2025-01-31 09:00:00,2025-01-31 18:00:00,540,2025-01-31 13:00:00,2025-01-31 13:30:00,30
S0003916,A059,2025-02-03,2025-02-03 09:00:00,2025-02-03 18:00:00,540,2025-02-03 13:00:00,2025-02-03 13:30:00,30
S0003917,A059,2025-02-04,2025-02-04 09:00:00,2025-02-04 18:00:00,540,2025-02-04 13:00:00,2025-02-04 13:30:00,30
S0003918,A059,2025-02-05,2025-02-05 09:00:00,2025-02-05 18:00:00,540,2025-02-05 13:00:00,2025-02-05 13:30:00,30
S0003919,A059,2025-02-06,2025-02-06 09:00:00,2025-02-06 18:00:00,540,2025-02-06 13:00:00,2025-02-06 13:30:00,30
S0003920,A059,2025-02-07,2025-02-07 09:00:00,2025-02-07 18:00:00,540,2025-02-07 13:00:00,2025-02-07 13:30:00,30
S0003921,A059,2025-02-10,2025-02-10 09:00:00,2025-02-10 18:00:00,540,2025-02-10 13:00:00,2025-02-10 13:30:00,30
S0003922,A059,2025-02-11,2025-02-11 09:00:00,2025-02-11 18:00:00,540,2025-02-11 13:00:00,2025-02-11 13:30:00,30
S0003923,A059,2025-02-13,2025-02-13 09:00:00,2025-02-13 18:00:00,540,2025-02-13 13:00:00,2025-02-13 13:30:00,30
S0003924,A059,2025-02-14,2025-02-14 09:00:00,2025-02-14 18:00:00,540,2025-02-14 13:00:00,2025-02-14 13:30:00,30
S0003925,A059,2025-02-17,2025-02-17 09:00:00,2025-02-17 18:00:00,540,2025-02-17 13:00:00,2025-02-17 13:30:00,30
S0003926,A059,2025-02-18,2025-02-18 09:00:00,2025-02-18 18:00:00,540,2025-02-18 13:00:00,2025-02-18 13:30:00,30
S0003927,A059,2025-02-19,2025-02-19 09:00:00,2025-02-19 18:00:00,540,2025-02-19 13:00:00,2025-02-19 13:30:00,30
S0003928,A059,2025-02-20,2025-02-20 09:00:00,2025-02-20 18:00:00,540,2025-02-20 13:00:00,2025-02-20 13:30:00,30
S0003929,A059,2025-02-21,2025-02-21 09:00:00,2025-02-21 18:00:00,540,2025-02-21 13:00:00,2025-02-21 13:30:00,30
S0003930,A059,2025-02-24,2025-02-24 09:00:00,2025-02-24 18:00:00,540,2025-02-24 13:00:00,2025-02-24 13:30:00,30
S0003931,A059,2025-02-25,2025-02-25 09:00:00,2025-02-25 18:00:00,540,2025-02-25 13:00:00,2025-02-25 13:30:00,30
S0003932,A059,2025-02-26,2025-02-26 09:00:00,2025-02-26 18:00:00,540,2025-02-26 13:00:00,2025-02-26 13:30:00,30
S0003933,A059,2025-02-27,2025-02-27 09:00:00,2025-02-27 18:00:00,540,2025-02-27 13:00:00,2025-02-27 13:30:00,30
S0003934,A059,2025-02-28,2025-02-28 09:00:00,2025-02-28 18:00:00,540,2025-02-28 13:00:00,2025-02-28 13:30:00,30
S0003935,A059,2025-03-01,2025-03-01 09:00:00,2025-03-01 18:00:00,540,2025-03-01 13:00:00,2025-03-01 13:30:00,30
S0003936,A059,2025-03-03,2025-03-03 09:00:00,2025-03-03 18:00:00,540,2025-03-03 13:00:00,2025-03-03 13:30:00,30
S0003937,A059,2025-03-04,2025-03-04 09:00:00,2025-03-04 18:00:00,540,2025-03-04 13:00:00,2025-03-04 13:30:00,30
S0003938,A059,2025-03-05,2025-03-05 09:00:00,2025-03-05 18:00:00,540,2025-03-05 13:00:00,2025-03-05 13:30:00,30
S0003939,A059,2025-03-06,2025-03-06 09:00:00,2025-03-06 18:00:00,540,2025-03-06 13:00:00,2025-03-06 13:30:00,30
S0003940,A059,2025-03-07,2025-03-07 09:00:00,2025-03-07 18:00:00,540,2025-03-07 13:00:00,2025-03-07 13:30:00,30
S0003941,A059,2025-03-08,2025-03-08 09:00:00,2025-03-08 18:00:00,540,2025-03-08 13:00:00,2025-03-08 13:30:00,30
S0003942,A059,2025-03-10,2025-03-10 09:00:00,2025-03-10 18:00:00,540,2025-03-10 13:00:00,2025-03-10 13:30:00,30
S0003943,A059,2025-03-11,2025-03-11 09:00:00,2025-03-11 18:00:00,540,2025-03-11 13:00:00,2025-03-11 13:30:00,30
S0003944,A059,2025-03-12,2025-03-12 09:00:00,2025-03-12 18:00:00,540,2025-03-12 13:00:00,2025-03-12 13:30:00,30
S0003945,A059,2025-03-13,2025-03-13 09:00:00,2025-03-13 18:00:00,540,2025-03-13 13:00:00,2025-03-13 13:30:00,30
S0003946,A059,2025-03-14,2025-03-14 09:00:00,2025-03-14 18:00:00,540,2025-03-14 13:00:00,2025-03-14 13:30:00,30
S0003947,A059,2025-03-16,2025-03-16 09:00:00,2025-03-16 18:00:00,540,2025-03-16 13:00:00,2025-03-16 13:30:00,30
S0003948,A059,2025-03-17,2025-03-17 09:00:00,2025-03-17 18:00:00,540,2025-03-17 13:00:00,2025-03-17 13:30:00,30
S0003949,A059,2025-03-18,2025-03-18 09:00:00,2025-03-18 18:00:00,540,2025-03-18 13:00:00,2025-03-18 13:30:00,30
S0003950,A059,2025-03-19,2025-03-19 09:00:00,2025-03-19 18:00:00,540,2025-03-19 13:00:00,2025-03-19 13:30:00,30
S0003951,A059,2025-03-20,2025-03-20 09:00:00,2025-03-20 18:00:00,540,2025-03-20 13:00:00,2025-03-20 13:30:00,30
S0003952,A059,2025-03-21,2025-03-21 09:00:00,2025-03-21 18:00:00,540,2025-03-21 13:00:00,2025-03-21 13:30:00,30
S0003953,A059,2025-03-24,2025-03-24 09:00:00,2025-03-24 18:00:00,540,2025-03-24 13:00:00,2025-03-24 13:30:00,30
S0003954,A059,2025-03-25,2025-03-25 09:00:00,2025-03-25 18:00:00,540,2025-03-25 13:00:00,2025-03-25 13:30:00,30
S0003955,A059,2025-03-26,2025-03-26 09:00:00,2025-03-26 18:00:00,540,2025-03-26 13:00:00,2025-03-26 13:30:00,30
S0003956,A059,2025-03-27,2025-03-27 09:00:00,2025-03-27 18:00:00,540,2025-03-27 13:00:00,2025-03-27 13:30:00,30
S0003957,A059,2025-03-28,2025-03-28 09:00:00,2025-03-28 18:00:00,540,2025-03-28 13:00:00,2025-03-28 13:30:00,30
S0003958,A059,2025-03-29,2025-03-29 09:00:00,2025-03-29 18:00:00,540,2025-03-29 13:00:00,2025-03-29 13:30:00,30
S0003959,A059,2025-03-31,2025-03-31 09:00:00,2025-03-31 18:00:00,540,2025-03-31 13:00:00,2025-03-31 13:30:00,30
S0003960,A060,2025-01-01,2025-01-01 07:00:00,2025-01-01 16:00:00,540,2025-01-01 11:00:00,2025-01-01 11:30:00,30
S0003961,A060,2025-01-02,2025-01-02 07:00:00,2025-01-02 16:00:00,540,2025-01-02 11:00:00,2025-01-02 11:30:00,30
S0003962,A060,2025-01-03,2025-01-03 07:00:00,2025-01-03 16:00:00,540,2025-01-03 11:00:00,2025-01-03 11:30:00,30
S0003963,A060,2025-01-06,2025-01-06 07:00:00,2025-01-06 16:00:00,540,2025-01-06 11:00:00,2025-01-06 11:30:00,30
S0003964,A060,2025-01-07,2025-01-07 07:00:00,2025-01-07 16:00:00,540,2025-01-07 11:00:00,2025-01-07 11:30:00,30
S0003965,A060,2025-01-08,2025-01-08 07:00:00,2025-01-08 16:00:00,540,2025-01-08 11:00:00,2025-01-08 11:30:00,30
S0003966,A060,2025-01-09,2025-01-09 07:00:00,2025-01-09 16:00:00,540,2025-01-09 11:00:00,2025-01-09 11:30:00,30
S0003967,A060,2025-01-10,2025-01-10 07:00:00,2025-01-10 16:00:00,540,2025-01-10 11:00:00,2025-01-10 11:30:00,30
S0003968,A060,2025-01-13,2025-01-13 07:00:00,2025-01-13 16:00:00,540,2025-01-13 11:00:00,2025-01-13 11:30:00,30
S0003969,A060,2025-01-14,2025-01-14 07:00:00,2025-01-14 16:00:00,540,2025-01-14 11:00:00,2025-01-14 11:30:00,30
S0003970,A060,2025-01-15,2025-01-15 07:00:00,2025-01-15 16:00:00,540,2025-01-15 11:00:00,2025-01-15 11:30:00,30
S0003971,A060,2025-01-16,2025-01-16 07:00:00,2025-01-16 16:00:00,540,2025-01-16 11:00:00,2025-01-16 11:30:00,30
S0003972,A060,2025-01-17,2025-01-17 07:00:00,2025-01-17 16:00:00,540,2025-01-17 11:00:00,2025-01-17 11:30:00,30
S0003973,A060,2025-01-20,2025-01-20 07:00:00,2025-01-20 16:00:00,540,2025-01-20 11:00:00,2025-01-20 11:30:00,30
S0003974,A060,2025-01-22,2025-01-22 07:00:00,2025-01-22 16:00:00,540,2025-01-22 11:00:00,2025-01-22 11:30:00,30
S0003975,A060,2025-01-23,2025-01-23 07:00:00,2025-01-23 16:00:00,540,2025-01-23 11:00:00,2025-01-23 11:30:00,30
S0003976,A060,2025-01-24,2025-01-24 07:00:00,2025-01-24 16:00:00,540,2025-01-24 11:00:00,2025-01-24 11:30:00,30
S0003977,A060,2025-01-25,2025-01-25 07:00:00,2025-01-25 16:00:00,540,2025-01-25 11:00:00,2025-01-25 11:30:00,30
S0003978,A060,2025-01-27,2025-01-27 07:00:00,2025-01-27 16:00:00,540,2025-01-27 11:00:00,2025-01-27 11:30:00,30
S0003979,A060,2025-01-28,2025-01-28 07:00:00,2025-01-28 16:00:00,540,2025-01-28 11:00:00,2025-01-28 11:30:00,30
S0003980,A060,2025-01-29,2025-01-29 07:00:00,2025-01-29 16:00:00,540,2025-01-29 11:00:00,2025-01-29 11:30:00,30
S0003981,A060,2025-01-30,2025-01-30 07:00:00,2025-01-30 16:00:00,540,2025-01-30 11:00:00,2025-01-30 11:30:00,30
S0003982,A060,2025-01-31,2025-01-31 07:00:00,2025-01-31 16:00:00,540,2025-01-31 11:00:00,2025-01-31 11:30:00,30
S0003983,A060,2025-02-01,2025-02-01 07:00:00,2025-02-01 16:00:00,540,2025-02-01 11:00:00,2025-02-01 11:30:00,30
S0003984,A060,2025-02-03,2025-02-03 07:00:00,2025-02-03 16:00:00,540,2025-02-03 11:00:00,2025-02-03 11:30:00,30
S0003985,A060,2025-02-04,2025-02-04 07:00:00,2025-02-04 16:00:00,540,2025-02-04 11:00:00,2025-02-04 11:30:00,30
S0003986,A060,2025-02-05,2025-02-05 07:00:00,2025-02-05 16:00:00,540,2025-02-05 11:00:00,2025-02-05 11:30:00,30
S0003987,A060,2025-02-06,2025-02-06 07:00:00,2025-02-06 16:00:00,540,2025-02-06 11:00:00,2025-02-06 11:30:00,30
S0003988,A060,2025-02-07,2025-02-07 07:00:00,2025-02-07 16:00:00,540,2025-02-07 11:00:00,2025-02-07 11:30:00,30
S0003989,A060,2025-02-10,2025-02-10 07:00:00,2025-02-10 16:00:00,540,2025-02-10 11:00:00,2025-02-10 11:30:00,30
S0003990,A060,2025-02-11,2025-02-11 07:00:00,2025-02-11 16:00:00,540,2025-02-11 11:00:00,2025-02-11 11:30:00,30
S0003991,A060,2025-02-12,2025-02-12 07:00:00,2025-02-12 16:00:00,540,2025-02-12 11:00:00,2025-02-12 11:30:00,30
S0003992,A060,2025-02-13,2025-02-13 07:00:00,2025-02-13 16:00:00,540,2025-02-13 11:00:00,2025-02-13 11:30:00,30
S0003993,A060,2025-02-14,2025-02-14 07:00:00,2025-02-14 16:00:00,540,2025-02-14 11:00:00,2025-02-14 11:30:00,30
S0003994,A060,2025-02-15,2025-02-15 07:00:00,2025-02-15 16:00:00,540,2025-02-15 11:00:00,2025-02-15 11:30:00,30
S0003995,A060,2025-02-17,2025-02-17 07:00:00,2025-02-17 16:00:00,540,2025-02-17 11:00:00,2025-02-17 11:30:00,30
S0003996,A060,2025-02-18,2025-02-18 07:00:00,2025-02-18 16:00:00,540,2025-02-18 11:00:00,2025-02-18 11:30:00,30
S0003997,A060,2025-02-19,2025-02-19 07:00:00,2025-02-19 16:00:00,540,2025-02-19 11:00:00,2025-02-19 11:30:00,30
S0003998,A060,2025-02-20,2025-02-20 07:00:00,2025-02-20 16:00:00,540,2025-02-20 11:00:00,2025-02-20 11:30:00,30
S0003999,A060,2025-02-21,2025-02-21 07:00:00,2025-02-21 16:00:00,540,2025-02-21 11:00:00,2025-02-21 11:30:00,30
S0004000,A060,2025-02-23,2025-02-23 07:00:00,2025-02-23 16:00:00,540,2025-02-23 11:00:00,2025-02-23 11:30:00,30
S0004001,A060,2025-02-24,2025-02-24 07:00:00,2025-02-24 16:00:00,540,2025-02-24 11:00:00,2025-02-24 11:30:00,30
S0004002,A060,2025-02-25,2025-02-25 07:00:00,2025-02-25 16:00:00,540,2025-02-25 11:00:00,2025-02-25 11:30:00,30
S0004003,A060,2025-02-26,2025-02-26 07:00:00,2025-02-26 16:00:00,540,2025-02-26 11:00:00,2025-02-26 11:30:00,30
S0004004,A060,2025-02-27,2025-02-27 07:00:00,2025-02-27 16:00:00,540,2025-02-27 11:00:00,2025-02-27 11:30:00,30
S0004005,A060,2025-02-28,2025-02-28 07:00:00,2025-02-28 16:00:00,540,2025-02-28 11:00:00,2025-02-28 11:30:00,30
S0004006,A060,2025-03-03,2025-03-03 07:00:00,2025-03-03 16:00:00,540,2025-03-03 11:00:00,2025-03-03 11:30:00,30
S0004007,A060,2025-03-04,2025-03-04 07:00:00,2025-03-04 16:00:00,540,2025-03-04 11:00:00,2025-03-04 11:30:00,30
S0004008,A060,2025-03-05,2025-03-05 07:00:00,2025-03-05 16:00:00,540,2025-03-05 11:00:00,2025-03-05 11:30:00,30
S0004009,A060,2025-03-06,2025-03-06 07:00:00,2025-03-06 16:00:00,540,2025-03-06 11:00:00,2025-03-06 11:30:00,30
S0004010,A060,2025-03-07,2025-03-07 07:00:00,2025-03-07 16:00:00,540,2025-03-07 11:00:00,2025-03-07 11:30:00,30
S0004011,A060,2025-03-10,2025-03-10 07:00:00,2025-03-10 16:00:00,540,2025-03-10 11:00:00,2025-03-10 11:30:00,30
S0004012,A060,2025-03-11,2025-03-11 07:00:00,2025-03-11 16:00:00,540,2025-03-11 11:00:00,2025-03-11 11:30:00,30
S0004013,A060,2025-03-12,2025-03-12 07:00:00,2025-03-12 16:00:00,540,2025-03-12 11:00:00,2025-03-12 11:30:00,30
S0004014,A060,2025-03-13,2025-03-13 07:00:00,2025-03-13 16:00:00,540,2025-03-13 11:00:00,2025-03-13 11:30:00,30
S0004015,A060,2025-03-14,2025-03-14 07:00:00,2025-03-14 16:00:00,540,2025-03-14 11:00:00,2025-03-14 11:30:00,30
S0004016,A060,2025-03-18,2025-03-18 07:00:00,2025-03-18 16:00:00,540,2025-03-18 11:00:00,2025-03-18 11:30:00,30
S0004017,A060,2025-03-19,2025-03-19 07:00:00,2025-03-19 16:00:00,540,2025-03-19 11:00:00,2025-03-19 11:30:00,30
S0004018,A060,2025-03-20,2025-03-20 07:00:00,2025-03-20 16:00:00,540,2025-03-20 11:00:00,2025-03-20 11:30:00,30
S0004019,A060,2025-03-21,2025-03-21 07:00:00,2025-03-21 16:00:00,540,2025-03-21 11:00:00,2025-03-21 11:30:00,30
S0004020,A060,2025-03-24,2025-03-24 07:00:00,2025-03-24 16:00:00,540,2025-03-24 11:00:00,2025-03-24 11:30:00,30
S0004021,A060,2025-03-25,2025-03-25 07:00:00,2025-03-25 16:00:00,540,2025-03-25 11:00:00,2025-03-25 11:30:00,30
S0004022,A060,2025-03-26,2025-03-26 07:00:00,2025-03-26 16:00:00,540,2025-03-26 11:00:00,2025-03-26 11:30:00,30
S0004023,A060,2025-03-27,2025-03-27 07:00:00,2025-03-27 16:00:00,540,2025-03-27 11:00:00,2025-03-27 11:30:00,30
S0004024,A060,2025-03-28,2025-03-28 07:00:00,2025-03-28 16:00:00,540,2025-03-28 11:00:00,2025-03-28 11:30:00,30
S0004025,A060,2025-03-31,2025-03-31 07:00:00,2025-03-31 16:00:00,540,2025-03-31 11:00:00,2025-03-31 11:30:00,30
S0004026,A061,2025-01-01,2025-01-01 08:00:00,2025-01-01 17:00:00,540,2025-01-01 12:00:00,2025-01-01 12:30:00,30
S0004027,A061,2025-01-02,2025-01-02 08:00:00,2025-01-02 17:00:00,540,2025-01-02 12:00:00,2025-01-02 12:30:00,30
S0004028,A061,2025-01-03,2025-01-03 08:00:00,2025-01-03 17:00:00,540,2025-01-03 12:00:00,2025-01-03 12:30:00,30
S0004029,A061,2025-01-04,2025-01-04 08:00:00,2025-01-04 17:00:00,540,2025-01-04 12:00:00,2025-01-04 12:30:00,30
S0004030,A061,2025-01-06,2025-01-06 08:00:00,2025-01-06 17:00:00,540,2025-01-06 12:00:00,2025-01-06 12:30:00,30
S0004031,A061,2025-01-07,2025-01-07 08:00:00,2025-01-07 17:00:00,540,2025-01-07 12:00:00,2025-01-07 12:30:00,30
S0004032,A061,2025-01-08,2025-01-08 08:00:00,2025-01-08 17:00:00,540,2025-01-08 12:00:00,2025-01-08 12:30:00,30
S0004033,A061,2025-01-09,2025-01-09 08:00:00,2025-01-09 17:00:00,540,2025-01-09 12:00:00,2025-01-09 12:30:00,30
S0004034,A061,2025-01-10,2025-01-10 08:00:00,2025-01-10 17:00:00,540,2025-01-10 12:00:00,2025-01-10 12:30:00,30
S0004035,A061,2025-01-13,2025-01-13 08:00:00,2025-01-13 17:00:00,540,2025-01-13 12:00:00,2025-01-13 12:30:00,30
S0004036,A061,2025-01-14,2025-01-14 08:00:00,2025-01-14 17:00:00,540,2025-01-14 12:00:00,2025-01-14 12:30:00,30
S0004037,A061,2025-01-15,2025-01-15 08:00:00,2025-01-15 17:00:00,540,2025-01-15 12:00:00,2025-01-15 12:30:00,30
S0004038,A061,2025-01-16,2025-01-16 08:00:00,2025-01-16 17:00:00,540,2025-01-16 12:00:00,2025-01-16 12:30:00,30
S0004039,A061,2025-01-17,2025-01-17 08:00:00,2025-01-17 17:00:00,540,2025-01-17 12:00:00,2025-01-17 12:30:00,30
S0004040,A061,2025-01-21,2025-01-21 08:00:00,2025-01-21 17:00:00,540,2025-01-21 12:00:00,2025-01-21 12:30:00,30
S0004041,A061,2025-01-22,2025-01-22 08:00:00,2025-01-22 17:00:00,540,2025-01-22 12:00:00,2025-01-22 12:30:00,30
S0004042,A061,2025-01-23,2025-01-23 08:00:00,2025-01-23 17:00:00,540,2025-01-23 12:00:00,2025-01-23 12:30:00,30
S0004043,A061,2025-01-24,2025-01-24 08:00:00,2025-01-24 17:00:00,540,2025-01-24 12:00:00,2025-01-24 12:30:00,30
S0004044,A061,2025-01-27,2025-01-27 08:00:00,2025-01-27 17:00:00,540,2025-01-27 12:00:00,2025-01-27 12:30:00,30
S0004045,A061,2025-01-28,2025-01-28 08:00:00,2025-01-28 17:00:00,540,2025-01-28 12:00:00,2025-01-28 12:30:00,30
S0004046,A061,2025-01-29,2025-01-29 08:00:00,2025-01-29 17:00:00,540,2025-01-29 12:00:00,2025-01-29 12:30:00,30
S0004047,A061,2025-01-30,2025-01-30 08:00:00,2025-01-30 17:00:00,540,2025-01-30 12:00:00,2025-01-30 12:30:00,30
S0004048,A061,2025-01-31,2025-01-31 08:00:00,2025-01-31 17:00:00,540,2025-01-31 12:00:00,2025-01-31 12:30:00,30
S0004049,A061,2025-02-03,2025-02-03 08:00:00,2025-02-03 17:00:00,540,2025-02-03 12:00:00,2025-02-03 12:30:00,30
S0004050,A061,2025-02-04,2025-02-04 08:00:00,2025-02-04 17:00:00,540,2025-02-04 12:00:00,2025-02-04 12:30:00,30
S0004051,A061,2025-02-05,2025-02-05 08:00:00,2025-02-05 17:00:00,540,2025-02-05 12:00:00,2025-02-05 12:30:00,30
S0004052,A061,2025-02-06,2025-02-06 08:00:00,2025-02-06 17:00:00,540,2025-02-06 12:00:00,2025-02-06 12:30:00,30
S0004053,A061,2025-02-07,2025-02-07 08:00:00,2025-02-07 17:00:00,540,2025-02-07 12:00:00,2025-02-07 12:30:00,30
S0004054,A061,2025-02-10,2025-02-10 08:00:00,2025-02-10 17:00:00,540,2025-02-10 12:00:00,2025-02-10 12:30:00,30
S0004055,A061,2025-02-11,2025-02-11 08:00:00,2025-02-11 17:00:00,540,2025-02-11 12:00:00,2025-02-11 12:30:00,30
S0004056,A061,2025-02-12,2025-02-12 08:00:00,2025-02-12 17:00:00,540,2025-02-12 12:00:00,2025-02-12 12:30:00,30
S0004057,A061,2025-02-13,2025-02-13 08:00:00,2025-02-13 17:00:00,540,2025-02-13 12:00:00,2025-02-13 12:30:00,30
S0004058,A061,2025-02-14,2025-02-14 08:00:00,2025-02-14 17:00:00,540,2025-02-14 12:00:00,2025-02-14 12:30:00,30
S0004059,A061,2025-02-17,2025-02-17 08:00:00,2025-02-17 17:00:00,540,2025-02-17 12:00:00,2025-02-17 12:30:00,30
S0004060,A061,2025-02-18,2025-02-18 08:00:00,2025-02-18 17:00:00,540,2025-02-18 12:00:00,2025-02-18 12:30:00,30
S0004061,A061,2025-02-19,2025-02-19 08:00:00,2025-02-19 17:00:00,540,2025-02-19 12:00:00,2025-02-19 12:30:00,30
S0004062,A061,2025-02-20,2025-02-20 08:00:00,2025-02-20 17:00:00,540,2025-02-20 12:00:00,2025-02-20 12:30:00,30
S0004063,A061,2025-02-21,2025-02-21 08:00:00,2025-02-21 17:00:00,540,2025-02-21 12:00:00,2025-02-21 12:30:00,30
S0004064,A061,2025-02-24,2025-02-24 08:00:00,2025-02-24 17:00:00,540,2025-02-24 12:00:00,2025-02-24 12:30:00,30
S0004065,A061,2025-02-25,2025-02-25 08:00:00,2025-02-25 17:00:00,540,2025-02-25 12:00:00,2025-02-25 12:30:00,30
S0004066,A061,2025-02-26,2025-02-26 08:00:00,2025-02-26 17:00:00,540,2025-02-26 12:00:00,2025-02-26 12:30:00,30
S0004067,A061,2025-02-27,2025-02-27 08:00:00,2025-02-27 17:00:00,540,2025-02-27 12:00:00,2025-02-27 12:30:00,30
S0004068,A061,2025-02-28,2025-02-28 08:00:00,2025-02-28 17:00:00,540,2025-02-28 12:00:00,2025-02-28 12:30:00,30
S0004069,A061,2025-03-03,2025-03-03 08:00:00,2025-03-03 17:00:00,540,2025-03-03 12:00:00,2025-03-03 12:30:00,30
S0004070,A061,2025-03-04,2025-03-04 08:00:00,2025-03-04 17:00:00,540,2025-03-04 12:00:00,2025-03-04 12:30:00,30
S0004071,A061,2025-03-05,2025-03-05 08:00:00,2025-03-05 17:00:00,540,2025-03-05 12:00:00,2025-03-05 12:30:00,30
S0004072,A061,2025-03-06,2025-03-06 08:00:00,2025-03-06 17:00:00,540,2025-03-06 12:00:00,2025-03-06 12:30:00,30
S0004073,A061,2025-03-07,2025-03-07 08:00:00,2025-03-07 17:00:00,540,2025-03-07 12:00:00,2025-03-07 12:30:00,30
S0004074,A061,2025-03-09,2025-03-09 08:00:00,2025-03-09 17:00:00,540,2025-03-09 12:00:00,2025-03-09 12:30:00,30
S0004075,A061,2025-03-10,2025-03-10 08:00:00,2025-03-10 17:00:00,540,2025-03-10 12:00:00,2025-03-10 12:30:00,30
S0004076,A061,2025-03-11,2025-03-11 08:00:00,2025-03-11 17:00:00,540,2025-03-11 12:00:00,2025-03-11 12:30:00,30
S0004077,A061,2025-03-12,2025-03-12 08:00:00,2025-03-12 17:00:00,540,2025-03-12 12:00:00,2025-03-12 12:30:00,30
S0004078,A061,2025-03-13,2025-03-13 08:00:00,2025-03-13 17:00:00,540,2025-03-13 12:00:00,2025-03-13 12:30:00,30
S0004079,A061,2025-03-14,2025-03-14 08:00:00,2025-03-14 17:00:00,540,2025-03-14 12:00:00,2025-03-14 12:30:00,30
S0004080,A061,2025-03-16,2025-03-16 08:00:00,2025-03-16 17:00:00,540,2025-03-16 12:00:00,2025-03-16 12:30:00,30
S0004081,A061,2025-03-17,2025-03-17 08:00:00,2025-03-17 17:00:00,540,2025-03-17 12:00:00,2025-03-17 12:30:00,30
S0004082,A061,2025-03-18,2025-03-18 08:00:00,2025-03-18 17:00:00,540,2025-03-18 12:00:00,2025-03-18 12:30:00,30
S0004083,A061,2025-03-19,2025-03-19 08:00:00,2025-03-19 17:00:00,540,2025-03-19 12:00:00,2025-03-19 12:30:00,30
S0004084,A061,2025-03-20,2025-03-20 08:00:00,2025-03-20 17:00:00,540,2025-03-20 12:00:00,2025-03-20 12:30:00,30
S0004085,A061,2025-03-21,2025-03-21 08:00:00,2025-03-21 17:00:00,540,2025-03-21 12:00:00,2025-03-21 12:30:00,30
S0004086,A061,2025-03-24,2025-03-24 08:00:00,2025-03-24 17:00:00,540,2025-03-24 12:00:00,2025-03-24 12:30:00,30
S0004087,A061,2025-03-25,2025-03-25 08:00:00,2025-03-25 17:00:00,540,2025-03-25 12:00:00,2025-03-25 12:30:00,30
S0004088,A061,2025-03-26,2025-03-26 08:00:00,2025-03-26 17:00:00,540,2025-03-26 12:00:00,2025-03-26 12:30:00,30
S0004089,A061,2025-03-27,2025-03-27 08:00:00,2025-03-27 17:00:00,540,2025-03-27 12:00:00,2025-03-27 12:30:00,30
S0004090,A061,2025-03-28,2025-03-28 08:00:00,2025-03-28 17:00:00,540,2025-03-28 12:00:00,2025-03-28 12:30:00,30
S0004091,A061,2025-03-31,2025-03-31 08:00:00,2025-03-31 17:00:00,540,2025-03-31 12:00:00,2025-03-31 12:30:00,30
S0004092,A062,2025-01-01,2025-01-01 08:00:00,2025-01-01 17:00:00,540,2025-01-01 12:00:00,2025-01-01 12:30:00,30
S0004093,A062,2025-01-02,2025-01-02 08:00:00,2025-01-02 17:00:00,540,2025-01-02 12:00:00,2025-01-02 12:30:00,30
S0004094,A062,2025-01-03,2025-01-03 08:00:00,2025-01-03 17:00:00,540,2025-01-03 12:00:00,2025-01-03 12:30:00,30
S0004095,A062,2025-01-06,2025-01-06 08:00:00,2025-01-06 17:00:00,540,2025-01-06 12:00:00,2025-01-06 12:30:00,30
S0004096,A062,2025-01-07,2025-01-07 08:00:00,2025-01-07 17:00:00,540,2025-01-07 12:00:00,2025-01-07 12:30:00,30
S0004097,A062,2025-01-08,2025-01-08 08:00:00,2025-01-08 17:00:00,540,2025-01-08 12:00:00,2025-01-08 12:30:00,30
S0004098,A062,2025-01-09,2025-01-09 08:00:00,2025-01-09 17:00:00,540,2025-01-09 12:00:00,2025-01-09 12:30:00,30
S0004099,A062,2025-01-10,2025-01-10 08:00:00,2025-01-10 17:00:00,540,2025-01-10 12:00:00,2025-01-10 12:30:00,30
S0004100,A062,2025-01-13,2025-01-13 08:00:00,2025-01-13 17:00:00,540,2025-01-13 12:00:00,2025-01-13 12:30:00,30
S0004101,A062,2025-01-14,2025-01-14 08:00:00,2025-01-14 17:00:00,540,2025-01-14 12:00:00,2025-01-14 12:30:00,30
S0004102,A062,2025-01-15,2025-01-15 08:00:00,2025-01-15 17:00:00,540,2025-01-15 12:00:00,2025-01-15 12:30:00,30
S0004103,A062,2025-01-16,2025-01-16 08:00:00,2025-01-16 17:00:00,540,2025-01-16 12:00:00,2025-01-16 12:30:00,30
S0004104,A062,2025-01-17,2025-01-17 08:00:00,2025-01-17 17:00:00,540,2025-01-17 12:00:00,2025-01-17 12:30:00,30
S0004105,A062,2025-01-18,2025-01-18 08:00:00,2025-01-18 17:00:00,540,2025-01-18 12:00:00,2025-01-18 12:30:00,30
S0004106,A062,2025-01-20,2025-01-20 08:00:00,2025-01-20 17:00:00,540,2025-01-20 12:00:00,2025-01-20 12:30:00,30
S0004107,A062,2025-01-21,2025-01-21 08:00:00,2025-01-21 17:00:00,540,2025-01-21 12:00:00,2025-01-21 12:30:00,30
S0004108,A062,2025-01-22,2025-01-22 08:00:00,2025-01-22 17:00:00,540,2025-01-22 12:00:00,2025-01-22 12:30:00,30
S0004109,A062,2025-01-23,2025-01-23 08:00:00,2025-01-23 17:00:00,540,2025-01-23 12:00:00,2025-01-23 12:30:00,30
S0004110,A062,2025-01-24,2025-01-24 08:00:00,2025-01-24 17:00:00,540,2025-01-24 12:00:00,2025-01-24 12:30:00,30
S0004111,A062,2025-01-26,2025-01-26 08:00:00,2025-01-26 17:00:00,540,2025-01-26 12:00:00,2025-01-26 12:30:00,30
S0004112,A062,2025-01-27,2025-01-27 08:00:00,2025-01-27 17:00:00,540,2025-01-27 12:00:00,2025-01-27 12:30:00,30
S0004113,A062,2025-01-28,2025-01-28 08:00:00,2025-01-28 17:00:00,540,2025-01-28 12:00:00,2025-01-28 12:30:00,30
S0004114,A062,2025-01-29,2025-01-29 08:00:00,2025-01-29 17:00:00,540,2025-01-29 12:00:00,2025-01-29 12:30:00,30
S0004115,A062,2025-01-30,2025-01-30 08:00:00,2025-01-30 17:00:00,540,2025-01-30 12:00:00,2025-01-30 12:30:00,30
S0004116,A062,2025-01-31,2025-01-31 08:00:00,2025-01-31 17:00:00,540,2025-01-31 12:00:00,2025-01-31 12:30:00,30
S0004117,A062,2025-02-03,2025-02-03 08:00:00,2025-02-03 17:00:00,540,2025-02-03 12:00:00,2025-02-03 12:30:00,30
S0004118,A062,2025-02-04,2025-02-04 08:00:00,2025-02-04 17:00:00,540,2025-02-04 12:00:00,2025-02-04 12:30:00,30
S0004119,A062,2025-02-05,2025-02-05 08:00:00,2025-02-05 17:00:00,540,2025-02-05 12:00:00,2025-02-05 12:30:00,30
S0004120,A062,2025-02-06,2025-02-06 08:00:00,2025-02-06 17:00:00,540,2025-02-06 12:00:00,2025-02-06 12:30:00,30
S0004121,A062,2025-02-07,2025-02-07 08:00:00,2025-02-07 17:00:00,540,2025-02-07 12:00:00,2025-02-07 12:30:00,30
S0004122,A062,2025-02-10,2025-02-10 08:00:00,2025-02-10 17:00:00,540,2025-02-10 12:00:00,2025-02-10 12:30:00,30
S0004123,A062,2025-02-11,2025-02-11 08:00:00,2025-02-11 17:00:00,540,2025-02-11 12:00:00,2025-02-11 12:30:00,30
S0004124,A062,2025-02-12,2025-02-12 08:00:00,2025-02-12 17:00:00,540,2025-02-12 12:00:00,2025-02-12 12:30:00,30
S0004125,A062,2025-02-13,2025-02-13 08:00:00,2025-02-13 17:00:00,540,2025-02-13 12:00:00,2025-02-13 12:30:00,30
S0004126,A062,2025-02-14,2025-02-14 08:00:00,2025-02-14 17:00:00,540,2025-02-14 12:00:00,2025-02-14 12:30:00,30
S0004127,A062,2025-02-16,2025-02-16 08:00:00,2025-02-16 17:00:00,540,2025-02-16 12:00:00,2025-02-16 12:30:00,30
S0004128,A062,2025-02-17,2025-02-17 08:00:00,2025-02-17 17:00:00,540,2025-02-17 12:00:00,2025-02-17 12:30:00,30
S0004129,A062,2025-02-18,2025-02-18 08:00:00,2025-02-18 17:00:00,540,2025-02-18 12:00:00,2025-02-18 12:30:00,30
S0004130,A062,2025-02-19,2025-02-19 08:00:00,2025-02-19 17:00:00,540,2025-02-19 12:00:00,2025-02-19 12:30:00,30
S0004131,A062,2025-02-20,2025-02-20 08:00:00,2025-02-20 17:00:00,540,2025-02-20 12:00:00,2025-02-20 12:30:00,30
S0004132,A062,2025-02-21,2025-02-21 08:00:00,2025-02-21 17:00:00,540,2025-02-21 12:00:00,2025-02-21 12:30:00,30
S0004133,A062,2025-02-23,2025-02-23 08:00:00,2025-02-23 17:00:00,540,2025-02-23 12:00:00,2025-02-23 12:30:00,30
S0004134,A062,2025-02-24,2025-02-24 08:00:00,2025-02-24 17:00:00,540,2025-02-24 12:00:00,2025-02-24 12:30:00,30
S0004135,A062,2025-02-25,2025-02-25 08:00:00,2025-02-25 17:00:00,540,2025-02-25 12:00:00,2025-02-25 12:30:00,30
S0004136,A062,2025-02-26,2025-02-26 08:00:00,2025-02-26 17:00:00,540,2025-02-26 12:00:00,2025-02-26 12:30:00,30
S0004137,A062,2025-02-27,2025-02-27 08:00:00,2025-02-27 17:00:00,540,2025-02-27 12:00:00,2025-02-27 12:30:00,30
S0004138,A062,2025-02-28,2025-02-28 08:00:00,2025-02-28 17:00:00,540,2025-02-28 12:00:00,2025-02-28 12:30:00,30
S0004139,A062,2025-03-03,2025-03-03 08:00:00,2025-03-03 17:00:00,540,2025-03-03 12:00:00,2025-03-03 12:30:00,30
S0004140,A062,2025-03-05,2025-03-05 08:00:00,2025-03-05 17:00:00,540,2025-03-05 12:00:00,2025-03-05 12:30:00,30
S0004141,A062,2025-03-06,2025-03-06 08:00:00,2025-03-06 17:00:00,540,2025-03-06 12:00:00,2025-03-06 12:30:00,30
S0004142,A062,2025-03-07,2025-03-07 08:00:00,2025-03-07 17:00:00,540,2025-03-07 12:00:00,2025-03-07 12:30:00,30
S0004143,A062,2025-03-10,2025-03-10 08:00:00,2025-03-10 17:00:00,540,2025-03-10 12:00:00,2025-03-10 12:30:00,30
S0004144,A062,2025-03-11,2025-03-11 08:00:00,2025-03-11 17:00:00,540,2025-03-11 12:00:00,2025-03-11 12:30:00,30
S0004145,A062,2025-03-12,2025-03-12 08:00:00,2025-03-12 17:00:00,540,2025-03-12 12:00:00,2025-03-12 12:30:00,30
S0004146,A062,2025-03-13,2025-03-13 08:00:00,2025-03-13 17:00:00,540,2025-03-13 12:00:00,2025-03-13 12:30:00,30
S0004147,A062,2025-03-14,2025-03-14 08:00:00,2025-03-14 17:00:00,540,2025-03-14 12:00:00,2025-03-14 12:30:00,30
S0004148,A062,2025-03-16,2025-03-16 08:00:00,2025-03-16 17:00:00,540,2025-03-16 12:00:00,2025-03-16 12:30:00,30
S0004149,A062,2025-03-18,2025-03-18 08:00:00,2025-03-18 17:00:00,540,2025-03-18 12:00:00,2025-03-18 12:30:00,30
S0004150,A062,2025-03-19,2025-03-19 08:00:00,2025-03-19 17:00:00,540,2025-03-19 12:00:00,2025-03-19 12:30:00,30
S0004151,A062,2025-03-20,2025-03-20 08:00:00,2025-03-20 17:00:00,540,2025-03-20 12:00:00,2025-03-20 12:30:00,30
S0004152,A062,2025-03-21,2025-03-21 08:00:00,2025-03-21 17:00:00,540,2025-03-21 12:00:00,2025-03-21 12:30:00,30
S0004153,A062,2025-03-24,2025-03-24 08:00:00,2025-03-24 17:00:00,540,2025-03-24 12:00:00,2025-03-24 12:30:00,30
S0004154,A062,2025-03-25,2025-03-25 08:00:00,2025-03-25 17:00:00,540,2025-03-25 12:00:00,2025-03-25 12:30:00,30
S0004155,A062,2025-03-26,2025-03-26 08:00:00,2025-03-26 17:00:00,540,2025-03-26 12:00:00,2025-03-26 12:30:00,30
S0004156,A062,2025-03-28,2025-03-28 08:00:00,2025-03-28 17:00:00,540,2025-03-28 12:00:00,2025-03-28 12:30:00,30
S0004157,A062,2025-03-29,2025-03-29 08:00:00,2025-03-29 17:00:00,540,2025-03-29 12:00:00,2025-03-29 12:30:00,30
S0004158,A062,2025-03-30,2025-03-30 08:00:00,2025-03-30 17:00:00,540,2025-03-30 12:00:00,2025-03-30 12:30:00,30
S0004159,A062,2025-03-31,2025-03-31 08:00:00,2025-03-31 17:00:00,540,2025-03-31 12:00:00,2025-03-31 12:30:00,30
S0004160,A063,2025-01-01,2025-01-01 08:00:00,2025-01-01 17:00:00,540,2025-01-01 12:00:00,2025-01-01 12:30:00,30
S0004161,A063,2025-01-03,2025-01-03 08:00:00,2025-01-03 17:00:00,540,2025-01-03 12:00:00,2025-01-03 12:30:00,30
S0004162,A063,2025-01-04,2025-01-04 08:00:00,2025-01-04 17:00:00,540,2025-01-04 12:00:00,2025-01-04 12:30:00,30
S0004163,A063,2025-01-05,2025-01-05 08:00:00,2025-01-05 17:00:00,540,2025-01-05 12:00:00,2025-01-05 12:30:00,30
S0004164,A063,2025-01-06,2025-01-06 08:00:00,2025-01-06 17:00:00,540,2025-01-06 12:00:00,2025-01-06 12:30:00,30
S0004165,A063,2025-01-08,2025-01-08 08:00:00,2025-01-08 17:00:00,540,2025-01-08 12:00:00,2025-01-08 12:30:00,30
S0004166,A063,2025-01-09,2025-01-09 08:00:00,2025-01-09 17:00:00,540,2025-01-09 12:00:00,2025-01-09 12:30:00,30
S0004167,A063,2025-01-10,2025-01-10 08:00:00,2025-01-10 17:00:00,540,2025-01-10 12:00:00,2025-01-10 12:30:00,30
S0004168,A063,2025-01-13,2025-01-13 08:00:00,2025-01-13 17:00:00,540,2025-01-13 12:00:00,2025-01-13 12:30:00,30
S0004169,A063,2025-01-14,2025-01-14 08:00:00,2025-01-14 17:00:00,540,2025-01-14 12:00:00,2025-01-14 12:30:00,30
S0004170,A063,2025-01-15,2025-01-15 08:00:00,2025-01-15 17:00:00,540,2025-01-15 12:00:00,2025-01-15 12:30:00,30
S0004171,A063,2025-01-16,2025-01-16 08:00:00,2025-01-16 17:00:00,540,2025-01-16 12:00:00,2025-01-16 12:30:00,30
S0004172,A063,2025-01-17,2025-01-17 08:00:00,2025-01-17 17:00:00,540,2025-01-17 12:00:00,2025-01-17 12:30:00,30
S0004173,A063,2025-01-20,2025-01-20 08:00:00,2025-01-20 17:00:00,540,2025-01-20 12:00:00,2025-01-20 12:30:00,30
S0004174,A063,2025-01-21,2025-01-21 08:00:00,2025-01-21 17:00:00,540,2025-01-21 12:00:00,2025-01-21 12:30:00,30
S0004175,A063,2025-01-22,2025-01-22 08:00:00,2025-01-22 17:00:00,540,2025-01-22 12:00:00,2025-01-22 12:30:00,30
S0004176,A063,2025-01-23,2025-01-23 08:00:00,2025-01-23 17:00:00,540,2025-01-23 12:00:00,2025-01-23 12:30:00,30
S0004177,A063,2025-01-24,2025-01-24 08:00:00,2025-01-24 17:00:00,540,2025-01-24 12:00:00,2025-01-24 12:30:00,30
S0004178,A063,2025-01-25,2025-01-25 08:00:00,2025-01-25 17:00:00,540,2025-01-25 12:00:00,2025-01-25 12:30:00,30
S0004179,A063,2025-01-27,2025-01-27 08:00:00,2025-01-27 17:00:00,540,2025-01-27 12:00:00,2025-01-27 12:30:00,30
S0004180,A063,2025-01-28,2025-01-28 08:00:00,2025-01-28 17:00:00,540,2025-01-28 12:00:00,2025-01-28 12:30:00,30
S0004181,A063,2025-01-29,2025-01-29 08:00:00,2025-01-29 17:00:00,540,2025-01-29 12:00:00,2025-01-29 12:30:00,30
S0004182,A063,2025-01-30,2025-01-30 08:00:00,2025-01-30 17:00:00,540,2025-01-30 12:00:00,2025-01-30 12:30:00,30
S0004183,A063,2025-01-31,2025-01-31 08:00:00,2025-01-31 17:00:00,540,2025-01-31 12:00:00,2025-01-31 12:30:00,30
S0004184,A063,2025-02-02,2025-02-02 08:00:00,2025-02-02 17:00:00,540,2025-02-02 12:00:00,2025-02-02 12:30:00,30
S0004185,A063,2025-02-03,2025-02-03 08:00:00,2025-02-03 17:00:00,540,2025-02-03 12:00:00,2025-02-03 12:30:00,30
S0004186,A063,2025-02-04,2025-02-04 08:00:00,2025-02-04 17:00:00,540,2025-02-04 12:00:00,2025-02-04 12:30:00,30
S0004187,A063,2025-02-06,2025-02-06 08:00:00,2025-02-06 17:00:00,540,2025-02-06 12:00:00,2025-02-06 12:30:00,30
S0004188,A063,2025-02-07,2025-02-07 08:00:00,2025-02-07 17:00:00,540,2025-02-07 12:00:00,2025-02-07 12:30:00,30
S0004189,A063,2025-02-09,2025-02-09 08:00:00,2025-02-09 17:00:00,540,2025-02-09 12:00:00,2025-02-09 12:30:00,30
S0004190,A063,2025-02-10,2025-02-10 08:00:00,2025-02-10 17:00:00,540,2025-02-10 12:00:00,2025-02-10 12:30:00,30
S0004191,A063,2025-02-11,2025-02-11 08:00:00,2025-02-11 17:00:00,540,2025-02-11 12:00:00,2025-02-11 12:30:00,30
S0004192,A063,2025-02-12,2025-02-12 08:00:00,2025-02-12 17:00:00,540,2025-02-12 12:00:00,2025-02-12 12:30:00,30
S0004193,A063,2025-02-13,2025-02-13 08:00:00,2025-02-13 17:00:00,540,2025-02-13 12:00:00,2025-02-13 12:30:00,30
S0004194,A063,2025-02-14,2025-02-14 08:00:00,2025-02-14 17:00:00,540,2025-02-14 12:00:00,2025-02-14 12:30:00,30
S0004195,A063,2025-02-17,2025-02-17 08:00:00,2025-02-17 17:00:00,540,2025-02-17 12:00:00,2025-02-17 12:30:00,30
S0004196,A063,2025-02-18,2025-02-18 08:00:00,2025-02-18 17:00:00,540,2025-02-18 12:00:00,2025-02-18 12:30:00,30
S0004197,A063,2025-02-19,2025-02-19 08:00:00,2025-02-19 17:00:00,540,2025-02-19 12:00:00,2025-02-19 12:30:00,30
S0004198,A063,2025-02-21,2025-02-21 08:00:00,2025-02-21 17:00:00,540,2025-02-21 12:00:00,2025-02-21 12:30:00,30
S0004199,A063,2025-02-24,2025-02-24 08:00:00,2025-02-24 17:00:00,540,2025-02-24 12:00:00,2025-02-24 12:30:00,30
S0004200,A063,2025-02-25,2025-02-25 08:00:00,2025-02-25 17:00:00,540,2025-02-25 12:00:00,2025-02-25 12:30:00,30
S0004201,A063,2025-02-26,2025-02-26 08:00:00,2025-02-26 17:00:00,540,2025-02-26 12:00:00,2025-02-26 12:30:00,30
S0004202,A063,2025-02-27,2025-02-27 08:00:00,2025-02-27 17:00:00,540,2025-02-27 12:00:00,2025-02-27 12:30:00,30
S0004203,A063,2025-02-28,2025-02-28 08:00:00,2025-02-28 17:00:00,540,2025-02-28 12:00:00,2025-02-28 12:30:00,30
S0004204,A063,2025-03-03,2025-03-03 08:00:00,2025-03-03 17:00:00,540,2025-03-03 12:00:00,2025-03-03 12:30:00,30
S0004205,A063,2025-03-04,2025-03-04 08:00:00,2025-03-04 17:00:00,540,2025-03-04 12:00:00,2025-03-04 12:30:00,30
S0004206,A063,2025-03-05,2025-03-05 08:00:00,2025-03-05 17:00:00,540,2025-03-05 12:00:00,2025-03-05 12:30:00,30
S0004207,A063,2025-03-06,2025-03-06 08:00:00,2025-03-06 17:00:00,540,2025-03-06 12:00:00,2025-03-06 12:30:00,30
S0004208,A063,2025-03-07,2025-03-07 08:00:00,2025-03-07 17:00:00,540,2025-03-07 12:00:00,2025-03-07 12:30:00,30
S0004209,A063,2025-03-10,2025-03-10 08:00:00,2025-03-10 17:00:00,540,2025-03-10 12:00:00,2025-03-10 12:30:00,30
S0004210,A063,2025-03-11,2025-03-11 08:00:00,2025-03-11 17:00:00,540,2025-03-11 12:00:00,2025-03-11 12:30:00,30
S0004211,A063,2025-03-12,2025-03-12 08:00:00,2025-03-12 17:00:00,540,2025-03-12 12:00:00,2025-03-12 12:30:00,30
S0004212,A063,2025-03-13,2025-03-13 08:00:00,2025-03-13 17:00:00,540,2025-03-13 12:00:00,2025-03-13 12:30:00,30
S0004213,A063,2025-03-14,2025-03-14 08:00:00,2025-03-14 17:00:00,540,2025-03-14 12:00:00,2025-03-14 12:30:00,30
S0004214,A063,2025-03-17,2025-03-17 08:00:00,2025-03-17 17:00:00,540,2025-03-17 12:00:00,2025-03-17 12:30:00,30
S0004215,A063,2025-03-18,2025-03-18 08:00:00,2025-03-18 17:00:00,540,2025-03-18 12:00:00,2025-03-18 12:30:00,30
S0004216,A063,2025-03-19,2025-03-19 08:00:00,2025-03-19 17:00:00,540,2025-03-19 12:00:00,2025-03-19 12:30:00,30
S0004217,A063,2025-03-20,2025-03-20 08:00:00,2025-03-20 17:00:00,540,2025-03-20 12:00:00,2025-03-20 12:30:00,30
S0004218,A063,2025-03-21,2025-03-21 08:00:00,2025-03-21 17:00:00,540,2025-03-21 12:00:00,2025-03-21 12:30:00,30
S0004219,A063,2025-03-24,2025-03-24 08:00:00,2025-03-24 17:00:00,540,2025-03-24 12:00:00,2025-03-24 12:30:00,30
S0004220,A063,2025-03-25,2025-03-25 08:00:00,2025-03-25 17:00:00,540,2025-03-25 12:00:00,2025-03-25 12:30:00,30
S0004221,A063,2025-03-26,2025-03-26 08:00:00,2025-03-26 17:00:00,540,2025-03-26 12:00:00,2025-03-26 12:30:00,30
S0004222,A063,2025-03-27,2025-03-27 08:00:00,2025-03-27 17:00:00,540,2025-03-27 12:00:00,2025-03-27 12:30:00,30
S0004223,A063,2025-03-28,2025-03-28 08:00:00,2025-03-28 17:00:00,540,2025-03-28 12:00:00,2025-03-28 12:30:00,30
S0004224,A063,2025-03-30,2025-03-30 08:00:00,2025-03-30 17:00:00,540,2025-03-30 12:00:00,2025-03-30 12:30:00,30
S0004225,A063,2025-03-31,2025-03-31 08:00:00,2025-03-31 17:00:00,540,2025-03-31 12:00:00,2025-03-31 12:30:00,30
S0004226,A064,2025-01-01,2025-01-01 10:00:00,2025-01-01 19:00:00,540,2025-01-01 14:00:00,2025-01-01 14:30:00,30
S0004227,A064,2025-01-02,2025-01-02 10:00:00,2025-01-02 19:00:00,540,2025-01-02 14:00:00,2025-01-02 14:30:00,30
S0004228,A064,2025-01-03,2025-01-03 10:00:00,2025-01-03 19:00:00,540,2025-01-03 14:00:00,2025-01-03 14:30:00,30
S0004229,A064,2025-01-06,2025-01-06 10:00:00,2025-01-06 19:00:00,540,2025-01-06 14:00:00,2025-01-06 14:30:00,30
S0004230,A064,2025-01-07,2025-01-07 10:00:00,2025-01-07 19:00:00,540,2025-01-07 14:00:00,2025-01-07 14:30:00,30
S0004231,A064,2025-01-08,2025-01-08 10:00:00,2025-01-08 19:00:00,540,2025-01-08 14:00:00,2025-01-08 14:30:00,30
S0004232,A064,2025-01-09,2025-01-09 10:00:00,2025-01-09 19:00:00,540,2025-01-09 14:00:00,2025-01-09 14:30:00,30
S0004233,A064,2025-01-10,2025-01-10 10:00:00,2025-01-10 19:00:00,540,2025-01-10 14:00:00,2025-01-10 14:30:00,30
S0004234,A064,2025-01-12,2025-01-12 10:00:00,2025-01-12 19:00:00,540,2025-01-12 14:00:00,2025-01-12 14:30:00,30
S0004235,A064,2025-01-14,2025-01-14 10:00:00,2025-01-14 19:00:00,540,2025-01-14 14:00:00,2025-01-14 14:30:00,30
S0004236,A064,2025-01-15,2025-01-15 10:00:00,2025-01-15 19:00:00,540,2025-01-15 14:00:00,2025-01-15 14:30:00,30
S0004237,A064,2025-01-16,2025-01-16 10:00:00,2025-01-16 19:00:00,540,2025-01-16 14:00:00,2025-01-16 14:30:00,30
S0004238,A064,2025-01-17,2025-01-17 10:00:00,2025-01-17 19:00:00,540,2025-01-17 14:00:00,2025-01-17 14:30:00,30
S0004239,A064,2025-01-18,2025-01-18 10:00:00,2025-01-18 19:00:00,540,2025-01-18 14:00:00,2025-01-18 14:30:00,30
S0004240,A064,2025-01-20,2025-01-20 10:00:00,2025-01-20 19:00:00,540,2025-01-20 14:00:00,2025-01-20 14:30:00,30
S0004241,A064,2025-01-21,2025-01-21 10:00:00,2025-01-21 19:00:00,540,2025-01-21 14:00:00,2025-01-21 14:30:00,30
S0004242,A064,2025-01-22,2025-01-22 10:00:00,2025-01-22 19:00:00,540,2025-01-22 14:00:00,2025-01-22 14:30:00,30
S0004243,A064,2025-01-23,2025-01-23 10:00:00,2025-01-23 19:00:00,540,2025-01-23 14:00:00,2025-01-23 14:30:00,30
S0004244,A064,2025-01-24,2025-01-24 10:00:00,2025-01-24 19:00:00,540,2025-01-24 14:00:00,2025-01-24 14:30:00,30
S0004245,A064,2025-01-27,2025-01-27 10:00:00,2025-01-27 19:00:00,540,2025-01-27 14:00:00,2025-01-27 14:30:00,30
S0004246,A064,2025-01-28,2025-01-28 10:00:00,2025-01-28 19:00:00,540,2025-01-28 14:00:00,2025-01-28 14:30:00,30
S0004247,A064,2025-01-29,2025-01-29 10:00:00,2025-01-29 19:00:00,540,2025-01-29 14:00:00,2025-01-29 14:30:00,30
S0004248,A064,2025-01-30,2025-01-30 10:00:00,2025-01-30 19:00:00,540,2025-01-30 14:00:00,2025-01-30 14:30:00,30
S0004249,A064,2025-01-31,2025-01-31 10:00:00,2025-01-31 19:00:00,540,2025-01-31 14:00:00,2025-01-31 14:30:00,30
S0004250,A064,2025-02-02,2025-02-02 10:00:00,2025-02-02 19:00:00,540,2025-02-02 14:00:00,2025-02-02 14:30:00,30
S0004251,A064,2025-02-03,2025-02-03 10:00:00,2025-02-03 19:00:00,540,2025-02-03 14:00:00,2025-02-03 14:30:00,30
S0004252,A064,2025-02-04,2025-02-04 10:00:00,2025-02-04 19:00:00,540,2025-02-04 14:00:00,2025-02-04 14:30:00,30
S0004253,A064,2025-02-05,2025-02-05 10:00:00,2025-02-05 19:00:00,540,2025-02-05 14:00:00,2025-02-05 14:30:00,30
S0004254,A064,2025-02-06,2025-02-06 10:00:00,2025-02-06 19:00:00,540,2025-02-06 14:00:00,2025-02-06 14:30:00,30
S0004255,A064,2025-02-07,2025-02-07 10:00:00,2025-02-07 19:00:00,540,2025-02-07 14:00:00,2025-02-07 14:30:00,30
S0004256,A064,2025-02-10,2025-02-10 10:00:00,2025-02-10 19:00:00,540,2025-02-10 14:00:00,2025-02-10 14:30:00,30
S0004257,A064,2025-02-11,2025-02-11 10:00:00,2025-02-11 19:00:00,540,2025-02-11 14:00:00,2025-02-11 14:30:00,30
S0004258,A064,2025-02-12,2025-02-12 10:00:00,2025-02-12 19:00:00,540,2025-02-12 14:00:00,2025-02-12 14:30:00,30
S0004259,A064,2025-02-13,2025-02-13 10:00:00,2025-02-13 19:00:00,540,2025-02-13 14:00:00,2025-02-13 14:30:00,30
S0004260,A064,2025-02-14,2025-02-14 10:00:00,2025-02-14 19:00:00,540,2025-02-14 14:00:00,2025-02-14 14:30:00,30
S0004261,A064,2025-02-17,2025-02-17 10:00:00,2025-02-17 19:00:00,540,2025-02-17 14:00:00,2025-02-17 14:30:00,30
S0004262,A064,2025-02-18,2025-02-18 10:00:00,2025-02-18 19:00:00,540,2025-02-18 14:00:00,2025-02-18 14:30:00,30
S0004263,A064,2025-02-19,2025-02-19 10:00:00,2025-02-19 19:00:00,540,2025-02-19 14:00:00,2025-02-19 14:30:00,30
S0004264,A064,2025-02-20,2025-02-20 10:00:00,2025-02-20 19:00:00,540,2025-02-20 14:00:00,2025-02-20 14:30:00,30
S0004265,A064,2025-02-21,2025-02-21 10:00:00,2025-02-21 19:00:00,540,2025-02-21 14:00:00,2025-02-21 14:30:00,30
S0004266,A064,2025-02-24,2025-02-24 10:00:00,2025-02-24 19:00:00,540,2025-02-24 14:00:00,2025-02-24 14:30:00,30
S0004267,A064,2025-02-25,2025-02-25 10:00:00,2025-02-25 19:00:00,540,2025-02-25 14:00:00,2025-02-25 14:30:00,30
S0004268,A064,2025-02-26,2025-02-26 10:00:00,2025-02-26 19:00:00,540,2025-02-26 14:00:00,2025-02-26 14:30:00,30
S0004269,A064,2025-02-27,2025-02-27 10:00:00,2025-02-27 19:00:00,540,2025-02-27 14:00:00,2025-02-27 14:30:00,30
S0004270,A064,2025-02-28,2025-02-28 10:00:00,2025-02-28 19:00:00,540,2025-02-28 14:00:00,2025-02-28 14:30:00,30
S0004271,A064,2025-03-02,2025-03-02 10:00:00,2025-03-02 19:00:00,540,2025-03-02 14:00:00,2025-03-02 14:30:00,30
S0004272,A064,2025-03-03,2025-03-03 10:00:00,2025-03-03 19:00:00,540,2025-03-03 14:00:00,2025-03-03 14:30:00,30
S0004273,A064,2025-03-04,2025-03-04 10:00:00,2025-03-04 19:00:00,540,2025-03-04 14:00:00,2025-03-04 14:30:00,30
S0004274,A064,2025-03-05,2025-03-05 10:00:00,2025-03-05 19:00:00,540,2025-03-05 14:00:00,2025-03-05 14:30:00,30
S0004275,A064,2025-03-06,2025-03-06 10:00:00,2025-03-06 19:00:00,540,2025-03-06 14:00:00,2025-03-06 14:30:00,30
S0004276,A064,2025-03-07,2025-03-07 10:00:00,2025-03-07 19:00:00,540,2025-03-07 14:00:00,2025-03-07 14:30:00,30
S0004277,A064,2025-03-10,2025-03-10 10:00:00,2025-03-10 19:00:00,540,2025-03-10 14:00:00,2025-03-10 14:30:00,30
S0004278,A064,2025-03-11,2025-03-11 10:00:00,2025-03-11 19:00:00,540,2025-03-11 14:00:00,2025-03-11 14:30:00,30
S0004279,A064,2025-03-12,2025-03-12 10:00:00,2025-03-12 19:00:00,540,2025-03-12 14:00:00,2025-03-12 14:30:00,30
S0004280,A064,2025-03-13,2025-03-13 10:00:00,2025-03-13 19:00:00,540,2025-03-13 14:00:00,2025-03-13 14:30:00,30
S0004281,A064,2025-03-14,2025-03-14 10:00:00,2025-03-14 19:00:00,540,2025-03-14 14:00:00,2025-03-14 14:30:00,30
S0004282,A064,2025-03-17,2025-03-17 10:00:00,2025-03-17 19:00:00,540,2025-03-17 14:00:00,2025-03-17 14:30:00,30
S0004283,A064,2025-03-18,2025-03-18 10:00:00,2025-03-18 19:00:00,540,2025-03-18 14:00:00,2025-03-18 14:30:00,30
S0004284,A064,2025-03-19,2025-03-19 10:00:00,2025-03-19 19:00:00,540,2025-03-19 14:00:00,2025-03-19 14:30:00,30
S0004285,A064,2025-03-20,2025-03-20 10:00:00,2025-03-20 19:00:00,540,2025-03-20 14:00:00,2025-03-20 14:30:00,30
S0004286,A064,2025-03-21,2025-03-21 10:00:00,2025-03-21 19:00:00,540,2025-03-21 14:00:00,2025-03-21 14:30:00,30
S0004287,A064,2025-03-24,2025-03-24 10:00:00,2025-03-24 19:00:00,540,2025-03-24 14:00:00,2025-03-24 14:30:00,30
S0004288,A064,2025-03-25,2025-03-25 10:00:00,2025-03-25 19:00:00,540,2025-03-25 14:00:00,2025-03-25 14:30:00,30
S0004289,A064,2025-03-26,2025-03-26 10:00:00,2025-03-26 19:00:00,540,2025-03-26 14:00:00,2025-03-26 14:30:00,30
S0004290,A064,2025-03-27,2025-03-27 10:00:00,2025-03-27 19:00:00,540,2025-03-27 14:00:00,2025-03-27 14:30:00,30
S0004291,A064,2025-03-28,2025-03-28 10:00:00,2025-03-28 19:00:00,540,2025-03-28 14:00:00,2025-03-28 14:30:00,30
S0004292,A064,2025-03-29,2025-03-29 10:00:00,2025-03-29 19:00:00,540,2025-03-29 14:00:00,2025-03-29 14:30:00,30
S0004293,A064,2025-03-31,2025-03-31 10:00:00,2025-03-31 19:00:00,540,2025-03-31 14:00:00,2025-03-31 14:30:00,30
S0004294,A065,2025-01-01,2025-01-01 10:00:00,2025-01-01 19:00:00,540,2025-01-01 14:00:00,2025-01-01 14:30:00,30
S0004295,A065,2025-01-02,2025-01-02 10:00:00,2025-01-02 19:00:00,540,2025-01-02 14:00:00,2025-01-02 14:30:00,30
S0004296,A065,2025-01-03,2025-01-03 10:00:00,2025-01-03 19:00:00,540,2025-01-03 14:00:00,2025-01-03 14:30:00,30
S0004297,A065,2025-01-06,2025-01-06 10:00:00,2025-01-06 19:00:00,540,2025-01-06 14:00:00,2025-01-06 14:30:00,30
S0004298,A065,2025-01-07,2025-01-07 10:00:00,2025-01-07 19:00:00,540,2025-01-07 14:00:00,2025-01-07 14:30:00,30
S0004299,A065,2025-01-08,2025-01-08 10:00:00,2025-01-08 19:00:00,540,2025-01-08 14:00:00,2025-01-08 14:30:00,30
S0004300,A065,2025-01-09,2025-01-09 10:00:00,2025-01-09 19:00:00,540,2025-01-09 14:00:00,2025-01-09 14:30:00,30
S0004301,A065,2025-01-10,2025-01-10 10:00:00,2025-01-10 19:00:00,540,2025-01-10 14:00:00,2025-01-10 14:30:00,30
S0004302,A065,2025-01-13,2025-01-13 10:00:00,2025-01-13 19:00:00,540,2025-01-13 14:00:00,2025-01-13 14:30:00,30
S0004303,A065,2025-01-14,2025-01-14 10:00:00,2025-01-14 19:00:00,540,2025-01-14 14:00:00,2025-01-14 14:30:00,30
S0004304,A065,2025-01-15,2025-01-15 10:00:00,2025-01-15 19:00:00,540,2025-01-15 14:00:00,2025-01-15 14:30:00,30
S0004305,A065,2025-01-16,2025-01-16 10:00:00,2025-01-16 19:00:00,540,2025-01-16 14:00:00,2025-01-16 14:30:00,30
S0004306,A065,2025-01-17,2025-01-17 10:00:00,2025-01-17 19:00:00,540,2025-01-17 14:00:00,2025-01-17 14:30:00,30
S0004307,A065,2025-01-20,2025-01-20 10:00:00,2025-01-20 19:00:00,540,2025-01-20 14:00:00,2025-01-20 14:30:00,30
S0004308,A065,2025-01-21,2025-01-21 10:00:00,2025-01-21 19:00:00,540,2025-01-21 14:00:00,2025-01-21 14:30:00,30
S0004309,A065,2025-01-22,2025-01-22 10:00:00,2025-01-22 19:00:00,540,2025-01-22 14:00:00,2025-01-22 14:30:00,30
S0004310,A065,2025-01-24,2025-01-24 10:00:00,2025-01-24 19:00:00,540,2025-01-24 14:00:00,2025-01-24 14:30:00,30
S0004311,A065,2025-01-27,2025-01-27 10:00:00,2025-01-27 19:00:00,540,2025-01-27 14:00:00,2025-01-27 14:30:00,30
S0004312,A065,2025-01-28,2025-01-28 10:00:00,2025-01-28 19:00:00,540,2025-01-28 14:00:00,2025-01-28 14:30:00,30
S0004313,A065,2025-01-29,2025-01-29 10:00:00,2025-01-29 19:00:00,540,2025-01-29 14:00:00,2025-01-29 14:30:00,30
S0004314,A065,2025-01-30,2025-01-30 10:00:00,2025-01-30 19:00:00,540,2025-01-30 14:00:00,2025-01-30 14:30:00,30
S0004315,A065,2025-01-31,2025-01-31 10:00:00,2025-01-31 19:00:00,540,2025-01-31 14:00:00,2025-01-31 14:30:00,30
S0004316,A065,2025-02-03,2025-02-03 10:00:00,2025-02-03 19:00:00,540,2025-02-03 14:00:00,2025-02-03 14:30:00,30
S0004317,A065,2025-02-04,2025-02-04 10:00:00,2025-02-04 19:00:00,540,2025-02-04 14:00:00,2025-02-04 14:30:00,30
S0004318,A065,2025-02-05,2025-02-05 10:00:00,2025-02-05 19:00:00,540,2025-02-05 14:00:00,2025-02-05 14:30:00,30
S0004319,A065,2025-02-06,2025-02-06 10:00:00,2025-02-06 19:00:00,540,2025-02-06 14:00:00,2025-02-06 14:30:00,30
S0004320,A065,2025-02-07,2025-02-07 10:00:00,2025-02-07 19:00:00,540,2025-02-07 14:00:00,2025-02-07 14:30:00,30
S0004321,A065,2025-02-10,2025-02-10 10:00:00,2025-02-10 19:00:00,540,2025-02-10 14:00:00,2025-02-10 14:30:00,30
S0004322,A065,2025-02-11,2025-02-11 10:00:00,2025-02-11 19:00:00,540,2025-02-11 14:00:00,2025-02-11 14:30:00,30
S0004323,A065,2025-02-12,2025-02-12 10:00:00,2025-02-12 19:00:00,540,2025-02-12 14:00:00,2025-02-12 14:30:00,30
S0004324,A065,2025-02-13,2025-02-13 10:00:00,2025-02-13 19:00:00,540,2025-02-13 14:00:00,2025-02-13 14:30:00,30
S0004325,A065,2025-02-14,2025-02-14 10:00:00,2025-02-14 19:00:00,540,2025-02-14 14:00:00,2025-02-14 14:30:00,30
S0004326,A065,2025-02-17,2025-02-17 10:00:00,2025-02-17 19:00:00,540,2025-02-17 14:00:00,2025-02-17 14:30:00,30
S0004327,A065,2025-02-18,2025-02-18 10:00:00,2025-02-18 19:00:00,540,2025-02-18 14:00:00,2025-02-18 14:30:00,30
S0004328,A065,2025-02-19,2025-02-19 10:00:00,2025-02-19 19:00:00,540,2025-02-19 14:00:00,2025-02-19 14:30:00,30
S0004329,A065,2025-02-20,2025-02-20 10:00:00,2025-02-20 19:00:00,540,2025-02-20 14:00:00,2025-02-20 14:30:00,30
S0004330,A065,2025-02-21,2025-02-21 10:00:00,2025-02-21 19:00:00,540,2025-02-21 14:00:00,2025-02-21 14:30:00,30
S0004331,A065,2025-02-24,2025-02-24 10:00:00,2025-02-24 19:00:00,540,2025-02-24 14:00:00,2025-02-24 14:30:00,30
S0004332,A065,2025-02-25,2025-02-25 10:00:00,2025-02-25 19:00:00,540,2025-02-25 14:00:00,2025-02-25 14:30:00,30
S0004333,A065,2025-02-26,2025-02-26 10:00:00,2025-02-26 19:00:00,540,2025-02-26 14:00:00,2025-02-26 14:30:00,30
S0004334,A065,2025-02-27,2025-02-27 10:00:00,2025-02-27 19:00:00,540,2025-02-27 14:00:00,2025-02-27 14:30:00,30
S0004335,A065,2025-02-28,2025-02-28 10:00:00,2025-02-28 19:00:00,540,2025-02-28 14:00:00,2025-02-28 14:30:00,30
S0004336,A065,2025-03-02,2025-03-02 10:00:00,2025-03-02 19:00:00,540,2025-03-02 14:00:00,2025-03-02 14:30:00,30
S0004337,A065,2025-03-03,2025-03-03 10:00:00,2025-03-03 19:00:00,540,2025-03-03 14:00:00,2025-03-03 14:30:00,30
S0004338,A065,2025-03-04,2025-03-04 10:00:00,2025-03-04 19:00:00,540,2025-03-04 14:00:00,2025-03-04 14:30:00,30
S0004339,A065,2025-03-05,2025-03-05 10:00:00,2025-03-05 19:00:00,540,2025-03-05 14:00:00,2025-03-05 14:30:00,30
S0004340,A065,2025-03-06,2025-03-06 10:00:00,2025-03-06 19:00:00,540,2025-03-06 14:00:00,2025-03-06 14:30:00,30
S0004341,A065,2025-03-07,2025-03-07 10:00:00,2025-03-07 19:00:00,540,2025-03-07 14:00:00,2025-03-07 14:30:00,30
S0004342,A065,2025-03-08,2025-03-08 10:00:00,2025-03-08 19:00:00,540,2025-03-08 14:00:00,2025-03-08 14:30:00,30
S0004343,A065,2025-03-10,2025-03-10 10:00:00,2025-03-10 19:00:00,540,2025-03-10 14:00:00,2025-03-10 14:30:00,30
S0004344,A065,2025-03-11,2025-03-11 10:00:00,2025-03-11 19:00:00,540,2025-03-11 14:00:00,2025-03-11 14:30:00,30
S0004345,A065,2025-03-12,2025-03-12 10:00:00,2025-03-12 19:00:00,540,2025-03-12 14:00:00,2025-03-12 14:30:00,30
S0004346,A065,2025-03-13,2025-03-13 10:00:00,2025-03-13 19:00:00,540,2025-03-13 14:00:00,2025-03-13 14:30:00,30
S0004347,A065,2025-03-14,2025-03-14 10:00:00,2025-03-14 19:00:00,540,2025-03-14 14:00:00,2025-03-14 14:30:00,30
S0004348,A065,2025-03-17,2025-03-17 10:00:00,2025-03-17 19:00:00,540,2025-03-17 14:00:00,2025-03-17 14:30:00,30
S0004349,A065,2025-03-18,2025-03-18 10:00:00,2025-03-18 19:00:00,540,2025-03-18 14:00:00,2025-03-18 14:30:00,30
S0004350,A065,2025-03-19,2025-03-19 10:00:00,2025-03-19 19:00:00,540,2025-03-19 14:00:00,2025-03-19 14:30:00,30
S0004351,A065,2025-03-20,2025-03-20 10:00:00,2025-03-20 19:00:00,540,2025-03-20 14:00:00,2025-03-20 14:30:00,30
S0004352,A065,2025-03-21,2025-03-21 10:00:00,2025-03-21 19:00:00,540,2025-03-21 14:00:00,2025-03-21 14:30:00,30
S0004353,A065,2025-03-24,2025-03-24 10:00:00,2025-03-24 19:00:00,540,2025-03-24 14:00:00,2025-03-24 14:30:00,30
S0004354,A065,2025-03-25,2025-03-25 10:00:00,2025-03-25 19:00:00,540,2025-03-25 14:00:00,2025-03-25 14:30:00,30
S0004355,A065,2025-03-26,2025-03-26 10:00:00,2025-03-26 19:00:00,540,2025-03-26 14:00:00,2025-03-26 14:30:00,30
S0004356,A065,2025-03-27,2025-03-27 10:00:00,2025-03-27 19:00:00,540,2025-03-27 14:00:00,2025-03-27 14:30:00,30
S0004357,A065,2025-03-28,2025-03-28 10:00:00,2025-03-28 19:00:00,540,2025-03-28 14:00:00,2025-03-28 14:30:00,30
S0004358,A065,2025-03-31,2025-03-31 10:00:00,2025-03-31 19:00:00,540,2025-03-31 14:00:00,2025-03-31 14:30:00,30
S0004359,A066,2025-01-01,2025-01-01 09:00:00,2025-01-01 18:00:00,540,2025-01-01 13:00:00,2025-01-01 13:30:00,30
S0004360,A066,2025-01-02,2025-01-02 09:00:00,2025-01-02 18:00:00,540,2025-01-02 13:00:00,2025-01-02 13:30:00,30
S0004361,A066,2025-01-03,2025-01-03 09:00:00,2025-01-03 18:00:00,540,2025-01-03 13:00:00,2025-01-03 13:30:00,30
S0004362,A066,2025-01-06,2025-01-06 09:00:00,2025-01-06 18:00:00,540,2025-01-06 13:00:00,2025-01-06 13:30:00,30
S0004363,A066,2025-01-07,2025-01-07 09:00:00,2025-01-07 18:00:00,540,2025-01-07 13:00:00,2025-01-07 13:30:00,30
S0004364,A066,2025-01-08,2025-01-08 09:00:00,2025-01-08 18:00:00,540,2025-01-08 13:00:00,2025-01-08 13:30:00,30
S0004365,A066,2025-01-09,2025-01-09 09:00:00,2025-01-09 18:00:00,540,2025-01-09 13:00:00,2025-01-09 13:30:00,30
S0004366,A066,2025-01-10,2025-01-10 09:00:00,2025-01-10 18:00:00,540,2025-01-10 13:00:00,2025-01-10 13:30:00,30
S0004367,A066,2025-01-13,2025-01-13 09:00:00,2025-01-13 18:00:00,540,2025-01-13 13:00:00,2025-01-13 13:30:00,30
S0004368,A066,2025-01-14,2025-01-14 09:00:00,2025-01-14 18:00:00,540,2025-01-14 13:00:00,2025-01-14 13:30:00,30
S0004369,A066,2025-01-15,2025-01-15 09:00:00,2025-01-15 18:00:00,540,2025-01-15 13:00:00,2025-01-15 13:30:00,30
S0004370,A066,2025-01-16,2025-01-16 09:00:00,2025-01-16 18:00:00,540,2025-01-16 13:00:00,2025-01-16 13:30:00,30
S0004371,A066,2025-01-17,2025-01-17 09:00:00,2025-01-17 18:00:00,540,2025-01-17 13:00:00,2025-01-17 13:30:00,30
S0004372,A066,2025-01-20,2025-01-20 09:00:00,2025-01-20 18:00:00,540,2025-01-20 13:00:00,2025-01-20 13:30:00,30
S0004373,A066,2025-01-21,2025-01-21 09:00:00,2025-01-21 18:00:00,540,2025-01-21 13:00:00,2025-01-21 13:30:00,30
S0004374,A066,2025-01-22,2025-01-22 09:00:00,2025-01-22 18:00:00,540,2025-01-22 13:00:00,2025-01-22 13:30:00,30
S0004375,A066,2025-01-23,2025-01-23 09:00:00,2025-01-23 18:00:00,540,2025-01-23 13:00:00,2025-01-23 13:30:00,30
S0004376,A066,2025-01-24,2025-01-24 09:00:00,2025-01-24 18:00:00,540,2025-01-24 13:00:00,2025-01-24 13:30:00,30
S0004377,A066,2025-01-27,2025-01-27 09:00:00,2025-01-27 18:00:00,540,2025-01-27 13:00:00,2025-01-27 13:30:00,30
S0004378,A066,2025-01-28,2025-01-28 09:00:00,2025-01-28 18:00:00,540,2025-01-28 13:00:00,2025-01-28 13:30:00,30
S0004379,A066,2025-01-29,2025-01-29 09:00:00,2025-01-29 18:00:00,540,2025-01-29 13:00:00,2025-01-29 13:30:00,30
S0004380,A066,2025-01-30,2025-01-30 09:00:00,2025-01-30 18:00:00,540,2025-01-30 13:00:00,2025-01-30 13:30:00,30
S0004381,A066,2025-01-31,2025-01-31 09:00:00,2025-01-31 18:00:00,540,2025-01-31 13:00:00,2025-01-31 13:30:00,30
S0004382,A066,2025-02-03,2025-02-03 09:00:00,2025-02-03 18:00:00,540,2025-02-03 13:00:00,2025-02-03 13:30:00,30
S0004383,A066,2025-02-04,2025-02-04 09:00:00,2025-02-04 18:00:00,540,2025-02-04 13:00:00,2025-02-04 13:30:00,30
S0004384,A066,2025-02-05,2025-02-05 09:00:00,2025-02-05 18:00:00,540,2025-02-05 13:00:00,2025-02-05 13:30:00,30
S0004385,A066,2025-02-06,2025-02-06 09:00:00,2025-02-06 18:00:00,540,2025-02-06 13:00:00,2025-02-06 13:30:00,30
S0004386,A066,2025-02-07,2025-02-07 09:00:00,2025-02-07 18:00:00,540,2025-02-07 13:00:00,2025-02-07 13:30:00,30
S0004387,A066,2025-02-10,2025-02-10 09:00:00,2025-02-10 18:00:00,540,2025-02-10 13:00:00,2025-02-10 13:30:00,30
S0004388,A066,2025-02-11,2025-02-11 09:00:00,2025-02-11 18:00:00,540,2025-02-11 13:00:00,2025-02-11 13:30:00,30
S0004389,A066,2025-02-12,2025-02-12 09:00:00,2025-02-12 18:00:00,540,2025-02-12 13:00:00,2025-02-12 13:30:00,30
S0004390,A066,2025-02-13,2025-02-13 09:00:00,2025-02-13 18:00:00,540,2025-02-13 13:00:00,2025-02-13 13:30:00,30
S0004391,A066,2025-02-14,2025-02-14 09:00:00,2025-02-14 18:00:00,540,2025-02-14 13:00:00,2025-02-14 13:30:00,30
S0004392,A066,2025-02-17,2025-02-17 09:00:00,2025-02-17 18:00:00,540,2025-02-17 13:00:00,2025-02-17 13:30:00,30
S0004393,A066,2025-02-18,2025-02-18 09:00:00,2025-02-18 18:00:00,540,2025-02-18 13:00:00,2025-02-18 13:30:00,30
S0004394,A066,2025-02-19,2025-02-19 09:00:00,2025-02-19 18:00:00,540,2025-02-19 13:00:00,2025-02-19 13:30:00,30
S0004395,A066,2025-02-20,2025-02-20 09:00:00,2025-02-20 18:00:00,540,2025-02-20 13:00:00,2025-02-20 13:30:00,30
S0004396,A066,2025-02-21,2025-02-21 09:00:00,2025-02-21 18:00:00,540,2025-02-21 13:00:00,2025-02-21 13:30:00,30
S0004397,A066,2025-02-24,2025-02-24 09:00:00,2025-02-24 18:00:00,540,2025-02-24 13:00:00,2025-02-24 13:30:00,30
S0004398,A066,2025-02-25,2025-02-25 09:00:00,2025-02-25 18:00:00,540,2025-02-25 13:00:00,2025-02-25 13:30:00,30
S0004399,A066,2025-02-26,2025-02-26 09:00:00,2025-02-26 18:00:00,540,2025-02-26 13:00:00,2025-02-26 13:30:00,30
S0004400,A066,2025-02-27,2025-02-27 09:00:00,2025-02-27 18:00:00,540,2025-02-27 13:00:00,2025-02-27 13:30:00,30
S0004401,A066,2025-02-28,2025-02-28 09:00:00,2025-02-28 18:00:00,540,2025-02-28 13:00:00,2025-02-28 13:30:00,30
S0004402,A066,2025-03-03,2025-03-03 09:00:00,2025-03-03 18:00:00,540,2025-03-03 13:00:00,2025-03-03 13:30:00,30
S0004403,A066,2025-03-04,2025-03-04 09:00:00,2025-03-04 18:00:00,540,2025-03-04 13:00:00,2025-03-04 13:30:00,30
S0004404,A066,2025-03-05,2025-03-05 09:00:00,2025-03-05 18:00:00,540,2025-03-05 13:00:00,2025-03-05 13:30:00,30
S0004405,A066,2025-03-06,2025-03-06 09:00:00,2025-03-06 18:00:00,540,2025-03-06 13:00:00,2025-03-06 13:30:00,30
S0004406,A066,2025-03-07,2025-03-07 09:00:00,2025-03-07 18:00:00,540,2025-03-07 13:00:00,2025-03-07 13:30:00,30
S0004407,A066,2025-03-10,2025-03-10 09:00:00,2025-03-10 18:00:00,540,2025-03-10 13:00:00,2025-03-10 13:30:00,30
S0004408,A066,2025-03-11,2025-03-11 09:00:00,2025-03-11 18:00:00,540,2025-03-11 13:00:00,2025-03-11 13:30:00,30
S0004409,A066,2025-03-12,2025-03-12 09:00:00,2025-03-12 18:00:00,540,2025-03-12 13:00:00,2025-03-12 13:30:00,30
S0004410,A066,2025-03-13,2025-03-13 09:00:00,2025-03-13 18:00:00,540,2025-03-13 13:00:00,2025-03-13 13:30:00,30
S0004411,A066,2025-03-14,2025-03-14 09:00:00,2025-03-14 18:00:00,540,2025-03-14 13:00:00,2025-03-14 13:30:00,30
S0004412,A066,2025-03-17,2025-03-17 09:00:00,2025-03-17 18:00:00,540,2025-03-17 13:00:00,2025-03-17 13:30:00,30
S0004413,A066,2025-03-18,2025-03-18 09:00:00,2025-03-18 18:00:00,540,2025-03-18 13:00:00,2025-03-18 13:30:00,30
S0004414,A066,2025-03-19,2025-03-19 09:00:00,2025-03-19 18:00:00,540,2025-03-19 13:00:00,2025-03-19 13:30:00,30
S0004415,A066,2025-03-20,2025-03-20 09:00:00,2025-03-20 18:00:00,540,2025-03-20 13:00:00,2025-03-20 13:30:00,30
S0004416,A066,2025-03-21,2025-03-21 09:00:00,2025-03-21 18:00:00,540,2025-03-21 13:00:00,2025-03-21 13:30:00,30
S0004417,A066,2025-03-23,2025-03-23 09:00:00,2025-03-23 18:00:00,540,2025-03-23 13:00:00,2025-03-23 13:30:00,30
S0004418,A066,2025-03-24,2025-03-24 09:00:00,2025-03-24 18:00:00,540,2025-03-24 13:00:00,2025-03-24 13:30:00,30
S0004419,A066,2025-03-25,2025-03-25 09:00:00,2025-03-25 18:00:00,540,2025-03-25 13:00:00,2025-03-25 13:30:00,30
S0004420,A066,2025-03-26,2025-03-26 09:00:00,2025-03-26 18:00:00,540,2025-03-26 13:00:00,2025-03-26 13:30:00,30
S0004421,A066,2025-03-27,2025-03-27 09:00:00,2025-03-27 18:00:00,540,2025-03-27 13:00:00,2025-03-27 13:30:00,30
S0004422,A066,2025-03-28,2025-03-28 09:00:00,2025-03-28 18:00:00,540,2025-03-28 13:00:00,2025-03-28 13:30:00,30
S0004423,A066,2025-03-31,2025-03-31 09:00:00,2025-03-31 18:00:00,540,2025-03-31 13:00:00,2025-03-31 13:30:00,30
S0004424,A067,2025-01-01,2025-01-01 08:00:00,2025-01-01 17:00:00,540,2025-01-01 12:00:00,2025-01-01 12:30:00,30
S0004425,A067,2025-01-02,2025-01-02 08:00:00,2025-01-02 17:00:00,540,2025-01-02 12:00:00,2025-01-02 12:30:00,30
S0004426,A067,2025-01-03,2025-01-03 08:00:00,2025-01-03 17:00:00,540,2025-01-03 12:00:00,2025-01-03 12:30:00,30
S0004427,A067,2025-01-06,2025-01-06 08:00:00,2025-01-06 17:00:00,540,2025-01-06 12:00:00,2025-01-06 12:30:00,30
S0004428,A067,2025-01-07,2025-01-07 08:00:00,2025-01-07 17:00:00,540,2025-01-07 12:00:00,2025-01-07 12:30:00,30
S0004429,A067,2025-01-08,2025-01-08 08:00:00,2025-01-08 17:00:00,540,2025-01-08 12:00:00,2025-01-08 12:30:00,30
S0004430,A067,2025-01-09,2025-01-09 08:00:00,2025-01-09 17:00:00,540,2025-01-09 12:00:00,2025-01-09 12:30:00,30
S0004431,A067,2025-01-10,2025-01-10 08:00:00,2025-01-10 17:00:00,540,2025-01-10 12:00:00,2025-01-10 12:30:00,30
S0004432,A067,2025-01-13,2025-01-13 08:00:00,2025-01-13 17:00:00,540,2025-01-13 12:00:00,2025-01-13 12:30:00,30
S0004433,A067,2025-01-14,2025-01-14 08:00:00,2025-01-14 17:00:00,540,2025-01-14 12:00:00,2025-01-14 12:30:00,30
S0004434,A067,2025-01-15,2025-01-15 08:00:00,2025-01-15 17:00:00,540,2025-01-15 12:00:00,2025-01-15 12:30:00,30
S0004435,A067,2025-01-16,2025-01-16 08:00:00,2025-01-16 17:00:00,540,2025-01-16 12:00:00,2025-01-16 12:30:00,30
S0004436,A067,2025-01-17,2025-01-17 08:00:00,2025-01-17 17:00:00,540,2025-01-17 12:00:00,2025-01-17 12:30:00,30
S0004437,A067,2025-01-20,2025-01-20 08:00:00,2025-01-20 17:00:00,540,2025-01-20 12:00:00,2025-01-20 12:30:00,30
S0004438,A067,2025-01-21,2025-01-21 08:00:00,2025-01-21 17:00:00,540,2025-01-21 12:00:00,2025-01-21 12:30:00,30
S0004439,A067,2025-01-22,2025-01-22 08:00:00,2025-01-22 17:00:00,540,2025-01-22 12:00:00,2025-01-22 12:30:00,30
S0004440,A067,2025-01-23,2025-01-23 08:00:00,2025-01-23 17:00:00,540,2025-01-23 12:00:00,2025-01-23 12:30:00,30
S0004441,A067,2025-01-24,2025-01-24 08:00:00,2025-01-24 17:00:00,540,2025-01-24 12:00:00,2025-01-24 12:30:00,30
S0004442,A067,2025-01-27,2025-01-27 08:00:00,2025-01-27 17:00:00,540,2025-01-27 12:00:00,2025-01-27 12:30:00,30
S0004443,A067,2025-01-28,2025-01-28 08:00:00,2025-01-28 17:00:00,540,2025-01-28 12:00:00,2025-01-28 12:30:00,30
S0004444,A067,2025-01-29,2025-01-29 08:00:00,2025-01-29 17:00:00,540,2025-01-29 12:00:00,2025-01-29 12:30:00,30
S0004445,A067,2025-01-30,2025-01-30 08:00:00,2025-01-30 17:00:00,540,2025-01-30 12:00:00,2025-01-30 12:30:00,30
S0004446,A067,2025-01-31,2025-01-31 08:00:00,2025-01-31 17:00:00,540,2025-01-31 12:00:00,2025-01-31 12:30:00,30
S0004447,A067,2025-02-03,2025-02-03 08:00:00,2025-02-03 17:00:00,540,2025-02-03 12:00:00,2025-02-03 12:30:00,30
S0004448,A067,2025-02-04,2025-02-04 08:00:00,2025-02-04 17:00:00,540,2025-02-04 12:00:00,2025-02-04 12:30:00,30
S0004449,A067,2025-02-05,2025-02-05 08:00:00,2025-02-05 17:00:00,540,2025-02-05 12:00:00,2025-02-05 12:30:00,30
S0004450,A067,2025-02-06,2025-02-06 08:00:00,2025-02-06 17:00:00,540,2025-02-06 12:00:00,2025-02-06 12:30:00,30
S0004451,A067,2025-02-07,2025-02-07 08:00:00,2025-02-07 17:00:00,540,2025-02-07 12:00:00,2025-02-07 12:30:00,30
S0004452,A067,2025-02-10,2025-02-10 08:00:00,2025-02-10 17:00:00,540,2025-02-10 12:00:00,2025-02-10 12:30:00,30
S0004453,A067,2025-02-11,2025-02-11 08:00:00,2025-02-11 17:00:00,540,2025-02-11 12:00:00,2025-02-11 12:30:00,30
S0004454,A067,2025-02-12,2025-02-12 08:00:00,2025-02-12 17:00:00,540,2025-02-12 12:00:00,2025-02-12 12:30:00,30
S0004455,A067,2025-02-13,2025-02-13 08:00:00,2025-02-13 17:00:00,540,2025-02-13 12:00:00,2025-02-13 12:30:00,30
S0004456,A067,2025-02-14,2025-02-14 08:00:00,2025-02-14 17:00:00,540,2025-02-14 12:00:00,2025-02-14 12:30:00,30
S0004457,A067,2025-02-15,2025-02-15 08:00:00,2025-02-15 17:00:00,540,2025-02-15 12:00:00,2025-02-15 12:30:00,30
S0004458,A067,2025-02-17,2025-02-17 08:00:00,2025-02-17 17:00:00,540,2025-02-17 12:00:00,2025-02-17 12:30:00,30
S0004459,A067,2025-02-18,2025-02-18 08:00:00,2025-02-18 17:00:00,540,2025-02-18 12:00:00,2025-02-18 12:30:00,30
S0004460,A067,2025-02-19,2025-02-19 08:00:00,2025-02-19 17:00:00,540,2025-02-19 12:00:00,2025-02-19 12:30:00,30
S0004461,A067,2025-02-20,2025-02-20 08:00:00,2025-02-20 17:00:00,540,2025-02-20 12:00:00,2025-02-20 12:30:00,30
S0004462,A067,2025-02-21,2025-02-21 08:00:00,2025-02-21 17:00:00,540,2025-02-21 12:00:00,2025-02-21 12:30:00,30
S0004463,A067,2025-02-24,2025-02-24 08:00:00,2025-02-24 17:00:00,540,2025-02-24 12:00:00,2025-02-24 12:30:00,30
S0004464,A067,2025-02-25,2025-02-25 08:00:00,2025-02-25 17:00:00,540,2025-02-25 12:00:00,2025-02-25 12:30:00,30
S0004465,A067,2025-02-26,2025-02-26 08:00:00,2025-02-26 17:00:00,540,2025-02-26 12:00:00,2025-02-26 12:30:00,30
S0004466,A067,2025-02-27,2025-02-27 08:00:00,2025-02-27 17:00:00,540,2025-02-27 12:00:00,2025-02-27 12:30:00,30
S0004467,A067,2025-02-28,2025-02-28 08:00:00,2025-02-28 17:00:00,540,2025-02-28 12:00:00,2025-02-28 12:30:00,30
S0004468,A067,2025-03-03,2025-03-03 08:00:00,2025-03-03 17:00:00,540,2025-03-03 12:00:00,2025-03-03 12:30:00,30
S0004469,A067,2025-03-04,2025-03-04 08:00:00,2025-03-04 17:00:00,540,2025-03-04 12:00:00,2025-03-04 12:30:00,30
S0004470,A067,2025-03-05,2025-03-05 08:00:00,2025-03-05 17:00:00,540,2025-03-05 12:00:00,2025-03-05 12:30:00,30
S0004471,A067,2025-03-06,2025-03-06 08:00:00,2025-03-06 17:00:00,540,2025-03-06 12:00:00,2025-03-06 12:30:00,30
S0004472,A067,2025-03-07,2025-03-07 08:00:00,2025-03-07 17:00:00,540,2025-03-07 12:00:00,2025-03-07 12:30:00,30
S0004473,A067,2025-03-08,2025-03-08 08:00:00,2025-03-08 17:00:00,540,2025-03-08 12:00:00,2025-03-08 12:30:00,30
S0004474,A067,2025-03-10,2025-03-10 08:00:00,2025-03-10 17:00:00,540,2025-03-10 12:00:00,2025-03-10 12:30:00,30
S0004475,A067,2025-03-11,2025-03-11 08:00:00,2025-03-11 17:00:00,540,2025-03-11 12:00:00,2025-03-11 12:30:00,30
S0004476,A067,2025-03-12,2025-03-12 08:00:00,2025-03-12 17:00:00,540,2025-03-12 12:00:00,2025-03-12 12:30:00,30
S0004477,A067,2025-03-13,2025-03-13 08:00:00,2025-03-13 17:00:00,540,2025-03-13 12:00:00,2025-03-13 12:30:00,30
S0004478,A067,2025-03-14,2025-03-14 08:00:00,2025-03-14 17:00:00,540,2025-03-14 12:00:00,2025-03-14 12:30:00,30
S0004479,A067,2025-03-16,2025-03-16 08:00:00,2025-03-16 17:00:00,540,2025-03-16 12:00:00,2025-03-16 12:30:00,30
S0004480,A067,2025-03-17,2025-03-17 08:00:00,2025-03-17 17:00:00,540,2025-03-17 12:00:00,2025-03-17 12:30:00,30
S0004481,A067,2025-03-18,2025-03-18 08:00:00,2025-03-18 17:00:00,540,2025-03-18 12:00:00,2025-03-18 12:30:00,30
S0004482,A067,2025-03-19,2025-03-19 08:00:00,2025-03-19 17:00:00,540,2025-03-19 12:00:00,2025-03-19 12:30:00,30
S0004483,A067,2025-03-20,2025-03-20 08:00:00,2025-03-20 17:00:00,540,2025-03-20 12:00:00,2025-03-20 12:30:00,30
S0004484,A067,2025-03-21,2025-03-21 08:00:00,2025-03-21 17:00:00,540,2025-03-21 12:00:00,2025-03-21 12:30:00,30
S0004485,A067,2025-03-24,2025-03-24 08:00:00,2025-03-24 17:00:00,540,2025-03-24 12:00:00,2025-03-24 12:30:00,30
S0004486,A067,2025-03-25,2025-03-25 08:00:00,2025-03-25 17:00:00,540,2025-03-25 12:00:00,2025-03-25 12:30:00,30
S0004487,A067,2025-03-26,2025-03-26 08:00:00,2025-03-26 17:00:00,540,2025-03-26 12:00:00,2025-03-26 12:30:00,30
S0004488,A067,2025-03-27,2025-03-27 08:00:00,2025-03-27 17:00:00,540,2025-03-27 12:00:00,2025-03-27 12:30:00,30
S0004489,A067,2025-03-28,2025-03-28 08:00:00,2025-03-28 17:00:00,540,2025-03-28 12:00:00,2025-03-28 12:30:00,30
S0004490,A067,2025-03-29,2025-03-29 08:00:00,2025-03-29 17:00:00,540,2025-03-29 12:00:00,2025-03-29 12:30:00,30
S0004491,A067,2025-03-31,2025-03-31 08:00:00,2025-03-31 17:00:00,540,2025-03-31 12:00:00,2025-03-31 12:30:00,30
S0004492,A068,2025-01-01,2025-01-01 09:00:00,2025-01-01 18:00:00,540,2025-01-01 13:00:00,2025-01-01 13:30:00,30
S0004493,A068,2025-01-02,2025-01-02 09:00:00,2025-01-02 18:00:00,540,2025-01-02 13:00:00,2025-01-02 13:30:00,30
S0004494,A068,2025-01-03,2025-01-03 09:00:00,2025-01-03 18:00:00,540,2025-01-03 13:00:00,2025-01-03 13:30:00,30
S0004495,A068,2025-01-05,2025-01-05 09:00:00,2025-01-05 18:00:00,540,2025-01-05 13:00:00,2025-01-05 13:30:00,30
S0004496,A068,2025-01-06,2025-01-06 09:00:00,2025-01-06 18:00:00,540,2025-01-06 13:00:00,2025-01-06 13:30:00,30
S0004497,A068,2025-01-07,2025-01-07 09:00:00,2025-01-07 18:00:00,540,2025-01-07 13:00:00,2025-01-07 13:30:00,30
S0004498,A068,2025-01-08,2025-01-08 09:00:00,2025-01-08 18:00:00,540,2025-01-08 13:00:00,2025-01-08 13:30:00,30
S0004499,A068,2025-01-09,2025-01-09 09:00:00,2025-01-09 18:00:00,540,2025-01-09 13:00:00,2025-01-09 13:30:00,30
S0004500,A068,2025-01-10,2025-01-10 09:00:00,2025-01-10 18:00:00,540,2025-01-10 13:00:00,2025-01-10 13:30:00,30
S0004501,A068,2025-01-11,2025-01-11 09:00:00,2025-01-11 18:00:00,540,2025-01-11 13:00:00,2025-01-11 13:30:00,30
S0004502,A068,2025-01-13,2025-01-13 09:00:00,2025-01-13 18:00:00,540,2025-01-13 13:00:00,2025-01-13 13:30:00,30
S0004503,A068,2025-01-14,2025-01-14 09:00:00,2025-01-14 18:00:00,540,2025-01-14 13:00:00,2025-01-14 13:30:00,30
S0004504,A068,2025-01-15,2025-01-15 09:00:00,2025-01-15 18:00:00,540,2025-01-15 13:00:00,2025-01-15 13:30:00,30
S0004505,A068,2025-01-16,2025-01-16 09:00:00,2025-01-16 18:00:00,540,2025-01-16 13:00:00,2025-01-16 13:30:00,30
S0004506,A068,2025-01-17,2025-01-17 09:00:00,2025-01-17 18:00:00,540,2025-01-17 13:00:00,2025-01-17 13:30:00,30
S0004507,A068,2025-01-21,2025-01-21 09:00:00,2025-01-21 18:00:00,540,2025-01-21 13:00:00,2025-01-21 13:30:00,30
S0004508,A068,2025-01-22,2025-01-22 09:00:00,2025-01-22 18:00:00,540,2025-01-22 13:00:00,2025-01-22 13:30:00,30
S0004509,A068,2025-01-23,2025-01-23 09:00:00,2025-01-23 18:00:00,540,2025-01-23 13:00:00,2025-01-23 13:30:00,30
S0004510,A068,2025-01-24,2025-01-24 09:00:00,2025-01-24 18:00:00,540,2025-01-24 13:00:00,2025-01-24 13:30:00,30
S0004511,A068,2025-01-27,2025-01-27 09:00:00,2025-01-27 18:00:00,540,2025-01-27 13:00:00,2025-01-27 13:30:00,30
S0004512,A068,2025-01-28,2025-01-28 09:00:00,2025-01-28 18:00:00,540,2025-01-28 13:00:00,2025-01-28 13:30:00,30
S0004513,A068,2025-01-29,2025-01-29 09:00:00,2025-01-29 18:00:00,540,2025-01-29 13:00:00,2025-01-29 13:30:00,30
S0004514,A068,2025-01-30,2025-01-30 09:00:00,2025-01-30 18:00:00,540,2025-01-30 13:00:00,2025-01-30 13:30:00,30
S0004515,A068,2025-01-31,2025-01-31 09:00:00,2025-01-31 18:00:00,540,2025-01-31 13:00:00,2025-01-31 13:30:00,30
S0004516,A068,2025-02-03,2025-02-03 09:00:00,2025-02-03 18:00:00,540,2025-02-03 13:00:00,2025-02-03 13:30:00,30
S0004517,A068,2025-02-04,2025-02-04 09:00:00,2025-02-04 18:00:00,540,2025-02-04 13:00:00,2025-02-04 13:30:00,30
S0004518,A068,2025-02-05,2025-02-05 09:00:00,2025-02-05 18:00:00,540,2025-02-05 13:00:00,2025-02-05 13:30:00,30
S0004519,A068,2025-02-06,2025-02-06 09:00:00,2025-02-06 18:00:00,540,2025-02-06 13:00:00,2025-02-06 13:30:00,30
S0004520,A068,2025-02-08,2025-02-08 09:00:00,2025-02-08 18:00:00,540,2025-02-08 13:00:00,2025-02-08 13:30:00,30
S0004521,A068,2025-02-10,2025-02-10 09:00:00,2025-02-10 18:00:00,540,2025-02-10 13:00:00,2025-02-10 13:30:00,30
S0004522,A068,2025-02-11,2025-02-11 09:00:00,2025-02-11 18:00:00,540,2025-02-11 13:00:00,2025-02-11 13:30:00,30
S0004523,A068,2025-02-12,2025-02-12 09:00:00,2025-02-12 18:00:00,540,2025-02-12 13:00:00,2025-02-12 13:30:00,30
S0004524,A068,2025-02-13,2025-02-13 09:00:00,2025-02-13 18:00:00,540,2025-02-13 13:00:00,2025-02-13 13:30:00,30
S0004525,A068,2025-02-14,2025-02-14 09:00:00,2025-02-14 18:00:00,540,2025-02-14 13:00:00,2025-02-14 13:30:00,30
S0004526,A068,2025-02-17,2025-02-17 09:00:00,2025-02-17 18:00:00,540,2025-02-17 13:00:00,2025-02-17 13:30:00,30
S0004527,A068,2025-02-18,2025-02-18 09:00:00,2025-02-18 18:00:00,540,2025-02-18 13:00:00,2025-02-18 13:30:00,30
S0004528,A068,2025-02-19,2025-02-19 09:00:00,2025-02-19 18:00:00,540,2025-02-19 13:00:00,2025-02-19 13:30:00,30
S0004529,A068,2025-02-21,2025-02-21 09:00:00,2025-02-21 18:00:00,540,2025-02-21 13:00:00,2025-02-21 13:30:00,30
S0004530,A068,2025-02-24,2025-02-24 09:00:00,2025-02-24 18:00:00,540,2025-02-24 13:00:00,2025-02-24 13:30:00,30
S0004531,A068,2025-02-25,2025-02-25 09:00:00,2025-02-25 18:00:00,540,2025-02-25 13:00:00,2025-02-25 13:30:00,30
S0004532,A068,2025-02-26,2025-02-26 09:00:00,2025-02-26 18:00:00,540,2025-02-26 13:00:00,2025-02-26 13:30:00,30
S0004533,A068,2025-02-27,2025-02-27 09:00:00,2025-02-27 18:00:00,540,2025-02-27 13:00:00,2025-02-27 13:30:00,30
S0004534,A068,2025-02-28,2025-02-28 09:00:00,2025-02-28 18:00:00,540,2025-02-28 13:00:00,2025-02-28 13:30:00,30
S0004535,A068,2025-03-01,2025-03-01 09:00:00,2025-03-01 18:00:00,540,2025-03-01 13:00:00,2025-03-01 13:30:00,30
S0004536,A068,2025-03-04,2025-03-04 09:00:00,2025-03-04 18:00:00,540,2025-03-04 13:00:00,2025-03-04 13:30:00,30
S0004537,A068,2025-03-05,2025-03-05 09:00:00,2025-03-05 18:00:00,540,2025-03-05 13:00:00,2025-03-05 13:30:00,30
S0004538,A068,2025-03-06,2025-03-06 09:00:00,2025-03-06 18:00:00,540,2025-03-06 13:00:00,2025-03-06 13:30:00,30
S0004539,A068,2025-03-08,2025-03-08 09:00:00,2025-03-08 18:00:00,540,2025-03-08 13:00:00,2025-03-08 13:30:00,30
S0004540,A068,2025-03-09,2025-03-09 09:00:00,2025-03-09 18:00:00,540,2025-03-09 13:00:00,2025-03-09 13:30:00,30
S0004541,A068,2025-03-10,2025-03-10 09:00:00,2025-03-10 18:00:00,540,2025-03-10 13:00:00,2025-03-10 13:30:00,30
S0004542,A068,2025-03-11,2025-03-11 09:00:00,2025-03-11 18:00:00,540,2025-03-11 13:00:00,2025-03-11 13:30:00,30
S0004543,A068,2025-03-12,2025-03-12 09:00:00,2025-03-12 18:00:00,540,2025-03-12 13:00:00,2025-03-12 13:30:00,30
S0004544,A068,2025-03-13,2025-03-13 09:00:00,2025-03-13 18:00:00,540,2025-03-13 13:00:00,2025-03-13 13:30:00,30
S0004545,A068,2025-03-14,2025-03-14 09:00:00,2025-03-14 18:00:00,540,2025-03-14 13:00:00,2025-03-14 13:30:00,30
S0004546,A068,2025-03-17,2025-03-17 09:00:00,2025-03-17 18:00:00,540,2025-03-17 13:00:00,2025-03-17 13:30:00,30
S0004547,A068,2025-03-18,2025-03-18 09:00:00,2025-03-18 18:00:00,540,2025-03-18 13:00:00,2025-03-18 13:30:00,30
S0004548,A068,2025-03-19,2025-03-19 09:00:00,2025-03-19 18:00:00,540,2025-03-19 13:00:00,2025-03-19 13:30:00,30
S0004549,A068,2025-03-20,2025-03-20 09:00:00,2025-03-20 18:00:00,540,2025-03-20 13:00:00,2025-03-20 13:30:00,30
S0004550,A068,2025-03-21,2025-03-21 09:00:00,2025-03-21 18:00:00,540,2025-03-21 13:00:00,2025-03-21 13:30:00,30
S0004551,A068,2025-03-24,2025-03-24 09:00:00,2025-03-24 18:00:00,540,2025-03-24 13:00:00,2025-03-24 13:30:00,30
S0004552,A068,2025-03-25,2025-03-25 09:00:00,2025-03-25 18:00:00,540,2025-03-25 13:00:00,2025-03-25 13:30:00,30
S0004553,A068,2025-03-26,2025-03-26 09:00:00,2025-03-26 18:00:00,540,2025-03-26 13:00:00,2025-03-26 13:30:00,30
S0004554,A068,2025-03-27,2025-03-27 09:00:00,2025-03-27 18:00:00,540,2025-03-27 13:00:00,2025-03-27 13:30:00,30
S0004555,A068,2025-03-28,2025-03-28 09:00:00,2025-03-28 18:00:00,540,2025-03-28 13:00:00,2025-03-28 13:30:00,30
S0004556,A068,2025-03-30,2025-03-30 09:00:00,2025-03-30 18:00:00,540,2025-03-30 13:00:00,2025-03-30 13:30:00,30
S0004557,A068,2025-03-31,2025-03-31 09:00:00,2025-03-31 18:00:00,540,2025-03-31 13:00:00,2025-03-31 13:30:00,30
S0004558,A069,2025-01-01,2025-01-01 07:00:00,2025-01-01 16:00:00,540,2025-01-01 11:00:00,2025-01-01 11:30:00,30
S0004559,A069,2025-01-02,2025-01-02 07:00:00,2025-01-02 16:00:00,540,2025-01-02 11:00:00,2025-01-02 11:30:00,30
S0004560,A069,2025-01-03,2025-01-03 07:00:00,2025-01-03 16:00:00,540,2025-01-03 11:00:00,2025-01-03 11:30:00,30
S0004561,A069,2025-01-05,2025-01-05 07:00:00,2025-01-05 16:00:00,540,2025-01-05 11:00:00,2025-01-05 11:30:00,30
S0004562,A069,2025-01-06,2025-01-06 07:00:00,2025-01-06 16:00:00,540,2025-01-06 11:00:00,2025-01-06 11:30:00,30
S0004563,A069,2025-01-07,2025-01-07 07:00:00,2025-01-07 16:00:00,540,2025-01-07 11:00:00,2025-01-07 11:30:00,30
S0004564,A069,2025-01-08,2025-01-08 07:00:00,2025-01-08 16:00:00,540,2025-01-08 11:00:00,2025-01-08 11:30:00,30
S0004565,A069,2025-01-09,2025-01-09 07:00:00,2025-01-09 16:00:00,540,2025-01-09 11:00:00,2025-01-09 11:30:00,30
S0004566,A069,2025-01-10,2025-01-10 07:00:00,2025-01-10 16:00:00,540,2025-01-10 11:00:00,2025-01-10 11:30:00,30
S0004567,A069,2025-01-13,2025-01-13 07:00:00,2025-01-13 16:00:00,540,2025-01-13 11:00:00,2025-01-13 11:30:00,30
S0004568,A069,2025-01-14,2025-01-14 07:00:00,2025-01-14 16:00:00,540,2025-01-14 11:00:00,2025-01-14 11:30:00,30
S0004569,A069,2025-01-15,2025-01-15 07:00:00,2025-01-15 16:00:00,540,2025-01-15 11:00:00,2025-01-15 11:30:00,30
S0004570,A069,2025-01-16,2025-01-16 07:00:00,2025-01-16 16:00:00,540,2025-01-16 11:00:00,2025-01-16 11:30:00,30
S0004571,A069,2025-01-17,2025-01-17 07:00:00,2025-01-17 16:00:00,540,2025-01-17 11:00:00,2025-01-17 11:30:00,30
S0004572,A069,2025-01-18,2025-01-18 07:00:00,2025-01-18 16:00:00,540,2025-01-18 11:00:00,2025-01-18 11:30:00,30
S0004573,A069,2025-01-20,2025-01-20 07:00:00,2025-01-20 16:00:00,540,2025-01-20 11:00:00,2025-01-20 11:30:00,30
S0004574,A069,2025-01-21,2025-01-21 07:00:00,2025-01-21 16:00:00,540,2025-01-21 11:00:00,2025-01-21 11:30:00,30
S0004575,A069,2025-01-22,2025-01-22 07:00:00,2025-01-22 16:00:00,540,2025-01-22 11:00:00,2025-01-22 11:30:00,30
S0004576,A069,2025-01-23,2025-01-23 07:00:00,2025-01-23 16:00:00,540,2025-01-23 11:00:00,2025-01-23 11:30:00,30
S0004577,A069,2025-01-24,2025-01-24 07:00:00,2025-01-24 16:00:00,540,2025-01-24 11:00:00,2025-01-24 11:30:00,30
S0004578,A069,2025-01-27,2025-01-27 07:00:00,2025-01-27 16:00:00,540,2025-01-27 11:00:00,2025-01-27 11:30:00,30
S0004579,A069,2025-01-28,2025-01-28 07:00:00,2025-01-28 16:00:00,540,2025-01-28 11:00:00,2025-01-28 11:30:00,30
S0004580,A069,2025-01-29,2025-01-29 07:00:00,2025-01-29 16:00:00,540,2025-01-29 11:00:00,2025-01-29 11:30:00,30
S0004581,A069,2025-01-30,2025-01-30 07:00:00,2025-01-30 16:00:00,540,2025-01-30 11:00:00,2025-01-30 11:30:00,30
S0004582,A069,2025-01-31,2025-01-31 07:00:00,2025-01-31 16:00:00,540,2025-01-31 11:00:00,2025-01-31 11:30:00,30
S0004583,A069,2025-02-01,2025-02-01 07:00:00,2025-02-01 16:00:00,540,2025-02-01 11:00:00,2025-02-01 11:30:00,30
S0004584,A069,2025-02-03,2025-02-03 07:00:00,2025-02-03 16:00:00,540,2025-02-03 11:00:00,2025-02-03 11:30:00,30
S0004585,A069,2025-02-04,2025-02-04 07:00:00,2025-02-04 16:00:00,540,2025-02-04 11:00:00,2025-02-04 11:30:00,30
S0004586,A069,2025-02-05,2025-02-05 07:00:00,2025-02-05 16:00:00,540,2025-02-05 11:00:00,2025-02-05 11:30:00,30
S0004587,A069,2025-02-06,2025-02-06 07:00:00,2025-02-06 16:00:00,540,2025-02-06 11:00:00,2025-02-06 11:30:00,30
S0004588,A069,2025-02-07,2025-02-07 07:00:00,2025-02-07 16:00:00,540,2025-02-07 11:00:00,2025-02-07 11:30:00,30
S0004589,A069,2025-02-08,2025-02-08 07:00:00,2025-02-08 16:00:00,540,2025-02-08 11:00:00,2025-02-08 11:30:00,30
S0004590,A069,2025-02-10,2025-02-10 07:00:00,2025-02-10 16:00:00,540,2025-02-10 11:00:00,2025-02-10 11:30:00,30
S0004591,A069,2025-02-11,2025-02-11 07:00:00,2025-02-11 16:00:00,540,2025-02-11 11:00:00,2025-02-11 11:30:00,30
S0004592,A069,2025-02-12,2025-02-12 07:00:00,2025-02-12 16:00:00,540,2025-02-12 11:00:00,2025-02-12 11:30:00,30
S0004593,A069,2025-02-13,2025-02-13 07:00:00,2025-02-13 16:00:00,540,2025-02-13 11:00:00,2025-02-13 11:30:00,30
S0004594,A069,2025-02-14,2025-02-14 07:00:00,2025-02-14 16:00:00,540,2025-02-14 11:00:00,2025-02-14 11:30:00,30
S0004595,A069,2025-02-17,2025-02-17 07:00:00,2025-02-17 16:00:00,540,2025-02-17 11:00:00,2025-02-17 11:30:00,30
S0004596,A069,2025-02-18,2025-02-18 07:00:00,2025-02-18 16:00:00,540,2025-02-18 11:00:00,2025-02-18 11:30:00,30
S0004597,A069,2025-02-19,2025-02-19 07:00:00,2025-02-19 16:00:00,540,2025-02-19 11:00:00,2025-02-19 11:30:00,30
S0004598,A069,2025-02-20,2025-02-20 07:00:00,2025-02-20 16:00:00,540,2025-02-20 11:00:00,2025-02-20 11:30:00,30
S0004599,A069,2025-02-21,2025-02-21 07:00:00,2025-02-21 16:00:00,540,2025-02-21 11:00:00,2025-02-21 11:30:00,30
S0004600,A069,2025-02-23,2025-02-23 07:00:00,2025-02-23 16:00:00,540,2025-02-23 11:00:00,2025-02-23 11:30:00,30
S0004601,A069,2025-02-24,2025-02-24 07:00:00,2025-02-24 16:00:00,540,2025-02-24 11:00:00,2025-02-24 11:30:00,30
S0004602,A069,2025-02-25,2025-02-25 07:00:00,2025-02-25 16:00:00,540,2025-02-25 11:00:00,2025-02-25 11:30:00,30
S0004603,A069,2025-02-26,2025-02-26 07:00:00,2025-02-26 16:00:00,540,2025-02-26 11:00:00,2025-02-26 11:30:00,30
S0004604,A069,2025-02-27,2025-02-27 07:00:00,2025-02-27 16:00:00,540,2025-02-27 11:00:00,2025-02-27 11:30:00,30
S0004605,A069,2025-02-28,2025-02-28 07:00:00,2025-02-28 16:00:00,540,2025-02-28 11:00:00,2025-02-28 11:30:00,30
S0004606,A069,2025-03-03,2025-03-03 07:00:00,2025-03-03 16:00:00,540,2025-03-03 11:00:00,2025-03-03 11:30:00,30
S0004607,A069,2025-03-04,2025-03-04 07:00:00,2025-03-04 16:00:00,540,2025-03-04 11:00:00,2025-03-04 11:30:00,30
S0004608,A069,2025-03-05,2025-03-05 07:00:00,2025-03-05 16:00:00,540,2025-03-05 11:00:00,2025-03-05 11:30:00,30
S0004609,A069,2025-03-06,2025-03-06 07:00:00,2025-03-06 16:00:00,540,2025-03-06 11:00:00,2025-03-06 11:30:00,30
S0004610,A069,2025-03-07,2025-03-07 07:00:00,2025-03-07 16:00:00,540,2025-03-07 11:00:00,2025-03-07 11:30:00,30
S0004611,A069,2025-03-10,2025-03-10 07:00:00,2025-03-10 16:00:00,540,2025-03-10 11:00:00,2025-03-10 11:30:00,30
S0004612,A069,2025-03-11,2025-03-11 07:00:00,2025-03-11 16:00:00,540,2025-03-11 11:00:00,2025-03-11 11:30:00,30
S0004613,A069,2025-03-12,2025-03-12 07:00:00,2025-03-12 16:00:00,540,2025-03-12 11:00:00,2025-03-12 11:30:00,30
S0004614,A069,2025-03-13,2025-03-13 07:00:00,2025-03-13 16:00:00,540,2025-03-13 11:00:00,2025-03-13 11:30:00,30
S0004615,A069,2025-03-14,2025-03-14 07:00:00,2025-03-14 16:00:00,540,2025-03-14 11:00:00,2025-03-14 11:30:00,30
S0004616,A069,2025-03-15,2025-03-15 07:00:00,2025-03-15 16:00:00,540,2025-03-15 11:00:00,2025-03-15 11:30:00,30
S0004617,A069,2025-03-17,2025-03-17 07:00:00,2025-03-17 16:00:00,540,2025-03-17 11:00:00,2025-03-17 11:30:00,30
S0004618,A069,2025-03-18,2025-03-18 07:00:00,2025-03-18 16:00:00,540,2025-03-18 11:00:00,2025-03-18 11:30:00,30
S0004619,A069,2025-03-19,2025-03-19 07:00:00,2025-03-19 16:00:00,540,2025-03-19 11:00:00,2025-03-19 11:30:00,30
S0004620,A069,2025-03-20,2025-03-20 07:00:00,2025-03-20 16:00:00,540,2025-03-20 11:00:00,2025-03-20 11:30:00,30
S0004621,A069,2025-03-21,2025-03-21 07:00:00,2025-03-21 16:00:00,540,2025-03-21 11:00:00,2025-03-21 11:30:00,30
S0004622,A069,2025-03-24,2025-03-24 07:00:00,2025-03-24 16:00:00,540,2025-03-24 11:00:00,2025-03-24 11:30:00,30
S0004623,A069,2025-03-25,2025-03-25 07:00:00,2025-03-25 16:00:00,540,2025-03-25 11:00:00,2025-03-25 11:30:00,30
S0004624,A069,2025-03-26,2025-03-26 07:00:00,2025-03-26 16:00:00,540,2025-03-26 11:00:00,2025-03-26 11:30:00,30
S0004625,A069,2025-03-27,2025-03-27 07:00:00,2025-03-27 16:00:00,540,2025-03-27 11:00:00,2025-03-27 11:30:00,30
S0004626,A069,2025-03-28,2025-03-28 07:00:00,2025-03-28 16:00:00,540,2025-03-28 11:00:00,2025-03-28 11:30:00,30
S0004627,A069,2025-03-31,2025-03-31 07:00:00,2025-03-31 16:00:00,540,2025-03-31 11:00:00,2025-03-31 11:30:00,30
S0004628,A070,2025-01-01,2025-01-01 08:00:00,2025-01-01 17:00:00,540,2025-01-01 12:00:00,2025-01-01 12:30:00,30
S0004629,A070,2025-01-02,2025-01-02 08:00:00,2025-01-02 17:00:00,540,2025-01-02 12:00:00,2025-01-02 12:30:00,30
S0004630,A070,2025-01-03,2025-01-03 08:00:00,2025-01-03 17:00:00,540,2025-01-03 12:00:00,2025-01-03 12:30:00,30
S0004631,A070,2025-01-06,2025-01-06 08:00:00,2025-01-06 17:00:00,540,2025-01-06 12:00:00,2025-01-06 12:30:00,30
S0004632,A070,2025-01-07,2025-01-07 08:00:00,2025-01-07 17:00:00,540,2025-01-07 12:00:00,2025-01-07 12:30:00,30
S0004633,A070,2025-01-08,2025-01-08 08:00:00,2025-01-08 17:00:00,540,2025-01-08 12:00:00,2025-01-08 12:30:00,30
S0004634,A070,2025-01-09,2025-01-09 08:00:00,2025-01-09 17:00:00,540,2025-01-09 12:00:00,2025-01-09 12:30:00,30
S0004635,A070,2025-01-10,2025-01-10 08:00:00,2025-01-10 17:00:00,540,2025-01-10 12:00:00,2025-01-10 12:30:00,30
S0004636,A070,2025-01-13,2025-01-13 08:00:00,2025-01-13 17:00:00,540,2025-01-13 12:00:00,2025-01-13 12:30:00,30
S0004637,A070,2025-01-14,2025-01-14 08:00:00,2025-01-14 17:00:00,540,2025-01-14 12:00:00,2025-01-14 12:30:00,30
S0004638,A070,2025-01-15,2025-01-15 08:00:00,2025-01-15 17:00:00,540,2025-01-15 12:00:00,2025-01-15 12:30:00,30
S0004639,A070,2025-01-16,2025-01-16 08:00:00,2025-01-16 17:00:00,540,2025-01-16 12:00:00,2025-01-16 12:30:00,30
S0004640,A070,2025-01-17,2025-01-17 08:00:00,2025-01-17 17:00:00,540,2025-01-17 12:00:00,2025-01-17 12:30:00,30
S0004641,A070,2025-01-20,2025-01-20 08:00:00,2025-01-20 17:00:00,540,2025-01-20 12:00:00,2025-01-20 12:30:00,30
S0004642,A070,2025-01-21,2025-01-21 08:00:00,2025-01-21 17:00:00,540,2025-01-21 12:00:00,2025-01-21 12:30:00,30
S0004643,A070,2025-01-22,2025-01-22 08:00:00,2025-01-22 17:00:00,540,2025-01-22 12:00:00,2025-01-22 12:30:00,30
S0004644,A070,2025-01-23,2025-01-23 08:00:00,2025-01-23 17:00:00,540,2025-01-23 12:00:00,2025-01-23 12:30:00,30
S0004645,A070,2025-01-24,2025-01-24 08:00:00,2025-01-24 17:00:00,540,2025-01-24 12:00:00,2025-01-24 12:30:00,30
S0004646,A070,2025-01-27,2025-01-27 08:00:00,2025-01-27 17:00:00,540,2025-01-27 12:00:00,2025-01-27 12:30:00,30
S0004647,A070,2025-01-28,2025-01-28 08:00:00,2025-01-28 17:00:00,540,2025-01-28 12:00:00,2025-01-28 12:30:00,30
S0004648,A070,2025-01-29,2025-01-29 08:00:00,2025-01-29 17:00:00,540,2025-01-29 12:00:00,2025-01-29 12:30:00,30
S0004649,A070,2025-01-31,2025-01-31 08:00:00,2025-01-31 17:00:00,540,2025-01-31 12:00:00,2025-01-31 12:30:00,30
S0004650,A070,2025-02-01,2025-02-01 08:00:00,2025-02-01 17:00:00,540,2025-02-01 12:00:00,2025-02-01 12:30:00,30
S0004651,A070,2025-02-03,2025-02-03 08:00:00,2025-02-03 17:00:00,540,2025-02-03 12:00:00,2025-02-03 12:30:00,30
S0004652,A070,2025-02-04,2025-02-04 08:00:00,2025-02-04 17:00:00,540,2025-02-04 12:00:00,2025-02-04 12:30:00,30
S0004653,A070,2025-02-05,2025-02-05 08:00:00,2025-02-05 17:00:00,540,2025-02-05 12:00:00,2025-02-05 12:30:00,30
S0004654,A070,2025-02-06,2025-02-06 08:00:00,2025-02-06 17:00:00,540,2025-02-06 12:00:00,2025-02-06 12:30:00,30
S0004655,A070,2025-02-07,2025-02-07 08:00:00,2025-02-07 17:00:00,540,2025-02-07 12:00:00,2025-02-07 12:30:00,30
S0004656,A070,2025-02-09,2025-02-09 08:00:00,2025-02-09 17:00:00,540,2025-02-09 12:00:00,2025-02-09 12:30:00,30
S0004657,A070,2025-02-10,2025-02-10 08:00:00,2025-02-10 17:00:00,540,2025-02-10 12:00:00,2025-02-10 12:30:00,30
S0004658,A070,2025-02-11,2025-02-11 08:00:00,2025-02-11 17:00:00,540,2025-02-11 12:00:00,2025-02-11 12:30:00,30
S0004659,A070,2025-02-12,2025-02-12 08:00:00,2025-02-12 17:00:00,540,2025-02-12 12:00:00,2025-02-12 12:30:00,30
S0004660,A070,2025-02-13,2025-02-13 08:00:00,2025-02-13 17:00:00,540,2025-02-13 12:00:00,2025-02-13 12:30:00,30
S0004661,A070,2025-02-14,2025-02-14 08:00:00,2025-02-14 17:00:00,540,2025-02-14 12:00:00,2025-02-14 12:30:00,30
S0004662,A070,2025-02-17,2025-02-17 08:00:00,2025-02-17 17:00:00,540,2025-02-17 12:00:00,2025-02-17 12:30:00,30
S0004663,A070,2025-02-18,2025-02-18 08:00:00,2025-02-18 17:00:00,540,2025-02-18 12:00:00,2025-02-18 12:30:00,30
S0004664,A070,2025-02-19,2025-02-19 08:00:00,2025-02-19 17:00:00,540,2025-02-19 12:00:00,2025-02-19 12:30:00,30
S0004665,A070,2025-02-20,2025-02-20 08:00:00,2025-02-20 17:00:00,540,2025-02-20 12:00:00,2025-02-20 12:30:00,30
S0004666,A070,2025-02-21,2025-02-21 08:00:00,2025-02-21 17:00:00,540,2025-02-21 12:00:00,2025-02-21 12:30:00,30
S0004667,A070,2025-02-23,2025-02-23 08:00:00,2025-02-23 17:00:00,540,2025-02-23 12:00:00,2025-02-23 12:30:00,30
S0004668,A070,2025-02-24,2025-02-24 08:00:00,2025-02-24 17:00:00,540,2025-02-24 12:00:00,2025-02-24 12:30:00,30
S0004669,A070,2025-02-25,2025-02-25 08:00:00,2025-02-25 17:00:00,540,2025-02-25 12:00:00,2025-02-25 12:30:00,30
S0004670,A070,2025-02-26,2025-02-26 08:00:00,2025-02-26 17:00:00,540,2025-02-26 12:00:00,2025-02-26 12:30:00,30
S0004671,A070,2025-02-27,2025-02-27 08:00:00,2025-02-27 17:00:00,540,2025-02-27 12:00:00,2025-02-27 12:30:00,30
S0004672,A070,2025-02-28,2025-02-28 08:00:00,2025-02-28 17:00:00,540,2025-02-28 12:00:00,2025-02-28 12:30:00,30
S0004673,A070,2025-03-02,2025-03-02 08:00:00,2025-03-02 17:00:00,540,2025-03-02 12:00:00,2025-03-02 12:30:00,30
S0004674,A070,2025-03-03,2025-03-03 08:00:00,2025-03-03 17:00:00,540,2025-03-03 12:00:00,2025-03-03 12:30:00,30
S0004675,A070,2025-03-04,2025-03-04 08:00:00,2025-03-04 17:00:00,540,2025-03-04 12:00:00,2025-03-04 12:30:00,30
S0004676,A070,2025-03-05,2025-03-05 08:00:00,2025-03-05 17:00:00,540,2025-03-05 12:00:00,2025-03-05 12:30:00,30
S0004677,A070,2025-03-06,2025-03-06 08:00:00,2025-03-06 17:00:00,540,2025-03-06 12:00:00,2025-03-06 12:30:00,30
S0004678,A070,2025-03-07,2025-03-07 08:00:00,2025-03-07 17:00:00,540,2025-03-07 12:00:00,2025-03-07 12:30:00,30
S0004679,A070,2025-03-10,2025-03-10 08:00:00,2025-03-10 17:00:00,540,2025-03-10 12:00:00,2025-03-10 12:30:00,30
S0004680,A070,2025-03-11,2025-03-11 08:00:00,2025-03-11 17:00:00,540,2025-03-11 12:00:00,2025-03-11 12:30:00,30
S0004681,A070,2025-03-12,2025-03-12 08:00:00,2025-03-12 17:00:00,540,2025-03-12 12:00:00,2025-03-12 12:30:00,30
S0004682,A070,2025-03-13,2025-03-13 08:00:00,2025-03-13 17:00:00,540,2025-03-13 12:00:00,2025-03-13 12:30:00,30
S0004683,A070,2025-03-14,2025-03-14 08:00:00,2025-03-14 17:00:00,540,2025-03-14 12:00:00,2025-03-14 12:30:00,30
S0004684,A070,2025-03-15,2025-03-15 08:00:00,2025-03-15 17:00:00,540,2025-03-15 12:00:00,2025-03-15 12:30:00,30
S0004685,A070,2025-03-17,2025-03-17 08:00:00,2025-03-17 17:00:00,540,2025-03-17 12:00:00,2025-03-17 12:30:00,30
S0004686,A070,2025-03-18,2025-03-18 08:00:00,2025-03-18 17:00:00,540,2025-03-18 12:00:00,2025-03-18 12:30:00,30
S0004687,A070,2025-03-19,2025-03-19 08:00:00,2025-03-19 17:00:00,540,2025-03-19 12:00:00,2025-03-19 12:30:00,30
S0004688,A070,2025-03-20,2025-03-20 08:00:00,2025-03-20 17:00:00,540,2025-03-20 12:00:00,2025-03-20 12:30:00,30
S0004689,A070,2025-03-21,2025-03-21 08:00:00,2025-03-21 17:00:00,540,2025-03-21 12:00:00,2025-03-21 12:30:00,30
S0004690,A070,2025-03-25,2025-03-25 08:00:00,2025-03-25 17:00:00,540,2025-03-25 12:00:00,2025-03-25 12:30:00,30
S0004691,A070,2025-03-26,2025-03-26 08:00:00,2025-03-26 17:00:00,540,2025-03-26 12:00:00,2025-03-26 12:30:00,30
S0004692,A070,2025-03-27,2025-03-27 08:00:00,2025-03-27 17:00:00,540,2025-03-27 12:00:00,2025-03-27 12:30:00,30
S0004693,A070,2025-03-28,2025-03-28 08:00:00,2025-03-28 17:00:00,540,2025-03-28 12:00:00,2025-03-28 12:30:00,30
S0004694,A070,2025-03-31,2025-03-31 08:00:00,2025-03-31 17:00:00,540,2025-03-31 12:00:00,2025-03-31 12:30:00,30
S0004695,A071,2025-01-01,2025-01-01 07:00:00,2025-01-01 16:00:00,540,2025-01-01 11:00:00,2025-01-01 11:30:00,30
S0004696,A071,2025-01-02,2025-01-02 07:00:00,2025-01-02 16:00:00,540,2025-01-02 11:00:00,2025-01-02 11:30:00,30
S0004697,A071,2025-01-03,2025-01-03 07:00:00,2025-01-03 16:00:00,540,2025-01-03 11:00:00,2025-01-03 11:30:00,30
S0004698,A071,2025-01-06,2025-01-06 07:00:00,2025-01-06 16:00:00,540,2025-01-06 11:00:00,2025-01-06 11:30:00,30
S0004699,A071,2025-01-07,2025-01-07 07:00:00,2025-01-07 16:00:00,540,2025-01-07 11:00:00,2025-01-07 11:30:00,30
S0004700,A071,2025-01-08,2025-01-08 07:00:00,2025-01-08 16:00:00,540,2025-01-08 11:00:00,2025-01-08 11:30:00,30
S0004701,A071,2025-01-09,2025-01-09 07:00:00,2025-01-09 16:00:00,540,2025-01-09 11:00:00,2025-01-09 11:30:00,30
S0004702,A071,2025-01-10,2025-01-10 07:00:00,2025-01-10 16:00:00,540,2025-01-10 11:00:00,2025-01-10 11:30:00,30
S0004703,A071,2025-01-13,2025-01-13 07:00:00,2025-01-13 16:00:00,540,2025-01-13 11:00:00,2025-01-13 11:30:00,30
S0004704,A071,2025-01-14,2025-01-14 07:00:00,2025-01-14 16:00:00,540,2025-01-14 11:00:00,2025-01-14 11:30:00,30
S0004705,A071,2025-01-15,2025-01-15 07:00:00,2025-01-15 16:00:00,540,2025-01-15 11:00:00,2025-01-15 11:30:00,30
S0004706,A071,2025-01-16,2025-01-16 07:00:00,2025-01-16 16:00:00,540,2025-01-16 11:00:00,2025-01-16 11:30:00,30
S0004707,A071,2025-01-17,2025-01-17 07:00:00,2025-01-17 16:00:00,540,2025-01-17 11:00:00,2025-01-17 11:30:00,30
S0004708,A071,2025-01-20,2025-01-20 07:00:00,2025-01-20 16:00:00,540,2025-01-20 11:00:00,2025-01-20 11:30:00,30
S0004709,A071,2025-01-21,2025-01-21 07:00:00,2025-01-21 16:00:00,540,2025-01-21 11:00:00,2025-01-21 11:30:00,30
S0004710,A071,2025-01-22,2025-01-22 07:00:00,2025-01-22 16:00:00,540,2025-01-22 11:00:00,2025-01-22 11:30:00,30
S0004711,A071,2025-01-23,2025-01-23 07:00:00,2025-01-23 16:00:00,540,2025-01-23 11:00:00,2025-01-23 11:30:00,30
S0004712,A071,2025-01-24,2025-01-24 07:00:00,2025-01-24 16:00:00,540,2025-01-24 11:00:00,2025-01-24 11:30:00,30
S0004713,A071,2025-01-26,2025-01-26 07:00:00,2025-01-26 16:00:00,540,2025-01-26 11:00:00,2025-01-26 11:30:00,30
S0004714,A071,2025-01-27,2025-01-27 07:00:00,2025-01-27 16:00:00,540,2025-01-27 11:00:00,2025-01-27 11:30:00,30
S0004715,A071,2025-01-28,2025-01-28 07:00:00,2025-01-28 16:00:00,540,2025-01-28 11:00:00,2025-01-28 11:30:00,30
S0004716,A071,2025-01-29,2025-01-29 07:00:00,2025-01-29 16:00:00,540,2025-01-29 11:00:00,2025-01-29 11:30:00,30
S0004717,A071,2025-01-30,2025-01-30 07:00:00,2025-01-30 16:00:00,540,2025-01-30 11:00:00,2025-01-30 11:30:00,30
S0004718,A071,2025-01-31,2025-01-31 07:00:00,2025-01-31 16:00:00,540,2025-01-31 11:00:00,2025-01-31 11:30:00,30
S0004719,A071,2025-02-03,2025-02-03 07:00:00,2025-02-03 16:00:00,540,2025-02-03 11:00:00,2025-02-03 11:30:00,30
S0004720,A071,2025-02-04,2025-02-04 07:00:00,2025-02-04 16:00:00,540,2025-02-04 11:00:00,2025-02-04 11:30:00,30
S0004721,A071,2025-02-05,2025-02-05 07:00:00,2025-02-05 16:00:00,540,2025-02-05 11:00:00,2025-02-05 11:30:00,30
S0004722,A071,2025-02-06,2025-02-06 07:00:00,2025-02-06 16:00:00,540,2025-02-06 11:00:00,2025-02-06 11:30:00,30
S0004723,A071,2025-02-07,2025-02-07 07:00:00,2025-02-07 16:00:00,540,2025-02-07 11:00:00,2025-02-07 11:30:00,30
S0004724,A071,2025-02-10,2025-02-10 07:00:00,2025-02-10 16:00:00,540,2025-02-10 11:00:00,2025-02-10 11:30:00,30
S0004725,A071,2025-02-11,2025-02-11 07:00:00,2025-02-11 16:00:00,540,2025-02-11 11:00:00,2025-02-11 11:30:00,30
S0004726,A071,2025-02-12,2025-02-12 07:00:00,2025-02-12 16:00:00,540,2025-02-12 11:00:00,2025-02-12 11:30:00,30
S0004727,A071,2025-02-13,2025-02-13 07:00:00,2025-02-13 16:00:00,540,2025-02-13 11:00:00,2025-02-13 11:30:00,30
S0004728,A071,2025-02-14,2025-02-14 07:00:00,2025-02-14 16:00:00,540,2025-02-14 11:00:00,2025-02-14 11:30:00,30
S0004729,A071,2025-02-17,2025-02-17 07:00:00,2025-02-17 16:00:00,540,2025-02-17 11:00:00,2025-02-17 11:30:00,30
S0004730,A071,2025-02-18,2025-02-18 07:00:00,2025-02-18 16:00:00,540,2025-02-18 11:00:00,2025-02-18 11:30:00,30
S0004731,A071,2025-02-19,2025-02-19 07:00:00,2025-02-19 16:00:00,540,2025-02-19 11:00:00,2025-02-19 11:30:00,30
S0004732,A071,2025-02-20,2025-02-20 07:00:00,2025-02-20 16:00:00,540,2025-02-20 11:00:00,2025-02-20 11:30:00,30
S0004733,A071,2025-02-21,2025-02-21 07:00:00,2025-02-21 16:00:00,540,2025-02-21 11:00:00,2025-02-21 11:30:00,30
S0004734,A071,2025-02-24,2025-02-24 07:00:00,2025-02-24 16:00:00,540,2025-02-24 11:00:00,2025-02-24 11:30:00,30
S0004735,A071,2025-02-25,2025-02-25 07:00:00,2025-02-25 16:00:00,540,2025-02-25 11:00:00,2025-02-25 11:30:00,30
S0004736,A071,2025-02-26,2025-02-26 07:00:00,2025-02-26 16:00:00,540,2025-02-26 11:00:00,2025-02-26 11:30:00,30
S0004737,A071,2025-02-27,2025-02-27 07:00:00,2025-02-27 16:00:00,540,2025-02-27 11:00:00,2025-02-27 11:30:00,30
S0004738,A071,2025-02-28,2025-02-28 07:00:00,2025-02-28 16:00:00,540,2025-02-28 11:00:00,2025-02-28 11:30:00,30
S0004739,A071,2025-03-01,2025-03-01 07:00:00,2025-03-01 16:00:00,540,2025-03-01 11:00:00,2025-03-01 11:30:00,30
S0004740,A071,2025-03-03,2025-03-03 07:00:00,2025-03-03 16:00:00,540,2025-03-03 11:00:00,2025-03-03 11:30:00,30
S0004741,A071,2025-03-05,2025-03-05 07:00:00,2025-03-05 16:00:00,540,2025-03-05 11:00:00,2025-03-05 11:30:00,30
S0004742,A071,2025-03-06,2025-03-06 07:00:00,2025-03-06 16:00:00,540,2025-03-06 11:00:00,2025-03-06 11:30:00,30
S0004743,A071,2025-03-07,2025-03-07 07:00:00,2025-03-07 16:00:00,540,2025-03-07 11:00:00,2025-03-07 11:30:00,30
S0004744,A071,2025-03-10,2025-03-10 07:00:00,2025-03-10 16:00:00,540,2025-03-10 11:00:00,2025-03-10 11:30:00,30
S0004745,A071,2025-03-11,2025-03-11 07:00:00,2025-03-11 16:00:00,540,2025-03-11 11:00:00,2025-03-11 11:30:00,30
S0004746,A071,2025-03-12,2025-03-12 07:00:00,2025-03-12 16:00:00,540,2025-03-12 11:00:00,2025-03-12 11:30:00,30
S0004747,A071,2025-03-13,2025-03-13 07:00:00,2025-03-13 16:00:00,540,2025-03-13 11:00:00,2025-03-13 11:30:00,30
S0004748,A071,2025-03-14,2025-03-14 07:00:00,2025-03-14 16:00:00,540,2025-03-14 11:00:00,2025-03-14 11:30:00,30
S0004749,A071,2025-03-15,2025-03-15 07:00:00,2025-03-15 16:00:00,540,2025-03-15 11:00:00,2025-03-15 11:30:00,30
S0004750,A071,2025-03-19,2025-03-19 07:00:00,2025-03-19 16:00:00,540,2025-03-19 11:00:00,2025-03-19 11:30:00,30
S0004751,A071,2025-03-20,2025-03-20 07:00:00,2025-03-20 16:00:00,540,2025-03-20 11:00:00,2025-03-20 11:30:00,30
S0004752,A071,2025-03-21,2025-03-21 07:00:00,2025-03-21 16:00:00,540,2025-03-21 11:00:00,2025-03-21 11:30:00,30
S0004753,A071,2025-03-24,2025-03-24 07:00:00,2025-03-24 16:00:00,540,2025-03-24 11:00:00,2025-03-24 11:30:00,30
S0004754,A071,2025-03-25,2025-03-25 07:00:00,2025-03-25 16:00:00,540,2025-03-25 11:00:00,2025-03-25 11:30:00,30
S0004755,A071,2025-03-26,2025-03-26 07:00:00,2025-03-26 16:00:00,540,2025-03-26 11:00:00,2025-03-26 11:30:00,30
S0004756,A071,2025-03-27,2025-03-27 07:00:00,2025-03-27 16:00:00,540,2025-03-27 11:00:00,2025-03-27 11:30:00,30
S0004757,A071,2025-03-28,2025-03-28 07:00:00,2025-03-28 16:00:00,540,2025-03-28 11:00:00,2025-03-28 11:30:00,30
S0004758,A072,2025-01-01,2025-01-01 09:00:00,2025-01-01 18:00:00,540,2025-01-01 13:00:00,2025-01-01 13:30:00,30
S0004759,A072,2025-01-02,2025-01-02 09:00:00,2025-01-02 18:00:00,540,2025-01-02 13:00:00,2025-01-02 13:30:00,30
S0004760,A072,2025-01-03,2025-01-03 09:00:00,2025-01-03 18:00:00,540,2025-01-03 13:00:00,2025-01-03 13:30:00,30
S0004761,A072,2025-01-06,2025-01-06 09:00:00,2025-01-06 18:00:00,540,2025-01-06 13:00:00,2025-01-06 13:30:00,30
S0004762,A072,2025-01-07,2025-01-07 09:00:00,2025-01-07 18:00:00,540,2025-01-07 13:00:00,2025-01-07 13:30:00,30
S0004763,A072,2025-01-08,2025-01-08 09:00:00,2025-01-08 18:00:00,540,2025-01-08 13:00:00,2025-01-08 13:30:00,30
S0004764,A072,2025-01-09,2025-01-09 09:00:00,2025-01-09 18:00:00,540,2025-01-09 13:00:00,2025-01-09 13:30:00,30
S0004765,A072,2025-01-10,2025-01-10 09:00:00,2025-01-10 18:00:00,540,2025-01-10 13:00:00,2025-01-10 13:30:00,30
S0004766,A072,2025-01-13,2025-01-13 09:00:00,2025-01-13 18:00:00,540,2025-01-13 13:00:00,2025-01-13 13:30:00,30
S0004767,A072,2025-01-14,2025-01-14 09:00:00,2025-01-14 18:00:00,540,2025-01-14 13:00:00,2025-01-14 13:30:00,30
S0004768,A072,2025-01-15,2025-01-15 09:00:00,2025-01-15 18:00:00,540,2025-01-15 13:00:00,2025-01-15 13:30:00,30
S0004769,A072,2025-01-16,2025-01-16 09:00:00,2025-01-16 18:00:00,540,2025-01-16 13:00:00,2025-01-16 13:30:00,30
S0004770,A072,2025-01-17,2025-01-17 09:00:00,2025-01-17 18:00:00,540,2025-01-17 13:00:00,2025-01-17 13:30:00,30
S0004771,A072,2025-01-18,2025-01-18 09:00:00,2025-01-18 18:00:00,540,2025-01-18 13:00:00,2025-01-18 13:30:00,30
S0004772,A072,2025-01-20,2025-01-20 09:00:00,2025-01-20 18:00:00,540,2025-01-20 13:00:00,2025-01-20 13:30:00,30
S0004773,A072,2025-01-21,2025-01-21 09:00:00,2025-01-21 18:00:00,540,2025-01-21 13:00:00,2025-01-21 13:30:00,30
S0004774,A072,2025-01-22,2025-01-22 09:00:00,2025-01-22 18:00:00,540,2025-01-22 13:00:00,2025-01-22 13:30:00,30
S0004775,A072,2025-01-23,2025-01-23 09:00:00,2025-01-23 18:00:00,540,2025-01-23 13:00:00,2025-01-23 13:30:00,30
S0004776,A072,2025-01-24,2025-01-24 09:00:00,2025-01-24 18:00:00,540,2025-01-24 13:00:00,2025-01-24 13:30:00,30
S0004777,A072,2025-01-29,2025-01-29 09:00:00,2025-01-29 18:00:00,540,2025-01-29 13:00:00,2025-01-29 13:30:00,30
S0004778,A072,2025-01-30,2025-01-30 09:00:00,2025-01-30 18:00:00,540,2025-01-30 13:00:00,2025-01-30 13:30:00,30
S0004779,A072,2025-01-31,2025-01-31 09:00:00,2025-01-31 18:00:00,540,2025-01-31 13:00:00,2025-01-31 13:30:00,30
S0004780,A072,2025-02-01,2025-02-01 09:00:00,2025-02-01 18:00:00,540,2025-02-01 13:00:00,2025-02-01 13:30:00,30
S0004781,A072,2025-02-03,2025-02-03 09:00:00,2025-02-03 18:00:00,540,2025-02-03 13:00:00,2025-02-03 13:30:00,30
S0004782,A072,2025-02-05,2025-02-05 09:00:00,2025-02-05 18:00:00,540,2025-02-05 13:00:00,2025-02-05 13:30:00,30
S0004783,A072,2025-02-06,2025-02-06 09:00:00,2025-02-06 18:00:00,540,2025-02-06 13:00:00,2025-02-06 13:30:00,30
S0004784,A072,2025-02-07,2025-02-07 09:00:00,2025-02-07 18:00:00,540,2025-02-07 13:00:00,2025-02-07 13:30:00,30
S0004785,A072,2025-02-09,2025-02-09 09:00:00,2025-02-09 18:00:00,540,2025-02-09 13:00:00,2025-02-09 13:30:00,30
S0004786,A072,2025-02-10,2025-02-10 09:00:00,2025-02-10 18:00:00,540,2025-02-10 13:00:00,2025-02-10 13:30:00,30
S0004787,A072,2025-02-11,2025-02-11 09:00:00,2025-02-11 18:00:00,540,2025-02-11 13:00:00,2025-02-11 13:30:00,30
S0004788,A072,2025-02-12,2025-02-12 09:00:00,2025-02-12 18:00:00,540,2025-02-12 13:00:00,2025-02-12 13:30:00,30
S0004789,A072,2025-02-13,2025-02-13 09:00:00,2025-02-13 18:00:00,540,2025-02-13 13:00:00,2025-02-13 13:30:00,30
S0004790,A072,2025-02-14,2025-02-14 09:00:00,2025-02-14 18:00:00,540,2025-02-14 13:00:00,2025-02-14 13:30:00,30
S0004791,A072,2025-02-17,2025-02-17 09:00:00,2025-02-17 18:00:00,540,2025-02-17 13:00:00,2025-02-17 13:30:00,30
S0004792,A072,2025-02-18,2025-02-18 09:00:00,2025-02-18 18:00:00,540,2025-02-18 13:00:00,2025-02-18 13:30:00,30
S0004793,A072,2025-02-19,2025-02-19 09:00:00,2025-02-19 18:00:00,540,2025-02-19 13:00:00,2025-02-19 13:30:00,30
S0004794,A072,2025-02-20,2025-02-20 09:00:00,2025-02-20 18:00:00,540,2025-02-20 13:00:00,2025-02-20 13:30:00,30
S0004795,A072,2025-02-21,2025-02-21 09:00:00,2025-02-21 18:00:00,540,2025-02-21 13:00:00,2025-02-21 13:30:00,30
S0004796,A072,2025-02-24,2025-02-24 09:00:00,2025-02-24 18:00:00,540,2025-02-24 13:00:00,2025-02-24 13:30:00,30
S0004797,A072,2025-02-25,2025-02-25 09:00:00,2025-02-25 18:00:00,540,2025-02-25 13:00:00,2025-02-25 13:30:00,30
S0004798,A072,2025-02-26,2025-02-26 09:00:00,2025-02-26 18:00:00,540,2025-02-26 13:00:00,2025-02-26 13:30:00,30
S0004799,A072,2025-02-27,2025-02-27 09:00:00,2025-02-27 18:00:00,540,2025-02-27 13:00:00,2025-02-27 13:30:00,30
S0004800,A072,2025-02-28,2025-02-28 09:00:00,2025-02-28 18:00:00,540,2025-02-28 13:00:00,2025-02-28 13:30:00,30
S0004801,A072,2025-03-03,2025-03-03 09:00:00,2025-03-03 18:00:00,540,2025-03-03 13:00:00,2025-03-03 13:30:00,30
S0004802,A072,2025-03-04,2025-03-04 09:00:00,2025-03-04 18:00:00,540,2025-03-04 13:00:00,2025-03-04 13:30:00,30
S0004803,A072,2025-03-05,2025-03-05 09:00:00,2025-03-05 18:00:00,540,2025-03-05 13:00:00,2025-03-05 13:30:00,30
S0004804,A072,2025-03-06,2025-03-06 09:00:00,2025-03-06 18:00:00,540,2025-03-06 13:00:00,2025-03-06 13:30:00,30
S0004805,A072,2025-03-07,2025-03-07 09:00:00,2025-03-07 18:00:00,540,2025-03-07 13:00:00,2025-03-07 13:30:00,30
S0004806,A072,2025-03-09,2025-03-09 09:00:00,2025-03-09 18:00:00,540,2025-03-09 13:00:00,2025-03-09 13:30:00,30
S0004807,A072,2025-03-10,2025-03-10 09:00:00,2025-03-10 18:00:00,540,2025-03-10 13:00:00,2025-03-10 13:30:00,30
S0004808,A072,2025-03-11,2025-03-11 09:00:00,2025-03-11 18:00:00,540,2025-03-11 13:00:00,2025-03-11 13:30:00,30
S0004809,A072,2025-03-13,2025-03-13 09:00:00,2025-03-13 18:00:00,540,2025-03-13 13:00:00,2025-03-13 13:30:00,30
S0004810,A072,2025-03-14,2025-03-14 09:00:00,2025-03-14 18:00:00,540,2025-03-14 13:00:00,2025-03-14 13:30:00,30
S0004811,A072,2025-03-17,2025-03-17 09:00:00,2025-03-17 18:00:00,540,2025-03-17 13:00:00,2025-03-17 13:30:00,30
S0004812,A072,2025-03-18,2025-03-18 09:00:00,2025-03-18 18:00:00,540,2025-03-18 13:00:00,2025-03-18 13:30:00,30
S0004813,A072,2025-03-19,2025-03-19 09:00:00,2025-03-19 18:00:00,540,2025-03-19 13:00:00,2025-03-19 13:30:00,30
S0004814,A072,2025-03-20,2025-03-20 09:00:00,2025-03-20 18:00:00,540,2025-03-20 13:00:00,2025-03-20 13:30:00,30
S0004815,A072,2025-03-21,2025-03-21 09:00:00,2025-03-21 18:00:00,540,2025-03-21 13:00:00,2025-03-21 13:30:00,30
S0004816,A072,2025-03-23,2025-03-23 09:00:00,2025-03-23 18:00:00,540,2025-03-23 13:00:00,2025-03-23 13:30:00,30
S0004817,A072,2025-03-24,2025-03-24 09:00:00,2025-03-24 18:00:00,540,2025-03-24 13:00:00,2025-03-24 13:30:00,30
S0004818,A072,2025-03-25,2025-03-25 09:00:00,2025-03-25 18:00:00,540,2025-03-25 13:00:00,2025-03-25 13:30:00,30
S0004819,A072,2025-03-26,2025-03-26 09:00:00,2025-03-26 18:00:00,540,2025-03-26 13:00:00,2025-03-26 13:30:00,30
S0004820,A072,2025-03-27,2025-03-27 09:00:00,2025-03-27 18:00:00,540,2025-03-27 13:00:00,2025-03-27 13:30:00,30
S0004821,A072,2025-03-31,2025-03-31 09:00:00,2025-03-31 18:00:00,540,2025-03-31 13:00:00,2025-03-31 13:30:00,30
S0004822,A073,2025-01-01,2025-01-01 10:00:00,2025-01-01 19:00:00,540,2025-01-01 14:00:00,2025-01-01 14:30:00,30
S0004823,A073,2025-01-02,2025-01-02 10:00:00,2025-01-02 19:00:00,540,2025-01-02 14:00:00,2025-01-02 14:30:00,30
S0004824,A073,2025-01-03,2025-01-03 10:00:00,2025-01-03 19:00:00,540,2025-01-03 14:00:00,2025-01-03 14:30:00,30
S0004825,A073,2025-01-06,2025-01-06 10:00:00,2025-01-06 19:00:00,540,2025-01-06 14:00:00,2025-01-06 14:30:00,30
S0004826,A073,2025-01-07,2025-01-07 10:00:00,2025-01-07 19:00:00,540,2025-01-07 14:00:00,2025-01-07 14:30:00,30
S0004827,A073,2025-01-08,2025-01-08 10:00:00,2025-01-08 19:00:00,540,2025-01-08 14:00:00,2025-01-08 14:30:00,30
S0004828,A073,2025-01-09,2025-01-09 10:00:00,2025-01-09 19:00:00,540,2025-01-09 14:00:00,2025-01-09 14:30:00,30
S0004829,A073,2025-01-10,2025-01-10 10:00:00,2025-01-10 19:00:00,540,2025-01-10 14:00:00,2025-01-10 14:30:00,30
S0004830,A073,2025-01-11,2025-01-11 10:00:00,2025-01-11 19:00:00,540,2025-01-11 14:00:00,2025-01-11 14:30:00,30
S0004831,A073,2025-01-13,2025-01-13 10:00:00,2025-01-13 19:00:00,540,2025-01-13 14:00:00,2025-01-13 14:30:00,30
S0004832,A073,2025-01-14,2025-01-14 10:00:00,2025-01-14 19:00:00,540,2025-01-14 14:00:00,2025-01-14 14:30:00,30
S0004833,A073,2025-01-15,2025-01-15 10:00:00,2025-01-15 19:00:00,540,2025-01-15 14:00:00,2025-01-15 14:30:00,30
S0004834,A073,2025-01-16,2025-01-16 10:00:00,2025-01-16 19:00:00,540,2025-01-16 14:00:00,2025-01-16 14:30:00,30
S0004835,A073,2025-01-17,2025-01-17 10:00:00,2025-01-17 19:00:00,540,2025-01-17 14:00:00,2025-01-17 14:30:00,30
S0004836,A073,2025-01-20,2025-01-20 10:00:00,2025-01-20 19:00:00,540,2025-01-20 14:00:00,2025-01-20 14:30:00,30
S0004837,A073,2025-01-21,2025-01-21 10:00:00,2025-01-21 19:00:00,540,2025-01-21 14:00:00,2025-01-21 14:30:00,30
S0004838,A073,2025-01-22,2025-01-22 10:00:00,2025-01-22 19:00:00,540,2025-01-22 14:00:00,2025-01-22 14:30:00,30
S0004839,A073,2025-01-23,2025-01-23 10:00:00,2025-01-23 19:00:00,540,2025-01-23 14:00:00,2025-01-23 14:30:00,30
S0004840,A073,2025-01-24,2025-01-24 10:00:00,2025-01-24 19:00:00,540,2025-01-24 14:00:00,2025-01-24 14:30:00,30
S0004841,A073,2025-01-27,2025-01-27 10:00:00,2025-01-27 19:00:00,540,2025-01-27 14:00:00,2025-01-27 14:30:00,30
S0004842,A073,2025-01-28,2025-01-28 10:00:00,2025-01-28 19:00:00,540,2025-01-28 14:00:00,2025-01-28 14:30:00,30
S0004843,A073,2025-01-29,2025-01-29 10:00:00,2025-01-29 19:00:00,540,2025-01-29 14:00:00,2025-01-29 14:30:00,30
S0004844,A073,2025-01-30,2025-01-30 10:00:00,2025-01-30 19:00:00,540,2025-01-30 14:00:00,2025-01-30 14:30:00,30
S0004845,A073,2025-01-31,2025-01-31 10:00:00,2025-01-31 19:00:00,540,2025-01-31 14:00:00,2025-01-31 14:30:00,30
S0004846,A073,2025-02-03,2025-02-03 10:00:00,2025-02-03 19:00:00,540,2025-02-03 14:00:00,2025-02-03 14:30:00,30
S0004847,A073,2025-02-04,2025-02-04 10:00:00,2025-02-04 19:00:00,540,2025-02-04 14:00:00,2025-02-04 14:30:00,30
S0004848,A073,2025-02-05,2025-02-05 10:00:00,2025-02-05 19:00:00,540,2025-02-05 14:00:00,2025-02-05 14:30:00,30
S0004849,A073,2025-02-06,2025-02-06 10:00:00,2025-02-06 19:00:00,540,2025-02-06 14:00:00,2025-02-06 14:30:00,30
S0004850,A073,2025-02-07,2025-02-07 10:00:00,2025-02-07 19:00:00,540,2025-02-07 14:00:00,2025-02-07 14:30:00,30
S0004851,A073,2025-02-10,2025-02-10 10:00:00,2025-02-10 19:00:00,540,2025-02-10 14:00:00,2025-02-10 14:30:00,30
S0004852,A073,2025-02-11,2025-02-11 10:00:00,2025-02-11 19:00:00,540,2025-02-11 14:00:00,2025-02-11 14:30:00,30
S0004853,A073,2025-02-12,2025-02-12 10:00:00,2025-02-12 19:00:00,540,2025-02-12 14:00:00,2025-02-12 14:30:00,30
S0004854,A073,2025-02-13,2025-02-13 10:00:00,2025-02-13 19:00:00,540,2025-02-13 14:00:00,2025-02-13 14:30:00,30
S0004855,A073,2025-02-14,2025-02-14 10:00:00,2025-02-14 19:00:00,540,2025-02-14 14:00:00,2025-02-14 14:30:00,30
S0004856,A073,2025-02-17,2025-02-17 10:00:00,2025-02-17 19:00:00,540,2025-02-17 14:00:00,2025-02-17 14:30:00,30
S0004857,A073,2025-02-18,2025-02-18 10:00:00,2025-02-18 19:00:00,540,2025-02-18 14:00:00,2025-02-18 14:30:00,30
S0004858,A073,2025-02-19,2025-02-19 10:00:00,2025-02-19 19:00:00,540,2025-02-19 14:00:00,2025-02-19 14:30:00,30
S0004859,A073,2025-02-20,2025-02-20 10:00:00,2025-02-20 19:00:00,540,2025-02-20 14:00:00,2025-02-20 14:30:00,30
S0004860,A073,2025-02-21,2025-02-21 10:00:00,2025-02-21 19:00:00,540,2025-02-21 14:00:00,2025-02-21 14:30:00,30
S0004861,A073,2025-02-24,2025-02-24 10:00:00,2025-02-24 19:00:00,540,2025-02-24 14:00:00,2025-02-24 14:30:00,30
S0004862,A073,2025-02-25,2025-02-25 10:00:00,2025-02-25 19:00:00,540,2025-02-25 14:00:00,2025-02-25 14:30:00,30
S0004863,A073,2025-02-26,2025-02-26 10:00:00,2025-02-26 19:00:00,540,2025-02-26 14:00:00,2025-02-26 14:30:00,30
S0004864,A073,2025-02-27,2025-02-27 10:00:00,2025-02-27 19:00:00,540,2025-02-27 14:00:00,2025-02-27 14:30:00,30
S0004865,A073,2025-02-28,2025-02-28 10:00:00,2025-02-28 19:00:00,540,2025-02-28 14:00:00,2025-02-28 14:30:00,30
S0004866,A073,2025-03-03,2025-03-03 10:00:00,2025-03-03 19:00:00,540,2025-03-03 14:00:00,2025-03-03 14:30:00,30
S0004867,A073,2025-03-04,2025-03-04 10:00:00,2025-03-04 19:00:00,540,2025-03-04 14:00:00,2025-03-04 14:30:00,30
S0004868,A073,2025-03-05,2025-03-05 10:00:00,2025-03-05 19:00:00,540,2025-03-05 14:00:00,2025-03-05 14:30:00,30
S0004869,A073,2025-03-06,2025-03-06 10:00:00,2025-03-06 19:00:00,540,2025-03-06 14:00:00,2025-03-06 14:30:00,30
S0004870,A073,2025-03-07,2025-03-07 10:00:00,2025-03-07 19:00:00,540,2025-03-07 14:00:00,2025-03-07 14:30:00,30
S0004871,A073,2025-03-10,2025-03-10 10:00:00,2025-03-10 19:00:00,540,2025-03-10 14:00:00,2025-03-10 14:30:00,30
S0004872,A073,2025-03-11,2025-03-11 10:00:00,2025-03-11 19:00:00,540,2025-03-11 14:00:00,2025-03-11 14:30:00,30
S0004873,A073,2025-03-12,2025-03-12 10:00:00,2025-03-12 19:00:00,540,2025-03-12 14:00:00,2025-03-12 14:30:00,30
S0004874,A073,2025-03-13,2025-03-13 10:00:00,2025-03-13 19:00:00,540,2025-03-13 14:00:00,2025-03-13 14:30:00,30
S0004875,A073,2025-03-14,2025-03-14 10:00:00,2025-03-14 19:00:00,540,2025-03-14 14:00:00,2025-03-14 14:30:00,30
S0004876,A073,2025-03-15,2025-03-15 10:00:00,2025-03-15 19:00:00,540,2025-03-15 14:00:00,2025-03-15 14:30:00,30
S0004877,A073,2025-03-17,2025-03-17 10:00:00,2025-03-17 19:00:00,540,2025-03-17 14:00:00,2025-03-17 14:30:00,30
S0004878,A073,2025-03-18,2025-03-18 10:00:00,2025-03-18 19:00:00,540,2025-03-18 14:00:00,2025-03-18 14:30:00,30
S0004879,A073,2025-03-19,2025-03-19 10:00:00,2025-03-19 19:00:00,540,2025-03-19 14:00:00,2025-03-19 14:30:00,30
S0004880,A073,2025-03-21,2025-03-21 10:00:00,2025-03-21 19:00:00,540,2025-03-21 14:00:00,2025-03-21 14:30:00,30
S0004881,A073,2025-03-24,2025-03-24 10:00:00,2025-03-24 19:00:00,540,2025-03-24 14:00:00,2025-03-24 14:30:00,30
S0004882,A073,2025-03-25,2025-03-25 10:00:00,2025-03-25 19:00:00,540,2025-03-25 14:00:00,2025-03-25 14:30:00,30
S0004883,A073,2025-03-26,2025-03-26 10:00:00,2025-03-26 19:00:00,540,2025-03-26 14:00:00,2025-03-26 14:30:00,30
S0004884,A073,2025-03-27,2025-03-27 10:00:00,2025-03-27 19:00:00,540,2025-03-27 14:00:00,2025-03-27 14:30:00,30
S0004885,A073,2025-03-28,2025-03-28 10:00:00,2025-03-28 19:00:00,540,2025-03-28 14:00:00,2025-03-28 14:30:00,30
S0004886,A073,2025-03-31,2025-03-31 10:00:00,2025-03-31 19:00:00,540,2025-03-31 14:00:00,2025-03-31 14:30:00,30
S0004887,A074,2025-01-01,2025-01-01 09:00:00,2025-01-01 18:00:00,540,2025-01-01 13:00:00,2025-01-01 13:30:00,30
S0004888,A074,2025-01-02,2025-01-02 09:00:00,2025-01-02 18:00:00,540,2025-01-02 13:00:00,2025-01-02 13:30:00,30
S0004889,A074,2025-01-03,2025-01-03 09:00:00,2025-01-03 18:00:00,540,2025-01-03 13:00:00,2025-01-03 13:30:00,30
S0004890,A074,2025-01-06,2025-01-06 09:00:00,2025-01-06 18:00:00,540,2025-01-06 13:00:00,2025-01-06 13:30:00,30
S0004891,A074,2025-01-07,2025-01-07 09:00:00,2025-01-07 18:00:00,540,2025-01-07 13:00:00,2025-01-07 13:30:00,30
S0004892,A074,2025-01-08,2025-01-08 09:00:00,2025-01-08 18:00:00,540,2025-01-08 13:00:00,2025-01-08 13:30:00,30
S0004893,A074,2025-01-09,2025-01-09 09:00:00,2025-01-09 18:00:00,540,2025-01-09 13:00:00,2025-01-09 13:30:00,30
S0004894,A074,2025-01-10,2025-01-10 09:00:00,2025-01-10 18:00:00,540,2025-01-10 13:00:00,2025-01-10 13:30:00,30
S0004895,A074,2025-01-12,2025-01-12 09:00:00,2025-01-12 18:00:00,540,2025-01-12 13:00:00,2025-01-12 13:30:00,30
S0004896,A074,2025-01-13,2025-01-13 09:00:00,2025-01-13 18:00:00,540,2025-01-13 13:00:00,2025-01-13 13:30:00,30
S0004897,A074,2025-01-14,2025-01-14 09:00:00,2025-01-14 18:00:00,540,2025-01-14 13:00:00,2025-01-14 13:30:00,30
S0004898,A074,2025-01-15,2025-01-15 09:00:00,2025-01-15 18:00:00,540,2025-01-15 13:00:00,2025-01-15 13:30:00,30
S0004899,A074,2025-01-16,2025-01-16 09:00:00,2025-01-16 18:00:00,540,2025-01-16 13:00:00,2025-01-16 13:30:00,30
S0004900,A074,2025-01-17,2025-01-17 09:00:00,2025-01-17 18:00:00,540,2025-01-17 13:00:00,2025-01-17 13:30:00,30
S0004901,A074,2025-01-18,2025-01-18 09:00:00,2025-01-18 18:00:00,540,2025-01-18 13:00:00,2025-01-18 13:30:00,30
S0004902,A074,2025-01-20,2025-01-20 09:00:00,2025-01-20 18:00:00,540,2025-01-20 13:00:00,2025-01-20 13:30:00,30
S0004903,A074,2025-01-21,2025-01-21 09:00:00,2025-01-21 18:00:00,540,2025-01-21 13:00:00,2025-01-21 13:30:00,30
S0004904,A074,2025-01-22,2025-01-22 09:00:00,2025-01-22 18:00:00,540,2025-01-22 13:00:00,2025-01-22 13:30:00,30
S0004905,A074,2025-01-23,2025-01-23 09:00:00,2025-01-23 18:00:00,540,2025-01-23 13:00:00,2025-01-23 13:30:00,30
S0004906,A074,2025-01-24,2025-01-24 09:00:00,2025-01-24 18:00:00,540,2025-01-24 13:00:00,2025-01-24 13:30:00,30
S0004907,A074,2025-01-27,2025-01-27 09:00:00,2025-01-27 18:00:00,540,2025-01-27 13:00:00,2025-01-27 13:30:00,30
S0004908,A074,2025-01-28,2025-01-28 09:00:00,2025-01-28 18:00:00,540,2025-01-28 13:00:00,2025-01-28 13:30:00,30
S0004909,A074,2025-01-29,2025-01-29 09:00:00,2025-01-29 18:00:00,540,2025-01-29 13:00:00,2025-01-29 13:30:00,30
S0004910,A074,2025-01-30,2025-01-30 09:00:00,2025-01-30 18:00:00,540,2025-01-30 13:00:00,2025-01-30 13:30:00,30
S0004911,A074,2025-01-31,2025-01-31 09:00:00,2025-01-31 18:00:00,540,2025-01-31 13:00:00,2025-01-31 13:30:00,30
S0004912,A074,2025-02-03,2025-02-03 09:00:00,2025-02-03 18:00:00,540,2025-02-03 13:00:00,2025-02-03 13:30:00,30
S0004913,A074,2025-02-04,2025-02-04 09:00:00,2025-02-04 18:00:00,540,2025-02-04 13:00:00,2025-02-04 13:30:00,30
S0004914,A074,2025-02-05,2025-02-05 09:00:00,2025-02-05 18:00:00,540,2025-02-05 13:00:00,2025-02-05 13:30:00,30
S0004915,A074,2025-02-06,2025-02-06 09:00:00,2025-02-06 18:00:00,540,2025-02-06 13:00:00,2025-02-06 13:30:00,30
S0004916,A074,2025-02-07,2025-02-07 09:00:00,2025-02-07 18:00:00,540,2025-02-07 13:00:00,2025-02-07 13:30:00,30
S0004917,A074,2025-02-08,2025-02-08 09:00:00,2025-02-08 18:00:00,540,2025-02-08 13:00:00,2025-02-08 13:30:00,30
S0004918,A074,2025-02-09,2025-02-09 09:00:00,2025-02-09 18:00:00,540,2025-02-09 13:00:00,2025-02-09 13:30:00,30
S0004919,A074,2025-02-10,2025-02-10 09:00:00,2025-02-10 18:00:00,540,2025-02-10 13:00:00,2025-02-10 13:30:00,30
S0004920,A074,2025-02-11,2025-02-11 09:00:00,2025-02-11 18:00:00,540,2025-02-11 13:00:00,2025-02-11 13:30:00,30
S0004921,A074,2025-02-12,2025-02-12 09:00:00,2025-02-12 18:00:00,540,2025-02-12 13:00:00,2025-02-12 13:30:00,30
S0004922,A074,2025-02-13,2025-02-13 09:00:00,2025-02-13 18:00:00,540,2025-02-13 13:00:00,2025-02-13 13:30:00,30
S0004923,A074,2025-02-14,2025-02-14 09:00:00,2025-02-14 18:00:00,540,2025-02-14 13:00:00,2025-02-14 13:30:00,30
S0004924,A074,2025-02-16,2025-02-16 09:00:00,2025-02-16 18:00:00,540,2025-02-16 13:00:00,2025-02-16 13:30:00,30
S0004925,A074,2025-02-17,2025-02-17 09:00:00,2025-02-17 18:00:00,540,2025-02-17 13:00:00,2025-02-17 13:30:00,30
S0004926,A074,2025-02-18,2025-02-18 09:00:00,2025-02-18 18:00:00,540,2025-02-18 13:00:00,2025-02-18 13:30:00,30
S0004927,A074,2025-02-19,2025-02-19 09:00:00,2025-02-19 18:00:00,540,2025-02-19 13:00:00,2025-02-19 13:30:00,30
S0004928,A074,2025-02-20,2025-02-20 09:00:00,2025-02-20 18:00:00,540,2025-02-20 13:00:00,2025-02-20 13:30:00,30
S0004929,A074,2025-02-21,2025-02-21 09:00:00,2025-02-21 18:00:00,540,2025-02-21 13:00:00,2025-02-21 13:30:00,30
S0004930,A074,2025-02-24,2025-02-24 09:00:00,2025-02-24 18:00:00,540,2025-02-24 13:00:00,2025-02-24 13:30:00,30
S0004931,A074,2025-02-25,2025-02-25 09:00:00,2025-02-25 18:00:00,540,2025-02-25 13:00:00,2025-02-25 13:30:00,30
S0004932,A074,2025-02-26,2025-02-26 09:00:00,2025-02-26 18:00:00,540,2025-02-26 13:00:00,2025-02-26 13:30:00,30
S0004933,A074,2025-02-27,2025-02-27 09:00:00,2025-02-27 18:00:00,540,2025-02-27 13:00:00,2025-02-27 13:30:00,30
S0004934,A074,2025-02-28,2025-02-28 09:00:00,2025-02-28 18:00:00,540,2025-02-28 13:00:00,2025-02-28 13:30:00,30
S0004935,A074,2025-03-03,2025-03-03 09:00:00,2025-03-03 18:00:00,540,2025-03-03 13:00:00,2025-03-03 13:30:00,30
S0004936,A074,2025-03-04,2025-03-04 09:00:00,2025-03-04 18:00:00,540,2025-03-04 13:00:00,2025-03-04 13:30:00,30
S0004937,A074,2025-03-05,2025-03-05 09:00:00,2025-03-05 18:00:00,540,2025-03-05 13:00:00,2025-03-05 13:30:00,30
S0004938,A074,2025-03-06,2025-03-06 09:00:00,2025-03-06 18:00:00,540,2025-03-06 13:00:00,2025-03-06 13:30:00,30
S0004939,A074,2025-03-07,2025-03-07 09:00:00,2025-03-07 18:00:00,540,2025-03-07 13:00:00,2025-03-07 13:30:00,30
S0004940,A074,2025-03-10,2025-03-10 09:00:00,2025-03-10 18:00:00,540,2025-03-10 13:00:00,2025-03-10 13:30:00,30
S0004941,A074,2025-03-11,2025-03-11 09:00:00,2025-03-11 18:00:00,540,2025-03-11 13:00:00,2025-03-11 13:30:00,30
S0004942,A074,2025-03-12,2025-03-12 09:00:00,2025-03-12 18:00:00,540,2025-03-12 13:00:00,2025-03-12 13:30:00,30
S0004943,A074,2025-03-13,2025-03-13 09:00:00,2025-03-13 18:00:00,540,2025-03-13 13:00:00,2025-03-13 13:30:00,30
S0004944,A074,2025-03-14,2025-03-14 09:00:00,2025-03-14 18:00:00,540,2025-03-14 13:00:00,2025-03-14 13:30:00,30
S0004945,A074,2025-03-16,2025-03-16 09:00:00,2025-03-16 18:00:00,540,2025-03-16 13:00:00,2025-03-16 13:30:00,30
S0004946,A074,2025-03-17,2025-03-17 09:00:00,2025-03-17 18:00:00,540,2025-03-17 13:00:00,2025-03-17 13:30:00,30
S0004947,A074,2025-03-18,2025-03-18 09:00:00,2025-03-18 18:00:00,540,2025-03-18 13:00:00,2025-03-18 13:30:00,30
S0004948,A074,2025-03-20,2025-03-20 09:00:00,2025-03-20 18:00:00,540,2025-03-20 13:00:00,2025-03-20 13:30:00,30
S0004949,A074,2025-03-21,2025-03-21 09:00:00,2025-03-21 18:00:00,540,2025-03-21 13:00:00,2025-03-21 13:30:00,30
S0004950,A074,2025-03-23,2025-03-23 09:00:00,2025-03-23 18:00:00,540,2025-03-23 13:00:00,2025-03-23 13:30:00,30
S0004951,A074,2025-03-24,2025-03-24 09:00:00,2025-03-24 18:00:00,540,2025-03-24 13:00:00,2025-03-24 13:30:00,30
S0004952,A074,2025-03-25,2025-03-25 09:00:00,2025-03-25 18:00:00,540,2025-03-25 13:00:00,2025-03-25 13:30:00,30
S0004953,A074,2025-03-26,2025-03-26 09:00:00,2025-03-26 18:00:00,540,2025-03-26 13:00:00,2025-03-26 13:30:00,30
S0004954,A074,2025-03-27,2025-03-27 09:00:00,2025-03-27 18:00:00,540,2025-03-27 13:00:00,2025-03-27 13:30:00,30
S0004955,A074,2025-03-28,2025-03-28 09:00:00,2025-03-28 18:00:00,540,2025-03-28 13:00:00,2025-03-28 13:30:00,30
S0004956,A074,2025-03-31,2025-03-31 09:00:00,2025-03-31 18:00:00,540,2025-03-31 13:00:00,2025-03-31 13:30:00,30
S0004957,A075,2025-01-01,2025-01-01 07:00:00,2025-01-01 16:00:00,540,2025-01-01 11:00:00,2025-01-01 11:30:00,30
S0004958,A075,2025-01-02,2025-01-02 07:00:00,2025-01-02 16:00:00,540,2025-01-02 11:00:00,2025-01-02 11:30:00,30
S0004959,A075,2025-01-03,2025-01-03 07:00:00,2025-01-03 16:00:00,540,2025-01-03 11:00:00,2025-01-03 11:30:00,30
S0004960,A075,2025-01-06,2025-01-06 07:00:00,2025-01-06 16:00:00,540,2025-01-06 11:00:00,2025-01-06 11:30:00,30
S0004961,A075,2025-01-07,2025-01-07 07:00:00,2025-01-07 16:00:00,540,2025-01-07 11:00:00,2025-01-07 11:30:00,30
S0004962,A075,2025-01-08,2025-01-08 07:00:00,2025-01-08 16:00:00,540,2025-01-08 11:00:00,2025-01-08 11:30:00,30
S0004963,A075,2025-01-09,2025-01-09 07:00:00,2025-01-09 16:00:00,540,2025-01-09 11:00:00,2025-01-09 11:30:00,30
S0004964,A075,2025-01-10,2025-01-10 07:00:00,2025-01-10 16:00:00,540,2025-01-10 11:00:00,2025-01-10 11:30:00,30
S0004965,A075,2025-01-13,2025-01-13 07:00:00,2025-01-13 16:00:00,540,2025-01-13 11:00:00,2025-01-13 11:30:00,30
S0004966,A075,2025-01-14,2025-01-14 07:00:00,2025-01-14 16:00:00,540,2025-01-14 11:00:00,2025-01-14 11:30:00,30
S0004967,A075,2025-01-15,2025-01-15 07:00:00,2025-01-15 16:00:00,540,2025-01-15 11:00:00,2025-01-15 11:30:00,30
S0004968,A075,2025-01-16,2025-01-16 07:00:00,2025-01-16 16:00:00,540,2025-01-16 11:00:00,2025-01-16 11:30:00,30
S0004969,A075,2025-01-17,2025-01-17 07:00:00,2025-01-17 16:00:00,540,2025-01-17 11:00:00,2025-01-17 11:30:00,30
S0004970,A075,2025-01-18,2025-01-18 07:00:00,2025-01-18 16:00:00,540,2025-01-18 11:00:00,2025-01-18 11:30:00,30
S0004971,A075,2025-01-20,2025-01-20 07:00:00,2025-01-20 16:00:00,540,2025-01-20 11:00:00,2025-01-20 11:30:00,30
S0004972,A075,2025-01-21,2025-01-21 07:00:00,2025-01-21 16:00:00,540,2025-01-21 11:00:00,2025-01-21 11:30:00,30
S0004973,A075,2025-01-22,2025-01-22 07:00:00,2025-01-22 16:00:00,540,2025-01-22 11:00:00,2025-01-22 11:30:00,30
S0004974,A075,2025-01-23,2025-01-23 07:00:00,2025-01-23 16:00:00,540,2025-01-23 11:00:00,2025-01-23 11:30:00,30
S0004975,A075,2025-01-25,2025-01-25 07:00:00,2025-01-25 16:00:00,540,2025-01-25 11:00:00,2025-01-25 11:30:00,30
S0004976,A075,2025-01-26,2025-01-26 07:00:00,2025-01-26 16:00:00,540,2025-01-26 11:00:00,2025-01-26 11:30:00,30
S0004977,A075,2025-01-27,2025-01-27 07:00:00,2025-01-27 16:00:00,540,2025-01-27 11:00:00,2025-01-27 11:30:00,30
S0004978,A075,2025-01-28,2025-01-28 07:00:00,2025-01-28 16:00:00,540,2025-01-28 11:00:00,2025-01-28 11:30:00,30
S0004979,A075,2025-01-29,2025-01-29 07:00:00,2025-01-29 16:00:00,540,2025-01-29 11:00:00,2025-01-29 11:30:00,30
S0004980,A075,2025-01-30,2025-01-30 07:00:00,2025-01-30 16:00:00,540,2025-01-30 11:00:00,2025-01-30 11:30:00,30
S0004981,A075,2025-01-31,2025-01-31 07:00:00,2025-01-31 16:00:00,540,2025-01-31 11:00:00,2025-01-31 11:30:00,30
S0004982,A075,2025-02-03,2025-02-03 07:00:00,2025-02-03 16:00:00,540,2025-02-03 11:00:00,2025-02-03 11:30:00,30
S0004983,A075,2025-02-04,2025-02-04 07:00:00,2025-02-04 16:00:00,540,2025-02-04 11:00:00,2025-02-04 11:30:00,30
S0004984,A075,2025-02-05,2025-02-05 07:00:00,2025-02-05 16:00:00,540,2025-02-05 11:00:00,2025-02-05 11:30:00,30
S0004985,A075,2025-02-06,2025-02-06 07:00:00,2025-02-06 16:00:00,540,2025-02-06 11:00:00,2025-02-06 11:30:00,30
S0004986,A075,2025-02-07,2025-02-07 07:00:00,2025-02-07 16:00:00,540,2025-02-07 11:00:00,2025-02-07 11:30:00,30
S0004987,A075,2025-02-08,2025-02-08 07:00:00,2025-02-08 16:00:00,540,2025-02-08 11:00:00,2025-02-08 11:30:00,30
S0004988,A075,2025-02-10,2025-02-10 07:00:00,2025-02-10 16:00:00,540,2025-02-10 11:00:00,2025-02-10 11:30:00,30
S0004989,A075,2025-02-11,2025-02-11 07:00:00,2025-02-11 16:00:00,540,2025-02-11 11:00:00,2025-02-11 11:30:00,30
S0004990,A075,2025-02-12,2025-02-12 07:00:00,2025-02-12 16:00:00,540,2025-02-12 11:00:00,2025-02-12 11:30:00,30
S0004991,A075,2025-02-13,2025-02-13 07:00:00,2025-02-13 16:00:00,540,2025-02-13 11:00:00,2025-02-13 11:30:00,30
S0004992,A075,2025-02-14,2025-02-14 07:00:00,2025-02-14 16:00:00,540,2025-02-14 11:00:00,2025-02-14 11:30:00,30
S0004993,A075,2025-02-17,2025-02-17 07:00:00,2025-02-17 16:00:00,540,2025-02-17 11:00:00,2025-02-17 11:30:00,30
S0004994,A075,2025-02-18,2025-02-18 07:00:00,2025-02-18 16:00:00,540,2025-02-18 11:00:00,2025-02-18 11:30:00,30
S0004995,A075,2025-02-19,2025-02-19 07:00:00,2025-02-19 16:00:00,540,2025-02-19 11:00:00,2025-02-19 11:30:00,30
S0004996,A075,2025-02-20,2025-02-20 07:00:00,2025-02-20 16:00:00,540,2025-02-20 11:00:00,2025-02-20 11:30:00,30
S0004997,A075,2025-02-21,2025-02-21 07:00:00,2025-02-21 16:00:00,540,2025-02-21 11:00:00,2025-02-21 11:30:00,30
S0004998,A075,2025-02-24,2025-02-24 07:00:00,2025-02-24 16:00:00,540,2025-02-24 11:00:00,2025-02-24 11:30:00,30
S0004999,A075,2025-02-25,2025-02-25 07:00:00,2025-02-25 16:00:00,540,2025-02-25 11:00:00,2025-02-25 11:30:00,30
S0005000,A075,2025-02-27,2025-02-27 07:00:00,2025-02-27 16:00:00,540,2025-02-27 11:00:00,2025-02-27 11:30:00,30
S0005001,A075,2025-02-28,2025-02-28 07:00:00,2025-02-28 16:00:00,540,2025-02-28 11:00:00,2025-02-28 11:30:00,30
S0005002,A075,2025-03-01,2025-03-01 07:00:00,2025-03-01 16:00:00,540,2025-03-01 11:00:00,2025-03-01 11:30:00,30
S0005003,A075,2025-03-03,2025-03-03 07:00:00,2025-03-03 16:00:00,540,2025-03-03 11:00:00,2025-03-03 11:30:00,30
S0005004,A075,2025-03-04,2025-03-04 07:00:00,2025-03-04 16:00:00,540,2025-03-04 11:00:00,2025-03-04 11:30:00,30
S0005005,A075,2025-03-05,2025-03-05 07:00:00,2025-03-05 16:00:00,540,2025-03-05 11:00:00,2025-03-05 11:30:00,30
S0005006,A075,2025-03-06,2025-03-06 07:00:00,2025-03-06 16:00:00,540,2025-03-06 11:00:00,2025-03-06 11:30:00,30
S0005007,A075,2025-03-10,2025-03-10 07:00:00,2025-03-10 16:00:00,540,2025-03-10 11:00:00,2025-03-10 11:30:00,30
S0005008,A075,2025-03-11,2025-03-11 07:00:00,2025-03-11 16:00:00,540,2025-03-11 11:00:00,2025-03-11 11:30:00,30
S0005009,A075,2025-03-12,2025-03-12 07:00:00,2025-03-12 16:00:00,540,2025-03-12 11:00:00,2025-03-12 11:30:00,30
S0005010,A075,2025-03-13,2025-03-13 07:00:00,2025-03-13 16:00:00,540,2025-03-13 11:00:00,2025-03-13 11:30:00,30
S0005011,A075,2025-03-14,2025-03-14 07:00:00,2025-03-14 16:00:00,540,2025-03-14 11:00:00,2025-03-14 11:30:00,30
S0005012,A075,2025-03-17,2025-03-17 07:00:00,2025-03-17 16:00:00,540,2025-03-17 11:00:00,2025-03-17 11:30:00,30
S0005013,A075,2025-03-18,2025-03-18 07:00:00,2025-03-18 16:00:00,540,2025-03-18 11:00:00,2025-03-18 11:30:00,30
S0005014,A075,2025-03-19,2025-03-19 07:00:00,2025-03-19 16:00:00,540,2025-03-19 11:00:00,2025-03-19 11:30:00,30
S0005015,A075,2025-03-20,2025-03-20 07:00:00,2025-03-20 16:00:00,540,2025-03-20 11:00:00,2025-03-20 11:30:00,30
S0005016,A075,2025-03-21,2025-03-21 07:00:00,2025-03-21 16:00:00,540,2025-03-21 11:00:00,2025-03-21 11:30:00,30
S0005017,A075,2025-03-24,2025-03-24 07:00:00,2025-03-24 16:00:00,540,2025-03-24 11:00:00,2025-03-24 11:30:00,30
S0005018,A075,2025-03-25,2025-03-25 07:00:00,2025-03-25 16:00:00,540,2025-03-25 11:00:00,2025-03-25 11:30:00,30
S0005019,A075,2025-03-26,2025-03-26 07:00:00,2025-03-26 16:00:00,540,2025-03-26 11:00:00,2025-03-26 11:30:00,30
S0005020,A075,2025-03-27,2025-03-27 07:00:00,2025-03-27 16:00:00,540,2025-03-27 11:00:00,2025-03-27 11:30:00,30
S0005021,A075,2025-03-28,2025-03-28 07:00:00,2025-03-28 16:00:00,540,2025-03-28 11:00:00,2025-03-28 11:30:00,30
S0005022,A075,2025-03-31,2025-03-31 07:00:00,2025-03-31 16:00:00,540,2025-03-31 11:00:00,2025-03-31 11:30:00,30
